pmid,source,ling_score,setfit_confidence
37666818,linguistic_only,4.0,
38830083,linguistic_only,3.5,
38305800,linguistic_only,3.0,
38928396,setfit_only,,0.69138545
39632912,linguistic_only,3.0,
38486039,setfit_only,,0.6914107
35242021,linguistic_only,3.5,
40271912,setfit_only,,0.6048037
38404138,setfit_only,,0.69979066
38682667,setfit_only,,0.68103635
36454444,linguistic_only,3.0,
40173611,setfit_only,,0.67083853
40173613,setfit_only,,0.6294082
37584946,linguistic_only,3.5,
38092852,setfit_only,,0.63365495
36864057,setfit_only,,0.66097176
36274234,linguistic_only,4.5,
35881019,linguistic_only,4.0,
38518843,setfit_only,,0.6880479
38731836,setfit_only,,0.6194694
39141443,linguistic_only,5.5,
37978180,setfit_only,,0.66935617
35782725,linguistic_only,5.0,
39108678,linguistic_only,3.5,
39141446,linguistic_only,3.0,
37978182,setfit_only,,0.71176314
39600198,setfit_only,,0.7086438
37290059,linguistic_only,4.0,
40108108,linguistic_only,3.0,
36520016,setfit_only,,0.7122308
39223377,linguistic_only,3.5,
37666897,setfit_only,,0.6993415
39927895,setfit_only,,0.70058763
37142618,setfit_only,,0.6261128
37093469,setfit_only,,0.6591393
37552222,linguistic_only,3.5,
40403038,linguistic_only,4.0,
36028515,linguistic_only,4.5,
36847716,linguistic_only,4.0,
40386664,setfit_only,,0.6782986
35962986,linguistic_only,3.5,
36012140,setfit_only,,0.7217928
38912109,setfit_only,,0.62583625
35651694,setfit_only,,0.68414736
38502513,setfit_only,,0.7226294
39862387,linguistic_only,3.5,
40108153,setfit_only,,0.7016449
40419450,linguistic_only,3.0,
39633021,linguistic_only,4.5,
37666946,setfit_only,,0.69980186
34996360,setfit_only,,0.6788388
39780493,setfit_only,,0.6879482
40140942,linguistic_only,4.0,
35668110,setfit_only,,0.7055089
38781078,linguistic_only,3.0,
37732505,linguistic_only,4.0,
38650009,setfit_only,,0.6077155
36192410,setfit_only,,0.7277877
38863005,setfit_only,,0.61950856
37486750,linguistic_only,4.5,
35143846,setfit_only,,0.6230278
39862439,linguistic_only,4.0,
39567529,setfit_only,,0.69282496
37781674,linguistic_only,3.5,
36602030,linguistic_only,3.0,
40108206,linguistic_only,4.5,
36470968,setfit_only,,0.6894979
39567545,setfit_only,,0.67377657
35799226,setfit_only,,0.6971701
39567550,setfit_only,,0.67139363
35438783,linguistic_only,3.0,
37355716,setfit_only,,0.7082323
38518981,linguistic_only,4.5,
33226952,setfit_only,,0.6996989
37994699,linguistic_only,4.5,
40239308,setfit_only,,0.69016737
38502608,linguistic_only,5.0,
38502609,linguistic_only,5.0,
37994706,linguistic_only,4.0,
35586258,setfit_only,,0.70198816
39485651,setfit_only,,0.67762613
40419541,setfit_only,,0.6522724
37372118,linguistic_only,3.0,
38912214,linguistic_only,3.5,
37667031,setfit_only,,0.6733977
37650649,linguistic_only,4.0,
37945559,setfit_only,,0.6523097
37372123,setfit_only,,0.6928293
38060257,linguistic_only,4.0,
37945571,setfit_only,,0.60163826
35504357,linguistic_only,4.5,
37355750,setfit_only,,0.65989196
38863081,setfit_only,,0.6127626
39747823,setfit_only,,0.70433474
38306039,linguistic_only,4.5,
35913976,setfit_only,,0.7048194
35487995,linguistic_only,4.0,
37273851,setfit_only,,0.6599028
40485116,setfit_only,,0.67416984
40419587,setfit_only,,0.7199076
38912260,linguistic_only,4.0,
40567045,setfit_only,,0.63728696
39354632,setfit_only,,0.7151322
40108296,setfit_only,,0.65869886
35684619,setfit_only,,0.6920355
39682316,setfit_only,,0.6396837
35111182,linguistic_only,4.0,
36913423,setfit_only,,0.688388
40173841,setfit_only,,0.6376739
34996498,linguistic_only,3.0,
38027538,setfit_only,,0.7221719
38486291,setfit_only,,0.7190389
36258067,setfit_only,,0.6439335
37896470,linguistic_only,3.0,
37224727,linguistic_only,3.0,
35717401,setfit_only,,0.6888663
37208349,setfit_only,,0.70163256
36913438,linguistic_only,3.5,
38437151,linguistic_only,3.5,
35488032,setfit_only,,0.70354265
37208354,setfit_only,,0.70961684
40124712,linguistic_only,3.0,
36651308,setfit_only,,0.70105124
39960880,linguistic_only,3.5,
39436594,setfit_only,,0.7029156
38437173,linguistic_only,3.0,
38781237,setfit_only,,0.6873034
38371639,linguistic_only,4.0,
35799352,linguistic_only,5.5,
38429395,setfit_only,,0.60384375
38109500,linguistic_only,4.5,
37142846,linguistic_only,3.0,
35143999,linguistic_only,4.0,
39043393,setfit_only,,0.6669867
35799364,linguistic_only,5.0,
37159238,linguistic_only,4.0,
37159240,linguistic_only,4.0,
37159241,linguistic_only,3.5,
35062088,setfit_only,,0.6692743
39567690,setfit_only,,0.7161628
39371081,setfit_only,,0.67756885
37208398,setfit_only,,0.6554109
37208401,setfit_only,,0.7038717
38879569,setfit_only,,0.6603874
37208404,setfit_only,,0.7020779
35668316,setfit_only,,0.6830133
39567709,setfit_only,,0.680474
35733854,setfit_only,,0.7138495
37699937,setfit_only,,0.7270863
35864937,setfit_only,,0.7188202
36979050,setfit_only,,0.6153792
37454191,linguistic_only,4.0,
39977327,setfit_only,,0.6580628
35815793,linguistic_only,3.0,
37208434,setfit_only,,0.7079583
39633268,linguistic_only,4.0,
38584701,linguistic_only,3.5,
38879616,setfit_only,,0.6617027
35668357,linguistic_only,3.0,
40354181,linguistic_only,3.0,
40386950,linguistic_only,3.5,
38437255,setfit_only,,0.7050618
34554251,linguistic_only,4.5,
36290955,setfit_only,,0.6367875
36929933,linguistic_only,5.5,
34554254,linguistic_only,3.0,
34554255,linguistic_only,4.5,
39256463,setfit_only,,0.6104248
37208467,linguistic_only,3.0,
37880211,setfit_only,,0.66110367
37208471,linguistic_only,3.0,
37880224,setfit_only,,0.71400076
37831073,linguistic_only,5.0,
37192099,setfit_only,,0.61162466
39977381,linguistic_only,3.5,
39715240,setfit_only,,0.68403643
37831083,linguistic_only,4.0,
37093804,linguistic_only,3.0,
37831087,linguistic_only,5.0,
36192696,setfit_only,,0.65945697
37831097,linguistic_only,4.5,
37142970,setfit_only,,0.72076464
39535034,setfit_only,,0.6302331
39535036,linguistic_only,3.0,
37093820,setfit_only,,0.6216806
39535037,setfit_only,,0.71579164
37093824,linguistic_only,3.0,
37978560,setfit_only,,0.68051696
35275211,linguistic_only,5.0,
39535052,linguistic_only,3.0,
36520398,linguistic_only,3.0,
37831118,linguistic_only,4.5,
37093842,linguistic_only,4.0,
38355413,linguistic_only,4.0,
39895511,setfit_only,,0.6523734
38617561,linguistic_only,3.0,
35226074,linguistic_only,3.0,
40436186,linguistic_only,3.0,
38748636,linguistic_only,4.5,
38978014,linguistic_only,3.5,
37863902,setfit_only,,0.68692124
40059360,setfit_only,,0.70909274
37831137,linguistic_only,5.0,
38273507,linguistic_only,3.5,
37240827,setfit_only,,0.64602315
40272360,linguistic_only,5.0,
37863915,linguistic_only,4.0,
37880300,setfit_only,,0.63912976
40206833,setfit_only,,0.7084696
37863925,setfit_only,,0.6990347
36159991,linguistic_only,4.5,
38650359,setfit_only,,0.67128074
37487099,setfit_only,,0.7093804
39830014,setfit_only,,0.7172486
35881481,linguistic_only,5.0,
37880333,setfit_only,,0.6444063
39289369,setfit_only,,0.6979577
39289371,setfit_only,,0.66773456
37880351,linguistic_only,3.0,
40075808,linguistic_only,3.5,
37208611,linguistic_only,3.0,
39240227,linguistic_only,3.5,
38273575,setfit_only,,0.6778885
39043627,linguistic_only,4.0,
40354347,setfit_only,,0.6914579
39502384,setfit_only,,0.6784694
38601265,linguistic_only,4.0,
35390003,linguistic_only,3.0,
40010299,setfit_only,,0.71272296
38781500,linguistic_only,4.0,
38093376,linguistic_only,3.0,
37306951,setfit_only,,0.701716
36307536,setfit_only,,0.7144279
39158353,linguistic_only,3.0,
40288852,setfit_only,,0.7114767
38371933,linguistic_only,3.0,
39436899,linguistic_only,3.0,
36864613,linguistic_only,4.5,
38552170,linguistic_only,3.5,
39895658,linguistic_only,3.5,
39944812,linguistic_only,4.5,
37896813,setfit_only,,0.63738436
39895661,setfit_only,,0.6156807
37847663,linguistic_only,3.5,
36864624,linguistic_only,4.5,
39043697,setfit_only,,0.6259156
38732403,setfit_only,,0.6418734
37962356,linguistic_only,3.5,
36225653,linguistic_only,3.0,
37208694,setfit_only,,0.7144103
35013238,setfit_only,,0.7089648
38273657,linguistic_only,3.0,
36340350,linguistic_only,4.0,
38879873,setfit_only,,0.6794393
39043716,linguistic_only,4.0,
39240325,linguistic_only,4.0,
37749380,setfit_only,,0.6567516
39240327,linguistic_only,4.5,
37962376,linguistic_only,3.0,
34472587,setfit_only,,0.70447254
36127375,setfit_only,,0.69588166
37962385,linguistic_only,4.5,
35193494,linguistic_only,4.5,
35701399,setfit_only,,0.69109434
39371417,setfit_only,,0.642415
35193498,linguistic_only,3.5,
35701407,linguistic_only,4.0,
40583840,linguistic_only,4.0,
35193506,linguistic_only,4.0,
36307625,linguistic_only,3.0,
36635305,linguistic_only,3.0,
35586731,linguistic_only,4.0,
35701419,linguistic_only,3.5,
35701420,linguistic_only,3.0,
37749421,linguistic_only,3.5,
35652265,setfit_only,,0.67848676
36962988,setfit_only,,0.6842291
40108717,setfit_only,,0.6029492
38453937,setfit_only,,0.71447015
36635312,setfit_only,,0.6785245
40005591,setfit_only,,0.65935504
38585015,linguistic_only,3.0,
35209912,linguistic_only,3.5,
37962425,setfit_only,,0.6975825
39633594,setfit_only,,0.7090709
34751162,setfit_only,,0.68907094
37831357,setfit_only,,0.6039608
40157887,linguistic_only,4.0,
38814403,setfit_only,,0.6058458
34718406,linguistic_only,3.0,
38683334,setfit_only,,0.7211897
34718410,linguistic_only,4.0,
37520074,linguistic_only,3.0,
38453963,linguistic_only,3.0,
35472084,linguistic_only,3.0,
39420631,linguistic_only,5.0,
39289562,linguistic_only,4.0,
40157915,setfit_only,,0.63740915
39420637,linguistic_only,3.0,
39387871,setfit_only,,0.71062654
40157926,setfit_only,,0.6940585
36930285,setfit_only,,0.6900741
40157936,setfit_only,,0.70304465
38552307,linguistic_only,4.0,
37749493,setfit_only,,0.6316933
35422973,setfit_only,,0.72497696
36831997,setfit_only,,0.6518824
39617279,setfit_only,,0.69915754
36553472,setfit_only,,0.6324058
38011649,linguistic_only,4.5,
35504897,setfit_only,,0.72799665
35472132,setfit_only,,0.6411163
34996997,linguistic_only,4.5,
38552327,linguistic_only,5.0,
40190740,linguistic_only,3.0,
35504919,setfit_only,,0.72093576
37995287,setfit_only,,0.70270884
35259160,setfit_only,,0.69315445
37995293,linguistic_only,5.0,
35504931,setfit_only,,0.6264289
34849572,setfit_only,,0.6694022
37323558,setfit_only,,0.61173284
38470439,linguistic_only,3.0,
34849578,linguistic_only,4.0,
35832621,setfit_only,,0.71105087
36307762,linguistic_only,3.5,
35849014,linguistic_only,3.0,
34849594,linguistic_only,3.5,
37995323,setfit_only,,0.7218643
37012284,linguistic_only,3.5,
35930941,linguistic_only,4.5,
38191934,linguistic_only,3.0,
38912828,linguistic_only,3.5,
35308350,setfit_only,,0.6174173
35849027,setfit_only,,0.6757538
35849028,linguistic_only,4.0,
35504964,setfit_only,,0.7299009
39240515,setfit_only,,0.6743147
38011719,linguistic_only,4.5,
38011720,linguistic_only,4.0,
36995916,linguistic_only,4.5,
36045644,setfit_only,,0.6984093
37503835,linguistic_only,3.0,
35193692,setfit_only,,0.62764865
39240541,setfit_only,,0.66655767
39994207,setfit_only,,0.71270335
34718559,setfit_only,,0.70429856
36553571,setfit_only,,0.6447872
38323044,linguistic_only,3.0,
38814564,linguistic_only,3.0,
38994794,linguistic_only,4.5,
38994795,linguistic_only,3.5,
38781811,setfit_only,,0.6722661
38241143,linguistic_only,4.0,
34734974,linguistic_only,4.0,
38994817,linguistic_only,3.0,
38192001,setfit_only,,0.7142899
38192003,setfit_only,,0.72242796
35980167,linguistic_only,4.5,
40534920,setfit_only,,0.66435784
39879562,linguistic_only,3.5,
39814026,setfit_only,,0.7034459
35980175,setfit_only,,0.6003872
39633811,setfit_only,,0.60755754
39715738,setfit_only,,0.64961153
38896539,setfit_only,,0.6369804
34751388,linguistic_only,3.0,
39912348,setfit_only,,0.64122415
36864926,linguistic_only,3.0,
38667169,setfit_only,,0.6695106
35242914,linguistic_only,3.0,
34751395,linguistic_only,5.0,
39715746,setfit_only,,0.72019905
34751399,linguistic_only,4.0,
37307303,setfit_only,,0.69256216
39748521,setfit_only,,0.6668047
37438378,setfit_only,,0.71811193
34751403,linguistic_only,5.5,
34751405,setfit_only,,0.70258564
39715757,setfit_only,,0.69669336
38224813,setfit_only,,0.6525855
38175665,linguistic_only,3.0,
39961523,linguistic_only,4.0,
39814068,linguistic_only,4.0,
39994292,setfit_only,,0.69470215
37438390,linguistic_only,3.0,
36094905,linguistic_only,3.0,
40092601,setfit_only,,0.65356517
37143483,linguistic_only,3.0,
35095484,linguistic_only,3.0,
37946302,setfit_only,,0.66326034
37225408,setfit_only,,0.71133155
35881922,linguistic_only,3.0,
38060994,linguistic_only,3.5,
35898309,linguistic_only,4.5,
37929927,linguistic_only,3.0,
36848584,setfit_only,,0.6979875
38388681,linguistic_only,4.0,
36094924,linguistic_only,3.5,
39240653,linguistic_only,5.5,
37356495,setfit_only,,0.64964217
37815256,linguistic_only,4.5,
40895450,linguistic_only,3.5,
37716955,linguistic_only,3.0,
39175133,setfit_only,,0.6669668
39076831,setfit_only,,0.67238003
34718689,linguistic_only,5.0,
34718696,linguistic_only,4.5,
40272881,linguistic_only,3.5,
35685362,linguistic_only,3.0,
37651445,linguistic_only,4.5,
34718710,linguistic_only,3.0,
40092663,linguistic_only,3.5,
34718712,linguistic_only,4.0,
34718713,linguistic_only,4.5,
35685370,linguistic_only,4.5,
34718715,linguistic_only,3.0,
34718716,setfit_only,,0.7104693
35980286,linguistic_only,4.0,
34718719,linguistic_only,4.0,
34718720,linguistic_only,3.0,
39977983,linguistic_only,4.0,
38077442,linguistic_only,3.5,
38241279,setfit_only,,0.6828974
37684228,setfit_only,,0.60554796
34718726,linguistic_only,3.0,
34718728,linguistic_only,3.0,
36307977,linguistic_only,3.5,
37651464,linguistic_only,5.0,
34718734,linguistic_only,4.5,
35669006,setfit_only,,0.6946468
39502863,setfit_only,,0.71116716
34718735,setfit_only,,0.6977876
34718738,linguistic_only,4.5,
34718740,linguistic_only,4.0,
34718741,linguistic_only,4.0,
39273492,setfit_only,,0.70886177
34718743,setfit_only,,0.7186998
37717016,setfit_only,,0.7042915
34718745,linguistic_only,4.0,
34718746,linguistic_only,4.5,
34718747,linguistic_only,4.5,
39715863,setfit_only,,0.69988924
35324954,setfit_only,,0.6788676
38962205,setfit_only,,0.7122352
38962207,setfit_only,,0.70559824
34718752,linguistic_only,3.5,
37684259,linguistic_only,3.0,
37684260,linguistic_only,4.0,
37930022,linguistic_only,3.0,
36029479,linguistic_only,4.0,
34718760,linguistic_only,5.5,
38765608,linguistic_only,4.0,
39552041,linguistic_only,3.0,
37684262,setfit_only,,0.7043229
38143020,linguistic_only,4.5,
38175787,setfit_only,,0.7178037
37717042,linguistic_only,3.5,
34997301,linguistic_only,3.0,
39388213,linguistic_only,4.5,
36095029,setfit_only,,0.61500645
35685437,linguistic_only,3.5,
39994432,setfit_only,,0.6890289
36963395,setfit_only,,0.7038235
37684293,setfit_only,,0.71382457
38519883,linguistic_only,5.0,
35980363,setfit_only,,0.6680303
36848718,linguistic_only,3.0,
37340239,linguistic_only,3.5,
34636883,linguistic_only,4.0,
38814806,linguistic_only,4.0,
37602392,linguistic_only,4.0,
40338521,linguistic_only,4.5,
39928922,setfit_only,,0.6654047
39830620,setfit_only,,0.6986037
37864541,setfit_only,,0.7219821
37766241,setfit_only,,0.6826502
37602408,linguistic_only,4.5,
37733481,linguistic_only,3.5,
35325039,linguistic_only,4.0,
35652722,linguistic_only,4.0,
36602995,setfit_only,,0.669674
40027253,setfit_only,,0.7065159
40027255,setfit_only,,0.60769457
38552697,linguistic_only,3.5,
37897338,linguistic_only,4.0,
37897341,linguistic_only,3.0,
37897342,linguistic_only,4.0,
40436863,setfit_only,,0.6670606
39519363,setfit_only,,0.67478853
37897348,setfit_only,,0.7006867
35652743,setfit_only,,0.6418361
37897352,linguistic_only,4.0,
39781512,linguistic_only,3.5,
39781514,linguistic_only,5.0,
37897355,linguistic_only,4.0,
37897356,linguistic_only,4.5,
37897357,linguistic_only,4.0,
38241422,setfit_only,,0.6857475
37897359,linguistic_only,4.5,
37897362,setfit_only,,0.71820295
37897364,linguistic_only,3.5,
40436887,setfit_only,,0.65611696
35407001,setfit_only,,0.70361626
36373660,setfit_only,,0.6910223
36291748,setfit_only,,0.703244
37291174,linguistic_only,4.5,
39240871,linguistic_only,4.0,
37504166,setfit_only,,0.6938128
36930729,linguistic_only,4.0,
39994539,setfit_only,,0.68718195
39240878,linguistic_only,4.5,
41092271,linguistic_only,4.5,
37553326,setfit_only,,0.6877741
39896240,setfit_only,,0.67824847
36406450,setfit_only,,0.65529764
34849976,linguistic_only,3.5,
36750521,linguistic_only,4.0,
39126203,linguistic_only,4.0,
39126204,linguistic_only,3.0,
35226813,setfit_only,,0.62742925
35013825,linguistic_only,4.0,
38995144,linguistic_only,3.0,
39994572,linguistic_only,4.0,
37291214,linguistic_only,3.5,
40109263,linguistic_only,3.0,
38110415,setfit_only,,0.68016994
38782169,setfit_only,,0.6549896
39191770,setfit_only,,0.67913264
36717789,linguistic_only,4.0,
37225696,linguistic_only,4.5,
38470883,linguistic_only,5.0,
35947748,linguistic_only,5.0,
39191783,setfit_only,,0.696891
36799723,linguistic_only,3.5,
40436975,setfit_only,,0.7014398
35161327,setfit_only,,0.66795534
38454513,setfit_only,,0.6655336
38192372,linguistic_only,4.0,
36095221,linguistic_only,4.5,
40240372,setfit_only,,0.6958386
38700279,linguistic_only,3.0,
39388407,setfit_only,,0.68126863
35390717,linguistic_only,3.5,
40240383,setfit_only,,0.6446468
35325185,linguistic_only,3.0,
39535874,linguistic_only,3.0,
40240385,setfit_only,,0.6791107
35325188,linguistic_only,3.5,
39159043,setfit_only,,0.66174483
37520646,setfit_only,,0.7170308
34997520,setfit_only,,0.63679796
39355665,setfit_only,,0.67031723
39535891,setfit_only,,0.6601284
38569236,setfit_only,,0.6419689
34718997,setfit_only,,0.7224622
34571541,setfit_only,,0.6652569
38913305,setfit_only,,0.69947505
39093530,linguistic_only,3.0,
35980571,linguistic_only,3.0,
36357404,linguistic_only,3.5,
35194141,linguistic_only,3.5,
37569821,linguistic_only,3.0,
34719002,setfit_only,,0.72425795
35177756,setfit_only,,0.6873682
35489057,linguistic_only,3.0,
36209954,linguistic_only,4.5,
36799778,linguistic_only,4.0,
38012190,setfit_only,,0.6967711
38389029,linguistic_only,5.0,
39208229,linguistic_only,3.0,
40518950,linguistic_only,3.0,
37225767,setfit_only,,0.6983369
40109352,setfit_only,,0.6901483
37340457,setfit_only,,0.7196838
35489067,linguistic_only,3.5,
38913321,setfit_only,,0.71752226
37258539,setfit_only,,0.7164584
34850103,linguistic_only,3.5,
38847800,linguistic_only,3.0,
39404857,linguistic_only,5.0,
37406008,setfit_only,,0.6709139
34850110,linguistic_only,4.0,
34850112,linguistic_only,4.0,
39191872,setfit_only,,0.61936945
39126338,linguistic_only,3.0,
34850116,linguistic_only,4.5,
37143876,linguistic_only,4.5,
34850118,linguistic_only,4.0,
37995844,linguistic_only,3.5,
38028612,linguistic_only,4.0,
34850121,linguistic_only,4.5,
38012232,setfit_only,,0.7198876
39208265,setfit_only,,0.6652173
34850125,linguistic_only,4.5,
37193038,setfit_only,,0.67502135
34850127,linguistic_only,4.0,
34850130,linguistic_only,4.5,
34850133,linguistic_only,3.5,
39208278,setfit_only,,0.6422215
39126359,linguistic_only,3.0,
39404887,linguistic_only,4.0,
35063127,setfit_only,,0.6722223
38749529,setfit_only,,0.6603237
34850139,linguistic_only,5.0,
37340506,setfit_only,,0.7028787
35915099,setfit_only,,0.69956875
40027488,linguistic_only,4.0,
35915104,setfit_only,,0.693942
37356898,linguistic_only,5.5,
37356899,linguistic_only,3.0,
37733731,linguistic_only,4.0,
37291365,linguistic_only,4.5,
40027491,setfit_only,,0.71642536
37356903,linguistic_only,4.5,
37356904,linguistic_only,4.5,
37356905,linguistic_only,4.0,
36062570,linguistic_only,4.5,
34850155,linguistic_only,4.5,
38421866,setfit_only,,0.62988406
37471595,setfit_only,,0.7196527
37356907,setfit_only,,0.7150904
40584559,setfit_only,,0.70528305
35243375,setfit_only,,0.63652956
34850161,linguistic_only,4.5,
37356913,linguistic_only,3.0,
34850162,setfit_only,,0.72460896
35571058,setfit_only,,0.7195182
37455222,setfit_only,,0.62132335
37373305,setfit_only,,0.66927385
34669946,linguistic_only,5.0,
35456378,setfit_only,,0.603316
37225853,setfit_only,,0.69288117
35145087,setfit_only,,0.6906393
36750720,linguistic_only,3.0,
37864836,setfit_only,,0.63079196
40273288,setfit_only,,0.64719695
37602697,linguistic_only,3.0,
34669962,linguistic_only,5.0,
37848459,setfit_only,,0.6752173
39372176,setfit_only,,0.64859813
36947346,linguistic_only,4.0,
40519058,setfit_only,,0.62833756
37537174,setfit_only,,0.6875498
40256918,setfit_only,,0.6848312
36930969,linguistic_only,4.0,
39126426,linguistic_only,3.0,
37389723,linguistic_only,4.5,
37422490,setfit_only,,0.6612429
39011737,setfit_only,,0.653383
39814560,linguistic_only,3.5,
38733216,setfit_only,,0.70215577
36406689,setfit_only,,0.634641
37537186,setfit_only,,0.7223127
37537187,setfit_only,,0.6761794
40240548,setfit_only,,0.6600041
35440038,setfit_only,,0.71477073
38323623,linguistic_only,3.5,
36930985,setfit_only,,0.71318793
37127596,linguistic_only,4.0,
36652461,linguistic_only,4.0,
37602732,linguistic_only,3.0,
41158063,linguistic_only,3.5,
37537200,setfit_only,,0.6901283
37127601,linguistic_only,3.5,
37553584,setfit_only,,0.68375486
37537202,setfit_only,,0.6897098
40371632,setfit_only,,0.648189
36357557,setfit_only,,0.6997204
39257527,linguistic_only,3.5,
39388605,setfit_only,,0.71212554
39732672,setfit_only,,0.62641346
39830982,setfit_only,,0.6772358
35538374,setfit_only,,0.6009964
38438345,setfit_only,,0.6365979
35669450,linguistic_only,3.5,
36537804,linguistic_only,3.0,
38929869,setfit_only,,0.6599302
37864911,linguistic_only,3.5,
40175056,setfit_only,,0.69036806
36373969,linguistic_only,6.0,
37848535,setfit_only,,0.60273993
38749656,setfit_only,,0.71070373
38438364,setfit_only,,0.64501756
35816925,linguistic_only,3.0,
39421415,linguistic_only,3.5,
36537834,setfit_only,,0.6337433
35358188,setfit_only,,0.64942575
38127089,setfit_only,,0.6528442
39732723,setfit_only,,0.6155606
39192052,setfit_only,,0.7198454
39962099,setfit_only,,0.6059243
37258747,setfit_only,,0.65927595
36111870,linguistic_only,5.5,
39224843,linguistic_only,4.0,
37013005,setfit_only,,0.6639942
35440143,setfit_only,,0.6618007
37438994,setfit_only,,0.6723107
34424339,setfit_only,,0.700664
40388119,linguistic_only,3.0,
36029977,linguistic_only,3.5,
37848601,linguistic_only,3.0,
35358235,linguistic_only,3.5,
36308510,setfit_only,,0.61445713
38733346,setfit_only,,0.676759
40273444,linguistic_only,4.0,
37488166,setfit_only,,0.65454847
36095527,setfit_only,,0.60012186
38864430,linguistic_only,4.0,
37930544,setfit_only,,0.69154954
39290423,setfit_only,,0.72061193
39749176,linguistic_only,3.0,
39945785,linguistic_only,3.5,
40011321,setfit_only,,0.72059005
37815872,linguistic_only,4.0,
38422081,linguistic_only,3.0,
37127747,setfit_only,,0.6955691
40224325,linguistic_only,4.5,
39028299,setfit_only,,0.70437545
35309132,linguistic_only,3.5,
38569548,linguistic_only,3.0,
37045837,setfit_only,,0.7224864
38995535,linguistic_only,4.5,
38995537,setfit_only,,0.7224536
38291027,setfit_only,,0.7191119
38995542,setfit_only,,0.72418743
38995543,linguistic_only,3.0,
38356567,setfit_only,,0.72902274
39814742,setfit_only,,0.6819056
35849818,linguistic_only,3.0,
38422108,linguistic_only,3.0,
35161692,setfit_only,,0.6992653
35178077,setfit_only,,0.6149556
36193886,setfit_only,,0.71691597
37078622,setfit_only,,0.64705735
39814754,setfit_only,,0.644173
37258857,setfit_only,,0.7180979
37750380,linguistic_only,3.5,
39470701,linguistic_only,3.5,
39470702,linguistic_only,4.0,
39470706,linguistic_only,5.5,
35014260,linguistic_only,3.5,
39175797,linguistic_only,3.0,
39175796,setfit_only,,0.71405387
38880887,setfit_only,,0.68258506
39192185,linguistic_only,3.0,
39814778,linguistic_only,3.0,
39470715,linguistic_only,4.5,
39470718,linguistic_only,4.0,
39470721,linguistic_only,4.5,
37308034,linguistic_only,4.5,
39470723,linguistic_only,4.0,
39470724,linguistic_only,4.0,
35931779,setfit_only,,0.7199497
36587138,setfit_only,,0.66663975
40355463,setfit_only,,0.68148
37275273,linguistic_only,4.5,
39470730,linguistic_only,5.0,
39192204,linguistic_only,3.0,
39192205,linguistic_only,3.5,
39470732,linguistic_only,4.5,
38504077,setfit_only,,0.7154183
40240784,setfit_only,,0.68162096
39470737,linguistic_only,4.5,
40502930,linguistic_only,4.5,
39700114,setfit_only,,0.6443182
38471316,linguistic_only,4.0,
39470740,linguistic_only,4.0,
35538580,setfit_only,,0.69944793
40502934,setfit_only,,0.7022177
36996758,setfit_only,,0.62529016
35227289,linguistic_only,5.5,
37258913,linguistic_only,4.5,
37258914,linguistic_only,4.0,
38733474,setfit_only,,0.694307
38864546,setfit_only,,0.68236625
37160609,setfit_only,,0.62386054
37553832,setfit_only,,0.69002646
40601258,linguistic_only,4.5,
37258923,linguistic_only,3.5,
39716522,setfit_only,,0.71035206
40601261,linguistic_only,3.5,
36882092,setfit_only,,0.6749934
37668527,linguistic_only,3.0,
38504112,linguistic_only,3.5,
37357231,setfit_only,,0.70453775
37504687,setfit_only,,0.6776529
39143093,setfit_only,,0.71637917
40355512,linguistic_only,3.0,
39487161,linguistic_only,3.5,
39143096,setfit_only,,0.67061424
35735230,linguistic_only,4.0,
39093951,setfit_only,,0.65088135
40011459,setfit_only,,0.6509856
39798480,linguistic_only,3.0,
35669712,setfit_only,,0.69175947
39225044,linguistic_only,4.5,
40388309,linguistic_only,3.5,
37521110,setfit_only,,0.6805875
34965209,linguistic_only,3.5,
38602457,setfit_only,,0.7071982
39503579,setfit_only,,0.71614236
40011486,setfit_only,,0.7081402
36587232,linguistic_only,4.5,
39732964,setfit_only,,0.67036945
36587236,setfit_only,,0.61189663
37832430,setfit_only,,0.66876006
38258418,setfit_only,,0.71732837
36882164,linguistic_only,4.5,
40011509,setfit_only,,0.7102416
36882166,linguistic_only,4.0,
38487800,setfit_only,,0.6814308
38995706,linguistic_only,3.0,
38881018,setfit_only,,0.6664586
36701948,setfit_only,,0.64958405
37537536,setfit_only,,0.6926915
39536385,linguistic_only,4.5,
35112706,linguistic_only,4.5,
36882183,linguistic_only,5.0,
40011529,setfit_only,,0.6991929
38602506,linguistic_only,4.0,
40404746,setfit_only,,0.71529204
37340940,linguistic_only,4.0,
40175374,setfit_only,,0.60020053
40011540,setfit_only,,0.63905245
35456792,setfit_only,,0.6279215
40011546,setfit_only,,0.7165831
35866396,setfit_only,,0.68064886
40240925,linguistic_only,4.0,
40404775,setfit_only,,0.70452946
38487848,linguistic_only,4.5,
36161321,linguistic_only,4.0,
39126830,setfit_only,,0.6098276
39044911,setfit_only,,0.7032216
40388400,setfit_only,,0.6695743
39339826,setfit_only,,0.6927297
38913844,linguistic_only,3.0,
36030265,setfit_only,,0.6831775
37979962,linguistic_only,3.5,
38913850,linguistic_only,4.0,
36849466,setfit_only,,0.67770267
36849471,linguistic_only,3.5,
37848896,linguistic_only,3.0,
40437567,setfit_only,,0.6980514
38913855,setfit_only,,0.68738854
38913867,linguistic_only,4.5,
35931981,linguistic_only,3.0,
40470349,setfit_only,,0.71821713
40175438,setfit_only,,0.71355414
38422352,linguistic_only,3.5,
38111059,linguistic_only,3.0,
35129172,setfit_only,,0.7203957
37930837,setfit_only,,0.668344
37930838,linguistic_only,4.0,
40404823,setfit_only,,0.6726929
39683928,setfit_only,,0.64852387
39241561,setfit_only,,0.69332784
37930842,linguistic_only,4.5,
37439331,setfit_only,,0.7222923
37291876,setfit_only,,0.69791263
36702059,setfit_only,,0.6923511
35833709,linguistic_only,4.5,
35882865,setfit_only,,0.7068159
37930866,linguistic_only,5.5,
40355699,setfit_only,,0.68151087
37324662,setfit_only,,0.7098315
38750071,setfit_only,,0.6472927
35522426,setfit_only,,0.6329972
39339901,setfit_only,,0.7150572
36423555,linguistic_only,3.5,
36849543,setfit_only,,0.61029935
37275529,setfit_only,,0.68925804
37144459,linguistic_only,4.0,
38176651,linguistic_only,4.0,
38504331,setfit_only,,0.7129642
38029199,linguistic_only,3.5,
35751824,linguistic_only,3.5,
39913362,linguistic_only,4.0,
38520725,setfit_only,,0.69759387
37504918,setfit_only,,0.606009
39913370,linguistic_only,3.0,
35391386,setfit_only,,0.65415233
36128669,setfit_only,,0.6751875
37095326,setfit_only,,0.69234693
38160287,setfit_only,,0.72319275
36194209,linguistic_only,3.0,
38619046,linguistic_only,5.0,
37537703,setfit_only,,0.638001
39569321,linguistic_only,6.0,
37717933,setfit_only,,0.66255504
39372719,setfit_only,,0.72400355
37947313,linguistic_only,5.0,
38274998,linguistic_only,3.5,
38160311,linguistic_only,3.5,
37947320,linguistic_only,4.5,
39585721,linguistic_only,4.5,
37504951,setfit_only,,0.6702335
35080120,setfit_only,,0.68801516
36833209,setfit_only,,0.7168429
40388544,setfit_only,,0.68688166
39585730,linguistic_only,4.5,
39700425,linguistic_only,5.0,
38045645,linguistic_only,3.0,
38569935,setfit_only,,0.72046316
37046225,setfit_only,,0.7065933
39143381,linguistic_only,3.0,
38438871,setfit_only,,0.72049636
39487448,setfit_only,,0.7008361
36177882,linguistic_only,4.5,
35882976,linguistic_only,4.0,
40175586,linguistic_only,3.0,
36882402,setfit_only,,0.667097
38291430,linguistic_only,3.0,
37881831,setfit_only,,0.71136
38062057,setfit_only,,0.6562086
38537198,linguistic_only,4.0,
38537199,linguistic_only,4.0,
38062064,setfit_only,,0.72012484
39929845,setfit_only,,0.6985967
35571701,setfit_only,,0.6470416
36128761,setfit_only,,0.67616606
37259264,linguistic_only,3.5,
38438913,setfit_only,,0.70290387
37554180,linguistic_only,3.0,
34850820,setfit_only,,0.6953646
35948551,setfit_only,,0.69117296
35883018,linguistic_only,4.5,
36882443,setfit_only,,0.60874945
39127052,linguistic_only,4.5,
39028752,linguistic_only,3.5,
39897104,linguistic_only,4.0,
39700498,setfit_only,,0.7006664
37079066,linguistic_only,3.0,
38307869,linguistic_only,3.0,
39241757,setfit_only,,0.63902134
37881887,linguistic_only,3.5,
37636128,linguistic_only,3.5,
39192607,linguistic_only,4.0,
37816350,setfit_only,,0.69554675
39749667,linguistic_only,3.5,
37881892,setfit_only,,0.7211961
39487529,setfit_only,,0.7027188
39471150,linguistic_only,3.5,
40175669,linguistic_only,3.5,
38783035,linguistic_only,5.0,
35637307,setfit_only,,0.72436285
35932227,linguistic_only,5.0,
38979651,linguistic_only,3.5,
37750851,setfit_only,,0.6665178
37898309,setfit_only,,0.7160435
35604553,setfit_only,,0.7245363
38996043,linguistic_only,3.0,
38553675,setfit_only,,0.7163668
39602253,setfit_only,,0.66532683
38733902,setfit_only,,0.63794696
37701712,setfit_only,,0.7222236
35866706,setfit_only,,0.65697473
36980819,linguistic_only,3.5,
38520921,linguistic_only,3.5,
34850907,linguistic_only,4.5,
35440731,setfit_only,,0.6886134
38013027,setfit_only,,0.6135512
38406245,setfit_only,,0.70856816
37931111,linguistic_only,3.0,
34850920,linguistic_only,3.0,
38783079,linguistic_only,3.0,
36259946,linguistic_only,5.5,
39733351,linguistic_only,3.5,
38013033,setfit_only,,0.718067
39438443,setfit_only,,0.71108407
39798891,setfit_only,,0.70166576
37668974,setfit_only,,0.6890732
37947503,setfit_only,,0.7236933
38307948,setfit_only,,0.60448486
38406264,linguistic_only,3.0,
35227770,setfit_only,,0.7130415
38783102,linguistic_only,4.5,
39258239,linguistic_only,3.5,
34850943,setfit_only,,0.7133471
38635650,setfit_only,,0.69255835
36980868,setfit_only,,0.6880548
38242438,setfit_only,,0.7049963
35047564,setfit_only,,0.6792742
37898381,setfit_only,,0.62309957
36309134,linguistic_only,4.5,
40044690,linguistic_only,5.0,
39520405,linguistic_only,5.5,
37996697,linguistic_only,3.0,
36456604,setfit_only,,0.7287572
39880865,linguistic_only,3.5,
40044705,setfit_only,,0.6862443
37849251,linguistic_only,3.0,
39913636,setfit_only,,0.66431016
38635686,setfit_only,,0.6946468
35883181,setfit_only,,0.70570946
40044718,setfit_only,,0.69840133
36456623,setfit_only,,0.70473754
37390512,setfit_only,,0.65345365
38783158,linguistic_only,3.5,
39356598,linguistic_only,3.0,
35915959,setfit_only,,0.6899475
39946426,linguistic_only,3.0,
38488251,linguistic_only,3.5,
35457221,setfit_only,,0.6062767
40372422,linguistic_only,4.5,
38979784,linguistic_only,3.0,
39225545,linguistic_only,3.0,
35260616,setfit_only,,0.6279958
40536267,linguistic_only,3.0,
38848714,setfit_only,,0.7179833
37537999,setfit_only,,0.7058467
36817105,linguistic_only,4.5,
37030102,linguistic_only,3.5,
40044760,setfit_only,,0.71377623
40192223,setfit_only,,0.65863144
36063461,setfit_only,,0.71490115
40323307,linguistic_only,5.0,
38275308,setfit_only,,0.6871194
35227887,setfit_only,,0.70237535
38127855,setfit_only,,0.70139146
40372465,setfit_only,,0.7101367
40044786,linguistic_only,4.0,
38586610,setfit_only,,0.67076856
36653303,setfit_only,,0.71354055
36702456,linguistic_only,4.0,
40323323,linguistic_only,4.0,
40519932,setfit_only,,0.6536079
39880958,linguistic_only,3.0,
40372478,setfit_only,,0.6953765
37128447,setfit_only,,0.6816935
35670274,setfit_only,,0.6020059
36653322,linguistic_only,4.0,
39110924,linguistic_only,3.5,
36604173,setfit_only,,0.71544224
37210383,linguistic_only,3.5,
36243729,setfit_only,,0.71015716
38062357,linguistic_only,4.5,
38652181,setfit_only,,0.71662956
39520544,linguistic_only,3.5,
38242593,linguistic_only,3.0,
36407584,setfit_only,,0.6063019
39979297,setfit_only,,0.67837095
38242596,linguistic_only,3.5,
35817763,setfit_only,,0.6632029
36620582,linguistic_only,3.0,
37194023,linguistic_only,4.5,
35244328,setfit_only,,0.67277133
38635816,setfit_only,,0.6367442
39979307,linguistic_only,3.0,
35588402,setfit_only,,0.6593696
39602490,setfit_only,,0.7133665
35064124,linguistic_only,3.5,
36243772,linguistic_only,3.0,
35064126,setfit_only,,0.70689774
35670335,linguistic_only,3.5,
36243775,linguistic_only,3.0,
37243202,setfit_only,,0.65954953
39799107,linguistic_only,3.0,
38701383,setfit_only,,0.60849184
35178824,setfit_only,,0.70778376
39078222,linguistic_only,3.5,
35850574,setfit_only,,0.6459869
38832465,linguistic_only,3.5,
36571479,linguistic_only,5.0,
39176538,setfit_only,,0.6790138
40700252,linguistic_only,3.5,
38357349,setfit_only,,0.71284795
35064165,setfit_only,,0.6853066
39536999,setfit_only,,0.70494384
36243817,linguistic_only,3.5,
36522346,linguistic_only,3.0,
38783339,linguistic_only,4.0,
35260777,setfit_only,,0.68776685
38668652,setfit_only,,0.7194583
39471470,linguistic_only,5.0,
38373745,linguistic_only,3.5,
36964722,linguistic_only,3.5,
40257905,linguistic_only,3.5,
40257906,linguistic_only,5.0,
36522353,setfit_only,,0.7076473
38619508,setfit_only,,0.6534827
40225143,linguistic_only,3.0,
37931382,setfit_only,,0.6851592
39160186,setfit_only,,0.7067683
38521211,setfit_only,,0.6031443
38242684,linguistic_only,4.0,
35965308,setfit_only,,0.70241195
39176574,setfit_only,,0.65132004
38898046,setfit_only,,0.6114316
35637632,linguistic_only,4.0,
35047815,linguistic_only,3.0,
38177162,setfit_only,,0.7228721
37489036,linguistic_only,4.0,
37128589,setfit_only,,0.6954454
40225173,linguistic_only,3.0,
37620118,setfit_only,,0.72219574
38177174,setfit_only,,0.66588247
35998105,setfit_only,,0.6740533
37669275,linguistic_only,4.5,
36227484,setfit_only,,0.682578
39831966,setfit_only,,0.70600194
37161375,linguistic_only,3.5,
37570979,setfit_only,,0.69665223
38177188,setfit_only,,0.67587906
39586215,linguistic_only,6.0,
38177193,setfit_only,,0.7165412
37816745,setfit_only,,0.6650447
38357419,setfit_only,,0.67164475
35342764,setfit_only,,0.71420634
38685101,linguistic_only,4.0,
36997553,setfit_only,,0.71232355
36555185,setfit_only,,0.6958364
39881139,setfit_only,,0.7135648
39225779,setfit_only,,0.68432194
39979443,setfit_only,,0.66337085
38078902,linguistic_only,3.0,
37308855,linguistic_only,3.0,
36997558,setfit_only,,0.60395604
38488504,setfit_only,,0.6782387
37898683,setfit_only,,0.642898
39438780,linguistic_only,3.5,
40126909,linguistic_only,4.0,
40257980,setfit_only,,0.67596555
35916224,setfit_only,,0.6559773
37816770,linguistic_only,3.5,
38898114,setfit_only,,0.71329296
37276105,linguistic_only,3.5,
35768777,setfit_only,,0.6990296
37800393,setfit_only,,0.6606614
39242194,setfit_only,,0.7141373
35883475,setfit_only,,0.6930105
36456919,linguistic_only,3.5,
35015132,linguistic_only,4.5,
38865373,setfit_only,,0.6081112
36227552,setfit_only,,0.7103782
38898151,linguistic_only,3.0,
40487401,setfit_only,,0.6044123
37013995,setfit_only,,0.7136344
36407792,linguistic_only,3.0,
35326449,setfit_only,,0.68337137
37587443,linguistic_only,3.5,
36932084,setfit_only,,0.6844253
36719094,linguistic_only,3.0,
36243959,linguistic_only,5.5,
36243960,linguistic_only,3.0,
36162041,linguistic_only,5.0,
36243961,linguistic_only,5.0,
36243962,linguistic_only,4.0,
36243963,linguistic_only,4.5,
36243964,linguistic_only,4.0,
38832633,linguistic_only,3.0,
36243967,linguistic_only,5.0,
40176120,setfit_only,,0.6955364
36964864,setfit_only,,0.68873495
36243970,linguistic_only,3.5,
35883523,linguistic_only,3.0,
36243971,linguistic_only,3.5,
36243972,linguistic_only,4.5,
36243973,linguistic_only,4.0,
36243975,setfit_only,,0.7055945
36243976,linguistic_only,4.0,
38914571,linguistic_only,3.5,
36243982,linguistic_only,4.5,
38504974,setfit_only,,0.71318775
36243984,linguistic_only,4.5,
36637201,linguistic_only,4.0,
36243987,linguistic_only,3.0,
36243988,linguistic_only,4.0,
36243989,linguistic_only,4.0,
35916307,setfit_only,,0.63135326
38865431,linguistic_only,4.0,
38701592,linguistic_only,5.0,
38865432,linguistic_only,5.0,
38554132,setfit_only,,0.691355
40552981,setfit_only,,0.71054137
38554135,setfit_only,,0.6554515
38472220,setfit_only,,0.67831844
39143966,setfit_only,,0.69692135
37620252,setfit_only,,0.6055501
38717988,linguistic_only,4.0,
36751910,linguistic_only,3.0,
38865446,setfit_only,,0.62063456
37784104,setfit_only,,0.67890257
40536622,linguistic_only,3.5,
35408437,setfit_only,,0.7177711
40307255,setfit_only,,0.69678044
38472250,setfit_only,,0.71441525
39209542,setfit_only,,0.68679494
40307272,setfit_only,,0.70384645
35703370,linguistic_only,3.0,
40503884,setfit_only,,0.6943398
35031629,linguistic_only,3.0,
36604492,setfit_only,,0.6784587
39094861,setfit_only,,0.62152725
34933331,linguistic_only,3.0,
35736155,setfit_only,,0.6922626
35867230,setfit_only,,0.6863963
39504480,linguistic_only,3.5,
37620325,linguistic_only,3.0,
35359334,linguistic_only,3.5,
40028774,linguistic_only,4.0,
39406187,linguistic_only,3.0,
37784172,setfit_only,,0.7224529
39602797,linguistic_only,4.0,
38193774,linguistic_only,3.0,
38472305,linguistic_only,3.0,
36702840,setfit_only,,0.7193267
35277433,setfit_only,,0.6064341
35637887,linguistic_only,3.5,
39602824,linguistic_only,4.0,
37177997,linguistic_only,3.0,
37177999,linguistic_only,3.5,
39111312,setfit_only,,0.67541087
39996049,setfit_only,,0.6573923
37178003,linguistic_only,4.0,
38816403,setfit_only,,0.7063982
35228311,setfit_only,,0.7166683
38816410,linguistic_only,5.5,
36113052,setfit_only,,0.6843968
38881954,setfit_only,,0.6495172
39176867,linguistic_only,3.0,
36670117,setfit_only,,0.698836
38668966,setfit_only,,0.6423971
38292137,setfit_only,,0.7162497
39258795,setfit_only,,0.7209863
38914734,setfit_only,,0.7198997
37046958,setfit_only,,0.6572959
38963888,linguistic_only,3.0,
39373488,setfit_only,,0.70772284
35130035,linguistic_only,3.0,
38668979,setfit_only,,0.71907324
36440758,linguistic_only,4.5,
35687095,linguistic_only,5.0,
39455415,linguistic_only,3.5,
39127738,setfit_only,,0.6623352
38832828,setfit_only,,0.71823287
39373502,linguistic_only,4.0,
35752639,linguistic_only,3.5,
36604610,linguistic_only,3.5,
39127752,setfit_only,,0.6249715
35277513,linguistic_only,3.0,
35670730,linguistic_only,4.0,
38800073,linguistic_only,3.0,
40504012,linguistic_only,3.5,
38374088,setfit_only,,0.6088264
35752654,linguistic_only,3.5,
35670735,linguistic_only,4.5,
35441360,linguistic_only,4.0,
35015377,linguistic_only,4.0,
39373514,setfit_only,,0.7011857
38816458,setfit_only,,0.6970315
36047575,setfit_only,,0.7108479
39373530,linguistic_only,3.0,
36326108,setfit_only,,0.68412906
39996130,setfit_only,,0.71572757
38914788,linguistic_only,3.5,
36293349,linguistic_only,3.5,
39373542,linguistic_only,4.5,
39668452,setfit_only,,0.707005
39127782,setfit_only,,0.70373124
36850412,setfit_only,,0.63566875
40536815,setfit_only,,0.71835953
36932341,linguistic_only,4.0,
36424440,setfit_only,,0.639321
35900159,linguistic_only,3.5,
38112004,linguistic_only,3.0,
36113157,setfit_only,,0.6981285
38390545,linguistic_only,3.0,
38980370,linguistic_only,4.5,
37686035,setfit_only,,0.6055575
39865108,setfit_only,,0.6574092
35179286,setfit_only,,0.6896597
35703577,linguistic_only,4.5,
37833498,linguistic_only,3.0,
36703003,linguistic_only,3.0,
37817115,linguistic_only,3.0,
39340826,linguistic_only,3.5,
39963423,linguistic_only,4.5,
35556129,linguistic_only,3.5,
38816550,linguistic_only,4.0,
40504102,linguistic_only,4.5,
39389990,setfit_only,,0.71744806
39095083,linguistic_only,4.0,
37243692,setfit_only,,0.717372
37260077,linguistic_only,4.5,
37260078,setfit_only,,0.7176745
39389998,setfit_only,,0.6434595
39373617,linguistic_only,3.0,
38341426,setfit_only,,0.7107848
37440307,linguistic_only,3.5,
37489459,linguistic_only,3.0,
35801909,linguistic_only,3.0,
39390007,setfit_only,,0.68288624
37030713,setfit_only,,0.7018318
38701887,setfit_only,,0.71082103
38587201,linguistic_only,3.5,
36539202,linguistic_only,4.0,
38587202,linguistic_only,4.5,
40127300,linguistic_only,3.0,
36358981,setfit_only,,0.6872639
38587206,linguistic_only,4.5,
40553287,setfit_only,,0.6683219
39242579,setfit_only,,0.72056305
35801940,linguistic_only,4.0,
38980436,setfit_only,,0.67931354
35326803,setfit_only,,0.670157
38603611,linguistic_only,4.0,
38161244,setfit_only,,0.69227934
37014365,linguistic_only,5.0,
40307549,setfit_only,,0.69610614
37735262,setfit_only,,0.7001312
37178209,linguistic_only,3.0,
37735266,linguistic_only,3.5,
38996838,setfit_only,,0.60169715
40323945,setfit_only,,0.7061822
39242603,linguistic_only,3.0,
36178800,linguistic_only,4.5,
38882162,linguistic_only,4.0,
40373107,setfit_only,,0.69948643
35752825,setfit_only,,0.6752143
39242618,linguistic_only,3.5,
37587836,linguistic_only,4.0,
39242622,setfit_only,,0.71738887
39209857,setfit_only,,0.7193824
39226248,setfit_only,,0.63177127
40274829,setfit_only,,0.66098905
37751696,setfit_only,,0.6508261
38882193,setfit_only,,0.716045
40274834,setfit_only,,0.68151337
37653395,setfit_only,,0.72405505
35900309,setfit_only,,0.6655595
39209880,setfit_only,,0.69239146
36670361,setfit_only,,0.7079359
38128543,linguistic_only,4.5,
39455647,setfit_only,,0.65114474
38849445,setfit_only,,0.7137325
36670373,setfit_only,,0.70419896
37079979,linguistic_only,3.0,
36293549,linguistic_only,3.0,
39275439,setfit_only,,0.64066404
39947184,linguistic_only,3.0,
38816689,setfit_only,,0.7042758
39078833,setfit_only,,0.68524736
39209908,linguistic_only,3.5,
35916725,linguistic_only,5.0,
37407670,linguistic_only,3.0,
35900347,linguistic_only,3.0,
35785665,linguistic_only,3.5,
39455682,setfit_only,,0.6962543
37194693,linguistic_only,3.5,
40340425,setfit_only,,0.66816986
37522378,linguistic_only,4.5,
37194699,linguistic_only,3.0,
35474383,linguistic_only,5.0,
38079441,setfit_only,,0.6932387
39128019,linguistic_only,4.5,
36752340,setfit_only,,0.6771759
39242712,linguistic_only,3.0,
35474393,linguistic_only,3.5,
40160219,linguistic_only,5.0,
39013340,setfit_only,,0.68043447
39078880,setfit_only,,0.7180913
36047841,linguistic_only,5.0,
37112801,linguistic_only,5.5,
37440484,setfit_only,,0.710895
39701476,setfit_only,,0.7014527
38063081,linguistic_only,4.0,
38734825,linguistic_only,3.0,
36621289,setfit_only,,0.71472955
38095856,linguistic_only,4.5,
39226356,setfit_only,,0.7059708
38292471,setfit_only,,0.71758765
37981176,linguistic_only,3.5,
37227514,linguistic_only,4.5,
40225790,linguistic_only,3.0,
37112833,setfit_only,,0.67539614
38030339,linguistic_only,3.0,
40045573,linguistic_only,3.0,
37620744,linguistic_only,3.5,
35441674,linguistic_only,3.0,
36178955,linguistic_only,3.0,
36473868,linguistic_only,3.0,
38341646,linguistic_only,4.0,
37620754,linguistic_only,5.5,
39423001,setfit_only,,0.61001146
40209438,linguistic_only,3.0,
40553506,linguistic_only,3.5,
35818534,setfit_only,,0.60249585
39259175,linguistic_only,5.0,
39849000,setfit_only,,0.6399236
37686313,linguistic_only,3.5,
35179562,linguistic_only,4.5,
39111721,linguistic_only,3.0,
37407787,setfit_only,,0.6883918
37735467,setfit_only,,0.66677934
35179566,linguistic_only,5.0,
38898737,linguistic_only,3.5,
35507258,setfit_only,,0.7210281
35507259,setfit_only,,0.6773854
39095357,setfit_only,,0.7230421
36064320,linguistic_only,3.5,
36949058,setfit_only,,0.6713228
37440581,linguistic_only,3.0,
38882374,linguistic_only,4.0,
37686347,setfit_only,,0.6132786
40389708,setfit_only,,0.64869535
38325326,setfit_only,,0.6565704
38079567,setfit_only,,0.7025418
38653014,setfit_only,,0.6027856
39095383,setfit_only,,0.68448687
37932119,setfit_only,,0.681626
37768281,linguistic_only,3.5,
36949081,setfit_only,,0.61436826
37637211,linguistic_only,3.5,
35998814,setfit_only,,0.70453763
40045664,linguistic_only,4.0,
36949095,linguistic_only,3.5,
37833838,linguistic_only,3.5,
38325367,setfit_only,,0.6940105
37670009,linguistic_only,3.0,
36867197,setfit_only,,0.67076445
37899390,setfit_only,,0.69589746
38636673,setfit_only,,0.6196949
36129923,setfit_only,,0.6927335
39062661,linguistic_only,4.0,
35277958,linguistic_only,4.0,
38997128,linguistic_only,3.5,
35277961,setfit_only,,0.63918656
37538957,setfit_only,,0.6430369
37391501,setfit_only,,0.6038404
35654801,linguistic_only,4.0,
36179089,linguistic_only,6.0,
34983060,linguistic_only,5.5,
38751380,setfit_only,,0.618739
35638426,linguistic_only,4.0,
37735578,setfit_only,,0.6141011
37112988,linguistic_only,3.0,
39029917,linguistic_only,3.5,
36097180,setfit_only,,0.6410877
38784157,setfit_only,,0.67983633
36474016,linguistic_only,3.5,
36261023,setfit_only,,0.66600335
36162726,linguistic_only,4.5,
39095466,setfit_only,,0.7040959
39226538,setfit_only,,0.64461696
37915827,setfit_only,,0.6744223
39226547,setfit_only,,0.6243028
37915832,setfit_only,,0.6659102
36850877,linguistic_only,3.0,
37735613,linguistic_only,4.0,
34671807,linguistic_only,3.5,
37194944,linguistic_only,3.0,
39488701,linguistic_only,5.0,
39570626,linguistic_only,5.0,
39980225,linguistic_only,4.0,
39341246,setfit_only,,0.6914744
40389829,linguistic_only,3.5,
39898310,linguistic_only,3.0,
38177985,setfit_only,,0.7236935
39652546,setfit_only,,0.64952236
37326024,setfit_only,,0.6147135
37539027,linguistic_only,3.0,
38489299,linguistic_only,3.5,
38702300,setfit_only,,0.6950035
36621533,setfit_only,,0.70868117
35032286,linguistic_only,3.0,
38112483,setfit_only,,0.7178285
38194403,setfit_only,,0.63092136
36310247,setfit_only,,0.60275906
38702315,setfit_only,,0.6962341
35654892,setfit_only,,0.716371
35835118,setfit_only,,0.6181943
36621552,linguistic_only,3.5,
39652598,setfit_only,,0.7094527
36130040,setfit_only,,0.68548995
35654905,linguistic_only,3.0,
36834553,setfit_only,,0.69629246
39423226,setfit_only,,0.6982971
38161664,setfit_only,,0.70919156
39030018,setfit_only,,0.66539717
36162821,linguistic_only,4.5,
36883717,linguistic_only,3.0,
36130056,linguistic_only,4.5,
39243017,linguistic_only,3.0,
38063370,linguistic_only,3.0,
37129482,setfit_only,,0.7135771
35245325,setfit_only,,0.70364696
37997848,setfit_only,,0.717871
37932314,setfit_only,,0.7033094
36474140,linguistic_only,3.5,
35147037,linguistic_only,4.5,
39832863,setfit_only,,0.6591212
37850400,linguistic_only,4.0,
38030629,linguistic_only,3.0,
39963945,setfit_only,,0.6446928
39095595,linguistic_only,3.0,
37932332,setfit_only,,0.70753795
39193902,setfit_only,,0.68934536
40357167,setfit_only,,0.6860978
38571312,linguistic_only,3.0,
35933489,linguistic_only,3.5,
38898990,setfit_only,,0.66931736
38997300,linguistic_only,3.5,
38800693,setfit_only,,0.64191943
38096184,linguistic_only,3.0,
38030650,setfit_only,,0.66007596
35523906,linguistic_only,4.0,
39587138,setfit_only,,0.66688526
37129543,linguistic_only,4.0,
35933515,setfit_only,,0.68578756
38063437,setfit_only,,0.67609334
37031247,setfit_only,,0.65947616
39898450,linguistic_only,4.0,
35671383,linguistic_only,3.5,
39423319,linguistic_only,4.0,
39423320,linguistic_only,4.5,
39963994,linguistic_only,4.5,
39980379,setfit_only,,0.64399827
40308064,linguistic_only,4.0,
39718242,setfit_only,,0.6638431
38243693,linguistic_only,3.0,
37932399,setfit_only,,0.65760636
40193392,linguistic_only,4.0,
36736370,linguistic_only,3.5,
37473653,setfit_only,,0.65087354
39030136,setfit_only,,0.67945415
37145977,linguistic_only,4.0,
36441467,setfit_only,,0.68547195
37014908,linguistic_only,3.0,
38538624,setfit_only,,0.70170647
34606466,setfit_only,,0.68168616
40471940,setfit_only,,0.6841114
35753349,setfit_only,,0.6841847
38538633,setfit_only,,0.6924417
37391755,linguistic_only,4.0,
40537483,setfit_only,,0.6984251
37162382,linguistic_only,4.0,
39849360,linguistic_only,5.0,
40226196,setfit_only,,0.71339995
37850517,setfit_only,,0.70622826
38538648,setfit_only,,0.6208364
36949401,linguistic_only,3.0,
39390620,setfit_only,,0.685373
38505885,setfit_only,,0.69639194
40537502,setfit_only,,0.6209787
35196325,linguistic_only,3.0,
35016101,setfit_only,,0.6202907
39374247,setfit_only,,0.7003542
39472552,setfit_only,,0.7057743
39030186,linguistic_only,3.0,
39030190,setfit_only,,0.68482864
40029615,setfit_only,,0.7210763
37555633,linguistic_only,4.0,
38997427,setfit_only,,0.69775945
40521139,setfit_only,,0.66371757
39341494,linguistic_only,3.0,
40471991,linguistic_only,3.5,
36736440,linguistic_only,5.5,
40471992,linguistic_only,3.5,
39046587,setfit_only,,0.62376606
37457340,linguistic_only,3.5,
35622332,setfit_only,,0.6868468
37293503,linguistic_only,3.0,
35474880,linguistic_only,3.0,
40521155,setfit_only,,0.71336824
34999748,linguistic_only,5.0,
35622340,setfit_only,,0.71063566
35622342,setfit_only,,0.64150697
38718922,linguistic_only,4.0,
38702538,setfit_only,,0.61581725
34983371,setfit_only,,0.6705154
39538127,linguistic_only,3.0,
34999761,linguistic_only,4.5,
40193489,linguistic_only,3.5,
35524055,setfit_only,,0.7212238
37981656,linguistic_only,3.5,
38129112,linguistic_only,3.0,
36130266,linguistic_only,4.0,
34999771,setfit_only,,0.7087946
39210467,setfit_only,,0.71045506
38997477,setfit_only,,0.6969804
40177126,setfit_only,,0.710505
40537574,setfit_only,,0.6994279
36572655,linguistic_only,3.0,
40390127,setfit_only,,0.70039135
35818996,linguistic_only,3.5,
39407093,linguistic_only,3.0,
38768124,setfit_only,,0.66378
40144382,linguistic_only,3.5,
39964163,setfit_only,,0.6795213
36572676,setfit_only,,0.70239335
35999235,setfit_only,,0.6722606
36572678,linguistic_only,3.0,
38309384,linguistic_only,4.0,
39521802,setfit_only,,0.7103735
36965899,linguistic_only,3.0,
37850635,linguistic_only,5.5,
39210507,setfit_only,,0.64209735
37850638,linguistic_only,4.5,
38424077,setfit_only,,0.63879377
39521807,setfit_only,,0.6388996
37850641,linguistic_only,4.0,
37850642,linguistic_only,4.0,
39226898,linguistic_only,4.5,
36916756,linguistic_only,3.5,
40422930,setfit_only,,0.7175159
34606614,linguistic_only,5.5,
34606615,linguistic_only,3.0,
34606616,linguistic_only,5.5,
37850649,linguistic_only,3.0,
40439320,linguistic_only,3.5,
40521234,setfit_only,,0.68677485
36507160,setfit_only,,0.7122086
39702046,setfit_only,,0.6002775
37850657,linguistic_only,4.0,
35524130,setfit_only,,0.7017079
35294761,linguistic_only,3.5,
39259689,linguistic_only,3.0,
36572713,setfit_only,,0.67536366
37883436,linguistic_only,3.0,
39554603,setfit_only,,0.69351095
39013933,setfit_only,,0.7195689
37604913,setfit_only,,0.63313925
38653491,linguistic_only,4.5,
34508353,linguistic_only,4.5,
34508354,linguistic_only,4.5,
36408900,linguistic_only,3.5,
35524165,linguistic_only,4.0,
35016262,linguistic_only,3.0,
40635974,linguistic_only,3.0,
36556360,setfit_only,,0.6050059
36769353,setfit_only,,0.6762413
36408909,linguistic_only,3.0,
35524174,linguistic_only,5.0,
39718483,setfit_only,,0.6209464
39013972,setfit_only,,0.67682487
39997013,setfit_only,,0.6392294
35343960,setfit_only,,0.6091234
36408920,setfit_only,,0.7228817
37604955,setfit_only,,0.7007049
39095899,setfit_only,,0.65975165
40078943,setfit_only,,0.6526235
34999909,setfit_only,,0.6998937
36474475,linguistic_only,3.5,
36884076,linguistic_only,3.5,
39849579,setfit_only,,0.6983365
38162030,setfit_only,,0.6182831
38768239,setfit_only,,0.6927056
38866550,setfit_only,,0.720544
39292536,linguistic_only,3.5,
39439992,setfit_only,,0.7159207
39276156,linguistic_only,3.5,
39276157,linguistic_only,4.0,
39833218,setfit_only,,0.617147
35655307,linguistic_only,4.0,
40226443,setfit_only,,0.7146937
36441742,setfit_only,,0.6825889
36441743,setfit_only,,0.6512056
35458710,setfit_only,,0.72103816
40062614,setfit_only,,0.6988551
37244568,linguistic_only,5.0,
40455832,setfit_only,,0.69035083
35737246,setfit_only,,0.67441386
38555295,setfit_only,,0.67827654
37981856,linguistic_only,5.0,
35049120,setfit_only,,0.64267665
39898792,setfit_only,,0.7210015
38801081,linguistic_only,4.5,
40095417,linguistic_only,3.0,
40275641,setfit_only,,0.7166608
40341180,setfit_only,,0.6919775
38063803,setfit_only,,0.62340635
40177343,setfit_only,,0.69363934
37080771,linguistic_only,3.5,
36015814,setfit_only,,0.66917473
36703942,setfit_only,,0.6290045
35475145,linguistic_only,4.0,
40013513,setfit_only,,0.6989566
35589837,setfit_only,,0.71707886
34672337,linguistic_only,4.0,
39374546,linguistic_only,3.5,
40341210,setfit_only,,0.6880412
35753693,linguistic_only,4.0,
35704543,setfit_only,,0.705432
35753697,linguistic_only,3.5,
40537825,setfit_only,,0.71610874
39341795,linguistic_only,5.0,
39522019,setfit_only,,0.65552914
37637860,setfit_only,,0.6724347
39407342,linguistic_only,3.5,
40341230,linguistic_only,4.0,
39341808,setfit_only,,0.7093417
36261617,setfit_only,,0.6937781
34918130,linguistic_only,3.5,
35524337,setfit_only,,0.65719885
38702834,setfit_only,,0.6359515
37457653,setfit_only,,0.6201495
36146935,linguistic_only,4.5,
37342968,setfit_only,,0.718877
36065018,setfit_only,,0.6441468
39522045,setfit_only,,0.6326327
37162753,linguistic_only,4.0,
40341255,setfit_only,,0.6881288
38129422,setfit_only,,0.63669264
38244111,linguistic_only,3.0,
40472336,setfit_only,,0.7102974
38522645,linguistic_only,4.5,
39259934,setfit_only,,0.6185418
39341859,setfit_only,,0.6340283
37490468,setfit_only,,0.7131225
38457127,setfit_only,,0.71096635
40963881,linguistic_only,3.0,
40111914,linguistic_only,3.5,
37965610,setfit_only,,0.6805101
35163948,linguistic_only,3.0,
34950955,setfit_only,,0.7163934
39669549,setfit_only,,0.6147694
37310261,linguistic_only,4.5,
37965622,setfit_only,,0.7241935
38113079,setfit_only,,0.7088366
39128887,setfit_only,,0.6825623
38850360,setfit_only,,0.62302697
36884279,setfit_only,,0.6196067
39948093,setfit_only,,0.61452985
39079742,setfit_only,,0.7048589
39030592,linguistic_only,3.5,
38129478,linguistic_only,3.5,
37900105,setfit_only,,0.7196557
38555474,linguistic_only,3.0,
38227799,linguistic_only,4.5,
37572440,linguistic_only,4.0,
37769048,linguistic_only,3.0,
37572442,linguistic_only,3.0,
40259416,linguistic_only,3.0,
36622170,setfit_only,,0.65249294
40259421,linguistic_only,3.5,
40259418,setfit_only,,0.60349846
39587678,setfit_only,,0.6883316
40996704,linguistic_only,3.0,
40996703,setfit_only,,0.7249054
40996706,linguistic_only,3.0,
37130083,linguistic_only,3.0,
40996707,linguistic_only,3.5,
40996708,linguistic_only,4.5,
40996709,linguistic_only,4.5,
40996710,setfit_only,,0.635135
40996714,linguistic_only,6.0,
40996715,linguistic_only,4.0,
40996717,linguistic_only,3.5,
40996718,linguistic_only,3.5,
36015982,setfit_only,,0.6728576
37867380,linguistic_only,4.5,
40439670,linguistic_only,3.0,
35049334,setfit_only,,0.7044996
40439671,setfit_only,,0.7116901
39784310,setfit_only,,0.6335994
35131258,setfit_only,,0.6319961
38424443,setfit_only,,0.6269944
36196222,setfit_only,,0.7207259
38162307,linguistic_only,3.0,
40324996,linguistic_only,3.0,
38489989,linguistic_only,4.0,
35393411,setfit_only,,0.7113295
38866820,setfit_only,,0.70416886
35622787,setfit_only,,0.6961039
39636867,setfit_only,,0.6815771
35393418,setfit_only,,0.69938314
35819403,setfit_only,,0.6503375
35164045,setfit_only,,0.6489209
36081550,linguistic_only,4.5,
37556115,linguistic_only,3.0,
38522772,linguistic_only,3.0,
37031828,setfit_only,,0.654111
37425046,linguistic_only,4.0,
37080986,setfit_only,,0.6816649
37080987,linguistic_only,3.5,
37080990,setfit_only,,0.7147634
39260065,setfit_only,,0.6011545
39341994,linguistic_only,4.0,
40538029,linguistic_only,3.0,
39325614,setfit_only,,0.67838645
37195695,setfit_only,,0.7110332
37195696,linguistic_only,3.0,
39358398,setfit_only,,0.63440853
37081024,linguistic_only,3.0,
36458437,linguistic_only,4.0,
35229639,linguistic_only,3.0,
38440907,linguistic_only,5.0,
39145419,setfit_only,,0.69998604
35524557,linguistic_only,5.5,
39915473,linguistic_only,3.0,
35524563,linguistic_only,4.0,
36966359,setfit_only,,0.6748323
35524568,linguistic_only,3.0,
37507033,setfit_only,,0.64350575
35524571,linguistic_only,3.5,
35524573,linguistic_only,4.0,
38195165,linguistic_only,3.0,
40013795,setfit_only,,0.60424
38686696,setfit_only,,0.6868299
35934186,setfit_only,,0.62038696
35295213,linguistic_only,4.0,
38637551,setfit_only,,0.71179926
39931895,linguistic_only,4.0,
39915513,setfit_only,,0.7246308
36851706,linguistic_only,3.0,
39342076,linguistic_only,4.0,
39047165,setfit_only,,0.6717519
36114445,linguistic_only,3.0,
36376589,linguistic_only,3.0,
35311639,linguistic_only,3.0,
39702552,linguistic_only,4.0,
39637015,setfit_only,,0.62358505
37179420,setfit_only,,0.6959028
37589022,linguistic_only,4.5,
38162465,linguistic_only,3.5,
38637602,setfit_only,,0.694517
38752292,linguistic_only,4.0,
35639335,setfit_only,,0.70150036
40095784,linguistic_only,3.0,
39800874,linguistic_only,3.5,
36409390,linguistic_only,4.5,
38572078,setfit_only,,0.72693455
36360242,setfit_only,,0.7184017
34918453,linguistic_only,3.0,
37244984,linguistic_only,4.5,
39358521,setfit_only,,0.7050714
36671545,setfit_only,,0.6520665
40407102,setfit_only,,0.60537887
37818431,setfit_only,,0.70623815
39489606,linguistic_only,3.5,
38064200,linguistic_only,3.5,
38506570,linguistic_only,4.0,
37867598,setfit_only,,0.69891536
39702608,linguistic_only,3.0,
40161362,setfit_only,,0.70490533
38686803,linguistic_only,4.0,
35328082,setfit_only,,0.6390236
38686808,linguistic_only,5.0,
36950105,linguistic_only,3.5,
37343324,linguistic_only,3.0,
39440482,setfit_only,,0.6901036
37556324,linguistic_only,3.5,
39932005,linguistic_only,4.5,
39014503,linguistic_only,3.0,
35491948,setfit_only,,0.68170494
36638829,setfit_only,,0.6015665
39843467,setfit_only,,0.69025147
35754095,linguistic_only,4.5,
38129777,linguistic_only,4.5,
40013940,setfit_only,,0.70758545
36950143,linguistic_only,3.0,
38260865,setfit_only,,0.6870951
37671046,setfit_only,,0.7064029
38113416,linguistic_only,3.5,
38490248,linguistic_only,3.5,
38572168,setfit_only,,0.6936656
36130953,setfit_only,,0.6597698
39391372,setfit_only,,0.7094036
38506636,setfit_only,,0.6790346
38490256,linguistic_only,3.5,
39178387,linguistic_only,3.5,
40177811,setfit_only,,0.6210372
39719064,linguistic_only,4.0,
39162009,linguistic_only,4.5,
38588573,linguistic_only,5.0,
37245087,linguistic_only,3.0,
39325859,linguistic_only,4.5,
35950759,setfit_only,,0.71315837
40046760,linguistic_only,4.0,
35950764,linguistic_only,3.0,
36376761,linguistic_only,3.5,
36933822,linguistic_only,4.0,
35786947,setfit_only,,0.6307052
36245702,linguistic_only,5.0,
35459273,linguistic_only,3.5,
40210637,setfit_only,,0.71117383
39112918,linguistic_only,4.0,
35639514,linguistic_only,4.5,
37523674,linguistic_only,4.5,
37474522,setfit_only,,0.6567181
35213533,linguistic_only,3.0,
35639517,linguistic_only,4.5,
36622559,linguistic_only,3.0,
34459872,linguistic_only,5.0,
37196000,linguistic_only,3.5,
38244574,linguistic_only,3.5,
39604449,setfit_only,,0.7145913
38752486,linguistic_only,4.5,
39833831,linguistic_only,4.0,
36327654,setfit_only,,0.66409135
38605036,setfit_only,,0.7221457
40259822,linguistic_only,3.0,
37097710,setfit_only,,0.6880949
37097713,setfit_only,,0.6462133
38605048,setfit_only,,0.71028084
38310137,setfit_only,,0.70935905
38277370,linguistic_only,4.0,
39866619,linguistic_only,3.5,
38277376,setfit_only,,0.7088762
38719747,linguistic_only,5.0,
38605060,linguistic_only,3.0,
36425989,setfit_only,,0.7139169
37671181,setfit_only,,0.7253181
40341774,setfit_only,,0.725118
36655375,linguistic_only,3.0,
35606797,setfit_only,,0.65444255
37851409,linguistic_only,3.5,
40128788,setfit_only,,0.71377784
40014103,setfit_only,,0.70854807
40276250,linguistic_only,4.5,
35508507,linguistic_only,3.5,
40571162,linguistic_only,3.5,
38097182,linguistic_only,3.5,
38605088,setfit_only,,0.6374894
39866666,linguistic_only,3.5,
39817516,linguistic_only,3.0,
37736750,setfit_only,,0.6940638
36458799,setfit_only,,0.7064584
36196656,linguistic_only,4.0,
38064432,linguistic_only,3.0,
36704562,linguistic_only,3.0,
35672378,setfit_only,,0.6455375
37589308,setfit_only,,0.71215564
35377469,setfit_only,,0.72828597
36852030,setfit_only,,0.69975126
39080256,setfit_only,,0.7120499
35639618,linguistic_only,3.5,
36426050,setfit_only,,0.69530153
37507396,setfit_only,,0.66990554
37310789,setfit_only,,0.7123706
35524941,setfit_only,,0.6622796
36950350,linguistic_only,4.0,
35180879,linguistic_only,3.0,
39571792,setfit_only,,0.623323
39473492,linguistic_only,5.0,
34918744,linguistic_only,4.0,
37507417,linguistic_only,3.5,
35361112,setfit_only,,0.6827327
35361119,linguistic_only,3.5,
35066208,linguistic_only,3.5,
35443040,linguistic_only,3.5,
36917599,linguistic_only,4.0,
39227745,setfit_only,,0.69442314
35672420,linguistic_only,3.0,
37441893,linguistic_only,3.5,
37114214,linguistic_only,3.0,
37704037,setfit_only,,0.71596766
37540201,linguistic_only,4.0,
35361129,setfit_only,,0.71496826
37605747,linguistic_only,5.5,
40063348,setfit_only,,0.71960646
36639093,linguistic_only,3.0,
37572981,setfit_only,,0.65869546
39899510,setfit_only,,0.66912174
39653747,setfit_only,,0.62268376
39522681,setfit_only,,0.70929587
36131199,linguistic_only,3.5,
39227781,linguistic_only,5.0,
35148171,linguistic_only,4.5,
40046987,setfit_only,,0.6690528
38113679,linguistic_only,4.0,
39555474,setfit_only,,0.7059574
39080339,setfit_only,,0.6654066
38113684,setfit_only,,0.67288154
36737439,linguistic_only,3.0,
38769056,setfit_only,,0.70125455
38769057,linguistic_only,4.0,
38834597,setfit_only,,0.70800745
40391087,setfit_only,,0.7085629
37917105,setfit_only,,0.7040076
35639733,setfit_only,,0.7026347
35639735,linguistic_only,4.5,
38310330,linguistic_only,4.0,
39653819,linguistic_only,3.0,
35688892,linguistic_only,3.5,
36016573,linguistic_only,3.0,
40210874,linguistic_only,3.0,
36262334,setfit_only,,0.7176562
38736322,setfit_only,,0.6600837
34951622,linguistic_only,4.5,
37867975,linguistic_only,3.5,
38965703,linguistic_only,4.5,
38015436,linguistic_only,4.5,
38769103,setfit_only,,0.6594716
38736337,setfit_only,,0.7051697
36147666,linguistic_only,4.0,
35869138,setfit_only,,0.67891496
35639770,linguistic_only,4.0,
39211484,setfit_only,,0.6705867
37851613,linguistic_only,3.0,
36934110,linguistic_only,3.0,
37982688,linguistic_only,3.5,
37949921,setfit_only,,0.6590245
38326757,setfit_only,,0.6631707
39277030,setfit_only,,0.65090203
37818860,linguistic_only,4.5,
41128428,linguistic_only,3.0,
40341999,setfit_only,,0.68374187
37458416,linguistic_only,3.0,
38982129,linguistic_only,3.0,
39883249,linguistic_only,4.0,
38834674,setfit_only,,0.627547
35246582,setfit_only,,0.6479168
38769143,setfit_only,,0.7224628
37589496,linguistic_only,4.0,
37933562,setfit_only,,0.65504026
35164668,linguistic_only,3.5,
39801345,setfit_only,,0.605867
36098562,linguistic_only,3.0,
39817732,linguistic_only,3.5,
36622853,setfit_only,,0.7285361
38507015,linguistic_only,3.0,
35820040,linguistic_only,3.0,
39227914,linguistic_only,4.0,
40538637,linguistic_only,3.0,
37261838,linguistic_only,3.0,
39719439,linguistic_only,3.5,
40210957,setfit_only,,0.6808572
35918351,setfit_only,,0.6938775
38441487,setfit_only,,0.69281745
39375378,setfit_only,,0.70464784
39113237,setfit_only,,0.69516706
35066390,setfit_only,,0.6718678
38834712,setfit_only,,0.68458325
38212124,linguistic_only,3.5,
35918364,setfit_only,,0.6826358
38834718,setfit_only,,0.6953347
35787295,linguistic_only,4.5,
35328546,linguistic_only,3.0,
37835298,setfit_only,,0.62621385
38507044,setfit_only,,0.7080334
38392357,setfit_only,,0.7041981
35115560,setfit_only,,0.7156413
39899688,setfit_only,,0.673303
39375404,setfit_only,,0.6666975
35197484,setfit_only,,0.6437066
40456751,setfit_only,,0.6553201
40129074,linguistic_only,3.0,
39670335,setfit_only,,0.7034401
37507650,setfit_only,,0.7120857
40112707,linguistic_only,3.0,
39539268,linguistic_only,3.5,
35197510,setfit_only,,0.696707
40718923,setfit_only,,0.61459845
38048333,setfit_only,,0.7100471
36016718,linguistic_only,4.0,
40456783,linguistic_only,3.5,
36541006,setfit_only,,0.69832456
39932497,linguistic_only,3.5,
40456784,setfit_only,,0.6626399
35082835,linguistic_only,3.0,
37605971,linguistic_only,4.5,
39031379,linguistic_only,3.0,
39850579,linguistic_only,3.5,
39965271,linguistic_only,3.5,
35820117,setfit_only,,0.6077087
37589594,linguistic_only,3.5,
37540443,setfit_only,,0.69995385
35508828,linguistic_only,4.5,
36311644,linguistic_only,4.0,
38261340,setfit_only,,0.6882359
39080539,setfit_only,,0.674412
39817820,setfit_only,,0.63683146
36508259,setfit_only,,0.7247695
40456805,setfit_only,,0.6833401
36459116,linguistic_only,3.5,
37638765,linguistic_only,4.5,
37769837,linguistic_only,3.0,
39080561,linguistic_only,5.5,
37540469,setfit_only,,0.7107136
36688502,linguistic_only,3.0,
35639928,linguistic_only,3.5,
38326906,setfit_only,,0.7247342
38179456,setfit_only,,0.64922947
35426945,linguistic_only,4.0,
38228610,setfit_only,,0.7051729
38310531,linguistic_only,3.0,
40292995,setfit_only,,0.6705267
37360262,linguistic_only,3.0,
37753479,setfit_only,,0.7217548
36835976,linguistic_only,3.0,
37999241,setfit_only,,0.68551844
35639952,linguistic_only,4.0,
36655761,linguistic_only,5.0,
37229202,linguistic_only,4.5,
38982288,linguistic_only,3.0,
35328657,setfit_only,,0.6370974
37819028,setfit_only,,0.70992744
37819033,linguistic_only,4.0,
37130913,linguistic_only,4.5,
37819042,linguistic_only,4.5,
37950115,linguistic_only,4.0,
38228642,linguistic_only,3.0,
40489639,linguistic_only,4.0,
34951848,linguistic_only,3.0,
39441065,linguistic_only,3.5,
38785706,setfit_only,,0.62925553
39441067,linguistic_only,4.5,
37311148,linguistic_only,4.0,
37311149,linguistic_only,4.0,
39441070,linguistic_only,5.0,
39441071,linguistic_only,3.5,
39441072,linguistic_only,4.5,
40211116,setfit_only,,0.66734594
37753522,setfit_only,,0.6290645
39441075,linguistic_only,4.5,
39621301,setfit_only,,0.6875978
38802101,setfit_only,,0.6431522
40293056,setfit_only,,0.6638336
35672769,linguistic_only,4.0,
37294786,linguistic_only,3.5,
37180100,setfit_only,,0.7093694
35132103,setfit_only,,0.6955352
37475018,setfit_only,,0.684097
34837195,setfit_only,,0.6096903
36950735,setfit_only,,0.6866912
35672784,setfit_only,,0.69301367
35115730,setfit_only,,0.64611053
36328151,linguistic_only,4.5,
35230424,linguistic_only,5.0,
37294807,linguistic_only,4.0,
40800985,linguistic_only,3.0,
35230423,setfit_only,,0.704641
35066586,setfit_only,,0.6521301
37376732,setfit_only,,0.7201883
36999902,linguistic_only,5.5,
38015708,setfit_only,,0.66481125
34837217,setfit_only,,0.61858565
37180131,linguistic_only,3.0,
35508965,linguistic_only,4.5,
35132134,linguistic_only,3.5,
37016293,linguistic_only,3.5,
37688042,setfit_only,,0.69543403
38097650,linguistic_only,3.0,
40424178,linguistic_only,4.0,
38769397,setfit_only,,0.71009964
38966006,linguistic_only,3.5,
39686909,linguistic_only,3.5,
38523647,linguistic_only,3.0,
36049666,linguistic_only,4.5,
39097091,setfit_only,,0.67784923
39047941,linguistic_only,3.5,
38408974,setfit_only,,0.61716425
39359251,setfit_only,,0.62459654
38703894,linguistic_only,3.5,
38277912,linguistic_only,3.0,
39424793,linguistic_only,4.0,
39080729,setfit_only,,0.66092384
37933852,setfit_only,,0.71508056
35771165,linguistic_only,3.0,
37933854,linguistic_only,3.0,
37933855,linguistic_only,3.0,
38441756,setfit_only,,0.6965289
37933857,linguistic_only,4.0,
37933860,linguistic_only,4.5,
38736683,linguistic_only,4.5,
35803947,setfit_only,,0.7197162
37131052,setfit_only,,0.6521888
39981873,setfit_only,,0.70014507
37278513,setfit_only,,0.6296856
40424247,setfit_only,,0.6931587
35803960,setfit_only,,0.71074235
36688700,linguistic_only,5.5,
39244605,setfit_only,,0.69517535
36688702,linguistic_only,4.0,
36688705,linguistic_only,4.0,
35869511,linguistic_only,4.0,
36311883,setfit_only,,0.6001133
39424844,setfit_only,,0.69413716
41014096,linguistic_only,4.5,
37491536,setfit_only,,0.66380095
38179668,linguistic_only,4.5,
39244629,setfit_only,,0.7174197
39424853,setfit_only,,0.6885225
40588120,setfit_only,,0.7063143
39080795,linguistic_only,4.5,
36016994,setfit_only,,0.72616297
35263335,linguistic_only,3.0,
38490983,setfit_only,,0.6481774
39424885,setfit_only,,0.70830095
39506806,linguistic_only,3.5,
37131131,linguistic_only,3.5,
37884796,setfit_only,,0.71474093
36180861,setfit_only,,0.6676779
35099519,linguistic_only,3.5,
38916991,setfit_only,,0.6975675
34657153,linguistic_only,3.0,
38785923,setfit_only,,0.65890235
39703430,linguistic_only,5.0,
36934538,linguistic_only,6.0,
37131148,setfit_only,,0.64960974
35148686,setfit_only,,0.72338605
38261648,linguistic_only,4.0,
37393296,setfit_only,,0.7187038
38622098,linguistic_only,5.0,
39588754,linguistic_only,3.5,
39719828,linguistic_only,3.0,
38425493,linguistic_only,3.0,
38310806,linguistic_only,3.0,
38900628,setfit_only,,0.6993045
38343575,setfit_only,,0.6040423
40424346,linguistic_only,3.0,
39588765,linguistic_only,4.5,
37360543,setfit_only,,0.6768847
37802917,linguistic_only,3.5,
39424937,setfit_only,,0.67890966
39588778,linguistic_only,5.0,
39883690,setfit_only,,0.67342913
35525549,setfit_only,,0.7204506
35673005,setfit_only,,0.63095754
40211375,linguistic_only,3.0,
37098414,setfit_only,,0.6237532
35673010,linguistic_only,5.0,
37114803,linguistic_only,3.0,
37114804,linguistic_only,3.0,
40063927,linguistic_only,3.5,
36819896,setfit_only,,0.69643664
37376953,setfit_only,,0.69678104
36819898,setfit_only,,0.65623564
38867901,linguistic_only,4.0,
38376382,linguistic_only,3.5,
39932865,linguistic_only,4.0,
36787138,setfit_only,,0.6532223
35705797,linguistic_only,3.5,
36344773,linguistic_only,3.0,
38867910,linguistic_only,3.0,
39310279,setfit_only,,0.67514807
39310281,linguistic_only,4.0,
36656075,linguistic_only,5.0,
38867915,linguistic_only,3.0,
36918221,linguistic_only,3.0,
35951566,linguistic_only,3.5,
38392784,setfit_only,,0.67899436
37524436,linguistic_only,3.0,
38556628,linguistic_only,3.0,
38015956,setfit_only,,0.7085527
39998433,setfit_only,,0.7012409
37835747,setfit_only,,0.68105304
36475880,setfit_only,,0.6316
38933486,linguistic_only,5.0,
39179250,setfit_only,,0.68598676
35361782,setfit_only,,0.6776379
40424440,setfit_only,,0.686579
40522748,setfit_only,,0.7189622
37082111,linguistic_only,3.0,
38671360,linguistic_only,3.0,
38327295,setfit_only,,0.65967464
36541440,setfit_only,,0.64309496
36344834,setfit_only,,0.7209189
40621063,linguistic_only,4.0,
36426767,setfit_only,,0.67745274
37721104,setfit_only,,0.66678137
38491157,linguistic_only,3.0,
39425047,linguistic_only,4.0,
35853340,linguistic_only,3.0,
38933532,linguistic_only,5.0,
35181599,linguistic_only,4.0,
38327327,setfit_only,,0.60892236
38097955,linguistic_only,3.0,
37917732,setfit_only,,0.6564634
38720552,linguistic_only,3.0,
40145964,linguistic_only,4.0,
38163502,linguistic_only,3.0,
35345455,linguistic_only,3.0,
40113206,linguistic_only,4.5,
40899639,linguistic_only,4.0,
39621686,setfit_only,,0.6474072
38556728,setfit_only,,0.68731654
38327356,linguistic_only,4.0,
39113788,setfit_only,,0.70299244
38900798,setfit_only,,0.7205944
38409278,setfit_only,,0.62400687
35640384,linguistic_only,3.5,
38442048,setfit_only,,0.6289039
35181636,linguistic_only,3.0,
37884999,setfit_only,,0.70505136
38327368,linguistic_only,3.0,
38327367,setfit_only,,0.6511773
38327374,setfit_only,,0.6216435
34935889,linguistic_only,5.5,
38442065,setfit_only,,0.6901588
37672022,linguistic_only,4.5,
38327382,setfit_only,,0.6189766
35869783,setfit_only,,0.63096076
40473689,setfit_only,,0.6641132
35673179,setfit_only,,0.67011714
36607068,linguistic_only,3.5,
36017244,setfit_only,,0.6788341
35394655,setfit_only,,0.7193359
35607649,setfit_only,,0.6621673
35738723,linguistic_only,3.0,
35411045,linguistic_only,4.0,
37033061,linguistic_only,3.0,
34935911,linguistic_only,4.0,
37672040,setfit_only,,0.72720474
36852842,linguistic_only,3.5,
36508783,setfit_only,,0.66694415
36066416,linguistic_only,3.5,
38491248,linguistic_only,3.5,
35165298,setfit_only,,0.70493835
36426870,linguistic_only,4.0,
37114999,linguistic_only,3.0,
35558518,setfit_only,,0.7072999
38540411,setfit_only,,0.6847378
38065275,setfit_only,,0.68010616
40326271,setfit_only,,0.6510824
38507648,linguistic_only,3.5,
35181703,setfit_only,,0.64257175
35886221,linguistic_only,3.0,
37672078,setfit_only,,0.60095835
37590163,linguistic_only,3.0,
39392404,linguistic_only,4.0,
35804309,linguistic_only,4.0,
40211606,setfit_only,,0.6745129
37098652,setfit_only,,0.66606015
40309917,linguistic_only,4.0,
38950045,setfit_only,,0.7144278
38818975,linguistic_only,4.5,
35804320,linguistic_only,4.5,
36869285,linguistic_only,3.0,
38900906,setfit_only,,0.7056221
35165358,linguistic_only,3.5,
36869294,setfit_only,,0.7199188
39736494,setfit_only,,0.6431735
36377787,linguistic_only,4.0,
36066494,linguistic_only,3.0,
39687360,linguistic_only,3.0,
36443329,setfit_only,,0.72921175
39294152,setfit_only,,0.6183454
38556873,setfit_only,,0.710485
35460296,setfit_only,,0.6129797
36902098,setfit_only,,0.63483894
36803795,linguistic_only,4.0,
39376084,setfit_only,,0.69798374
34591957,linguistic_only,4.5,
38245589,setfit_only,,0.67621934
34591960,linguistic_only,4.5,
37000408,linguistic_only,5.0,
38851802,setfit_only,,0.71301675
37770457,setfit_only,,0.6840612
40588511,linguistic_only,4.5,
39720162,linguistic_only,3.0,
35476708,setfit_only,,0.6957095
34297061,linguistic_only,4.0,
38491365,linguistic_only,5.0,
35771624,linguistic_only,5.5,
40031465,setfit_only,,0.62189513
38458603,linguistic_only,3.5,
38868205,linguistic_only,4.5,
39965934,linguistic_only,3.0,
36787439,linguistic_only,3.0,
40178927,linguistic_only,4.0,
40178932,linguistic_only,4.0,
37803253,setfit_only,,0.67255473
40588537,setfit_only,,0.68314534
36967676,setfit_only,,0.66862905
36918527,setfit_only,,0.64079916
40195327,setfit_only,,0.6231522
36427009,linguistic_only,3.0,
36066562,setfit_only,,0.6427435
35378437,linguistic_only,3.5,
36836616,setfit_only,,0.70312953
38081800,setfit_only,,0.62050307
39720205,setfit_only,,0.7000596
38081806,setfit_only,,0.6514613
35640594,linguistic_only,4.5,
38245654,linguistic_only,4.0,
36394265,linguistic_only,4.0,
34755867,linguistic_only,3.5,
39441692,linguistic_only,3.5,
40080667,setfit_only,,0.71176726
34755868,setfit_only,,0.6992678
37311775,setfit_only,,0.71238786
38917409,linguistic_only,4.0,
38147362,setfit_only,,0.71544343
37819683,linguistic_only,3.0,
36214050,setfit_only,,0.6733803
34755877,linguistic_only,4.0,
38704422,setfit_only,,0.69822645
34755879,linguistic_only,3.5,
34755880,linguistic_only,3.0,
38917415,linguistic_only,5.0,
37967146,setfit_only,,0.7161755
38802733,setfit_only,,0.7218785
39097645,setfit_only,,0.7054426
34755885,setfit_only,,0.699454
36312370,linguistic_only,3.5,
37639475,setfit_only,,0.7181119
34133301,setfit_only,,0.7107084
37590326,setfit_only,,0.7094249
36525367,linguistic_only,5.5,
40359222,setfit_only,,0.69798267
38802746,linguistic_only,5.0,
38393149,linguistic_only,3.0,
36328766,linguistic_only,3.5,
40080702,linguistic_only,5.0,
36083008,linguistic_only,4.0,
38638909,setfit_only,,0.71635634
39097663,setfit_only,,0.7047277
40588608,setfit_only,,0.7189616
39982404,linguistic_only,4.0,
40523076,linguistic_only,3.5,
37524802,setfit_only,,0.6829844
38573379,setfit_only,,0.6073039
39261508,setfit_only,,0.7208298
40195405,setfit_only,,0.705344
40293718,linguistic_only,5.0,
36377945,linguistic_only,4.0,
36099417,setfit_only,,0.6295875
38081882,setfit_only,,0.6750079
40195424,setfit_only,,0.667986
35050849,setfit_only,,0.69839954
38294881,setfit_only,,0.62470543
37066087,setfit_only,,0.66228175
36164975,linguistic_only,5.0,
36164976,linguistic_only,4.5,
35313008,setfit_only,,0.72286856
35460467,linguistic_only,4.5,
40555897,linguistic_only,3.0,
40146303,setfit_only,,0.60834503
37737859,linguistic_only,3.0,
39441796,linguistic_only,4.5,
37950851,setfit_only,,0.6753516
37492101,setfit_only,,0.67554694
39622024,linguistic_only,3.5,
38491529,linguistic_only,5.0,
36050312,setfit_only,,0.7006169
37459339,linguistic_only,3.5,
39179660,linguistic_only,3.0,
39048584,setfit_only,,0.6270685
39261578,setfit_only,,0.706594
36312463,linguistic_only,4.0,
37918093,setfit_only,,0.66199654
39048591,setfit_only,,0.6988039
36115858,setfit_only,,0.6669795
35181971,linguistic_only,3.0,
38524309,linguistic_only,3.0,
37819797,setfit_only,,0.7060812
35657113,linguistic_only,3.0,
37508506,linguistic_only,3.0,
35149212,linguistic_only,5.0,
39294369,linguistic_only,4.0,
37279138,linguistic_only,5.0,
38213027,linguistic_only,4.0,
40179105,linguistic_only,4.0,
35296673,setfit_only,,0.6717896
40015271,setfit_only,,0.7128673
38802856,setfit_only,,0.63420033
40015273,setfit_only,,0.6672035
39441835,setfit_only,,0.72656447
39867820,linguistic_only,4.0,
38753714,linguistic_only,3.0,
36394419,linguistic_only,4.0,
36394420,linguistic_only,5.0,
39900597,setfit_only,,0.7113326
34166198,setfit_only,,0.70116526
34788791,linguistic_only,5.0,
37344699,linguistic_only,3.0,
35411388,linguistic_only,4.0,
35411389,linguistic_only,3.0,
35411390,linguistic_only,4.0,
35132861,setfit_only,,0.6486373
38901188,setfit_only,,0.6036597
36312521,linguistic_only,4.0,
38983118,linguistic_only,3.0,
36804047,linguistic_only,5.0,
35182034,linguistic_only,3.5,
39556563,setfit_only,,0.7022967
35821017,linguistic_only,3.5,
39458265,linguistic_only,3.0,
36050394,setfit_only,,0.6173838
34788838,linguistic_only,4.5,
39048679,setfit_only,,0.66952455
34788843,setfit_only,,0.71705884
38245867,setfit_only,,0.6744628
39949805,setfit_only,,0.7045378
39704048,setfit_only,,0.6505102
34788852,linguistic_only,5.0,
34723317,linguistic_only,5.0,
35444212,setfit_only,,0.70236224
34674164,setfit_only,,0.6954204
34723320,linguistic_only,4.0,
40687097,linguistic_only,3.0,
40097274,linguistic_only,4.5,
35771893,setfit_only,,0.69476205
34723326,linguistic_only,4.5,
37361153,setfit_only,,0.70647734
37983749,linguistic_only,4.5,
37737991,setfit_only,,0.7107224
40392208,linguistic_only,4.5,
36443666,linguistic_only,4.5,
39081492,setfit_only,,0.65841216
38622746,linguistic_only,3.5,
37819930,setfit_only,,0.6931805
38688285,linguistic_only,3.0,
37541406,setfit_only,,0.60380495
37312031,linguistic_only,3.0,
36918816,linguistic_only,3.0,
38868513,linguistic_only,5.0,
39900705,linguistic_only,3.0,
39999010,linguistic_only,4.0,
39638559,setfit_only,,0.6592614
37459490,setfit_only,,0.60778105
38868516,setfit_only,,0.7149737
38868518,setfit_only,,0.7194726
36820523,setfit_only,,0.7086465
38032941,setfit_only,,0.6903176
36623924,setfit_only,,0.6169363
39589438,linguistic_only,4.5,
38835776,linguistic_only,4.5,
36279873,linguistic_only,3.5,
38082113,setfit_only,,0.7116969
40408641,setfit_only,,0.64004207
35886662,setfit_only,,0.71088916
36410953,setfit_only,,0.69964534
38262349,setfit_only,,0.647656
36968016,linguistic_only,4.5,
36410960,setfit_only,,0.67137504
35575379,linguistic_only,4.5,
35853908,setfit_only,,0.66222936
36738650,setfit_only,,0.64967513
35444317,setfit_only,,0.71039134
38377053,setfit_only,,0.6996183
38704738,setfit_only,,0.7195894
35346022,linguistic_only,3.5,
38114921,linguistic_only,3.5,
36705898,setfit_only,,0.7153462
37459573,linguistic_only,3.5,
37639797,linguistic_only,4.0,
36705910,setfit_only,,0.72314465
37738107,setfit_only,,0.6653311
35853958,setfit_only,,0.68556774
39081607,setfit_only,,0.6677338
37934729,setfit_only,,0.72311187
36361870,linguistic_only,3.5,
39163546,linguistic_only,4.0,
38459036,linguistic_only,3.0,
37934748,setfit_only,,0.622093
38917789,setfit_only,,0.68782413
36755109,setfit_only,,0.717815
38278822,setfit_only,,0.6252662
35903143,setfit_only,,0.6642904
37017258,setfit_only,,0.66036
39737003,linguistic_only,3.0,
35296941,setfit_only,,0.6954299
37246642,linguistic_only,5.0,
39966389,linguistic_only,3.0,
38016694,linguistic_only,4.0,
39294645,setfit_only,,0.6616614
37000886,setfit_only,,0.7076986
40523454,setfit_only,,0.62773585
38000324,linguistic_only,3.0,
39540421,linguistic_only,5.0,
39982792,linguistic_only,4.0,
39540425,linguistic_only,4.5,
36558536,linguistic_only,3.0,
39540424,linguistic_only,3.0,
35395275,linguistic_only,3.0,
36869836,linguistic_only,4.0,
37770956,linguistic_only,3.5,
36869839,linguistic_only,3.5,
39540430,linguistic_only,4.5,
39507665,linguistic_only,4.5,
35886794,setfit_only,,0.7248593
37738189,setfit_only,,0.7150795
39966414,setfit_only,,0.6885432
35526357,linguistic_only,4.0,
38688470,linguistic_only,3.0,
39540438,linguistic_only,3.5,
38049487,setfit_only,,0.7095099
39540432,setfit_only,,0.7243887
39999194,setfit_only,,0.6197903
38426331,linguistic_only,5.0,
38491868,setfit_only,,0.62990814
38967009,setfit_only,,0.72356254
37394145,setfit_only,,0.63524336
35100387,setfit_only,,0.7158175
40163043,setfit_only,,0.6940048
38819560,setfit_only,,0.69926184
38819561,setfit_only,,0.662305
38360815,linguistic_only,3.0,
38426351,linguistic_only,4.5,
38819571,linguistic_only,3.5,
38819572,setfit_only,,0.7209481
35297013,linguistic_only,3.0,
37246709,linguistic_only,3.5,
35297015,linguistic_only,3.0,
38819573,setfit_only,,0.7217174
36624117,setfit_only,,0.63513446
37771003,setfit_only,,0.726496
39048957,linguistic_only,4.0,
39622400,setfit_only,,0.6848482
35362561,linguistic_only,3.0,
38000385,linguistic_only,4.5,
38000386,linguistic_only,4.5,
38393600,setfit_only,,0.63535535
36312837,linguistic_only,4.0,
38000387,setfit_only,,0.6915369
35641095,linguistic_only,5.0,
38000392,linguistic_only,5.0,
39638794,setfit_only,,0.69412744
40113940,setfit_only,,0.6482102
39343895,linguistic_only,5.5,
39900957,setfit_only,,0.69238216
36755230,setfit_only,,0.7015776
35952423,linguistic_only,4.0,
35690280,linguistic_only,5.0,
34985769,linguistic_only,4.5,
36755242,setfit_only,,0.647308
37902126,setfit_only,,0.7238639
38754097,linguistic_only,4.5,
38115123,setfit_only,,0.7306423
38688567,linguistic_only,3.5,
39180095,linguistic_only,3.5,
37328705,linguistic_only,3.5,
39966530,setfit_only,,0.6312477
38065988,setfit_only,,0.70874774
37230405,linguistic_only,3.5,
36312900,setfit_only,,0.693215
38803273,linguistic_only,4.0,
38491990,linguistic_only,4.5,
38066007,setfit_only,,0.6640206
37721944,setfit_only,,0.61476815
35280732,setfit_only,,0.6906584
38885213,setfit_only,,0.6526523
37853023,setfit_only,,0.7063193
38098783,setfit_only,,0.70231783
39753569,linguistic_only,4.0,
37181287,linguistic_only,3.5,
36542312,linguistic_only,3.0,
36263784,linguistic_only,4.5,
37099369,linguistic_only,3.5,
40130410,setfit_only,,0.60143566
36755307,setfit_only,,0.7185982
40195949,linguistic_only,3.0,
35788654,linguistic_only,4.0,
36083565,setfit_only,,0.7238299
37853038,setfit_only,,0.6858483
37820269,setfit_only,,0.61323786
40671090,setfit_only,,0.6952327
37476211,linguistic_only,3.0,
35657588,linguistic_only,3.5,
40064883,linguistic_only,3.5,
38541171,setfit_only,,0.6582668
37705596,setfit_only,,0.6319803
39753599,linguistic_only,3.0,
38639487,setfit_only,,0.6487644
34871168,setfit_only,,0.6454513
40064898,setfit_only,,0.6926933
36099978,linguistic_only,3.0,
38770571,setfit_only,,0.7126893
35837835,setfit_only,,0.7084346
40064907,setfit_only,,0.7009137
36263822,setfit_only,,0.71070147
37787535,setfit_only,,0.69252694
38066065,linguistic_only,3.0,
36263826,linguistic_only,4.5,
37197714,setfit_only,,0.68363994
37853076,linguistic_only,3.0,
36411285,linguistic_only,3.0,
39720854,linguistic_only,3.5,
40474519,linguistic_only,3.0,
38262680,linguistic_only,4.0,
39425944,linguistic_only,4.5,
35821461,setfit_only,,0.6692395
38066075,setfit_only,,0.7113055
37738400,setfit_only,,0.7059968
37738401,linguistic_only,4.5,
37377956,linguistic_only,4.0,
38967205,linguistic_only,4.5,
40343462,setfit_only,,0.71789217
36329384,setfit_only,,0.6851993
38475691,setfit_only,,0.71926254
35805101,linguistic_only,3.5,
36280237,linguistic_only,4.5,
37164976,setfit_only,,0.63529056
38377393,linguistic_only,3.0,
37623730,linguistic_only,3.0,
36476851,linguistic_only,3.0,
36116404,setfit_only,,0.61441934
38377397,setfit_only,,0.71968216
38361019,setfit_only,,0.7007412
39786428,linguistic_only,4.0,
35821502,setfit_only,,0.64730155
36526018,setfit_only,,0.6190788
38557635,linguistic_only,4.5,
36542404,linguistic_only,3.0,
37050308,setfit_only,,0.6567157
38279110,linguistic_only,4.5,
35346379,setfit_only,,0.7202778
39458764,setfit_only,,0.69829607
37820365,linguistic_only,5.0,
35444689,setfit_only,,0.6936088
41031637,linguistic_only,4.5,
38016984,setfit_only,,0.6148517
36378587,setfit_only,,0.6504099
37033947,setfit_only,,0.64280176
38328285,setfit_only,,0.70107204
35133406,setfit_only,,0.61570644
35461097,linguistic_only,4.5,
38557673,linguistic_only,3.0,
37099501,linguistic_only,3.0,
36444142,linguistic_only,3.0,
39475181,linguistic_only,5.0,
40179699,setfit_only,,0.6379149
39475188,setfit_only,,0.71936715
37722101,setfit_only,,0.70358294
37623798,linguistic_only,3.0,
37394429,setfit_only,,0.67221034
37279743,linguistic_only,5.5,
39540736,setfit_only,,0.72407717
35067915,setfit_only,,0.7126263
36624399,setfit_only,,0.67304105
39540753,linguistic_only,4.5,
39753746,linguistic_only,3.0,
38148113,setfit_only,,0.66541845
40065042,setfit_only,,0.6802229
34822162,setfit_only,,0.6630148
39426072,linguistic_only,3.5,
38164508,setfit_only,,0.65595245
36771869,setfit_only,,0.6562376
38770718,setfit_only,,0.67109346
36788257,setfit_only,,0.6926967
35756065,setfit_only,,0.6431808
35297316,setfit_only,,0.65321887
37279783,linguistic_only,5.0,
38066222,linguistic_only,3.0,
37181487,linguistic_only,3.0,
40392751,setfit_only,,0.70492977
36509753,linguistic_only,4.0,
36640825,linguistic_only,5.0,
38049850,linguistic_only,3.5,
38803518,linguistic_only,4.5,
40687679,linguistic_only,4.5,
35625024,linguistic_only,4.5,
40048704,setfit_only,,0.7256109
36575300,setfit_only,,0.6441761
35936325,linguistic_only,3.5,
38213701,setfit_only,,0.69964576
38492232,linguistic_only,4.0,
34871369,setfit_only,,0.6505266
39196748,setfit_only,,0.65901977
35608653,setfit_only,,0.62989026
40343630,linguistic_only,4.0,
36460623,linguistic_only,3.5,
40114255,setfit_only,,0.6355383
36411472,setfit_only,,0.6298388
38213714,setfit_only,,0.6758851
39721046,linguistic_only,3.0,
36182102,setfit_only,,0.70638394
36804696,setfit_only,,0.62895507
39065696,linguistic_only,3.0,
39360609,linguistic_only,5.0,
37410916,linguistic_only,4.0,
37410917,linguistic_only,3.0,
40261733,linguistic_only,4.0,
35739750,setfit_only,,0.6138209
36509800,setfit_only,,0.6690561
39589995,linguistic_only,3.0,
39360619,setfit_only,,0.6544542
40261741,linguistic_only,3.0,
39180399,linguistic_only,5.0,
37869681,linguistic_only,4.0,
36755570,linguistic_only,4.5,
36460664,setfit_only,,0.70858335
39671929,linguistic_only,3.0,
39999610,setfit_only,,0.6334796
35592315,setfit_only,,0.6936785
39704701,setfit_only,,0.6692392
39704703,linguistic_only,3.0,
38262912,setfit_only,,0.6897475
37001349,linguistic_only,4.0,
40114309,setfit_only,,0.6725743
38180998,setfit_only,,0.61057013
36247691,linguistic_only,3.0,
37165197,linguistic_only,4.0,
38656142,linguistic_only,3.0,
36460685,setfit_only,,0.63713384
38164624,linguistic_only,4.0,
34871441,linguistic_only,4.5,
36460689,setfit_only,,0.69644976
36575383,setfit_only,,0.72730666
35264663,setfit_only,,0.70627826
38869148,setfit_only,,0.7227246
39622813,linguistic_only,3.5,
39753885,linguistic_only,3.0,
40605853,setfit_only,,0.71230024
40343712,linguistic_only,5.0,
40179876,linguistic_only,3.0,
38869158,linguistic_only,4.5,
35199146,linguistic_only,3.5,
38754474,linguistic_only,3.0,
35199148,linguistic_only,4.5,
35870891,setfit_only,,0.6860784
35870894,linguistic_only,3.0,
35199151,linguistic_only,5.5,
36640942,linguistic_only,3.0,
38148272,linguistic_only,4.0,
39934125,setfit_only,,0.71505404
40425649,setfit_only,,0.69413245
38181047,linguistic_only,4.5,
35559614,setfit_only,,0.7229876
37968063,setfit_only,,0.6782986
35576001,setfit_only,,0.71895635
40507586,linguistic_only,3.0,
39934145,setfit_only,,0.6130227
35477703,setfit_only,,0.69513696
35084488,setfit_only,,0.68354046
39442633,setfit_only,,0.6925429
35641547,linguistic_only,4.5,
36264141,linguistic_only,5.0,
37443790,linguistic_only,3.5,
36739282,linguistic_only,3.0,
37214420,linguistic_only,3.0,
36575445,setfit_only,,0.702023
35985624,setfit_only,,0.65627664
37181657,linguistic_only,4.5,
35756250,linguistic_only,3.0,
39737565,linguistic_only,4.5,
39213277,setfit_only,,0.7054289
37951712,linguistic_only,4.0,
37951713,linguistic_only,4.5,
35559649,setfit_only,,0.67264146
39114977,setfit_only,,0.6588873
39196899,setfit_only,,0.7070857
40130787,setfit_only,,0.64994323
40442085,setfit_only,,0.68740106
34396391,linguistic_only,4.0,
40605939,setfit_only,,0.65446234
36215029,linguistic_only,5.0,
36509942,linguistic_only,3.5,
39213302,linguistic_only,3.0,
40605945,setfit_only,,0.7067172
39622905,setfit_only,,0.68723375
37787899,setfit_only,,0.71466875
37755132,setfit_only,,0.7129077
36215037,linguistic_only,4.5,
38213883,setfit_only,,0.67911595
37296383,linguistic_only,4.5,
38787331,setfit_only,,0.6932493
36165892,linguistic_only,4.5,
35674373,linguistic_only,5.5,
38885636,linguistic_only,5.0,
38066439,linguistic_only,3.0,
37542147,setfit_only,,0.67671764
38213899,linguistic_only,3.5,
40524050,linguistic_only,3.0,
39622935,setfit_only,,0.71228564
36624664,linguistic_only,4.5,
35576088,setfit_only,,0.7233182
36624665,setfit_only,,0.7009078
36624667,linguistic_only,4.5,
40245534,setfit_only,,0.65335596
39115038,setfit_only,,0.6512772
37001506,linguistic_only,3.0,
40327458,setfit_only,,0.72524333
37378342,linguistic_only,3.0,
39655722,setfit_only,,0.60046536
35150127,linguistic_only,4.5,
36018484,linguistic_only,3.0,
38623547,setfit_only,,0.71941024
39328063,setfit_only,,0.6907328
36165955,linguistic_only,4.5,
39704901,linguistic_only,3.0,
37296454,linguistic_only,3.5,
38623560,linguistic_only,3.0,
39573833,linguistic_only,3.0,
38918477,setfit_only,,0.67366827
39213390,linguistic_only,3.0,
39213391,linguistic_only,3.5,
40261966,setfit_only,,0.65112805
35641682,linguistic_only,4.5,
40327509,setfit_only,,0.6375535
38148439,linguistic_only,3.0,
37460312,setfit_only,,0.71785474
36329825,linguistic_only,4.5,
35592546,linguistic_only,4.5,
38918497,setfit_only,,0.6683769
38181219,setfit_only,,0.71102405
36526439,setfit_only,,0.7176868
36215146,setfit_only,,0.7200278
38213995,linguistic_only,4.0,
38213997,linguistic_only,3.5,
39885165,setfit_only,,0.6994457
36084081,linguistic_only,3.0,
40163697,linguistic_only,6.0,
37198193,setfit_only,,0.68646413
40163700,linguistic_only,5.0,
38525301,linguistic_only,3.0,
36673905,setfit_only,,0.6788066
39885171,setfit_only,,0.6382833
40081791,setfit_only,,0.6351928
39197056,setfit_only,,0.69057226
39197057,linguistic_only,3.0,
39197058,linguistic_only,4.0,
39197059,linguistic_only,4.0,
40229253,linguistic_only,4.0,
38508935,linguistic_only,3.0,
38066573,setfit_only,,0.7093208
38246798,linguistic_only,4.0,
38312334,linguistic_only,3.0,
39164302,setfit_only,,0.67447025
36280721,linguistic_only,3.0,
38312338,linguistic_only,3.5,
38312333,setfit_only,,0.64119923
35625365,setfit_only,,0.65246874
38754711,linguistic_only,4.5,
40229274,setfit_only,,0.6369729
38885787,setfit_only,,0.66163594
38951325,setfit_only,,0.6726144
40163742,linguistic_only,3.5,
35854751,setfit_only,,0.6605249
39426464,linguistic_only,3.0,
37689762,linguistic_only,3.5,
37231010,setfit_only,,0.7209956
39033257,linguistic_only,3.0,
36592044,linguistic_only,4.5,
37312940,linguistic_only,3.5,
38181293,linguistic_only,3.0,
35330478,setfit_only,,0.68196005
40442291,setfit_only,,0.6465671
36510133,setfit_only,,0.71610993
37788089,setfit_only,,0.63018554
35101114,setfit_only,,0.71699846
40229307,setfit_only,,0.6496205
39901628,linguistic_only,3.0,
36477373,setfit_only,,0.71416855
36641216,linguistic_only,3.5,
38001090,setfit_only,,0.7221813
35625412,linguistic_only,4.0,
36772292,linguistic_only,3.5,
39737797,linguistic_only,3.5,
40606149,linguistic_only,5.0,
35920326,setfit_only,,0.70647633
36428233,setfit_only,,0.6966938
40475080,setfit_only,,0.6912252
38443468,linguistic_only,3.0,
39360976,linguistic_only,3.5,
37951952,setfit_only,,0.70566964
35756500,setfit_only,,0.6809621
39819733,setfit_only,,0.6944782
39360982,linguistic_only,3.5,
37935581,setfit_only,,0.66169465
37935582,linguistic_only,4.0,
36723167,linguistic_only,5.0,
37935583,linguistic_only,3.0,
37935585,linguistic_only,4.0,
37935586,linguistic_only,4.5,
38836701,setfit_only,,0.6399678
38279653,linguistic_only,4.0,
38001128,setfit_only,,0.6192754
38148585,linguistic_only,3.0,
35363306,setfit_only,,0.69017345
40163822,linguistic_only,3.5,
39377391,linguistic_only,3.5,
38263280,setfit_only,,0.6889931
37280240,setfit_only,,0.6682955
39377396,linguistic_only,4.5,
36100598,setfit_only,,0.70822316
40262134,setfit_only,,0.6369945
35871228,setfit_only,,0.7064749
35133949,linguistic_only,4.0,
40065540,setfit_only,,0.6490586
35183110,setfit_only,,0.71852547
37542408,linguistic_only,4.0,
39098889,setfit_only,,0.7041448
39475723,linguistic_only,4.5,
35789323,setfit_only,,0.7102745
38017550,linguistic_only,5.0,
40180241,linguistic_only,3.5,
38066711,linguistic_only,5.0,
40393240,setfit_only,,0.69933796
35183129,linguistic_only,3.0,
39885339,linguistic_only,3.5,
38935069,setfit_only,,0.71780944
37919263,setfit_only,,0.71330345
37018146,linguistic_only,5.0,
34904611,setfit_only,,0.67836136
36526628,setfit_only,,0.63513464
34232869,setfit_only,,0.7141865
38230566,linguistic_only,3.0,
35068457,linguistic_only,5.0,
38459946,linguistic_only,4.0,
37018156,setfit_only,,0.7034549
36526638,linguistic_only,3.0,
38050352,linguistic_only,4.5,
39246384,linguistic_only,5.0,
36264496,setfit_only,,0.70788336
36035123,linguistic_only,3.5,
37902900,linguistic_only,3.5,
38607411,linguistic_only,3.5,
37444144,setfit_only,,0.68077666
38017587,setfit_only,,0.6514091
38509110,setfit_only,,0.7090425
38443579,setfit_only,,0.68545884
35969596,setfit_only,,0.6794848
34904638,linguistic_only,4.0,
38083135,setfit_only,,0.6523898
40884802,linguistic_only,3.0,
38132293,setfit_only,,0.7250132
39344711,linguistic_only,3.0,
35560008,linguistic_only,4.0,
35871305,linguistic_only,4.5,
37919303,setfit_only,,0.71722734
39557706,setfit_only,,0.71235263
37329484,linguistic_only,4.5,
37935696,setfit_only,,0.7007873
38820435,setfit_only,,0.68632776
37427797,linguistic_only,4.5,
37493333,setfit_only,,0.6920624
38083163,setfit_only,,0.62737757
37788254,setfit_only,,0.6179465
39541343,linguistic_only,5.0,
39983713,linguistic_only,3.0,
38509156,setfit_only,,0.6129273
40032869,setfit_only,,0.6877072
34986598,linguistic_only,3.5,
34986599,linguistic_only,3.0,
34986600,linguistic_only,5.5,
34986601,linguistic_only,4.0,
38902374,linguistic_only,3.0,
34986603,linguistic_only,4.5,
34986604,linguistic_only,4.5,
35166825,setfit_only,,0.71968734
35576425,setfit_only,,0.6632333
40032880,setfit_only,,0.71817416
40327796,linguistic_only,3.0,
39836277,linguistic_only,3.0,
34773623,linguistic_only,4.5,
37460600,setfit_only,,0.69128615
39230075,setfit_only,,0.710252
36510332,setfit_only,,0.7159789
35183229,setfit_only,,0.6982882
39115390,linguistic_only,4.0,
40032895,linguistic_only,3.0,
37558914,setfit_only,,0.66782606
38951561,setfit_only,,0.7189447
37264011,linguistic_only,3.0,
37640843,setfit_only,,0.68882596
37067413,linguistic_only,3.5,
38443673,setfit_only,,0.70570153
35412635,linguistic_only,3.5,
36084380,setfit_only,,0.6890398
35412637,linguistic_only,4.5,
39082653,setfit_only,,0.7263226
35904158,setfit_only,,0.69489473
37952162,linguistic_only,4.0,
39033506,linguistic_only,3.0,
35216036,setfit_only,,0.6296942
35560102,linguistic_only,3.0,
38001318,setfit_only,,0.68884426
37968560,setfit_only,,0.68636215
36346548,linguistic_only,4.5,
35084980,setfit_only,,0.60716033
37952182,linguistic_only,4.0,
39082680,linguistic_only,3.0,
38722233,setfit_only,,0.68844664
38738618,linguistic_only,4.0,
40164028,linguistic_only,4.5,
38738624,linguistic_only,5.0,
36281025,linguistic_only,3.0,
36641473,setfit_only,,0.6998217
35281604,setfit_only,,0.6280066
35723975,linguistic_only,4.0,
39738056,linguistic_only,3.0,
37919434,linguistic_only,4.0,
37837515,setfit_only,,0.7150081
39049932,setfit_only,,0.70489615
39574222,setfit_only,,0.69454813
36395728,setfit_only,,0.62469804
39443154,setfit_only,,0.710572
35805909,setfit_only,,0.7240738
39738072,setfit_only,,0.70669246
36346584,setfit_only,,0.68100435
36510424,setfit_only,,0.6074522
38968027,setfit_only,,0.66557056
40098526,setfit_only,,0.6967256
39525087,linguistic_only,5.5,
35560159,setfit_only,,0.71902055
38263521,linguistic_only,4.0,
37952226,linguistic_only,5.0,
36707040,setfit_only,,0.67348325
35232478,setfit_only,,0.6565311
38689503,setfit_only,,0.64427555
35658467,setfit_only,,0.64372706
37526240,setfit_only,,0.6046757
37018345,setfit_only,,0.71131825
38804201,setfit_only,,0.6391376
38181611,linguistic_only,4.0,
35592955,setfit_only,,0.6698987
38624007,setfit_only,,0.6433165
37427977,linguistic_only,3.5,
36625162,setfit_only,,0.6875325
37526283,linguistic_only,5.0,
37018393,linguistic_only,3.0,
40033050,linguistic_only,3.5,
37280537,setfit_only,,0.6855658
36920090,setfit_only,,0.68728864
35805979,setfit_only,,0.70199776
39820061,setfit_only,,0.7072448
35773214,setfit_only,,0.7034634
36526881,linguistic_only,3.5,
40344361,linguistic_only,4.5,
38886186,linguistic_only,4.0,
38443821,linguistic_only,4.0,
39050029,setfit_only,,0.69701636
36395823,linguistic_only,4.0,
39738163,setfit_only,,0.71343315
40360756,setfit_only,,0.680949
36002622,setfit_only,,0.64331156
36002623,linguistic_only,3.5,
38968127,setfit_only,,0.6427416
35773252,setfit_only,,0.7199098
39590726,setfit_only,,0.6652727
36608843,linguistic_only,3.5,
39377740,setfit_only,,0.7093311
40606542,linguistic_only,3.5,
38329168,setfit_only,,0.7102806
36805459,setfit_only,,0.6688614
37460827,linguistic_only,3.0,
36477791,linguistic_only,5.0,
38345567,linguistic_only,4.5,
37870433,linguistic_only,5.0,
38181731,linguistic_only,3.5,
39672676,linguistic_only,3.0,
37870437,linguistic_only,4.5,
38640488,linguistic_only,4.0,
39508840,linguistic_only,3.0,
39934826,linguistic_only,5.0,
36526955,linguistic_only,3.5,
39590761,setfit_only,,0.6806583
36477806,linguistic_only,5.0,
38509422,setfit_only,,0.6056753
37870448,setfit_only,,0.7154634
35953524,linguistic_only,3.0,
37870452,linguistic_only,5.0,
37870454,linguistic_only,5.0,
40213365,setfit_only,,0.61271095
36871033,linguistic_only,3.0,
39574394,linguistic_only,3.5,
37870462,linguistic_only,3.5,
37870463,linguistic_only,4.0,
36576129,setfit_only,,0.70103455
36182914,setfit_only,,0.69918454
37870467,setfit_only,,0.72401196
35920772,linguistic_only,4.0,
36576131,setfit_only,,0.7009832
35281798,linguistic_only,3.0,
37870473,linguistic_only,3.5,
39574409,setfit_only,,0.727081
38247306,setfit_only,,0.63066083
37739405,linguistic_only,3.5,
37870478,linguistic_only,4.0,
39574417,setfit_only,,0.7244269
39066514,setfit_only,,0.6957035
39066515,linguistic_only,4.0,
39279509,linguistic_only,3.5,
37739414,linguistic_only,3.5,
37870486,linguistic_only,4.0,
36723605,setfit_only,,0.6934389
40197022,linguistic_only,3.0,
39738275,linguistic_only,3.5,
36412325,linguistic_only,4.0,
38820774,linguistic_only,4.0,
39148455,setfit_only,,0.7125768
35281829,setfit_only,,0.6757246
34888618,linguistic_only,4.0,
37919660,linguistic_only,4.0,
39361452,linguistic_only,3.5,
37673902,linguistic_only,3.5,
39623597,setfit_only,,0.67104137
34888624,linguistic_only,4.0,
37100462,setfit_only,,0.6417151
39394222,setfit_only,,0.6373304
40049587,linguistic_only,3.5,
40082352,setfit_only,,0.68302995
35953587,setfit_only,,0.7071023
35281847,linguistic_only,4.0,
38968250,setfit_only,,0.6815135
38837178,setfit_only,,0.62199116
35445695,linguistic_only,5.0,
38755269,setfit_only,,0.600407
39967687,setfit_only,,0.6218133
37624781,linguistic_only,3.5,
40065997,setfit_only,,0.67690027
39836623,linguistic_only,4.5,
35445712,linguistic_only,3.0,
37149650,linguistic_only,3.5,
39705554,setfit_only,,0.60208565
38935508,setfit_only,,0.6149071
39427032,setfit_only,,0.6017895
35675101,linguistic_only,3.0,
39214048,linguistic_only,3.0,
36658144,setfit_only,,0.7117993
36658147,setfit_only,,0.698597
38427620,setfit_only,,0.64405787
40131555,setfit_only,,0.63090146
36789226,linguistic_only,3.0,
35118058,setfit_only,,0.6198243
36969452,linguistic_only,4.0,
37149676,linguistic_only,3.0,
38951917,setfit_only,,0.7063281
38067184,setfit_only,,0.6813935
36494323,setfit_only,,0.6902708
38312948,linguistic_only,5.0,
37002227,setfit_only,,0.65852994
38755321,linguistic_only,3.5,
36330496,linguistic_only,3.0,
38886400,setfit_only,,0.6391598
40279043,setfit_only,,0.60430443
36674563,setfit_only,,0.60110456
35396615,linguistic_only,3.0,
39558158,linguistic_only,4.0,
39558161,linguistic_only,4.5,
36789265,setfit_only,,0.71519524
39558162,setfit_only,,0.71532094
39558165,setfit_only,,0.7158303
39361557,setfit_only,,0.6699126
39934999,linguistic_only,3.5,
36477976,linguistic_only,4.5,
37428248,linguistic_only,4.5,
39558172,linguistic_only,4.0,
35904542,linguistic_only,5.0,
39558175,linguistic_only,4.0,
39558176,linguistic_only,4.5,
39558177,linguistic_only,4.5,
39558178,linguistic_only,4.5,
39820318,linguistic_only,3.0,
40360995,linguistic_only,4.5,
38427684,setfit_only,,0.6898332
38493221,setfit_only,,0.6834945
39558184,setfit_only,,0.7148106
39558185,linguistic_only,3.5,
37788713,setfit_only,,0.71624815
39558187,linguistic_only,4.0,
37624874,setfit_only,,0.7149487
39935019,setfit_only,,0.7228642
38886444,setfit_only,,0.70397586
37018671,setfit_only,,0.69411504
39443503,setfit_only,,0.6875615
39869488,setfit_only,,0.60645485
35068979,setfit_only,,0.65000266
36658229,linguistic_only,3.0,
39853110,setfit_only,,0.6499035
37723189,setfit_only,,0.6297895
39312441,setfit_only,,0.67238975
40295482,linguistic_only,3.0,
39443514,setfit_only,,0.7221651
38132796,setfit_only,,0.64847976
39033920,setfit_only,,0.6696093
37723201,setfit_only,,0.6985185
36002881,setfit_only,,0.6505847
38886470,setfit_only,,0.6815713
37821512,setfit_only,,0.7106858
39476302,linguistic_only,3.5,
40410191,setfit_only,,0.6259612
39754835,linguistic_only,3.5,
39132249,linguistic_only,3.0,
37624922,linguistic_only,4.0,
37624923,linguistic_only,6.0,
37624924,linguistic_only,4.0,
38984796,linguistic_only,5.0,
37510236,setfit_only,,0.7182056
40410207,setfit_only,,0.6904866
39394400,setfit_only,,0.6059569
36576353,linguistic_only,3.0,
38247521,linguistic_only,4.0,
37624931,linguistic_only,3.0,
36723815,linguistic_only,3.5,
35953768,linguistic_only,3.0,
41098352,linguistic_only,3.5,
36772980,linguistic_only,3.5,
36609142,linguistic_only,3.0,
40000636,linguistic_only,4.0,
40000637,setfit_only,,0.67757195
38935678,setfit_only,,0.66781044
40295551,setfit_only,,0.65360475
37117054,setfit_only,,0.6421877
38886530,linguistic_only,4.5,
36478084,setfit_only,,0.6875089
39345285,linguistic_only,4.0,
40197252,setfit_only,,0.6217101
38231175,setfit_only,,0.7106726
38886537,linguistic_only,4.5,
39820425,setfit_only,,0.69816995
40000654,setfit_only,,0.68914014
38870159,setfit_only,,0.7217718
39820437,setfit_only,,0.6863954
36494486,linguistic_only,4.5,
38132886,setfit_only,,0.66445065
39672986,linguistic_only,3.0,
38050974,linguistic_only,3.0,
40000672,linguistic_only,3.0,
36658342,setfit_only,,0.7022389
35544233,linguistic_only,4.5,
35544234,linguistic_only,4.0,
38902953,linguistic_only,4.0,
35134636,setfit_only,,0.64868224
40000685,setfit_only,,0.6959119
39443630,linguistic_only,3.5,
37395631,linguistic_only,4.0,
35298480,linguistic_only,4.0,
37985457,linguistic_only,3.0,
38771886,setfit_only,,0.7150165
38378670,setfit_only,,0.7079603
36265142,setfit_only,,0.68664604
40180919,setfit_only,,0.61054605
40000696,setfit_only,,0.6510058
36330680,setfit_only,,0.6222192
38345923,setfit_only,,0.7193354
35495109,setfit_only,,0.72374415
38755527,setfit_only,,0.7214412
39836872,linguistic_only,4.5,
38132936,setfit_only,,0.6749326
37248202,linguistic_only,4.5,
34921678,linguistic_only,3.0,
38018256,linguistic_only,3.0,
35298515,linguistic_only,3.0,
40279252,setfit_only,,0.69107854
40557783,linguistic_only,3.0,
39820508,setfit_only,,0.6598466
39656671,setfit_only,,0.6162128
39230688,linguistic_only,5.0,
40279264,setfit_only,,0.72505414
35675360,setfit_only,,0.72453904
37084387,linguistic_only,4.5,
39738593,setfit_only,,0.67276084
35577067,linguistic_only,3.0,
38788333,linguistic_only,3.0,
39230701,linguistic_only,4.0,
40262894,linguistic_only,4.0,
39673069,setfit_only,,0.6398581
37510385,linguistic_only,4.5,
37035247,setfit_only,,0.65505
37100784,setfit_only,,0.66196215
39230709,setfit_only,,0.7074536
36789493,setfit_only,,0.6694165
36822264,linguistic_only,3.0,
40279289,linguistic_only,3.5,
35806459,linguistic_only,4.0,
35495163,setfit_only,,0.71075517
37674236,setfit_only,,0.7031383
39656704,setfit_only,,0.69819707
36494593,setfit_only,,0.6079144
35446018,setfit_only,,0.6170511
35675394,setfit_only,,0.61176515
35822851,setfit_only,,0.6116183
40033544,linguistic_only,3.0,
35904776,setfit_only,,0.6910966
34643213,setfit_only,,0.6948923
35724561,linguistic_only,3.0,
40164625,setfit_only,,0.68389237
36773138,setfit_only,,0.6909163
39116055,setfit_only,,0.6500527
39738650,linguistic_only,4.5,
39656733,setfit_only,,0.6314902
36494623,linguistic_only,5.0,
37739812,setfit_only,,0.669135
39738661,linguistic_only,3.0,
39312678,linguistic_only,3.5,
40164648,setfit_only,,0.6906969
37756201,setfit_only,,0.6303467
35020074,linguistic_only,3.0,
39312689,linguistic_only,4.0,
40394033,setfit_only,,0.6743522
35069236,setfit_only,,0.6127233
38837557,linguistic_only,5.5,
37821750,linguistic_only,3.0,
37723446,setfit_only,,0.6854546
40394044,setfit_only,,0.7146356
36478271,linguistic_only,3.5,
40181055,setfit_only,,0.68958783
39820608,setfit_only,,0.7043598
37657924,linguistic_only,4.0,
39656773,linguistic_only,3.5,
35036485,setfit_only,,0.7130399
39656775,setfit_only,,0.6425195
36560204,setfit_only,,0.64699954
39198030,linguistic_only,5.0,
40394065,linguistic_only,3.0,
32070994,linguistic_only,3.5,
35724625,setfit_only,,0.6941808
39591252,linguistic_only,4.5,
39656790,linguistic_only,4.0,
40394075,setfit_only,,0.6742237
39460195,setfit_only,,0.7177062
38804840,setfit_only,,0.72833925
38411627,linguistic_only,4.5,
40148331,setfit_only,,0.70501
35134830,linguistic_only,4.0,
35134833,linguistic_only,4.0,
35315058,linguistic_only,3.5,
39247224,setfit_only,,0.72216773
35609980,setfit_only,,0.7234339
35609982,linguistic_only,3.5,
35609985,setfit_only,,0.7110486
35609986,linguistic_only,5.5,
35609987,linguistic_only,4.0,
40148353,setfit_only,,0.60067147
35134858,linguistic_only,3.0,
35609995,linguistic_only,4.0,
39607691,linguistic_only,3.0,
38296972,setfit_only,,0.63720286
39787917,setfit_only,,0.69037545
35544461,setfit_only,,0.6450726
37117327,setfit_only,,0.6738371
39607697,setfit_only,,0.6844547
40246671,setfit_only,,0.6680521
39607707,setfit_only,,0.7259905
39067036,linguistic_only,3.5,
35134877,linguistic_only,4.0,
39116189,linguistic_only,3.0,
38296997,setfit_only,,0.7001013
38297002,setfit_only,,0.64910215
38084013,setfit_only,,0.6003538
36330927,setfit_only,,0.7139945
37739952,setfit_only,,0.67760557
35380657,linguistic_only,5.0,
35380658,linguistic_only,3.0,
35610035,linguistic_only,4.0,
40033715,linguistic_only,3.0,
36609461,linguistic_only,3.0,
36707765,linguistic_only,3.0,
39558581,linguistic_only,3.5,
39673270,linguistic_only,5.0,
37002681,linguistic_only,4.5,
38428081,setfit_only,,0.6675888
40148406,setfit_only,,0.67651594
38608311,setfit_only,,0.6993269
37739960,setfit_only,,0.7202084
37772729,setfit_only,,0.70987403
38034874,setfit_only,,0.7207071
40164800,linguistic_only,3.5,
36298176,setfit_only,,0.61049926
38608321,setfit_only,,0.6886069
35610052,linguistic_only,4.0,
36330950,linguistic_only,3.0,
35610055,linguistic_only,4.5,
37543366,setfit_only,,0.60327893
40000968,setfit_only,,0.7081662
38264265,setfit_only,,0.6865042
35544520,setfit_only,,0.6122901
35102160,linguistic_only,3.0,
39640530,setfit_only,,0.71368194
37526995,linguistic_only,5.5,
35577300,linguistic_only,3.0,
36314583,setfit_only,,0.6150312
40181211,linguistic_only,4.0,
39656924,linguistic_only,3.5,
37527005,linguistic_only,4.0,
39607778,setfit_only,,0.7165033
40164834,setfit_only,,0.65310043
35511780,setfit_only,,0.63809156
38575591,linguistic_only,3.0,
35102184,setfit_only,,0.6312758
39329260,linguistic_only,4.5,
38100461,linguistic_only,4.0,
39951853,setfit_only,,0.6473229
40558068,setfit_only,,0.66785985
39329269,setfit_only,,0.71733916
39329270,linguistic_only,4.5,
39427574,linguistic_only,4.0,
36609528,setfit_only,,0.72542757
38444537,linguistic_only,3.0,
38723072,setfit_only,,0.72040045
37871106,linguistic_only,3.5,
37789187,setfit_only,,0.63842714
39050757,linguistic_only,3.5,
38575621,setfit_only,,0.7156565
37789191,setfit_only,,0.6412582
38575625,setfit_only,,0.6517692
37658122,linguistic_only,3.0,
40230410,setfit_only,,0.67250496
35347980,setfit_only,,0.70696104
35642895,linguistic_only,4.0,
35659285,linguistic_only,5.0,
39820822,setfit_only,,0.68365675
38067736,setfit_only,,0.6606943
39018010,setfit_only,,0.613631
38821404,linguistic_only,3.0,
35069469,linguistic_only,4.5,
38837788,linguistic_only,5.0,
39722525,linguistic_only,3.5,
35659292,setfit_only,,0.697534
39050785,linguistic_only,5.0,
39050786,linguistic_only,3.5,
34954787,linguistic_only,4.5,
38067743,setfit_only,,0.61921144
40328737,setfit_only,,0.6564123
38575650,setfit_only,,0.70536083
39640612,setfit_only,,0.7159928
35331624,linguistic_only,3.0,
34954795,linguistic_only,5.5,
39018027,linguistic_only,3.5,
38575659,setfit_only,,0.71436095
36232747,setfit_only,,0.6542518
36085296,setfit_only,,0.7123092
40115771,linguistic_only,4.5,
40328764,setfit_only,,0.7096734
35692094,setfit_only,,0.70956475
40246847,setfit_only,,0.7175182
40328768,setfit_only,,0.72433674
39771711,setfit_only,,0.6565162
35069506,setfit_only,,0.63475657
39444035,setfit_only,,0.62676316
35544644,setfit_only,,0.6668323
40246854,setfit_only,,0.7078776
38559304,linguistic_only,3.5,
39788105,setfit_only,,0.69371575
37363274,linguistic_only,3.0,
40328782,setfit_only,,0.70750165
36609615,setfit_only,,0.70699555
40214100,linguistic_only,4.5,
39181910,setfit_only,,0.6979582
40607320,linguistic_only,3.0,
40164957,linguistic_only,3.5,
37101150,linguistic_only,4.5,
36757087,linguistic_only,4.0,
39673440,linguistic_only,5.0,
37805667,setfit_only,,0.702849
40328803,setfit_only,,0.690516
40459878,linguistic_only,4.0,
40476263,linguistic_only,3.0,
40050282,linguistic_only,3.0,
37199469,setfit_only,,0.630199
36593262,setfit_only,,0.66441536
38428272,linguistic_only,3.0,
37658226,setfit_only,,0.67057824
34791029,linguistic_only,4.0,
39968378,linguistic_only,4.5,
35610235,linguistic_only,3.0,
39968379,linguistic_only,5.0,
36675199,linguistic_only,3.5,
38739583,setfit_only,,0.6720705
37248640,setfit_only,,0.6494977
40312452,setfit_only,,0.68242717
37805704,linguistic_only,4.0,
40050312,setfit_only,,0.68600327
40181386,linguistic_only,5.0,
38919818,setfit_only,,0.71787196
39657104,setfit_only,,0.67352575
36347537,linguistic_only,3.0,
39837330,linguistic_only,3.0,
39968402,setfit_only,,0.64873284
34954899,setfit_only,,0.6063435
35446421,linguistic_only,3.0,
38330004,setfit_only,,0.6702985
39968408,setfit_only,,0.6546898
34791067,linguistic_only,5.0,
35872412,linguistic_only,3.5,
36707995,linguistic_only,5.0,
37609115,setfit_only,,0.6941035
35446428,setfit_only,,0.7039965
39657122,setfit_only,,0.6955009
36871844,linguistic_only,3.0,
36593326,setfit_only,,0.6656009
39657135,linguistic_only,4.0,
36298417,setfit_only,,0.6709433
35659449,linguistic_only,3.0,
36806329,linguistic_only,3.0,
37887673,linguistic_only,3.0,
39657145,linguistic_only,5.0,
39231169,setfit_only,,0.66410315
37871298,linguistic_only,4.5,
38870722,linguistic_only,3.5,
40378051,linguistic_only,3.5,
35708612,setfit_only,,0.69966877
39657158,linguistic_only,4.5,
39870154,setfit_only,,0.61470354
39018187,linguistic_only,3.5,
35561164,linguistic_only,4.0,
39395021,linguistic_only,3.0,
35561166,linguistic_only,4.0,
35643087,linguistic_only,3.0,
35938002,setfit_only,,0.67604053
38870743,linguistic_only,3.0,
38166233,setfit_only,,0.65501875
38477530,setfit_only,,0.6099038
35561179,linguistic_only,4.5,
38690527,linguistic_only,3.5,
39198432,setfit_only,,0.641479
35561185,linguistic_only,4.0,
35561186,linguistic_only,3.0,
37527270,linguistic_only,3.5,
35938023,linguistic_only,3.5,
38985448,setfit_only,,0.67014307
35053288,setfit_only,,0.6693321
40296170,setfit_only,,0.72671175
37248747,linguistic_only,3.0,
34889452,setfit_only,,0.6852243
37543663,linguistic_only,3.0,
37625584,linguistic_only,4.0,
35561201,linguistic_only,4.0,
34840306,linguistic_only,3.5,
39198448,setfit_only,,0.6601925
40050418,setfit_only,,0.6290454
35561203,setfit_only,,0.69407886
40541942,setfit_only,,0.70817894
34643704,linguistic_only,5.0,
39411448,setfit_only,,0.7195511
34643709,linguistic_only,5.0,
39804669,linguistic_only,4.5,
39198462,setfit_only,,0.68197966
37953279,setfit_only,,0.7122739
34643715,linguistic_only,4.0,
38739716,setfit_only,,0.6687044
35069703,setfit_only,,0.71531975
38182666,linguistic_only,3.0,
34529036,linguistic_only,4.5,
34643725,linguistic_only,5.0,
37478157,linguistic_only,3.0,
39460620,linguistic_only,5.0,
35217168,linguistic_only,3.0,
34643729,linguistic_only,5.0,
39460625,linguistic_only,4.0,
35446541,setfit_only,,0.67734045
39198483,setfit_only,,0.69178665
35069719,setfit_only,,0.63359576
40378136,linguistic_only,3.0,
37953304,setfit_only,,0.723439
39231258,linguistic_only,4.0,
35397401,setfit_only,,0.6739981
37953308,setfit_only,,0.70142853
35495710,setfit_only,,0.6893866
37953312,setfit_only,,0.72624135
37953313,linguistic_only,4.5,
35839778,linguistic_only,3.5,
34791203,setfit_only,,0.72318184
40541988,linguistic_only,3.0,
36790055,linguistic_only,3.5,
36265769,linguistic_only,3.0,
37789481,setfit_only,,0.632568
37953323,linguistic_only,4.5,
35462956,linguistic_only,3.0,
37953324,setfit_only,,0.69944495
37953325,setfit_only,,0.7106015
37248814,setfit_only,,0.68014127
37953328,linguistic_only,5.0,
38149936,setfit_only,,0.68143487
37773106,linguistic_only,3.0,
35446579,linguistic_only,4.0,
35610420,setfit_only,,0.7191204
35643189,linguistic_only,4.5,
35217206,linguistic_only,3.5,
35643191,linguistic_only,3.5,
36134710,linguistic_only,4.0,
36134713,linguistic_only,3.5,
37953337,linguistic_only,3.5,
39804724,setfit_only,,0.67693543
37953341,linguistic_only,4.5,
36134718,linguistic_only,4.0,
37953349,linguistic_only,5.0,
36790087,linguistic_only,3.5,
36167495,setfit_only,,0.7066917
36151114,linguistic_only,3.5,
35561293,linguistic_only,3.0,
39198545,setfit_only,,0.6411502
37953362,linguistic_only,5.5,
37953365,linguistic_only,4.0,
36495189,setfit_only,,0.68854874
36151130,linguistic_only,3.5,
38018911,linguistic_only,4.0,
37838689,linguistic_only,3.0,
37707619,setfit_only,,0.70964086
37953380,linguistic_only,4.0,
38575974,setfit_only,,0.6318458
37166951,linguistic_only,3.5,
37953384,linguistic_only,5.0,
39149420,linguistic_only,4.5,
35839853,setfit_only,,0.63663787
36495218,linguistic_only,4.0,
39395186,linguistic_only,4.0,
39395187,linguistic_only,4.0,
39395188,linguistic_only,4.0,
37166966,setfit_only,,0.70926106
39722871,linguistic_only,3.5,
37166973,linguistic_only,3.5,
35561342,setfit_only,,0.68281287
37904256,linguistic_only,3.5,
37789571,linguistic_only,4.5,
39346055,linguistic_only,4.5,
39214983,setfit_only,,0.71925133
36773775,linguistic_only,3.0,
39018385,linguistic_only,3.0,
35790740,setfit_only,,0.68077004
40247189,setfit_only,,0.70100766
39214999,setfit_only,,0.668287
36724634,linguistic_only,4.5,
40673180,setfit_only,,0.6624851
37429152,linguistic_only,4.0,
38018981,setfit_only,,0.6442384
37986215,linguistic_only,4.5,
38035367,linguistic_only,4.5,
39133097,linguistic_only,3.5,
37986218,linguistic_only,4.5,
40673195,linguistic_only,3.5,
37986220,setfit_only,,0.71398246
37396399,linguistic_only,3.5,
37986224,setfit_only,,0.7233457
36396980,setfit_only,,0.71170616
37986230,setfit_only,,0.6975954
38805433,setfit_only,,0.691366
38346683,linguistic_only,4.0,
34791357,setfit_only,,0.71686685
36691901,setfit_only,,0.6108338
36413377,setfit_only,,0.7214065
35266505,linguistic_only,4.5,
40050634,setfit_only,,0.6990799
37740491,setfit_only,,0.7234198
38674377,setfit_only,,0.6339596
35413965,linguistic_only,3.5,
37478350,linguistic_only,4.5,
34791375,linguistic_only,4.0,
36347858,setfit_only,,0.7168661
39198675,linguistic_only,3.0,
37969874,setfit_only,,0.655217
35233751,setfit_only,,0.70956415
37183449,linguistic_only,4.5,
35266522,setfit_only,,0.7138027
35266524,linguistic_only,4.5,
35577821,setfit_only,,0.72301215
36347868,setfit_only,,0.7060836
39526369,linguistic_only,5.0,
39526372,linguistic_only,4.5,
38461412,setfit_only,,0.7116432
38182884,setfit_only,,0.62414306
39526380,linguistic_only,4.0,
39526381,setfit_only,,0.7066836
39526384,linguistic_only,4.5,
36036594,linguistic_only,3.5,
39526387,linguistic_only,4.5,
37167092,linguistic_only,4.5,
40378355,setfit_only,,0.68848515
35020790,linguistic_only,5.5,
34791415,linguistic_only,4.5,
36347894,linguistic_only,3.5,
37183478,linguistic_only,4.0,
39526391,setfit_only,,0.7033876
34791419,linguistic_only,3.0,
35659771,setfit_only,,0.7022784
34791421,linguistic_only,5.5,
39526397,setfit_only,,0.70931983
39526401,linguistic_only,4.5,
39526403,linguistic_only,4.5,
40296452,setfit_only,,0.68414354
34791429,linguistic_only,5.0,
39526405,linguistic_only,5.0,
34791440,linguistic_only,3.5,
35037201,setfit_only,,0.7203763
35037202,linguistic_only,3.5,
35037203,setfit_only,,0.72421557
40067093,linguistic_only,5.0,
35037207,setfit_only,,0.7157542
38641689,setfit_only,,0.63761276
36555254,setfit_only,,0.6806313
40099873,linguistic_only,3.5,
38166563,setfit_only,,0.6901927
36806692,linguistic_only,5.0,
40230947,setfit_only,,0.6822218
39378981,setfit_only,,0.6609399
35414055,setfit_only,,0.6763548
35037224,setfit_only,,0.7211801
35037225,setfit_only,,0.7277488
35643434,setfit_only,,0.7141348
37079543,setfit_only,,0.6526607
35774515,linguistic_only,3.0,
38395961,linguistic_only,3.5,
38166586,setfit_only,,0.7148548
36003902,linguistic_only,4.5,
39968831,setfit_only,,0.70456076
35414083,setfit_only,,0.65737486
35512388,linguistic_only,3.5,
39460934,setfit_only,,0.71616703
39460935,linguistic_only,3.5,
37036103,setfit_only,,0.7175466
39690313,setfit_only,,0.69027334
40493136,setfit_only,,0.70502514
36986961,linguistic_only,3.5,
38330451,linguistic_only,3.0,
36495445,setfit_only,,0.6998855
39460951,linguistic_only,3.5,
40443993,linguistic_only,3.0,
37822561,setfit_only,,0.68652004
38854754,setfit_only,,0.70619965
35348582,linguistic_only,3.5,
37052519,linguistic_only,5.5,
37331049,linguistic_only,3.5,
39247978,linguistic_only,5.0,
35020905,setfit_only,,0.6355339
35676266,setfit_only,,0.6506624
36085868,setfit_only,,0.7042033
36921458,setfit_only,,0.6995641
37052532,setfit_only,,0.72149146
38936693,linguistic_only,3.5,
40329333,setfit_only,,0.6561598
36823158,setfit_only,,0.70369494
35643512,linguistic_only,3.5,
38084728,setfit_only,,0.6037345
35627130,linguistic_only,3.0,
39493756,linguistic_only,4.5,
35020925,linguistic_only,4.5,
34709630,linguistic_only,3.0,
36823166,setfit_only,,0.6452289
35381376,linguistic_only,4.0,
35446912,linguistic_only,3.5,
35414146,setfit_only,,0.7177333
35676295,setfit_only,,0.6926347
35676297,linguistic_only,4.5,
38314123,setfit_only,,0.6731963
35676300,setfit_only,,0.69577736
35692690,linguistic_only,4.0,
38641811,linguistic_only,4.0,
37494933,setfit_only,,0.6484297
39149720,setfit_only,,0.68621033
37871773,linguistic_only,5.0,
35348639,linguistic_only,4.5,
35348640,linguistic_only,5.0,
35430561,linguistic_only,3.5,
37609633,linguistic_only,3.5,
38281377,linguistic_only,3.0,
36167846,setfit_only,,0.6691595
39985319,setfit_only,,0.7202074
35348648,linguistic_only,5.5,
35348649,linguistic_only,4.0,
36610216,linguistic_only,3.0,
36823207,setfit_only,,0.71173185
39870638,setfit_only,,0.68042934
35594415,linguistic_only,3.0,
36282546,linguistic_only,5.0,
36823221,linguistic_only,3.0,
39968950,linguistic_only,3.0,
35348662,setfit_only,,0.6924129
39936186,linguistic_only,3.0,
39870651,setfit_only,,0.7180462
39788736,linguistic_only,4.5,
39198917,linguistic_only,4.5,
37626053,setfit_only,,0.65305424
37904585,linguistic_only,3.0,
39854281,linguistic_only,4.0,
35365069,linguistic_only,4.5,
37904589,linguistic_only,4.5,
37904591,linguistic_only,4.5,
39706831,setfit_only,,0.63962466
36741328,setfit_only,,0.61698306
36544722,linguistic_only,4.0,
37527763,linguistic_only,3.0,
37904598,linguistic_only,4.0,
37167319,linguistic_only,3.0,
39657689,linguistic_only,3.5,
39870684,linguistic_only,3.0,
40526044,linguistic_only,3.5,
36036832,linguistic_only,3.0,
37904608,linguistic_only,3.5,
37347557,linguistic_only,4.0,
38346982,linguistic_only,4.0,
35660007,linguistic_only,4.0,
40542438,setfit_only,,0.7183561
37904617,linguistic_only,5.0,
37937382,setfit_only,,0.67692876
37626087,setfit_only,,0.6268666
36806894,linguistic_only,3.0,
40231150,setfit_only,,0.72487515
38297840,setfit_only,,0.7239252
38936817,setfit_only,,0.6773322
35234034,linguistic_only,3.5,
39493875,linguistic_only,3.0,
39788787,setfit_only,,0.7140854
40231156,setfit_only,,0.600707
38805752,linguistic_only,4.5,
38805753,linguistic_only,3.0,
36823289,setfit_only,,0.7146427
35266814,setfit_only,,0.6522288
40182018,linguistic_only,3.0,
38347012,setfit_only,,0.7167914
33382660,setfit_only,,0.65929073
39575812,setfit_only,,0.6324814
35971335,linguistic_only,3.0,
38822152,linguistic_only,4.0,
35201291,linguistic_only,5.0,
37019916,linguistic_only,3.0,
39657740,setfit_only,,0.71806157
36217102,linguistic_only,3.0,
40116496,linguistic_only,3.5,
39854354,setfit_only,,0.67380214
40411413,setfit_only,,0.71872246
36086045,linguistic_only,3.0,
37200157,setfit_only,,0.70945877
38396192,setfit_only,,0.6706724
39985442,linguistic_only,4.0,
36823331,linguistic_only,3.0,
39297317,setfit_only,,0.70472836
39985446,linguistic_only,4.0,
38543656,linguistic_only,3.0,
40100137,setfit_only,,0.7227652
40919338,setfit_only,,0.7104854
35987763,linguistic_only,3.0,
36266291,setfit_only,,0.6865045
40411446,linguistic_only,5.0,
38084919,linguistic_only,4.0,
36266295,setfit_only,,0.69609934
38084920,setfit_only,,0.71233594
35168570,linguistic_only,3.0,
39362872,setfit_only,,0.71023
39362876,linguistic_only,4.5,
39657789,linguistic_only,3.0,
37167423,linguistic_only,3.0,
40100159,linguistic_only,3.5,
36675905,linguistic_only,4.0,
40182081,setfit_only,,0.71418154
39936323,linguistic_only,4.5,
38428997,linguistic_only,4.0,
39264584,linguistic_only,3.0,
37216585,setfit_only,,0.72213554
37216588,linguistic_only,4.0,
39657811,setfit_only,,0.70470905
37888340,linguistic_only,3.0,
38707542,linguistic_only,4.5,
37904728,setfit_only,,0.61026937
35807577,setfit_only,,0.7233464
37085533,setfit_only,,0.6694938
39362911,setfit_only,,0.6892983
37069152,setfit_only,,0.70198905
37216609,linguistic_only,5.0,
39117154,setfit_only,,0.7225578
39362914,setfit_only,,0.70795727
39510367,setfit_only,,0.67420477
38969708,linguistic_only,4.5,
39297389,linguistic_only,3.5,
36200814,linguistic_only,4.0,
39281010,setfit_only,,0.71218455
38773111,setfit_only,,0.7064302
36200824,linguistic_only,5.0,
39362938,setfit_only,,0.6242869
36200827,linguistic_only,3.5,
39870848,setfit_only,,0.72206956
38789504,setfit_only,,0.70041037
35512705,setfit_only,,0.6729206
35512704,setfit_only,,0.6277076
35512708,linguistic_only,3.0,
36200836,linguistic_only,5.0,
36200838,linguistic_only,3.0,
35021191,linguistic_only,3.5,
40034696,linguistic_only,3.0,
35021190,setfit_only,,0.6782056
38838674,linguistic_only,3.0,
38740374,setfit_only,,0.6819835
35152280,setfit_only,,0.65183806
39084442,linguistic_only,4.5,
37216666,setfit_only,,0.63035303
39166362,setfit_only,,0.62661064
36135325,setfit_only,,0.6828896
35152286,linguistic_only,3.0,
38953375,linguistic_only,3.0,
39788962,setfit_only,,0.70979685
38265251,linguistic_only,3.5,
34890150,setfit_only,,0.7108393
40509866,linguistic_only,4.0,
39788970,setfit_only,,0.6411304
35627437,setfit_only,,0.6914345
37855663,linguistic_only,4.5,
38609331,linguistic_only,3.0,
36135348,linguistic_only,3.5,
39379379,linguistic_only,3.0,
37855672,linguistic_only,4.0,
39215544,linguistic_only,3.0,
38724027,linguistic_only,3.5,
40034748,linguistic_only,3.0,
40214971,linguistic_only,3.0,
39346622,setfit_only,,0.700037
38085058,linguistic_only,3.0,
36200899,setfit_only,,0.7117057
37855686,linguistic_only,4.0,
38330823,linguistic_only,4.0,
38789577,linguistic_only,3.0,
37855690,linguistic_only,3.0,
39395790,setfit_only,,0.6154875
39379407,setfit_only,,0.6143314
39789009,setfit_only,,0.68053186
39821779,linguistic_only,3.5,
39657946,linguistic_only,4.0,
37806555,linguistic_only,5.0,
39379421,setfit_only,,0.6138756
39657951,linguistic_only,3.5,
38150626,linguistic_only,4.5,
36037090,setfit_only,,0.7057172
37183971,setfit_only,,0.60464555
39838181,linguistic_only,4.5,
39838182,linguistic_only,4.0,
36069866,linguistic_only,3.5,
39641579,linguistic_only,3.5,
35086829,setfit_only,,0.6811124
36758001,setfit_only,,0.6716986
38609400,setfit_only,,0.70859903
35856889,linguistic_only,3.0,
38920699,setfit_only,,0.6372613
38609405,setfit_only,,0.6794077
39379460,setfit_only,,0.69815785
36495883,linguistic_only,3.5,
37462540,linguistic_only,4.0,
39068171,setfit_only,,0.6457235
38609423,setfit_only,,0.7168593
38625809,linguistic_only,3.0,
36168211,setfit_only,,0.635307
35725848,linguistic_only,3.0,
39445018,setfit_only,,0.60957325
35758619,setfit_only,,0.67596817
35971612,linguistic_only,5.0,
39117342,linguistic_only,4.5,
38609440,setfit_only,,0.66977876
39019041,linguistic_only,4.5,
38412834,linguistic_only,3.0,
35430947,linguistic_only,4.0,
39920160,setfit_only,,0.6507488
37167657,linguistic_only,3.5,
36217386,linguistic_only,4.5,
36364843,linguistic_only,3.0,
37331497,setfit_only,,0.70222026
40165935,setfit_only,,0.71552825
36069936,linguistic_only,6.0,
36495921,linguistic_only,5.5,
36053554,linguistic_only,5.0,
36266547,linguistic_only,3.0,
38265399,setfit_only,,0.6964633
37872185,linguistic_only,3.0,
39658041,linguistic_only,4.0,
38478395,linguistic_only,5.0,
39952954,setfit_only,,0.70215946
37691964,setfit_only,,0.70319647
40346170,setfit_only,,0.6648257
35971647,linguistic_only,4.5,
37151295,linguistic_only,3.0,
39559743,linguistic_only,3.0,
39232070,linguistic_only,3.0,
39215687,setfit_only,,0.6601304
38658632,setfit_only,,0.69451386
35267146,setfit_only,,0.7227638
38625866,setfit_only,,0.68013775
40493647,linguistic_only,3.5,
40329811,linguistic_only,3.0,
35136085,setfit_only,,0.71872914
38216281,setfit_only,,0.68301845
35840601,setfit_only,,0.62809604
36479579,linguistic_only,4.5,
39952993,setfit_only,,0.6688822
39215721,linguistic_only,5.0,
36758122,linguistic_only,3.0,
39658089,setfit_only,,0.64328396
37249645,linguistic_only,3.0,
34546290,linguistic_only,4.0,
38085234,linguistic_only,3.0,
35201651,setfit_only,,0.6837154
36610676,setfit_only,,0.70173705
40067703,setfit_only,,0.64407396
39871102,setfit_only,,0.71293163
35693187,linguistic_only,4.5,
38625925,setfit_only,,0.6429573
39445132,setfit_only,,0.66506374
38593165,linguistic_only,4.5,
40526489,linguistic_only,3.5,
38232729,setfit_only,,0.6264717
39379619,linguistic_only,3.5,
38806182,linguistic_only,4.0,
39592620,setfit_only,,0.6561872
37692080,setfit_only,,0.7131626
38462130,linguistic_only,5.0,
39838386,linguistic_only,3.0,
39068339,setfit_only,,0.6704593
39592634,setfit_only,,0.6638975
37003963,linguistic_only,3.5,
35758780,setfit_only,,0.70919317
35562172,setfit_only,,0.695611
38478526,setfit_only,,0.7011607
39477949,setfit_only,,0.69351614
38199998,setfit_only,,0.6873572
36840124,setfit_only,,0.6689524
38560451,linguistic_only,3.0,
35758788,linguistic_only,4.5,
38871749,setfit_only,,0.68166953
37298890,setfit_only,,0.606019
37184204,linguistic_only,3.0,
39592652,linguistic_only,4.0,
40133325,setfit_only,,0.7068951
40067792,linguistic_only,4.5,
34792145,linguistic_only,5.0,
39477968,setfit_only,,0.69750184
36659921,setfit_only,,0.7057232
39412436,linguistic_only,4.0,
37544661,linguistic_only,4.5,
35758806,linguistic_only,4.0,
37561047,linguistic_only,3.0,
35693267,setfit_only,,0.6427447
34415321,linguistic_only,5.5,
35758810,linguistic_only,4.0,
39412443,linguistic_only,4.0,
36217556,setfit_only,,0.6688398
39412445,linguistic_only,3.0,
34792158,linguistic_only,3.5,
39412440,setfit_only,,0.71452653
35758811,setfit_only,,0.70204586
39658207,setfit_only,,0.69715047
37429985,setfit_only,,0.65612996
34792163,linguistic_only,3.5,
37069540,linguistic_only,3.5,
37528293,linguistic_only,4.5,
34792166,linguistic_only,4.5,
36266726,linguistic_only,4.5,
37053159,setfit_only,,0.7053638
37069545,linguistic_only,4.0,
34792170,linguistic_only,3.5,
36971243,linguistic_only,4.5,
35758822,setfit_only,,0.68877816
36070129,linguistic_only,3.0,
39838450,linguistic_only,5.0,
39494388,linguistic_only,3.0,
39478004,setfit_only,,0.6126409
35037942,linguistic_only,3.0,
38871800,setfit_only,,0.69816595
38871809,linguistic_only,3.0,
35480326,linguistic_only,4.5,
40133382,setfit_only,,0.692778
39805704,setfit_only,,0.72195727
35414795,linguistic_only,4.0,
37528331,linguistic_only,4.0,
40133389,setfit_only,,0.69724077
35087120,setfit_only,,0.6754997
37561107,linguistic_only,3.5,
38658835,linguistic_only,4.5,
39658259,linguistic_only,4.5,
38413078,setfit_only,,0.6542889
37659415,setfit_only,,0.6948124
36463386,linguistic_only,3.5,
40133402,linguistic_only,3.0,
35758881,linguistic_only,3.0,
35365666,linguistic_only,3.0,
35758882,linguistic_only,4.5,
40067873,setfit_only,,0.6789897
39641894,setfit_only,,0.70346963
36463398,setfit_only,,0.6544246
35365676,linguistic_only,3.5,
35365679,setfit_only,,0.64728284
37004080,linguistic_only,3.0,
38609714,linguistic_only,3.0,
36299577,setfit_only,,0.6822181
37069644,linguistic_only,3.5,
38347596,linguistic_only,3.0,
39805772,setfit_only,,0.71207714
34677586,linguistic_only,4.5,
38937428,setfit_only,,0.6485417
37610325,linguistic_only,5.0,
37069653,setfit_only,,0.7127388
39117657,setfit_only,,0.7202855
37233502,setfit_only,,0.7093212
38167392,setfit_only,,0.63517535
36053857,linguistic_only,3.0,
39543652,linguistic_only,3.5,
36627305,linguistic_only,3.5,
40280939,setfit_only,,0.6990878
36070252,linguistic_only,4.0,
37610350,linguistic_only,4.0,
40444783,linguistic_only,4.5,
36856688,linguistic_only,4.0,
35857265,linguistic_only,3.0,
38216562,linguistic_only,3.0,
39494517,linguistic_only,4.5,
39428982,linguistic_only,3.0,
35218297,setfit_only,,0.7056248
37053306,setfit_only,,0.70793134
35562362,setfit_only,,0.6294134
39494524,linguistic_only,4.0,
38593404,setfit_only,,0.70342946
35169150,linguistic_only,3.0,
39216000,setfit_only,,0.7104137
36070274,setfit_only,,0.6423557
39494533,linguistic_only,4.5,
38937480,setfit_only,,0.6437783
39494542,linguistic_only,4.0,
36856726,setfit_only,,0.7122928
37004189,linguistic_only,4.0,
38314912,setfit_only,,0.7162584
36578210,setfit_only,,0.6193918
37757861,linguistic_only,4.0,
38724521,linguistic_only,3.0,
38069165,setfit_only,,0.71783555
39805871,linguistic_only,3.5,
40248245,setfit_only,,0.7076503
39363510,linguistic_only,3.5,
38724536,setfit_only,,0.7024581
35283898,linguistic_only,3.5,
36004795,setfit_only,,0.6898372
38659008,linguistic_only,4.0,
39822275,linguistic_only,5.0,
35169219,setfit_only,,0.6248746
40281032,linguistic_only,3.0,
35349449,setfit_only,,0.6561046
35169226,setfit_only,,0.65116674
38298569,setfit_only,,0.6165743
35595213,linguistic_only,5.0,
38052819,linguistic_only,3.0,
36840404,linguistic_only,3.5,
38806483,linguistic_only,3.5,
35939284,setfit_only,,0.64150685
36463582,setfit_only,,0.6036648
40133599,setfit_only,,0.65856254
36725728,setfit_only,,0.67762434
35595235,linguistic_only,4.0,
38167525,setfit_only,,0.6941195
37266406,linguistic_only,3.5,
36774895,linguistic_only,3.5,
38167535,setfit_only,,0.6307244
38659057,linguistic_only,3.0,
35169263,setfit_only,,0.62961084
38724595,setfit_only,,0.70964724
38724597,setfit_only,,0.6905173
38757367,setfit_only,,0.7089861
37839865,linguistic_only,3.5,
37889020,linguistic_only,3.0,
38806531,setfit_only,,0.6128107
39576581,linguistic_only,5.0,
39035910,linguistic_only,3.0,
38888456,linguistic_only,3.5,
39576584,linguistic_only,3.5,
39576587,linguistic_only,3.5,
39609355,setfit_only,,0.6668671
37889037,setfit_only,,0.6583507
37889038,linguistic_only,5.5,
37889039,setfit_only,,0.6894644
37889041,linguistic_only,4.0,
40625169,linguistic_only,4.0,
37987347,setfit_only,,0.6439831
38102040,linguistic_only,3.0,
37889051,linguistic_only,4.5,
40018971,setfit_only,,0.6508156
37889053,linguistic_only,4.0,
37889052,setfit_only,,0.7141909
35234849,linguistic_only,3.0,
35234850,linguistic_only,4.0,
38872097,linguistic_only,3.5,
40248357,linguistic_only,5.5,
40281126,setfit_only,,0.6647405
35202091,linguistic_only,3.0,
36004908,setfit_only,,0.64714867
39101486,setfit_only,,0.7199461
39363630,setfit_only,,0.7152828
37889074,linguistic_only,5.5,
34432052,linguistic_only,4.0,
37889076,linguistic_only,4.0,
37889077,linguistic_only,4.0,
38102070,setfit_only,,0.71195173
38954043,setfit_only,,0.6015395
39101500,linguistic_only,3.0,
39101502,linguistic_only,4.0,
36496448,setfit_only,,0.68497664
37938247,setfit_only,,0.66148835
39609418,setfit_only,,0.63982713
39593035,linguistic_only,4.0,
38495308,setfit_only,,0.6767805
39216206,setfit_only,,0.64322734
35284049,linguistic_only,4.5,
38708311,setfit_only,,0.6946188
35234904,linguistic_only,3.5,
38904920,linguistic_only,3.0,
38626392,setfit_only,,0.6934272
38282330,setfit_only,,0.7073548
38134877,linguistic_only,3.5,
37037149,setfit_only,,0.6948084
37233759,linguistic_only,3.0,
39740512,linguistic_only,4.0,
35234913,linguistic_only,3.0,
39773281,setfit_only,,0.7180214
39609443,setfit_only,,0.68769497
36480100,linguistic_only,3.0,
37823596,linguistic_only,3.5,
39871596,linguistic_only,4.0,
37823598,linguistic_only,4.5,
38855791,setfit_only,,0.6377167
36496501,linguistic_only,3.0,
39609462,setfit_only,,0.676962
39593080,setfit_only,,0.6950032
37315707,setfit_only,,0.65695
39773308,linguistic_only,3.0,
35857541,linguistic_only,3.5,
38970503,linguistic_only,4.0,
38888585,linguistic_only,4.5,
34792587,linguistic_only,4.0,
36922507,setfit_only,,0.7023982
34530446,linguistic_only,5.0,
35906703,linguistic_only,3.5,
36775056,linguistic_only,3.5,
38102159,setfit_only,,0.68967265
40133778,linguistic_only,4.5,
36922515,setfit_only,,0.6994212
40133781,linguistic_only,3.5,
40133783,linguistic_only,4.0,
40133784,linguistic_only,4.0,
40133787,linguistic_only,3.0,
40133788,linguistic_only,5.0,
35562653,linguistic_only,3.5,
37528731,setfit_only,,0.6987017
38741151,linguistic_only,3.0,
40133792,linguistic_only,5.5,
36512929,linguistic_only,4.5,
40133794,linguistic_only,3.0,
36447388,setfit_only,,0.6910556
39511198,setfit_only,,0.6963932
40133793,setfit_only,,0.7124288
36840614,linguistic_only,3.5,
36545703,linguistic_only,3.5,
38872231,linguistic_only,4.5,
36267181,setfit_only,,0.69204473
36938926,setfit_only,,0.71760684
36922546,linguistic_only,4.0,
39003315,linguistic_only,3.0,
39101619,setfit_only,,0.6656495
36332724,setfit_only,,0.693759
39478454,linguistic_only,3.0,
37725369,linguistic_only,3.5,
36316345,setfit_only,,0.7000313
38528186,setfit_only,,0.65681845
40494271,setfit_only,,0.66686183
39478465,linguistic_only,3.5,
38855877,linguistic_only,3.5,
37594311,linguistic_only,3.0,
37184712,linguistic_only,3.0,
39331016,linguistic_only,3.0,
39986376,setfit_only,,0.6025867
39134412,setfit_only,,0.70027983
37315789,setfit_only,,0.66832435
40461520,setfit_only,,0.69527394
38790353,setfit_only,,0.6224986
39724242,setfit_only,,0.70207167
37823705,linguistic_only,4.5,
39576796,setfit_only,,0.6205174
36299999,setfit_only,,0.6894757
39773409,linguistic_only,4.5,
34694372,linguistic_only,3.0,
35071207,setfit_only,,0.6423915
39380204,linguistic_only,4.0,
39380205,linguistic_only,4.5,
40346862,linguistic_only,3.0,
40494321,linguistic_only,3.5,
39838963,setfit_only,,0.7216906
39625972,linguistic_only,3.0,
40379636,setfit_only,,0.6958663
39101690,setfit_only,,0.6966398
35972351,linguistic_only,3.5,
39658751,linguistic_only,3.0,
40396031,linguistic_only,4.0,
36988160,setfit_only,,0.7138577
36513026,setfit_only,,0.68603
36676869,linguistic_only,3.0,
40379655,linguistic_only,3.5,
37856524,linguistic_only,3.0,
36463884,setfit_only,,0.6988255
37102867,setfit_only,,0.713549
39789848,linguistic_only,3.5,
39707929,linguistic_only,5.0,
40281369,linguistic_only,3.0,
38167832,setfit_only,,0.7066894
36283679,linguistic_only,3.5,
35743007,setfit_only,,0.652543
35104033,linguistic_only,3.5,
38413601,setfit_only,,0.69298154
40314147,linguistic_only,3.0,
35382564,linguistic_only,3.5,
38413602,setfit_only,,0.60789365
37676328,linguistic_only,3.0,
38724907,setfit_only,,0.7162427
40510764,setfit_only,,0.6646147
37725485,linguistic_only,3.0,
38413613,setfit_only,,0.703092
38724911,linguistic_only,3.5,
39724337,linguistic_only,4.5,
36152628,setfit_only,,0.6765848
39724341,setfit_only,,0.7064894
38724920,setfit_only,,0.6839169
39757114,linguistic_only,3.5,
37971258,setfit_only,,0.6980891
35185982,setfit_only,,0.61325943
36316489,linguistic_only,4.5,
38331722,linguistic_only,4.5,
38020428,setfit_only,,0.67662734
38921549,setfit_only,,0.6466508
39724366,linguistic_only,4.0,
38167889,setfit_only,,0.71418816
38266194,setfit_only,,0.7231176
39134549,setfit_only,,0.69547963
40281430,linguistic_only,4.0,
39101783,linguistic_only,4.5,
35562840,linguistic_only,5.5,
39806295,linguistic_only,4.0,
35595612,linguistic_only,3.0,
37971293,linguistic_only,3.5,
38233439,setfit_only,,0.7171353
35186016,setfit_only,,0.6935473
40723810,setfit_only,,0.68432146
37971299,setfit_only,,0.7173022
38233444,linguistic_only,3.0,
37971305,linguistic_only,5.0,
40035691,linguistic_only,4.0,
37856620,linguistic_only,4.0,
36857197,linguistic_only,3.5,
37070190,linguistic_only,4.0,
38987117,setfit_only,,0.6875732
37561710,setfit_only,,0.640353
37184881,linguistic_only,3.5,
35186035,linguistic_only,4.5,
37971316,linguistic_only,4.0,
39609715,linguistic_only,3.0,
39052662,setfit_only,,0.7163262
39019896,setfit_only,,0.72375196
38561149,linguistic_only,3.0,
38905214,linguistic_only,3.0,
35104125,setfit_only,,0.72423154
37971328,linguistic_only,4.0,
37938558,setfit_only,,0.7256169
39460279,setfit_only,,0.61232513
39019912,setfit_only,,0.6433311
37938570,setfit_only,,0.71402425
35857806,setfit_only,,0.6512587
38643090,linguistic_only,5.5,
40134034,setfit_only,,0.71586955
36562325,linguistic_only,3.0,
37971353,linguistic_only,4.5,
39134617,setfit_only,,0.7194454
37938587,setfit_only,,0.70909286
38561180,linguistic_only,3.5,
37184925,linguistic_only,3.5,
35775902,linguistic_only,4.5,
35759515,setfit_only,,0.70263255
38806937,setfit_only,,0.6216733
40134047,setfit_only,,0.6371788
36087207,linguistic_only,3.0,
38905257,linguistic_only,3.5,
40084908,linguistic_only,3.0,
39413165,linguistic_only,3.5,
38233516,setfit_only,,0.6650927
39298479,linguistic_only,3.5,
35612078,setfit_only,,0.673258
36758962,linguistic_only,3.0,
35136947,setfit_only,,0.7143179
35612084,linguistic_only,3.0,
38512053,linguistic_only,3.0,
36824504,linguistic_only,3.0,
39298493,setfit_only,,0.6671733
36824516,setfit_only,,0.699442
39019974,setfit_only,,0.7202348
39314890,setfit_only,,0.6987137
36070863,linguistic_only,4.0,
39413200,linguistic_only,4.5,
37348818,setfit_only,,0.6595135
37365203,setfit_only,,0.6595844
38725076,linguistic_only,3.5,
39413204,linguistic_only,5.5,
37168598,linguistic_only,3.5,
39314899,setfit_only,,0.6501549
36971993,setfit_only,,0.6894126
36365786,linguistic_only,3.0,
38839770,setfit_only,,0.71104157
38774242,setfit_only,,0.70059633
35595749,linguistic_only,4.5,
36791787,setfit_only,,0.6668847
37217776,setfit_only,,0.6534102
35317233,linguistic_only,3.5,
38282738,setfit_only,,0.719829
35612145,setfit_only,,0.64157593
37578228,setfit_only,,0.7134392
39364092,setfit_only,,0.69887733
39609860,linguistic_only,3.5,
39298565,linguistic_only,4.5,
36169223,linguistic_only,4.5,
39134728,setfit_only,,0.7120469
36169225,linguistic_only,4.0,
36169226,linguistic_only,4.0,
39380491,linguistic_only,5.5,
39380489,setfit_only,,0.7117633
35612174,setfit_only,,0.6595059
38331920,setfit_only,,0.6564579
39380496,setfit_only,,0.6293816
39118353,setfit_only,,0.6130094
39167508,setfit_only,,0.67212695
36169237,linguistic_only,4.0,
37332502,linguistic_only,3.5,
35497494,setfit_only,,0.6147911
38479385,setfit_only,,0.60814625
39265822,linguistic_only,4.5,
39101983,setfit_only,,0.69939053
38872612,linguistic_only,5.0,
38528548,setfit_only,,0.7097685
38348325,setfit_only,,0.6835288
38348328,setfit_only,,0.7066915
38069801,linguistic_only,3.0,
37758508,setfit_only,,0.7055565
38643247,linguistic_only,3.5,
35169842,setfit_only,,0.71065503
40494643,linguistic_only,3.0,
38528564,setfit_only,,0.670665
40494646,linguistic_only,4.5,
37676599,linguistic_only,4.5,
38708794,setfit_only,,0.63165724
35104317,linguistic_only,6.0,
35579453,linguistic_only,3.0,
35612222,linguistic_only,3.5,
37545533,setfit_only,,0.679067
36480578,linguistic_only,3.5,
35366467,linguistic_only,3.0,
35776068,linguistic_only,3.5,
37463622,linguistic_only,3.0,
38217287,setfit_only,,0.6935203
38643272,linguistic_only,3.5,
40068681,setfit_only,,0.66978735
40494666,linguistic_only,3.0,
38643291,setfit_only,,0.6384743
36513375,linguistic_only,3.5,
39396964,linguistic_only,3.0,
36464228,setfit_only,,0.7103637
35890791,setfit_only,,0.65390044
39757418,linguistic_only,3.0,
39757424,linguistic_only,3.0,
36169329,linguistic_only,4.0,
38413941,setfit_only,,0.60126793
38577785,setfit_only,,0.7191677
36054653,linguistic_only,3.5,
36693629,linguistic_only,4.5,
39937662,linguistic_only,4.0,
34875010,linguistic_only,5.0,
39134850,setfit_only,,0.7071412
35464838,linguistic_only,3.5,
35022470,setfit_only,,0.6760107
38282890,linguistic_only,4.0,
40052362,linguistic_only,5.0,
35415691,setfit_only,,0.71563053
36251279,linguistic_only,3.0,
35137167,setfit_only,,0.6886877
40380054,setfit_only,,0.7105762
35104413,linguistic_only,3.5,
38889117,linguistic_only,3.5,
38905502,linguistic_only,3.5,
34907805,setfit_only,,0.68845093
36415136,setfit_only,,0.6890528
35579553,setfit_only,,0.69525576
36071074,setfit_only,,0.7122988
39085735,linguistic_only,4.5,
36873900,setfit_only,,0.60668844
38594221,setfit_only,,0.697539
38594229,setfit_only,,0.682183
36382391,setfit_only,,0.71679354
40199863,setfit_only,,0.69415915
34875068,setfit_only,,0.6985041
40249023,setfit_only,,0.72890574
36382399,setfit_only,,0.71314496
38233793,linguistic_only,3.5,
36382402,linguistic_only,4.5,
37791426,linguistic_only,3.5,
36071107,setfit_only,,0.69742197
36382407,linguistic_only,3.5,
36382409,linguistic_only,4.5,
37332681,linguistic_only,4.0,
40134345,linguistic_only,3.5,
36906700,setfit_only,,0.69957453
37562062,linguistic_only,3.0,
38233808,linguistic_only,3.0,
39741145,setfit_only,,0.7066763
35710683,linguistic_only,3.0,
37086947,linguistic_only,4.5,
39167718,linguistic_only,3.0,
36857575,linguistic_only,4.0,
37594855,linguistic_only,3.0,
39167719,linguistic_only,3.0,
39741160,setfit_only,,0.60413134
36333292,setfit_only,,0.6967809
40199921,linguistic_only,3.0,
39905011,setfit_only,,0.7172313
39905013,setfit_only,,0.7059794
37644024,setfit_only,,0.71637034
36366073,setfit_only,,0.68578
37840639,linguistic_only,3.0,
39577347,linguistic_only,4.0,
40740612,linguistic_only,3.0,
37971715,setfit_only,,0.606316
38102790,setfit_only,,0.6344532
35055368,linguistic_only,3.5,
37267208,linguistic_only,4.0,
39003916,setfit_only,,0.6937795
38709009,setfit_only,,0.6624071
36595475,setfit_only,,0.6432792
36529941,setfit_only,,0.7099705
40118046,linguistic_only,4.0,
40658718,setfit_only,,0.6586724
40494879,setfit_only,,0.68102515
37644066,setfit_only,,0.6973686
36939557,setfit_only,,0.6382064
35809063,linguistic_only,5.5,
38676264,setfit_only,,0.676463
39036713,linguistic_only,3.0,
37300008,setfit_only,,0.66972756
37988145,linguistic_only,3.5,
39544627,linguistic_only,4.0,
40298292,setfit_only,,0.6097418
38577974,setfit_only,,0.7226221
37267256,linguistic_only,4.5,
36529979,setfit_only,,0.69672155
40347452,linguistic_only,3.5,
35956540,setfit_only,,0.62833905
36398911,setfit_only,,0.69798124
35186498,linguistic_only,3.0,
39085892,setfit_only,,0.69774157
37119813,linguistic_only,4.5,
36300617,linguistic_only,4.0,
36300618,linguistic_only,4.5,
36300619,linguistic_only,4.0,
36300620,setfit_only,,0.7134261
36890446,linguistic_only,3.5,
37218127,setfit_only,,0.6734963
39397202,setfit_only,,0.6968617
40183635,setfit_only,,0.72620404
38954836,linguistic_only,4.0,
36300629,setfit_only,,0.72204953
36300630,linguistic_only,4.0,
36300631,linguistic_only,4.0,
37644119,linguistic_only,3.0,
38676307,setfit_only,,0.68318444
35710807,setfit_only,,0.6781993
39888724,setfit_only,,0.64471644
36464489,linguistic_only,3.5,
40462185,setfit_only,,0.70820063
35039090,linguistic_only,3.5,
36693874,linguistic_only,3.0,
37988212,linguistic_only,3.5,
37463925,linguistic_only,4.0,
39053174,linguistic_only,3.5,
35039098,setfit_only,,0.71197104
35776384,linguistic_only,3.0,
35972994,setfit_only,,0.66662025
36513667,setfit_only,,0.6992203
36300680,linguistic_only,4.5,
36693896,linguistic_only,4.5,
38594441,setfit_only,,0.71585953
37414795,setfit_only,,0.6567484
35383183,linguistic_only,4.0,
39331730,linguistic_only,3.0,
38578072,setfit_only,,0.71013314
35645337,setfit_only,,0.6837912
35448733,linguistic_only,3.0,
40036254,setfit_only,,0.6918357
36988831,linguistic_only,3.5,
37414823,setfit_only,,0.69111973
38660008,linguistic_only,3.0,
38168493,setfit_only,,0.7104228
35661743,setfit_only,,0.6489686
38217648,setfit_only,,0.68796456
38168497,setfit_only,,0.60594887
40822707,linguistic_only,3.0,
39675831,linguistic_only,3.5,
39348154,linguistic_only,4.5,
40544187,linguistic_only,3.0,
37758906,setfit_only,,0.68615794
39987132,setfit_only,,0.72150993
40298430,linguistic_only,3.0,
36005821,setfit_only,,0.68149173
38135744,linguistic_only,3.0,
35891138,setfit_only,,0.6034449
37758930,setfit_only,,0.69963497
39577557,linguistic_only,4.0,
36644825,linguistic_only,3.5,
37349340,setfit_only,,0.6905162
40740828,setfit_only,,0.6521411
36005855,linguistic_only,4.5,
39643104,linguistic_only,4.5,
38037471,setfit_only,,0.6938621
37349345,setfit_only,,0.7212679
35792866,setfit_only,,0.643561
40740835,setfit_only,,0.616098
37971941,setfit_only,,0.6447286
38479843,setfit_only,,0.60300505
40380393,setfit_only,,0.6362528
39856107,linguistic_only,3.0,
37709805,setfit_only,,0.71710837
35547119,linguistic_only,3.5,
39872495,setfit_only,,0.70434207
36988912,setfit_only,,0.7179544
37709808,setfit_only,,0.7134134
37218289,setfit_only,,0.6515467
39102448,setfit_only,,0.61579895
40527861,setfit_only,,0.620586
39987196,setfit_only,,0.67185014
35792893,linguistic_only,3.0,
39970812,setfit_only,,0.671527
37939200,setfit_only,,0.711324
39479298,linguistic_only,4.5,
40527877,setfit_only,,0.6068472
38234122,linguistic_only,4.5,
36333579,linguistic_only,3.0,
40413199,setfit_only,,0.71251667
35776534,linguistic_only,3.0,
35776535,linguistic_only,5.0,
38430745,linguistic_only,4.0,
40527897,linguistic_only,3.0,
37316638,setfit_only,,0.6681279
38250527,setfit_only,,0.7139597
35481632,linguistic_only,4.5,
40445983,setfit_only,,0.6626011
39413795,linguistic_only,3.0,
36759590,linguistic_only,3.5,
39413799,setfit_only,,0.6913195
38185001,linguistic_only,3.0,
40413228,setfit_only,,0.71892715
37234732,setfit_only,,0.7099492
39823405,setfit_only,,0.69709516
39528496,linguistic_only,3.5,
39397425,setfit_only,,0.713984
36792372,linguistic_only,3.0,
38168632,setfit_only,,0.6982393
35743803,linguistic_only,3.0,
37316673,linguistic_only,3.5,
39036998,setfit_only,,0.7121151
39987271,setfit_only,,0.6725038
37169224,linguistic_only,4.5,
40216652,linguistic_only,3.5,
40036429,linguistic_only,3.0,
35629136,setfit_only,,0.607642
35727444,setfit_only,,0.7217029
37840980,setfit_only,,0.6195554
40069206,setfit_only,,0.6631188
40216665,setfit_only,,0.6593546
40200282,linguistic_only,4.5,
36464731,linguistic_only,3.0,
37840988,linguistic_only,3.5,
40511584,setfit_only,,0.6629854
35760231,linguistic_only,4.0,
38627434,setfit_only,,0.70050365
37349483,setfit_only,,0.688349
39495786,setfit_only,,0.6211768
36005997,linguistic_only,3.5,
40265842,setfit_only,,0.7173838
38955126,setfit_only,,0.6741135
37480566,setfit_only,,0.65144944
40216696,setfit_only,,0.6471337
37922939,setfit_only,,0.6728443
36464767,linguistic_only,3.5,
36251776,linguistic_only,3.5,
37759106,linguistic_only,4.0,
40233091,linguistic_only,3.5,
38840452,setfit_only,,0.68974215
40626310,linguistic_only,5.0,
37791879,linguistic_only,4.0,
37972102,setfit_only,,0.72069013
37791883,linguistic_only,4.5,
35580044,linguistic_only,3.0,
37791884,linguistic_only,5.0,
37447820,setfit_only,,0.684641
35580047,linguistic_only,3.5,
37791887,linguistic_only,4.0,
40233101,setfit_only,,0.7226544
36350094,setfit_only,,0.6606854
39348378,setfit_only,,0.722867
35580059,linguistic_only,4.5,
39594139,setfit_only,,0.6114891
40380573,linguistic_only,3.5,
35285150,linguistic_only,3.5,
39250076,setfit_only,,0.7131477
37726365,setfit_only,,0.68771195
40528035,setfit_only,,0.62866426
38971557,linguistic_only,3.0,
36235429,setfit_only,,0.65769273
39708840,linguistic_only,3.5,
35580077,linguistic_only,3.0,
39774385,setfit_only,,0.6969883
39807156,setfit_only,,0.7142848
35350714,setfit_only,,0.72261375
38561979,setfit_only,,0.70989525
38824125,setfit_only,,0.721275
35907779,setfit_only,,0.6790758
37415108,linguistic_only,3.5,
38643910,linguistic_only,3.0,
38856904,setfit_only,,0.6842193
38660300,linguistic_only,3.5,
36776141,linguistic_only,3.0,
40577234,setfit_only,,0.68041503
40216786,setfit_only,,0.629987
40413396,setfit_only,,0.6495507
37464277,linguistic_only,3.0,
39135444,setfit_only,,0.6020218
37759191,setfit_only,,0.68305063
35891416,setfit_only,,0.6977182
38856921,setfit_only,,0.61515385
40216796,linguistic_only,3.0,
37464285,linguistic_only,3.0,
40495324,linguistic_only,4.5,
38250720,linguistic_only,4.5,
36759776,setfit_only,,0.6652242
37873890,setfit_only,,0.71106035
36710629,linguistic_only,3.0,
39528678,setfit_only,,0.69885427
40036585,linguistic_only,4.5,
39921902,linguistic_only,4.5,
35350773,linguistic_only,4.0,
39774456,setfit_only,,0.670151
36169978,linguistic_only,3.0,
40315130,linguistic_only,4.5,
39889147,setfit_only,,0.6458013
39266559,setfit_only,,0.6762226
38381824,setfit_only,,0.65746504
39446785,setfit_only,,0.6821952
36890882,linguistic_only,3.5,
38349059,setfit_only,,0.6460989
39430404,setfit_only,,0.7091949
36710661,linguistic_only,4.0,
40577285,setfit_only,,0.70576626
38168841,setfit_only,,0.70725125
39987466,linguistic_only,4.0,
40347915,setfit_only,,0.68708026
37595404,setfit_only,,0.6671945
36432139,setfit_only,,0.65294987
36792601,setfit_only,,0.7249286
36628764,setfit_only,,0.6389595
37431591,setfit_only,,0.7022273
38152493,setfit_only,,0.70389014
36399413,linguistic_only,3.5,
39119158,linguistic_only,3.0,
38791479,setfit_only,,0.70790356
37529914,setfit_only,,0.7014218
37038395,setfit_only,,0.6751381
40364349,setfit_only,,0.7042162
37529920,setfit_only,,0.71238
37415233,setfit_only,,0.6673917
39151939,setfit_only,,0.72245955
39840069,setfit_only,,0.60975325
40479047,setfit_only,,0.7023365
38349131,setfit_only,,0.6793633
39053644,setfit_only,,0.69188184
37841229,setfit_only,,0.69920486
37529934,linguistic_only,3.0,
39037262,linguistic_only,3.5,
35187026,linguistic_only,4.0,
37710163,linguistic_only,4.5,
40036690,linguistic_only,4.0,
39446867,setfit_only,,0.67314947
35957077,setfit_only,,0.69951785
40102232,setfit_only,,0.7056771
35154266,linguistic_only,3.0,
36399452,linguistic_only,4.0,
40216924,setfit_only,,0.655201
38054243,setfit_only,,0.70729357
38758760,setfit_only,,0.6732585
35678569,setfit_only,,0.64559937
40315246,linguistic_only,4.0,
36399478,linguistic_only,4.0,
35301752,linguistic_only,3.5,
37890424,linguistic_only,4.0,
37005691,linguistic_only,5.0,
39348603,setfit_only,,0.6239151
36399486,linguistic_only,4.5,
36399488,linguistic_only,4.0,
36170113,linguistic_only,4.0,
39905665,linguistic_only,4.0,
36170114,setfit_only,,0.6898404
40151429,linguistic_only,4.0,
34679174,linguistic_only,3.5,
36399495,linguistic_only,3.0,
36399496,linguistic_only,3.0,
36399497,linguistic_only,5.0,
36399494,setfit_only,,0.67150265
36399499,setfit_only,,0.71776503
36792716,setfit_only,,0.7012359
39774603,setfit_only,,0.6974448
36399502,linguistic_only,5.5,
36399503,setfit_only,,0.70381856
36399505,linguistic_only,3.5,
40036758,linguistic_only,3.0,
38087062,setfit_only,,0.6184418
37054878,linguistic_only,5.0,
40036767,linguistic_only,4.5,
37382560,linguistic_only,5.5,
37808543,setfit_only,,0.6095512
39102880,setfit_only,,0.6547336
39397792,setfit_only,,0.64706093
36039080,setfit_only,,0.6865537
40511914,setfit_only,,0.6182192
38971820,linguistic_only,4.5,
36530605,setfit_only,,0.6567391
37841327,linguistic_only,4.0,
38267314,linguistic_only,4.0,
37317043,linguistic_only,4.5,
35154359,setfit_only,,0.61377007
40118721,setfit_only,,0.6658137
35908040,setfit_only,,0.6638206
37251529,setfit_only,,0.7012427
36448715,linguistic_only,3.5,
38431179,linguistic_only,3.0,
36202960,setfit_only,,0.6392852
39627219,setfit_only,,0.7121006
37202393,setfit_only,,0.7177576
37202400,setfit_only,,0.7174101
35285473,linguistic_only,3.5,
38054369,linguistic_only,3.0,
37202401,setfit_only,,0.69983053
35858915,setfit_only,,0.65289336
35727840,setfit_only,,0.61518997
39479781,setfit_only,,0.7093254
40364522,setfit_only,,0.6731373
40036846,linguistic_only,4.0,
40511982,linguistic_only,3.5,
40167918,setfit_only,,0.63781697
35596782,setfit_only,,0.60406786
39414258,linguistic_only,4.0,
39578100,setfit_only,,0.65047723
36792822,setfit_only,,0.6844474
38742521,linguistic_only,3.5,
39627257,setfit_only,,0.7128925
40380921,setfit_only,,0.6903858
39741946,setfit_only,,0.6629184
38922750,setfit_only,,0.6114727
37612031,setfit_only,,0.6973999
38840833,linguistic_only,4.0,
38660610,linguistic_only,4.0,
35793413,setfit_only,,0.7142648
35531270,setfit_only,,0.67021513
36596235,setfit_only,,0.6108093
38758924,setfit_only,,0.72650015
35858958,setfit_only,,0.6901839
35858960,linguistic_only,3.0,
39234065,linguistic_only,3.0,
36416020,setfit_only,,0.63520724
40315414,setfit_only,,0.68075943
39332377,linguistic_only,3.0,
40315417,setfit_only,,0.67427164
38365724,linguistic_only,4.0,
35088925,setfit_only,,0.68792987
39201310,setfit_only,,0.7157241
38791714,setfit_only,,0.60752827
36088355,linguistic_only,3.5,
35531299,setfit_only,,0.7162285
39250469,setfit_only,,0.6227285
36350503,setfit_only,,0.6771378
34761257,linguistic_only,4.5,
38054441,linguistic_only,3.5,
39561770,setfit_only,,0.6113133
40217132,setfit_only,,0.70848274
36579886,linguistic_only,4.0,
36923950,setfit_only,,0.6997072
38906921,setfit_only,,0.6807075
39545396,linguistic_only,4.0,
35498549,linguistic_only,3.0,
37399096,linguistic_only,4.0,
40102456,setfit_only,,0.7030925
34761274,linguistic_only,4.0,
35318332,linguistic_only,4.0,
37399102,linguistic_only,5.5,
35809855,linguistic_only,3.0,
40184383,linguistic_only,3.5,
38709825,linguistic_only,4.0,
37956160,setfit_only,,0.69955504
40118852,setfit_only,,0.6821462
40102478,setfit_only,,0.7168617
36448847,setfit_only,,0.72708845
35138128,linguistic_only,5.0,
36137552,linguistic_only,3.0,
35891795,linguistic_only,5.0,
35891797,linguistic_only,4.0,
35957333,setfit_only,,0.6850165
38365784,setfit_only,,0.6238651
35072601,linguistic_only,4.5,
37726809,setfit_only,,0.68916
38840924,linguistic_only,3.5,
36055646,setfit_only,,0.6321819
38365793,setfit_only,,0.700494
35039845,linguistic_only,3.0,
40397417,setfit_only,,0.7179614
38742639,linguistic_only,3.5,
37530223,setfit_only,,0.7126265
38709873,linguistic_only,3.5,
39283314,linguistic_only,3.0,
40102511,setfit_only,,0.66562015
39348849,setfit_only,,0.6248878
38709877,linguistic_only,4.0,
40118902,setfit_only,,0.6873857
35662455,linguistic_only,4.5,
38709879,linguistic_only,4.5,
38988407,setfit_only,,0.67460024
35662458,linguistic_only,5.0,
35662459,linguistic_only,4.0,
39561848,setfit_only,,0.7206332
35662456,setfit_only,,0.62216866
35662462,linguistic_only,4.5,
35842686,setfit_only,,0.71193063
37202560,linguistic_only,3.0,
38709889,linguistic_only,4.5,
38333059,linguistic_only,3.0,
35662469,linguistic_only,3.5,
36203144,linguistic_only,3.5,
39922312,linguistic_only,3.0,
37104266,setfit_only,,0.67864096
36350608,linguistic_only,3.0,
39135888,linguistic_only,3.5,
36596370,linguistic_only,3.0,
39987858,setfit_only,,0.68331105
35859094,setfit_only,,0.61330295
36825752,setfit_only,,0.6881526
37890715,setfit_only,,0.6473598
36350625,linguistic_only,3.0,
36350627,linguistic_only,4.0,
38906534,setfit_only,,0.6696367
36350631,linguistic_only,4.5,
37956263,setfit_only,,0.6415087
40348330,linguistic_only,4.5,
36350638,linguistic_only,4.5,
37218990,linguistic_only,3.0,
36350640,setfit_only,,0.69011223
38267571,setfit_only,,0.68027884
36350644,linguistic_only,5.0,
39004851,setfit_only,,0.6742806
35842742,linguistic_only,4.5,
36350646,linguistic_only,4.5,
39660217,linguistic_only,3.5,
36219580,setfit_only,,0.70562637
35121854,setfit_only,,0.71766263
36416193,linguistic_only,3.5,
36350659,linguistic_only,5.0,
36694725,linguistic_only,3.0,
36350662,linguistic_only,5.0,
36350663,linguistic_only,4.0,
37497545,linguistic_only,3.5,
38759114,linguistic_only,4.0,
39512782,setfit_only,,0.71802825
36350671,linguistic_only,4.5,
36350672,setfit_only,,0.7169424
36350676,linguistic_only,3.0,
36350677,linguistic_only,5.0,
37956310,linguistic_only,3.0,
35416792,setfit_only,,0.6920124
37956313,linguistic_only,4.5,
39922392,setfit_only,,0.63289267
37956315,linguistic_only,3.5,
35007196,linguistic_only,3.0,
39840476,setfit_only,,0.68481505
35252958,setfit_only,,0.6727857
38529759,setfit_only,,0.71800303
37956324,linguistic_only,4.0,
36874981,linguistic_only,3.5,
36088548,setfit_only,,0.70082915
38365928,setfit_only,,0.6096707
39774953,setfit_only,,0.6775965
39676654,linguistic_only,4.5,
37956338,linguistic_only,4.5,
40184563,setfit_only,,0.7106786
40151796,setfit_only,,0.6285405
39283448,setfit_only,,0.7231604
38808315,linguistic_only,3.5,
36891388,setfit_only,,0.71546525
36973309,linguistic_only,4.0,
39693053,linguistic_only,4.0,
38038272,linguistic_only,4.5,
36629249,setfit_only,,0.70807415
36416261,linguistic_only,4.0,
36973320,setfit_only,,0.7114037
36416266,linguistic_only,3.5,
35695374,linguistic_only,3.5,
36416273,linguistic_only,5.0,
40233745,setfit_only,,0.7193954
40233746,setfit_only,,0.6181362
40102678,linguistic_only,3.5,
36334360,setfit_only,,0.66425335
36940568,setfit_only,,0.6034984
35908389,linguistic_only,4.0,
38644519,linguistic_only,5.5,
37612327,setfit_only,,0.6977555
40315689,setfit_only,,0.69823945
37481260,setfit_only,,0.7145719
35007277,setfit_only,,0.68662316
37612336,setfit_only,,0.6956989
38398771,setfit_only,,0.69224685
38812536,setfit_only,,0.694535
37464885,linguistic_only,3.0,
37956405,setfit_only,,0.69241846
36580150,setfit_only,,0.65296173
38054713,setfit_only,,0.6720861
36268860,linguistic_only,4.0,
39709504,setfit_only,,0.7044827
37530436,linguistic_only,4.0,
36268869,linguistic_only,4.0,
39709508,linguistic_only,3.0,
40217418,linguistic_only,3.0,
35695435,linguistic_only,4.5,
40446800,linguistic_only,3.0,
39709521,linguistic_only,3.0,
40135505,linguistic_only,3.0,
37333841,setfit_only,,0.7017701
39906132,linguistic_only,3.0,
36350801,setfit_only,,0.6804376
39955285,setfit_only,,0.6997737
39381845,setfit_only,,0.6902191
39742295,setfit_only,,0.6177254
38054745,setfit_only,,0.68195426
38300514,setfit_only,,0.69944024
38300515,setfit_only,,0.7006734
37333862,setfit_only,,0.7144105
33237866,linguistic_only,5.0,
37743473,linguistic_only,4.0,
37497716,setfit_only,,0.70898163
37415807,linguistic_only,3.5,
38775680,linguistic_only,4.0,
37497729,setfit_only,,0.6897792
36449155,setfit_only,,0.71865326
38431619,setfit_only,,0.63595
39086980,setfit_only,,0.62236583
39496583,setfit_only,,0.6158693
35859338,linguistic_only,4.5,
36875146,linguistic_only,3.5,
39283594,linguistic_only,4.0,
36449162,setfit_only,,0.61533535
36875148,setfit_only,,0.7031491
34614159,linguistic_only,4.0,
39955343,linguistic_only,4.0,
39988118,linguistic_only,4.5,
38808472,linguistic_only,4.0,
36400030,setfit_only,,0.70215255
40102814,setfit_only,,0.6794972
38939556,linguistic_only,4.0,
37858214,setfit_only,,0.6704274
39103399,setfit_only,,0.6443649
35711912,linguistic_only,3.5,
35482537,linguistic_only,4.0,
35974056,setfit_only,,0.6457862
35236776,setfit_only,,0.61518264
36809643,setfit_only,,0.6800689
35974061,linguistic_only,3.5,
39562160,linguistic_only,4.0,
38775729,linguistic_only,3.5,
40266673,setfit_only,,0.70870596
38071220,setfit_only,,0.69593525
36006843,linguistic_only,3.5,
36006844,linguistic_only,4.0,
39267259,linguistic_only,3.5,
38284225,linguistic_only,3.0,
38841284,linguistic_only,4.0,
37202885,linguistic_only,3.0,
40299468,setfit_only,,0.69091797
36367311,linguistic_only,4.5,
36367312,linguistic_only,3.0,
36367313,linguistic_only,4.0,
39578580,setfit_only,,0.71664035
39168987,setfit_only,,0.6795924
40250332,setfit_only,,0.72046274
36367334,setfit_only,,0.7060099
40479720,linguistic_only,3.0,
39496680,setfit_only,,0.62557036
40414187,setfit_only,,0.6293074
38267891,linguistic_only,4.0,
38431735,setfit_only,,0.710868
35924984,linguistic_only,3.5,
38104057,setfit_only,,0.70227623
38906878,setfit_only,,0.6641107
39316480,linguistic_only,3.0,
37645315,setfit_only,,0.7046708
39037960,linguistic_only,4.0,
38448141,linguistic_only,3.0,
38104077,setfit_only,,0.6759284
38956046,setfit_only,,0.65467936
38628370,linguistic_only,4.5,
39414803,linguistic_only,3.0,
39414802,setfit_only,,0.70292294
37448726,linguistic_only,4.0,
38726678,linguistic_only,3.0,
39119895,linguistic_only,4.5,
36678678,setfit_only,,0.6900657
38956054,setfit_only,,0.67565894
36318236,linguistic_only,4.5,
38431773,setfit_only,,0.63952494
36318239,linguistic_only,4.5,
36776991,linguistic_only,3.0,
38956063,setfit_only,,0.6767433
36318242,linguistic_only,5.0,
36318240,setfit_only,,0.71775436
39300129,setfit_only,,0.6534279
36318246,linguistic_only,4.5,
34941991,linguistic_only,4.5,
36318248,linguistic_only,3.5,
39971880,linguistic_only,3.0,
36318250,linguistic_only,5.0,
36318251,linguistic_only,4.0,
37907498,linguistic_only,4.5,
37874726,setfit_only,,0.7152544
39300134,setfit_only,,0.68460256
36318249,setfit_only,,0.71897125
36318256,linguistic_only,4.5,
36318257,linguistic_only,4.5,
36318258,linguistic_only,4.5,
37055538,linguistic_only,3.0,
36318260,linguistic_only,3.0,
36318261,linguistic_only,4.0,
39382066,linguistic_only,3.0,
40250417,linguistic_only,4.0,
38235185,setfit_only,,0.71252394
39414834,setfit_only,,0.7103384
38235186,setfit_only,,0.70745397
37923891,setfit_only,,0.6156543
36596792,setfit_only,,0.68548954
38579261,linguistic_only,3.5,
36678712,setfit_only,,0.6664629
38956094,setfit_only,,0.6593319
36138049,setfit_only,,0.6714751
35318851,setfit_only,,0.726341
39578692,linguistic_only,4.0,
40348739,setfit_only,,0.7084108
36809800,setfit_only,,0.71860546
39578697,linguistic_only,4.0,
40152137,setfit_only,,0.6739728
37547083,linguistic_only,5.5,
38956105,setfit_only,,0.6636718
36039757,linguistic_only,3.5,
40119373,linguistic_only,3.0,
36924495,linguistic_only,3.0,
39496781,setfit_only,,0.6636724
37284942,setfit_only,,0.6310471
39808083,setfit_only,,0.6310581
40348756,setfit_only,,0.7096484
39038042,setfit_only,,0.7131088
38071387,setfit_only,,0.60989547
38808672,setfit_only,,0.7116626
39758944,setfit_only,,0.6622877
38661218,linguistic_only,4.5,
40348768,setfit_only,,0.63114065
37907558,setfit_only,,0.6647181
39971943,setfit_only,,0.65430874
37743718,setfit_only,,0.60313183
40234091,linguistic_only,3.5,
38808697,setfit_only,,0.71928334
38907008,setfit_only,,0.68743163
36973698,linguistic_only,3.5,
38481028,linguistic_only,4.5,
39922822,linguistic_only,4.5,
36727945,linguistic_only,3.0,
35368074,setfit_only,,0.7064844
35368077,linguistic_only,4.0,
39971983,linguistic_only,3.0,
40037522,setfit_only,,0.722186
39857299,setfit_only,,0.7130583
39759003,setfit_only,,0.6417471
39103649,setfit_only,,0.6911076
37268643,linguistic_only,3.0,
39365797,linguistic_only,4.0,
40070311,setfit_only,,0.6212939
37448872,linguistic_only,4.0,
40037544,linguistic_only,3.5,
38890666,setfit_only,,0.7196033
36056235,linguistic_only,4.5,
37055660,linguistic_only,3.0,
39693482,setfit_only,,0.7066927
39972011,setfit_only,,0.66728866
40152239,linguistic_only,5.5,
37776561,linguistic_only,4.0,
38218937,linguistic_only,4.5,
35663034,setfit_only,,0.65615135
39546046,linguistic_only,4.0,
38284491,setfit_only,,0.6966029
40119500,setfit_only,,0.6559104
37268686,setfit_only,,0.6619961
38218959,linguistic_only,3.5,
38104272,setfit_only,,0.6979579
39283925,setfit_only,,0.7054581
40529110,setfit_only,,0.71232027
38923481,setfit_only,,0.68581694
36777178,linguistic_only,3.5,
35794144,setfit_only,,0.6798174
39333090,setfit_only,,0.69884807
35794151,linguistic_only,3.0,
39546087,linguistic_only,4.5,
40348905,setfit_only,,0.6835738
41004266,setfit_only,,0.7162747
39316715,linguistic_only,3.5,
35892461,setfit_only,,0.6097997
40037615,linguistic_only,4.0,
39972080,setfit_only,,0.6952973
39431411,linguistic_only,5.0,
36252922,setfit_only,,0.7155736
39169276,linguistic_only,3.5,
39333118,setfit_only,,0.6223169
39693568,linguistic_only,4.0,
39939330,setfit_only,,0.71356046
37874948,setfit_only,,0.7191254
35417349,setfit_only,,0.688575
35794183,setfit_only,,0.72236466
35417352,linguistic_only,3.5,
35007753,linguistic_only,5.0,
37268745,setfit_only,,0.6681359
40070411,setfit_only,,0.6926612
39824652,linguistic_only,3.5,
35106057,setfit_only,,0.6547788
39922957,setfit_only,,0.6517929
40316178,setfit_only,,0.6984384
37924118,linguistic_only,4.5,
37956888,linguistic_only,3.0,
35073313,linguistic_only,4.0,
40578340,linguistic_only,3.0,
38825257,linguistic_only,3.5,
39660842,linguistic_only,4.0,
36597033,setfit_only,,0.6356844
38235435,setfit_only,,0.7034009
35532083,linguistic_only,4.5,
37465397,linguistic_only,5.0,
35876159,linguistic_only,4.0,
34581824,linguistic_only,4.0,
39349569,setfit_only,,0.66468257
40545606,setfit_only,,0.62293434
40545607,linguistic_only,3.5,
40971591,linguistic_only,3.5,
40971592,setfit_only,,0.66966367
39562568,setfit_only,,0.65402365
34762062,linguistic_only,3.0,
40545618,setfit_only,,0.69648427
36384083,linguistic_only,3.0,
38366548,setfit_only,,0.6312542
34991446,linguistic_only,4.5,
34991450,linguistic_only,3.5,
34991454,linguistic_only,3.0,
37891423,linguistic_only,3.5,
37285215,setfit_only,,0.6854024
35351904,setfit_only,,0.6466719
35286371,setfit_only,,0.6839292
38497637,linguistic_only,3.5,
36154725,setfit_only,,0.6719977
36793705,setfit_only,,0.70103437
39497067,setfit_only,,0.687984
36662637,setfit_only,,0.6781554
35958127,setfit_only,,0.7172517
40070513,linguistic_only,3.0,
39497074,linguistic_only,4.5,
39316855,setfit_only,,0.6373174
36236664,setfit_only,,0.6614591
34991484,linguistic_only,5.0,
38022524,linguistic_only,4.5,
39611775,setfit_only,,0.70834506
37318015,setfit_only,,0.6230187
35614082,linguistic_only,4.0,
35941762,linguistic_only,3.0,
35319171,setfit_only,,0.62617004
40054149,setfit_only,,0.6156636
39447942,setfit_only,,0.69028884
39333256,setfit_only,,0.6557135
35417484,setfit_only,,0.6406245
40136077,setfit_only,,0.70515394
38038927,setfit_only,,0.7176567
37023121,setfit_only,,0.7024906
35696018,linguistic_only,4.0,
35614098,setfit_only,,0.64976037
35368340,linguistic_only,4.0,
39660955,setfit_only,,0.70451945
40037787,setfit_only,,0.67886376
36662691,linguistic_only,3.0,
35483044,setfit_only,,0.64095575
36760999,linguistic_only,3.5,
37891497,linguistic_only,3.5,
38710697,setfit_only,,0.7041102
39333289,setfit_only,,0.6796095
37105065,setfit_only,,0.60007215
36040109,linguistic_only,4.5,
39562668,setfit_only,,0.7237635
39415214,setfit_only,,0.67437035
40037809,linguistic_only,4.5,
35614129,setfit_only,,0.7250644
35351987,linguistic_only,3.0,
40349109,setfit_only,,0.7084688
36400569,linguistic_only,5.0,
37187003,setfit_only,,0.6887415
36564412,setfit_only,,0.7073412
39382461,linguistic_only,3.5,
36515263,linguistic_only,3.0,
37875136,linguistic_only,3.5,
38710720,setfit_only,,0.71881324
39579072,setfit_only,,0.67277735
37285317,linguistic_only,6.0,
35220933,setfit_only,,0.6466524
37727687,linguistic_only,3.0,
36892105,setfit_only,,0.6411049
39824846,linguistic_only,3.0,
35696079,linguistic_only,3.0,
40299983,linguistic_only,3.5,
36892110,setfit_only,,0.7058164
36253139,setfit_only,,0.70384693
38383060,linguistic_only,3.5,
36941275,linguistic_only,3.0,
38972891,setfit_only,,0.7201089
38940127,linguistic_only,4.0,
38137314,setfit_only,,0.67006415
40234468,setfit_only,,0.64646596
36646374,linguistic_only,5.0,
40234471,setfit_only,,0.68582624
40381929,setfit_only,,0.6364119
37563883,setfit_only,,0.7259396
38940141,linguistic_only,3.0,
36367858,setfit_only,,0.67637336
39349746,setfit_only,,0.6103716
38972916,setfit_only,,0.6907328
40234485,setfit_only,,0.6612705
38202870,linguistic_only,3.0,
37350907,linguistic_only,3.0,
39366143,setfit_only,,0.6663354
40234497,setfit_only,,0.6957542
35614210,linguistic_only,3.0,
38710786,setfit_only,,0.6991137
36892166,linguistic_only,3.0,
38940166,linguistic_only,3.0,
39546375,linguistic_only,5.0,
39546377,linguistic_only,4.0,
39546374,setfit_only,,0.7235979
38940171,setfit_only,,0.7082084
37137931,setfit_only,,0.6917078
37137934,linguistic_only,3.0,
38678031,setfit_only,,0.6646797
40414739,linguistic_only,4.0,
38940182,setfit_only,,0.70778555
39939607,setfit_only,,0.71662456
37596696,linguistic_only,3.0,
36564505,linguistic_only,3.0,
36761115,setfit_only,,0.6348984
38514204,setfit_only,,0.6668412
40381982,linguistic_only,4.5,
40381983,linguistic_only,4.0,
39333410,linguistic_only,3.0,
38268451,linguistic_only,3.5,
36335143,setfit_only,,0.7174102
38022697,setfit_only,,0.72220176
36367913,setfit_only,,0.6099937
37580331,linguistic_only,4.5,
40169010,setfit_only,,0.6200272
34991667,setfit_only,,0.71761423
38530613,linguistic_only,5.0,
39939638,setfit_only,,0.69205713
37891644,linguistic_only,3.5,
38776380,linguistic_only,3.5,
37203516,setfit_only,,0.69874066
38006335,linguistic_only,3.0,
37170752,linguistic_only,3.5,
38776381,setfit_only,,0.71992886
36466237,setfit_only,,0.7088273
39202371,linguistic_only,3.0,
37383745,setfit_only,,0.71006805
40234567,linguistic_only,3.0,
34762316,setfit_only,,0.6908815
39874126,linguistic_only,4.0,
35139152,linguistic_only,4.5,
38366803,linguistic_only,3.5,
35253844,linguistic_only,4.5,
36695636,setfit_only,,0.7160852
39546454,setfit_only,,0.6752893
39611991,setfit_only,,0.71648055
35515989,setfit_only,,0.64739645
37383766,setfit_only,,0.62707436
39333468,setfit_only,,0.6790582
35712605,setfit_only,,0.6948038
39775838,setfit_only,,0.71100503
40316510,setfit_only,,0.666476
39677536,linguistic_only,4.5,
40496736,linguistic_only,3.5,
40316513,setfit_only,,0.68989414
40496738,setfit_only,,0.7075976
39808611,setfit_only,,0.66589725
35090020,setfit_only,,0.7147139
36892262,setfit_only,,0.7130443
39202407,setfit_only,,0.706301
40496743,setfit_only,,0.70483077
38743660,setfit_only,,0.72098535
35958380,setfit_only,,0.6428311
38776430,setfit_only,,0.7019183
40496751,linguistic_only,3.0,
37629552,setfit_only,,0.6272118
37678708,linguistic_only,5.0,
40447606,setfit_only,,0.6707788
37039735,linguistic_only,3.0,
39530103,setfit_only,,0.65605277
37203577,linguistic_only,3.0,
36073082,setfit_only,,0.69078153
38923903,linguistic_only,3.0,
35761793,linguistic_only,3.5,
37203586,setfit_only,,0.71774244
39333508,setfit_only,,0.71147805
38907525,setfit_only,,0.6888686
39874183,setfit_only,,0.63681656
37957256,linguistic_only,3.0,
38284937,linguistic_only,3.5,
37301898,setfit_only,,0.6754728
40447627,linguistic_only,3.0,
35810958,linguistic_only,3.5,
37596815,setfit_only,,0.72486895
37940882,linguistic_only,4.0,
35303059,linguistic_only,3.0,
36499090,setfit_only,,0.631324
40021658,setfit_only,,0.7153493
39251610,setfit_only,,0.715059
40316571,setfit_only,,0.70220745
40087197,linguistic_only,3.5,
38317726,setfit_only,,0.65947574
35040929,linguistic_only,3.0,
39333537,setfit_only,,0.6727889
37531298,setfit_only,,0.67017543
35040932,linguistic_only,4.0,
37432995,setfit_only,,0.6353754
40447652,setfit_only,,0.6257865
37957291,linguistic_only,3.0,
37498545,setfit_only,,0.70712364
40316599,setfit_only,,0.69983566
40349368,linguistic_only,3.0,
35548855,setfit_only,,0.6798681
40103610,linguistic_only,4.5,
39251640,setfit_only,,0.6634565
40021691,setfit_only,,0.700834
38153911,setfit_only,,0.61066157
37498561,linguistic_only,4.0,
36499138,setfit_only,,0.71636385
37367491,linguistic_only,3.5,
40021698,setfit_only,,0.688194
39235268,setfit_only,,0.6843307
36105922,setfit_only,,0.6455325
36744907,linguistic_only,4.0,
39939790,setfit_only,,0.7150557
39251662,setfit_only,,0.63990325
38596315,linguistic_only,4.5,
39546588,setfit_only,,0.7082638
35368672,linguistic_only,3.5,
39710433,setfit_only,,0.7167614
39530217,linguistic_only,3.0,
37220074,setfit_only,,0.7198873
39530220,linguistic_only,3.5,
35286768,linguistic_only,3.5,
39530225,setfit_only,,0.6785178
35434225,setfit_only,,0.63528633
35401459,linguistic_only,3.0,
37449459,linguistic_only,3.0,
37596918,linguistic_only,3.5,
36433655,setfit_only,,0.7093272
39530233,linguistic_only,4.0,
39530236,linguistic_only,3.5,
39530237,setfit_only,,0.7026774
39530240,linguistic_only,3.5,
39005953,linguistic_only,4.0,
39530242,linguistic_only,4.0,
34598657,setfit_only,,0.6250834
39333635,setfit_only,,0.6892373
39120645,linguistic_only,3.5,
39546630,linguistic_only,4.5,
39546631,linguistic_only,4.0,
36171524,setfit_only,,0.7160176
38416134,setfit_only,,0.66940975
35385099,linguistic_only,3.0,
38629131,linguistic_only,3.0,
35729164,setfit_only,,0.67468864
40513293,setfit_only,,0.6871122
35729167,linguistic_only,3.0,
37220112,setfit_only,,0.6835492
35286803,linguistic_only,3.0,
39989012,setfit_only,,0.7004249
40251157,linguistic_only,4.0,
40464151,setfit_only,,0.66560256
39104285,setfit_only,,0.72351676
34991903,setfit_only,,0.7176384
36548389,linguistic_only,5.5,
39317289,setfit_only,,0.6280009
35614512,setfit_only,,0.63441515
36941620,linguistic_only,3.0,
35925813,setfit_only,,0.6607457
38924085,setfit_only,,0.61335856
39563064,setfit_only,,0.7064729
36941625,linguistic_only,3.0,
40251192,setfit_only,,0.6613739
35893052,setfit_only,,0.7026458
37465917,linguistic_only,4.0,
38629186,linguistic_only,4.5,
36499269,linguistic_only,3.0,
36482886,setfit_only,,0.7010181
36941644,linguistic_only,3.0,
35778384,linguistic_only,4.0,
40103760,setfit_only,,0.7145626
39628627,linguistic_only,3.0,
40185683,setfit_only,,0.6457058
35221333,linguistic_only,3.5,
35073880,linguistic_only,3.0,
36941659,linguistic_only,3.0,
37973853,setfit_only,,0.68508345
36941668,linguistic_only,3.0,
39890791,linguistic_only,3.0,
34500458,linguistic_only,4.5,
35401578,linguistic_only,3.5,
34500460,linguistic_only,4.5,
38580076,linguistic_only,5.0,
34500462,linguistic_only,4.5,
36286319,linguistic_only,4.0,
36941681,linguistic_only,3.0,
37056370,setfit_only,,0.66028273
38678388,linguistic_only,3.0,
40677242,linguistic_only,4.0,
40202108,linguistic_only,3.5,
36941694,linguistic_only,3.0,
38449024,linguistic_only,4.5,
34844546,setfit_only,,0.7196585
40677252,linguistic_only,3.0,
37941124,setfit_only,,0.72041214
39956358,linguistic_only,4.0,
36155273,setfit_only,,0.71097577
39890826,setfit_only,,0.7103779
40185740,setfit_only,,0.6781395
37154702,linguistic_only,6.0,
36941711,linguistic_only,3.0,
40382353,setfit_only,,0.7208301
37941138,setfit_only,,0.7050227
39890834,setfit_only,,0.6564054
37236629,linguistic_only,4.5,
37941143,linguistic_only,4.0,
38055832,linguistic_only,3.0,
40382360,linguistic_only,3.0,
36941722,linguistic_only,3.0,
37941147,linguistic_only,4.0,
37941148,linguistic_only,5.0,
35729305,setfit_only,,0.6420226
37990302,linguistic_only,3.5,
40382363,setfit_only,,0.7139856
39137184,linguistic_only,3.0,
36941729,linguistic_only,3.0,
37941154,linguistic_only,4.0,
35450779,setfit_only,,0.61969894
38236062,setfit_only,,0.6655317
36761503,setfit_only,,0.6577955
38055839,setfit_only,,0.64116323
40038306,setfit_only,,0.68010694
35188644,setfit_only,,0.6879089
34647978,linguistic_only,4.0,
40021934,setfit_only,,0.69422895
35401651,setfit_only,,0.6108814
40038324,setfit_only,,0.69749504
36351928,linguistic_only,3.5,
40038328,setfit_only,,0.6942928
38973368,setfit_only,,0.6388162
36630461,linguistic_only,4.0,
37236669,setfit_only,,0.61678994
38760382,setfit_only,,0.7202732
38481855,setfit_only,,0.6386515
36351936,setfit_only,,0.7138916
39399372,linguistic_only,3.0,
38547405,linguistic_only,5.0,
35057621,linguistic_only,4.0,
36220886,linguistic_only,3.5,
40071125,linguistic_only,3.0,
37433304,linguistic_only,3.5,
34648021,setfit_only,,0.67265457
39333850,linguistic_only,3.5,
37859287,setfit_only,,0.68836635
39776220,linguistic_only,4.0,
39038936,setfit_only,,0.70144045
38301657,setfit_only,,0.71741235
34648031,linguistic_only,4.5,
35024864,linguistic_only,4.5,
36270040,setfit_only,,0.69604236
36761561,setfit_only,,0.6845238
36351966,setfit_only,,0.7152177
40382431,setfit_only,,0.65091276
38514661,linguistic_only,3.0,
39776224,setfit_only,,0.64889616
39989223,linguistic_only,4.5,
38842342,setfit_only,,0.67135936
38760422,setfit_only,,0.6416838
38055914,setfit_only,,0.6185417
40234988,linguistic_only,3.5,
36614124,setfit_only,,0.608438
38383597,setfit_only,,0.66077596
39120880,linguistic_only,3.0,
38907890,linguistic_only,3.0,
37531635,linguistic_only,4.5,
38907897,linguistic_only,3.0,
34893819,linguistic_only,4.5,
38383611,setfit_only,,0.67170894
38531069,linguistic_only,4.0,
36581374,linguistic_only,3.5,
38907901,linguistic_only,4.0,
40382465,setfit_only,,0.6656646
38514693,linguistic_only,3.0,
38072328,setfit_only,,0.61193836
36401161,setfit_only,,0.6959947
39563275,linguistic_only,3.5,
36483087,linguistic_only,3.0,
40087567,linguistic_only,3.5,
36073491,linguistic_only,6.0,
39841812,setfit_only,,0.7130986
40513557,setfit_only,,0.7001494
37072921,setfit_only,,0.7117028
36761627,linguistic_only,3.0,
40054813,linguistic_only,4.5,
40202271,setfit_only,,0.6630918
36139041,setfit_only,,0.7026135
38236197,setfit_only,,0.710136
39448614,linguistic_only,3.0,
39874598,linguistic_only,3.0,
40513574,setfit_only,,0.6189956
38662184,setfit_only,,0.62778276
38875181,linguistic_only,4.0,
39596077,setfit_only,,0.65552384
39448623,linguistic_only,3.0,
40185904,linguistic_only,5.0,
34893873,linguistic_only,5.0,
36433966,setfit_only,,0.7017315
39661617,setfit_only,,0.6488462
38498357,linguistic_only,3.5,
38137911,setfit_only,,0.69890773
37777465,setfit_only,,0.66705304
36761658,linguistic_only,3.0,
36728891,linguistic_only,4.0,
37974076,setfit_only,,0.674554
37974081,linguistic_only,4.0,
40153158,setfit_only,,0.6787059
35418183,setfit_only,,0.70137274
36433993,linguistic_only,4.0,
38711369,linguistic_only,4.0,
37498959,setfit_only,,0.7096968
38907989,linguistic_only,3.5,
36040790,linguistic_only,3.0,
35762265,linguistic_only,4.5,
39186522,setfit_only,,0.67634374
36761695,setfit_only,,0.703275
37023843,linguistic_only,3.0,
39530598,setfit_only,,0.71447706
36991084,setfit_only,,0.70223224
39039085,setfit_only,,0.7021623
39448688,setfit_only,,0.6499177
35876977,linguistic_only,5.0,
38252659,setfit_only,,0.70280147
37482620,setfit_only,,0.7172327
36483202,linguistic_only,5.0,
38383746,setfit_only,,0.69798905
38105227,setfit_only,,0.6750588
38449296,setfit_only,,0.72547174
36515985,linguistic_only,4.0,
39973009,linguistic_only,3.0,
40169619,setfit_only,,0.67140615
39579797,setfit_only,,0.68627274
39415960,setfit_only,,0.71561456
36401306,linguistic_only,3.0,
36532379,linguistic_only,3.0,
37449883,linguistic_only,4.0,
35303580,setfit_only,,0.7156248
37843103,linguistic_only,5.0,
40661153,setfit_only,,0.7204215
39415970,setfit_only,,0.6952685
40169636,setfit_only,,0.6498108
36401317,linguistic_only,5.5,
37810343,linguistic_only,3.5,
36630702,linguistic_only,3.5,
37843123,linguistic_only,4.5,
36057267,setfit_only,,0.6701622
36925620,setfit_only,,0.6757817
38875326,setfit_only,,0.6183515
40169663,linguistic_only,4.0,
40169667,setfit_only,,0.63203293
38088904,linguistic_only,3.5,
37941450,setfit_only,,0.71547854
40169679,linguistic_only,3.0,
37843152,linguistic_only,4.5,
38695120,linguistic_only,3.0,
39563471,setfit_only,,0.6856784
34664659,setfit_only,,0.69088334
34664660,linguistic_only,3.5,
38367445,linguistic_only,3.5,
37843156,setfit_only,,0.72479224
37925080,linguistic_only,3.0,
34664666,linguistic_only,4.0,
39874782,linguistic_only,5.0,
34664671,linguistic_only,4.0,
34664670,setfit_only,,0.70815367
39071967,setfit_only,,0.71121746
35909855,setfit_only,,0.6915847
39071970,setfit_only,,0.7187069
38924517,linguistic_only,4.5,
39399658,setfit_only,,0.6636462
40481004,setfit_only,,0.6815831
36761837,linguistic_only,3.5,
36499696,linguistic_only,3.0,
37236982,setfit_only,,0.6164015
37236985,setfit_only,,0.6967445
34320637,linguistic_only,5.0,
38203654,linguistic_only,3.0,
38760710,setfit_only,,0.67637444
35385607,setfit_only,,0.6323349
39186704,setfit_only,,0.62994015
40481042,linguistic_only,3.0,
39219476,linguistic_only,3.0,
36385044,setfit_only,,0.70464706
35565847,setfit_only,,0.63735914
35221786,setfit_only,,0.6495015
37253405,linguistic_only,4.0,
38711584,linguistic_only,3.0,
36516131,setfit_only,,0.6728337
39792931,setfit_only,,0.6303766
35631398,setfit_only,,0.66186404
38809899,linguistic_only,3.5,
38351149,setfit_only,,0.7189967
40251693,setfit_only,,0.67307305
39514415,linguistic_only,4.0,
37105968,setfit_only,,0.6688512
39432499,setfit_only,,0.630143
36565302,linguistic_only,3.5,
39956802,setfit_only,,0.6792977
37859652,linguistic_only,3.5,
37237065,linguistic_only,3.0,
39956811,setfit_only,,0.6831327
38613325,linguistic_only,3.5,
39809358,linguistic_only,4.0,
36073806,setfit_only,,0.71180284
39956814,setfit_only,,0.7075324
37040463,setfit_only,,0.643492
39366993,setfit_only,,0.71015173
37269845,linguistic_only,3.5,
38957398,linguistic_only,3.0,
37843286,setfit_only,,0.6525441
39268697,setfit_only,,0.6163995
36598107,setfit_only,,0.71657014
37351774,linguistic_only,4.0,
37925214,setfit_only,,0.6373774
36548962,linguistic_only,4.0,
35664227,linguistic_only,4.0,
38351208,linguistic_only,3.0,
35172714,setfit_only,,0.7108991
39154027,linguistic_only,4.5,
38515052,setfit_only,,0.71374047
36991341,linguistic_only,4.5,
38400367,setfit_only,,0.7040429
39154033,setfit_only,,0.6990902
38285683,setfit_only,,0.6641169
39858555,setfit_only,,0.68925893
39334272,setfit_only,,0.70385826
35533187,linguistic_only,3.5,
38367620,linguistic_only,3.0,
39154051,setfit_only,,0.7082436
36696455,setfit_only,,0.64449406
36745610,setfit_only,,0.713666
35189131,linguistic_only,4.5,
38957452,setfit_only,,0.63043475
38793613,setfit_only,,0.6427855
36680080,linguistic_only,3.0,
38613393,linguistic_only,4.5,
39891346,linguistic_only,3.0,
39891350,linguistic_only,5.0,
37941657,linguistic_only,3.5,
38416793,linguistic_only,3.0,
36712859,setfit_only,,0.7066395
39154076,setfit_only,,0.71173567
37794208,setfit_only,,0.7009049
37499296,setfit_only,,0.6366091
39088548,setfit_only,,0.6642479
35352997,linguistic_only,4.0,
38662570,linguistic_only,5.5,
40087979,linguistic_only,3.0,
37499306,setfit_only,,0.6074379
37122476,setfit_only,,0.66290885
39465390,linguistic_only,3.5,
37450157,setfit_only,,0.67959577
37401008,linguistic_only,3.5,
37695921,linguistic_only,4.5,
36385198,setfit_only,,0.70421386
37450161,setfit_only,,0.72920775
37450164,setfit_only,,0.7232129
40251829,linguistic_only,3.5,
37450167,setfit_only,,0.7220135
38941113,linguistic_only,3.0,
35238331,linguistic_only,4.0,
40415679,linguistic_only,3.0,
40268234,linguistic_only,4.0,
40268235,linguistic_only,5.0,
38498764,linguistic_only,3.0,
39383500,setfit_only,,0.6784022
40399309,setfit_only,,0.6837588
39039439,setfit_only,,0.7166601
38711760,linguistic_only,5.0,
36254161,linguistic_only,4.0,
39514576,setfit_only,,0.68327063
35664339,linguistic_only,3.5,
39907792,setfit_only,,0.6677854
40399316,setfit_only,,0.6308259
39891408,setfit_only,,0.6122854
39858647,setfit_only,,0.6558197
37204441,linguistic_only,3.0,
39432666,linguistic_only,4.0,
35713500,linguistic_only,4.5,
36008415,setfit_only,,0.6663844
39694816,setfit_only,,0.6394083
40399336,linguistic_only,3.0,
35713513,linguistic_only,4.0,
38040041,setfit_only,,0.69169015
37450220,setfit_only,,0.6158071
36794865,setfit_only,,0.71596193
40448503,linguistic_only,3.5,
38810104,linguistic_only,3.5,
36450810,setfit_only,,0.6734926
37548539,setfit_only,,0.6735824
38384129,setfit_only,,0.6490035
39219717,linguistic_only,4.5,
34664973,setfit_only,,0.6703577
38531599,linguistic_only,4.5,
36696595,linguistic_only,4.5,
39498263,setfit_only,,0.6920275
36352543,linguistic_only,3.0,
38498847,linguistic_only,4.0,
40055329,linguistic_only,3.0,
34894367,setfit_only,,0.6386891
40563233,setfit_only,,0.677711
40055331,setfit_only,,0.71054757
39105062,linguistic_only,3.0,
40481322,setfit_only,,0.6917478
37319212,linguistic_only,3.0,
37614126,setfit_only,,0.673246
37450287,linguistic_only,3.0,
40186419,linguistic_only,4.5,
38023732,setfit_only,,0.6009967
36549175,linguistic_only,4.5,
36975161,setfit_only,,0.62631595
36057659,setfit_only,,0.67224145
35451453,linguistic_only,4.0,
35418686,linguistic_only,3.0,
38842945,linguistic_only,5.0,
36598340,linguistic_only,3.5,
39924294,linguistic_only,4.5,
39285319,linguistic_only,3.5,
35910215,setfit_only,,0.63648844
38564425,linguistic_only,4.5,
37483082,linguistic_only,3.5,
36549193,setfit_only,,0.6617999
38564426,setfit_only,,0.72084
37352010,setfit_only,,0.6722628
40006225,setfit_only,,0.6650265
37646933,setfit_only,,0.7158942
37646935,linguistic_only,3.5,
37646936,linguistic_only,4.5,
37646937,linguistic_only,4.0,
39285337,setfit_only,,0.6999449
37646939,linguistic_only,3.0,
37646940,setfit_only,,0.71177965
37646941,linguistic_only,3.0,
40677986,linguistic_only,3.0,
37646946,setfit_only,,0.6927398
37646947,setfit_only,,0.69416887
37646949,linguistic_only,4.0,
37646950,linguistic_only,3.0,
37548643,setfit_only,,0.6772164
37384809,linguistic_only,3.5,
40546922,linguistic_only,3.5,
37401199,setfit_only,,0.7160363
39137905,setfit_only,,0.69531626
39137906,linguistic_only,4.0,
35762804,linguistic_only,3.0,
37253748,linguistic_only,3.0,
38728310,linguistic_only,3.5,
40170100,linguistic_only,3.5,
35680885,setfit_only,,0.7005522
38941305,setfit_only,,0.69639057
37925500,setfit_only,,0.670424
37876351,linguistic_only,4.5,
36795011,setfit_only,,0.68964756
37171844,linguistic_only,4.0,
36532870,linguistic_only,3.0,
37171846,setfit_only,,0.6751021
39318152,linguistic_only,4.0,
39432839,setfit_only,,0.6619011
35369609,setfit_only,,0.6978803
40366732,linguistic_only,3.0,
40366734,linguistic_only,4.0,
38236818,linguistic_only,3.5,
35680916,linguistic_only,3.0,
38679191,setfit_only,,0.70364076
38335132,setfit_only,,0.67197347
35484318,setfit_only,,0.6406198
35680932,setfit_only,,0.600946
37237416,linguistic_only,3.0,
38580907,linguistic_only,4.5,
37139115,setfit_only,,0.6819611
35779245,linguistic_only,4.5,
37778093,linguistic_only,3.0,
37450416,linguistic_only,5.0,
37221042,linguistic_only,3.5,
37221043,linguistic_only,4.5,
37581491,linguistic_only,3.5,
37368501,setfit_only,,0.67818344
40170166,linguistic_only,3.0,
40235703,setfit_only,,0.7055345
37171896,linguistic_only,5.5,
40235705,setfit_only,,0.6296769
38007482,linguistic_only,3.0,
37171899,linguistic_only,4.0,
35680954,setfit_only,,0.69602954
37712571,setfit_only,,0.6403067
38580921,setfit_only,,0.615571
37106367,linguistic_only,4.0,
36123328,linguistic_only,3.0,
38793917,setfit_only,,0.6969461
38646468,linguistic_only,3.5,
35549894,linguistic_only,4.5,
36008656,setfit_only,,0.70202476
40317650,linguistic_only,4.0,
35435220,linguistic_only,5.0,
35254998,linguistic_only,4.5,
36598488,setfit_only,,0.6783111
37712601,linguistic_only,3.0,
39514846,setfit_only,,0.68587977
35713762,linguistic_only,4.0,
35844834,linguistic_only,4.0,
35353316,linguistic_only,3.0,
39809764,linguistic_only,3.0,
36598498,setfit_only,,0.66837895
35582691,setfit_only,,0.6669684
38236904,setfit_only,,0.7201939
36598505,setfit_only,,0.72121817
40366826,linguistic_only,3.0,
36713195,linguistic_only,4.0,
39203562,setfit_only,,0.68116736
39809771,setfit_only,,0.6759845
37024499,setfit_only,,0.6935546
39498484,linguistic_only,3.0,
39809781,setfit_only,,0.70275354
35386103,linguistic_only,3.5,
39498488,linguistic_only,5.5,
38335225,linguistic_only,3.5,
39809785,setfit_only,,0.6367463
39498494,linguistic_only,5.0,
39498498,linguistic_only,3.5,
35025668,setfit_only,,0.6785256
37778181,setfit_only,,0.6583449
38941446,setfit_only,,0.6299049
37860104,linguistic_only,5.5,
38744841,setfit_only,,0.6941794
37024526,setfit_only,,0.71714914
38335248,linguistic_only,4.5,
39908113,setfit_only,,0.7106467
39367444,setfit_only,,0.63548595
35058454,setfit_only,,0.62229234
39351064,linguistic_only,4.5,
39580441,setfit_only,,0.7075562
35058458,setfit_only,,0.67468345
40579867,linguistic_only,4.0,
36451097,setfit_only,,0.61564535
36320030,linguistic_only,3.0,
36418335,linguistic_only,4.0,
35599136,linguistic_only,3.0,
35058462,setfit_only,,0.718762
38302497,setfit_only,,0.7058886
39695137,setfit_only,,0.67796135
40301348,linguistic_only,3.0,
35664677,linguistic_only,4.0,
39252774,linguistic_only,3.0,
39695140,setfit_only,,0.7126199
38548261,setfit_only,,0.7055558
35058469,setfit_only,,0.68065083
39252775,setfit_only,,0.7131253
36746023,setfit_only,,0.69068724
38744868,setfit_only,,0.6485582
39695146,setfit_only,,0.7160325
37761836,setfit_only,,0.649519
40399664,linguistic_only,3.0,
35058481,setfit_only,,0.607698
36287286,linguistic_only,4.5,
38744887,setfit_only,,0.70176584
37352252,linguistic_only,3.0,
40514368,setfit_only,,0.69569844
38613826,linguistic_only,4.0,
40514370,setfit_only,,0.7252781
38925123,setfit_only,,0.61876035
40301380,setfit_only,,0.66129667
37991246,linguistic_only,3.5,
38335311,linguistic_only,3.5,
37368656,linguistic_only,3.5,
39416656,linguistic_only,5.5,
40710990,linguistic_only,3.0,
39924558,setfit_only,,0.68740803
36696912,setfit_only,,0.6478439
40203090,setfit_only,,0.71587217
39875411,setfit_only,,0.7070669
39875412,setfit_only,,0.71104187
36074326,setfit_only,,0.68127805
39695186,setfit_only,,0.6749882
39695196,setfit_only,,0.67992806
38843230,linguistic_only,4.5,
39351134,linguistic_only,3.0,
38237024,linguistic_only,3.0,
38220642,setfit_only,,0.6795234
38957923,setfit_only,,0.6279147
35058533,linguistic_only,3.0,
36402024,setfit_only,,0.66235465
38302570,setfit_only,,0.6900937
35500907,linguistic_only,3.0,
36762475,setfit_only,,0.68856645
37417838,setfit_only,,0.6164388
36402034,linguistic_only,3.0,
38220658,setfit_only,,0.61888367
40121204,setfit_only,,0.6286573
39695222,setfit_only,,0.65395194
36467575,linguistic_only,4.0,
38663031,setfit_only,,0.68813485
36008829,linguistic_only,3.0,
36467581,linguistic_only,5.0,
37221245,setfit_only,,0.71671456
38613887,setfit_only,,0.72159517
37581698,setfit_only,,0.71388423
39695236,linguistic_only,3.0,
35877764,setfit_only,,0.72095525
39695240,setfit_only,,0.6374525
37024650,linguistic_only,3.0,
39662474,linguistic_only,3.5,
40383374,setfit_only,,0.7011068
39908239,linguistic_only,3.5,
35484563,setfit_only,,0.72755986
39695251,setfit_only,,0.70224744
36270998,linguistic_only,3.0,
36533143,linguistic_only,3.5,
39695257,setfit_only,,0.7095787
39547804,setfit_only,,0.6946825
37254048,linguistic_only,4.0,
38155169,setfit_only,,0.6529788
35386279,setfit_only,,0.6973462
39793579,linguistic_only,3.5,
37254060,linguistic_only,4.5,
39138221,setfit_only,,0.72516793
37647277,setfit_only,,0.6693482
38843311,linguistic_only,4.0,
35402671,setfit_only,,0.6945056
36631474,setfit_only,,0.6162128
37647283,setfit_only,,0.69376713
38532024,linguistic_only,3.0,
36090812,linguistic_only,3.5,
34534336,linguistic_only,3.0,
40580034,setfit_only,,0.61109453
40367044,linguistic_only,3.0,
34534340,linguistic_only,3.0,
37811141,linguistic_only,3.5,
38204359,linguistic_only,4.5,
38204360,linguistic_only,5.0,
35861448,setfit_only,,0.69194746
35124170,linguistic_only,5.0,
39695306,setfit_only,,0.6620587
38876107,setfit_only,,0.6215375
34534350,linguistic_only,5.5,
36549590,linguistic_only,3.0,
37204950,linguistic_only,3.5,
37647318,setfit_only,,0.6999422
38253529,linguistic_only,3.0,
39646166,setfit_only,,0.67452025
37221343,linguistic_only,4.0,
38253535,setfit_only,,0.64632946
38597606,setfit_only,,0.72046274
36123626,linguistic_only,3.0,
37499897,linguistic_only,4.5,
35910653,linguistic_only,3.5,
37270525,linguistic_only,3.5,
40301568,linguistic_only,3.5,
36467714,setfit_only,,0.6543373
38319109,linguistic_only,4.0,
39253011,setfit_only,,0.7254673
36959253,setfit_only,,0.6379608
35157015,linguistic_only,4.0,
37925911,linguistic_only,4.5,
38745111,linguistic_only,3.0,
40514586,setfit_only,,0.6896465
38761499,linguistic_only,3.5,
36779038,linguistic_only,3.5,
35697698,linguistic_only,4.5,
36582435,linguistic_only,3.5,
37041187,setfit_only,,0.701881
38990885,linguistic_only,4.0,
35353641,setfit_only,,0.6510279
40514603,linguistic_only,3.0,
40645675,setfit_only,,0.6972089
36959280,setfit_only,,0.67933834
39121968,setfit_only,,0.6287144
34927666,linguistic_only,4.0,
35746868,setfit_only,,0.60440713
36369464,setfit_only,,0.6817628
34927675,linguistic_only,3.5,
40301633,setfit_only,,0.6099885
35124290,linguistic_only,3.5,
39253058,linguistic_only,4.5,
36107335,setfit_only,,0.69564915
37467208,linguistic_only,3.5,
37680201,setfit_only,,0.71264184
34747466,linguistic_only,4.0,
37876810,linguistic_only,3.0,
35025997,linguistic_only,6.0,
34747470,linguistic_only,4.0,
38614094,linguistic_only,3.0,
41022541,setfit_only,,0.6777332
34747477,linguistic_only,4.5,
40055894,linguistic_only,3.0,
34747480,linguistic_only,4.5,
36058206,linguistic_only,3.0,
34747489,linguistic_only,4.5,
37139553,linguistic_only,3.5,
40399973,linguistic_only,3.5,
37549162,linguistic_only,4.0,
36828269,linguistic_only,4.5,
37385326,setfit_only,,0.6942035
38581360,linguistic_only,3.0,
39466099,setfit_only,,0.6053253
35337333,linguistic_only,3.0,
38909049,linguistic_only,3.0,
40367230,setfit_only,,0.65634114
38909057,setfit_only,,0.6963291
35337346,linguistic_only,3.0,
37205123,linguistic_only,4.0,
37270659,linguistic_only,3.0,
40268934,setfit_only,,0.62131166
35337352,linguistic_only,3.0,
35337353,linguistic_only,3.0,
38040713,linguistic_only,3.0,
35337355,linguistic_only,3.0,
40514699,linguistic_only,3.5,
35337357,linguistic_only,3.0,
35337358,linguistic_only,3.5,
35337359,linguistic_only,3.0,
40268945,setfit_only,,0.69133955
40301713,setfit_only,,0.6822782
35337363,linguistic_only,3.0,
36910227,setfit_only,,0.6197293
34403477,linguistic_only,4.5,
35337366,linguistic_only,3.0,
38384789,linguistic_only,3.5,
38040725,setfit_only,,0.6745941
35173525,setfit_only,,0.6085676
40268957,setfit_only,,0.7244515
40121504,setfit_only,,0.6844812
38565025,setfit_only,,0.66526324
40268962,setfit_only,,0.6987023
38302883,setfit_only,,0.61817193
36877476,setfit_only,,0.65248734
40023203,setfit_only,,0.6120359
36091046,linguistic_only,5.5,
38581418,setfit_only,,0.7047441
38581420,linguistic_only,3.5,
39842990,linguistic_only,5.0,
38581422,setfit_only,,0.692696
37123247,setfit_only,,0.66085327
38679729,linguistic_only,3.0,
40268979,setfit_only,,0.6836028
38745271,linguistic_only,3.5,
39646391,setfit_only,,0.68581814
38319296,linguistic_only,3.0,
39548096,setfit_only,,0.6914024
40121539,setfit_only,,0.6940529
37532867,setfit_only,,0.68173164
36074693,setfit_only,,0.65078235
38794438,setfit_only,,0.62392974
38532295,linguistic_only,3.5,
38532297,linguistic_only,4.0,
35370187,linguistic_only,3.0,
39482572,linguistic_only,4.0,
35894475,setfit_only,,0.71762985
36861131,setfit_only,,0.68684375
38630609,setfit_only,,0.7183146
36156625,setfit_only,,0.6717902
39138517,setfit_only,,0.72280157
38630617,setfit_only,,0.71940076
39548122,setfit_only,,0.6721318
38532317,linguistic_only,5.0,
40580317,linguistic_only,3.5,
37287133,setfit_only,,0.686763
38450403,setfit_only,,0.7205168
39957731,setfit_only,,0.69755125
39072997,linguistic_only,3.0,
35124463,setfit_only,,0.71378464
38597878,setfit_only,,0.71242726
38040823,setfit_only,,0.7020015
38548727,setfit_only,,0.6587022
36222201,linguistic_only,4.5,
35927290,setfit_only,,0.665095
37221626,setfit_only,,0.64690846
37860605,linguistic_only,4.5,
35108094,setfit_only,,0.68867797
38597890,linguistic_only,3.5,
38597895,linguistic_only,3.0,
35501320,linguistic_only,5.0,
36271369,linguistic_only,4.0,
38548745,linguistic_only,3.0,
36566281,setfit_only,,0.71226144
38614285,linguistic_only,3.5,
36205845,linguistic_only,3.5,
37647638,linguistic_only,3.5,
37811478,linguistic_only,3.0,
39826711,linguistic_only,5.5,
38040858,setfit_only,,0.68516105
39875867,linguistic_only,4.0,
39957787,setfit_only,,0.72348523
36271389,setfit_only,,0.7146968
35386653,setfit_only,,0.6602113
36549921,setfit_only,,0.63813484
38630692,setfit_only,,0.7140921
37696807,setfit_only,,0.7180733
39548206,setfit_only,,0.6735167
38303023,linguistic_only,3.5,
37696817,setfit_only,,0.6613105
38516019,linguistic_only,3.5,
36074804,linguistic_only,4.5,
38155573,linguistic_only,3.0,
38155575,setfit_only,,0.7057136
36566333,setfit_only,,0.7172237
35222846,linguistic_only,4.0,
35222847,linguistic_only,5.0,
37696836,setfit_only,,0.70454985
40219973,linguistic_only,3.0,
39171403,linguistic_only,4.5,
40351053,linguistic_only,4.5,
37696845,setfit_only,,0.6868438
36926800,setfit_only,,0.680913
36795731,setfit_only,,0.64243144
40613203,setfit_only,,0.6162337
40990037,setfit_only,,0.68096036
39269718,setfit_only,,0.64514315
35550555,setfit_only,,0.7151224
39040351,setfit_only,,0.6503133
38958433,linguistic_only,4.5,
35616100,linguistic_only,3.0,
36713829,linguistic_only,4.5,
35550565,setfit_only,,0.71391654
39007592,setfit_only,,0.7135727
37238122,linguistic_only,3.5,
38057322,linguistic_only,3.0,
35173740,setfit_only,,0.61131716
36173168,linguistic_only,3.5,
37696882,setfit_only,,0.7265965
38483315,linguistic_only,4.5,
38712695,setfit_only,,0.6671776
36697464,setfit_only,,0.7230409
37123454,linguistic_only,5.0,
36484479,setfit_only,,0.69333464
38270339,setfit_only,,0.7193143
39171462,linguistic_only,3.0,
40269195,setfit_only,,0.6175786
36992400,setfit_only,,0.6304656
39368085,setfit_only,,0.6672114
38565273,linguistic_only,4.5,
37418393,setfit_only,,0.70459956
38483353,setfit_only,,0.6784916
38057380,linguistic_only,3.0,
36926884,setfit_only,,0.7186709
40318372,setfit_only,,0.6878861
38974887,linguistic_only,4.0,
39695785,setfit_only,,0.70965534
36828587,setfit_only,,0.7238431
36631981,setfit_only,,0.70497143
36304304,linguistic_only,4.5,
39204272,linguistic_only,3.5,
37189043,setfit_only,,0.66298693
35550647,linguistic_only,3.0,
37418425,setfit_only,,0.72056866
38614461,setfit_only,,0.67032456
39515581,setfit_only,,0.66640425
37516737,linguistic_only,3.5,
36304325,setfit_only,,0.7159244
37123530,setfit_only,,0.6978573
39679438,linguistic_only,3.0,
35599823,linguistic_only,3.0,
40170958,setfit_only,,0.70343405
39630291,setfit_only,,0.7146547
38172116,linguistic_only,3.0,
35468755,setfit_only,,0.6842982
38909399,setfit_only,,0.65301865
37516760,setfit_only,,0.688048
40400345,linguistic_only,4.5,
40400348,setfit_only,,0.63393766
39876062,linguistic_only,3.5,
35796460,setfit_only,,0.68877375
36255213,setfit_only,,0.6436552
39237105,linguistic_only,3.0,
35042804,setfit_only,,0.66756433
39056885,setfit_only,,0.69839424
35042806,setfit_only,,0.7026679
40252918,setfit_only,,0.6905204
40007160,setfit_only,,0.70644987
37500408,setfit_only,,0.6568707
38385146,setfit_only,,0.7161187
36648443,setfit_only,,0.69824123
38204924,linguistic_only,3.5,
37697022,setfit_only,,0.6255651
39433728,setfit_only,,0.68987364
38843904,setfit_only,,0.6408123
35255810,setfit_only,,0.7005618
35927555,linguistic_only,3.0,
38548995,linguistic_only,3.0,
38172163,setfit_only,,0.6931356
39515655,linguistic_only,3.0,
35468810,linguistic_only,3.5,
40269329,setfit_only,,0.7223003
39302686,linguistic_only,4.0,
37697055,linguistic_only,3.0,
40138270,setfit_only,,0.6553075
39433759,setfit_only,,0.72081816
40285727,setfit_only,,0.605348
35042854,setfit_only,,0.7044525
35042860,linguistic_only,3.0,
37680688,setfit_only,,0.6846921
39433777,setfit_only,,0.6477884
39695922,linguistic_only,4.0,
35305011,linguistic_only,4.0,
36419127,setfit_only,,0.67870194
37271097,setfit_only,,0.63765043
36255293,linguistic_only,4.5,
35927614,linguistic_only,3.5,
39351872,linguistic_only,4.5,
40498755,linguistic_only,3.0,
39843395,setfit_only,,0.64776766
36877891,setfit_only,,0.6364586
37140037,setfit_only,,0.71803194
38516293,setfit_only,,0.70560896
39695946,setfit_only,,0.7220398
39351883,linguistic_only,4.5,
36582986,setfit_only,,0.72053415
36206157,linguistic_only,3.0,
39237197,linguistic_only,4.0,
39237198,linguistic_only,3.5,
38581840,linguistic_only,4.5,
35042894,setfit_only,,0.6569851
39450189,setfit_only,,0.62026316
35780180,setfit_only,,0.6863058
37140053,linguistic_only,3.0,
39237205,linguistic_only,5.0,
39237206,linguistic_only,4.0,
39351893,linguistic_only,4.5,
36484697,linguistic_only,5.0,
37140058,linguistic_only,3.5,
39351894,linguistic_only,5.0,
38794841,setfit_only,,0.6051312
36124251,setfit_only,,0.6193659
37566049,setfit_only,,0.687456
35141219,linguistic_only,3.5,
38286947,linguistic_only,3.0,
39401061,linguistic_only,4.5,
35452518,linguistic_only,4.5,
36222566,linguistic_only,5.0,
39269993,linguistic_only,3.0,
35845738,setfit_only,,0.634152
35501677,linguistic_only,3.5,
40056431,linguistic_only,4.0,
35796594,linguistic_only,4.0,
38041202,linguistic_only,3.5,
38336119,setfit_only,,0.61962634
35305080,setfit_only,,0.6501948
35042937,setfit_only,,0.6828803
38483583,linguistic_only,3.0,
37697153,setfit_only,,0.655603
38221441,setfit_only,,0.60402477
39171722,linguistic_only,3.5,
34551435,setfit_only,,0.72179013
39663244,linguistic_only,4.0,
34551437,linguistic_only,4.0,
35976846,linguistic_only,3.5,
39417483,setfit_only,,0.69288313
34551440,linguistic_only,5.0,
38123152,linguistic_only,3.0,
38123153,linguistic_only,3.0,
38123154,linguistic_only,3.0,
38254225,linguistic_only,3.5,
35042960,setfit_only,,0.6378606
35255958,linguistic_only,3.5,
36402838,setfit_only,,0.72122496
35567258,setfit_only,,0.60497624
34469532,linguistic_only,4.5,
37811871,linguistic_only,4.5,
39417505,linguistic_only,4.5,
37811874,linguistic_only,4.0,
40498850,setfit_only,,0.68710375
34469540,linguistic_only,4.5,
37516963,setfit_only,,0.6839237
36271790,linguistic_only,4.0,
36271792,linguistic_only,4.5,
36271793,linguistic_only,3.0,
36271794,linguistic_only,4.5,
36271795,linguistic_only,4.0,
36370097,linguistic_only,5.0,
37811890,linguistic_only,4.0,
37811892,linguistic_only,4.0,
36419248,setfit_only,,0.7191713
37811889,setfit_only,,0.7193062
36370105,linguistic_only,3.0,
39614138,linguistic_only,5.5,
36189883,linguistic_only,3.5,
36370099,setfit_only,,0.6990752
39794362,setfit_only,,0.69794685
36370112,setfit_only,,0.68794703
36206273,linguistic_only,3.0,
38565568,setfit_only,,0.6620744
36189892,linguistic_only,3.0,
36550341,setfit_only,,0.67677534
36746950,setfit_only,,0.6651219
38500042,linguistic_only,3.0,
36402891,linguistic_only,3.5,
39319243,setfit_only,,0.6655917
39433933,setfit_only,,0.649298
39483086,linguistic_only,4.5,
36189903,linguistic_only,3.5,
37713619,linguistic_only,3.0,
40023767,linguistic_only,3.5,
38450904,setfit_only,,0.637195
36927193,linguistic_only,3.5,
37189337,setfit_only,,0.6785259
36533982,setfit_only,,0.6380566
40154847,linguistic_only,3.0,
35469024,linguistic_only,4.0,
38221536,linguistic_only,3.0,
34387689,linguistic_only,4.0,
40236778,linguistic_only,5.0,
39384810,setfit_only,,0.6603796
37189359,setfit_only,,0.7142984
37500662,setfit_only,,0.6958219
35141366,setfit_only,,0.65903914
38893304,setfit_only,,0.6832266
39171834,linguistic_only,4.0,
39171840,linguistic_only,4.0,
39139072,linguistic_only,3.0,
37861121,linguistic_only,4.5,
36747011,linguistic_only,3.5,
35436292,linguistic_only,3.0,
37992195,setfit_only,,0.6980246
36419334,linguistic_only,4.0,
37926662,setfit_only,,0.6481411
36239113,linguistic_only,3.5,
35190537,setfit_only,,0.7211584
37156621,setfit_only,,0.7264571
39253773,setfit_only,,0.6726038
36271888,linguistic_only,4.5,
37828369,linguistic_only,3.5,
35239700,setfit_only,,0.6899777
38287124,setfit_only,,0.68660384
35731221,setfit_only,,0.68618035
38860571,linguistic_only,4.0,
37779230,setfit_only,,0.6731766
35780383,linguistic_only,3.5,
35469089,setfit_only,,0.67552257
37386017,setfit_only,,0.6043451
35452708,linguistic_only,3.0,
35944232,setfit_only,,0.6960882
39122730,setfit_only,,0.7055323
37369643,setfit_only,,0.69758755
35583789,setfit_only,,0.70362705
35583790,setfit_only,,0.7276527
36402991,setfit_only,,0.71496373
37779250,linguistic_only,3.5,
38500146,linguistic_only,4.0,
40040244,setfit_only,,0.6657125
38696757,linguistic_only,4.0,
35714875,linguistic_only,3.5,
38795067,linguistic_only,4.0,
38205245,linguistic_only,3.5,
36812605,setfit_only,,0.64094585
36108094,setfit_only,,0.71179473
38582080,linguistic_only,3.0,
35649342,setfit_only,,0.7020119
37730114,linguistic_only,4.5,
38876990,setfit_only,,0.6647223
40515393,setfit_only,,0.7063699
38598468,setfit_only,,0.6459679
37975878,linguistic_only,4.5,
37975879,linguistic_only,4.0,
38598470,linguistic_only,3.0,
40269639,linguistic_only,4.0,
38254411,linguistic_only,3.0,
38434636,setfit_only,,0.6751626
39352141,linguistic_only,4.0,
39368529,setfit_only,,0.6355014
38106962,linguistic_only,3.0,
39499601,setfit_only,,0.6354076
38860632,linguistic_only,3.5,
35043169,setfit_only,,0.72318697
38090598,setfit_only,,0.6605663
38975336,linguistic_only,3.0,
33306472,setfit_only,,0.7196372
34649961,setfit_only,,0.6115909
35649390,linguistic_only,3.0,
39434095,linguistic_only,4.0,
36288371,linguistic_only,3.0,
37369715,setfit_only,,0.70070165
39466872,setfit_only,,0.70073265
35616633,setfit_only,,0.72257626
40286078,setfit_only,,0.63233536
36927359,setfit_only,,0.6960138
37566336,linguistic_only,4.0,
38057859,linguistic_only,5.5,
36910986,linguistic_only,4.5,
34928524,linguistic_only,4.5,
39565196,linguistic_only,3.0,
34994061,setfit_only,,0.71473277
39565199,linguistic_only,3.5,
38172556,setfit_only,,0.67190886
37156750,setfit_only,,0.63795674
39565202,linguistic_only,4.5,
39565203,linguistic_only,4.0,
37828501,linguistic_only,4.5,
38778773,setfit_only,,0.69498366
37910423,linguistic_only,4.5,
35518360,linguistic_only,4.5,
39565208,linguistic_only,3.5,
39434138,linguistic_only,3.0,
39565209,linguistic_only,4.5,
36534166,setfit_only,,0.720309
39565206,setfit_only,,0.7126726
37107608,setfit_only,,0.67569745
37697439,linguistic_only,4.0,
37156762,setfit_only,,0.66385895
35895206,setfit_only,,0.603699
39827367,linguistic_only,3.0,
37369770,setfit_only,,0.7085444
37484460,linguistic_only,4.5,
36370350,setfit_only,,0.6847795
36435886,setfit_only,,0.6155946
37091248,linguistic_only,4.0,
38631346,setfit_only,,0.71849906
33798067,setfit_only,,0.71081513
35338164,setfit_only,,0.6747791
35190711,setfit_only,,0.68368226
35698617,linguistic_only,3.0,
38434751,linguistic_only,3.0,
36353986,linguistic_only,5.0,
36435908,setfit_only,,0.7159959
40253381,setfit_only,,0.6209706
39090119,setfit_only,,0.6199517
37058511,setfit_only,,0.7206668
35551187,setfit_only,,0.6645114
40253396,setfit_only,,0.64151245
38877144,linguistic_only,3.0,
38811613,setfit_only,,0.70455396
40253409,setfit_only,,0.71528256
35420129,setfit_only,,0.71472424
40253410,setfit_only,,0.7099526
35796961,setfit_only,,0.68386054
35846116,setfit_only,,0.62669843
39729127,linguistic_only,3.0,
38991851,linguistic_only,4.5,
35796973,setfit_only,,0.7070545
35551216,linguistic_only,3.0,
36403184,linguistic_only,3.0,
38172657,linguistic_only,4.5,
40253434,setfit_only,,0.6982122
36124670,linguistic_only,4.5,
37435391,setfit_only,,0.64412814
39335935,setfit_only,,0.6076295
37402625,linguistic_only,3.5,
35584003,setfit_only,,0.71855426
37828615,setfit_only,,0.71247274
35584008,linguistic_only,3.0,
40253448,linguistic_only,3.0,
39794695,setfit_only,,0.7073609
35862536,setfit_only,,0.6280758
35338253,setfit_only,,0.7037229
39630862,linguistic_only,4.5,
38352916,linguistic_only,4.0,
37468182,linguistic_only,4.5,
37058588,setfit_only,,0.71626145
39319582,linguistic_only,4.0,
36239391,linguistic_only,3.0,
37812255,linguistic_only,4.0,
40597534,setfit_only,,0.67684376
36960290,linguistic_only,3.5,
38942755,setfit_only,,0.69093615
35469349,linguistic_only,3.0,
38123557,linguistic_only,3.5,
40728615,linguistic_only,5.0,
35584038,setfit_only,,0.7110011
40728616,setfit_only,,0.72576034
40728618,setfit_only,,0.7202451
40728619,linguistic_only,3.5,
38762540,setfit_only,,0.65983313
40728623,setfit_only,,0.7087116
40728624,linguistic_only,5.0,
39319601,linguistic_only,5.0,
39516209,setfit_only,,0.7152342
38123570,setfit_only,,0.7124139
39352375,setfit_only,,0.6843882
38844475,linguistic_only,4.5,
35928124,linguistic_only,3.0,
38123582,setfit_only,,0.7029007
39843903,setfit_only,,0.7060603
38123584,setfit_only,,0.67651314
40319045,linguistic_only,3.0,
36026437,setfit_only,,0.7003917
40319046,setfit_only,,0.6449128
38123598,setfit_only,,0.6834751
37369937,setfit_only,,0.6717945
38860884,linguistic_only,3.0,
36599892,setfit_only,,0.70022
39073878,linguistic_only,4.0,
40433754,linguistic_only,3.0,
37402718,linguistic_only,3.0,
39073886,linguistic_only,3.5,
40433759,linguistic_only,3.0,
37353567,setfit_only,,0.71228385
38074466,linguistic_only,3.5,
37206112,setfit_only,,0.7172522
38615135,setfit_only,,0.71142524
39712867,setfit_only,,0.6970709
38336614,linguistic_only,3.5,
36124777,setfit_only,,0.6221336
37402732,setfit_only,,0.67698765
36092012,setfit_only,,0.6764707
37419118,setfit_only,,0.6288686
36124785,linguistic_only,4.5,
35731570,linguistic_only,3.0,
36124789,setfit_only,,0.70476276
35174520,linguistic_only,4.5,
38238330,linguistic_only,3.0,
35502202,setfit_only,,0.65157247
40319100,setfit_only,,0.7218737
36124798,linguistic_only,5.0,
37566590,setfit_only,,0.6659449
36124800,linguistic_only,4.5,
37337218,setfit_only,,0.70657563
36124803,setfit_only,,0.7198918
37337236,linguistic_only,4.5,
37468308,setfit_only,,0.71295047
40335514,setfit_only,,0.7145771
39729312,setfit_only,,0.7156101
35633312,setfit_only,,0.67715585
38238370,setfit_only,,0.7180929
37828771,setfit_only,,0.705907
40335529,setfit_only,,0.7118483
40335531,setfit_only,,0.65512186
35764397,setfit_only,,0.674481
37566638,setfit_only,,0.7069848
39450797,setfit_only,,0.6327498
35354797,setfit_only,,0.6199935
38926513,linguistic_only,4.5,
34977976,linguistic_only,4.0,
36436153,linguistic_only,3.0,
40319160,setfit_only,,0.6637169
39631034,setfit_only,,0.69659483
40548541,setfit_only,,0.7047434
40417475,linguistic_only,3.0,
39762115,setfit_only,,0.63039845
38238407,linguistic_only,3.0,
35354824,setfit_only,,0.70270425
35354825,setfit_only,,0.71898293
35354826,linguistic_only,4.5,
38058186,linguistic_only,4.0,
40417484,setfit_only,,0.69090056
40335559,setfit_only,,0.6445192
40188111,setfit_only,,0.60058373
38385872,linguistic_only,3.0,
40417494,setfit_only,,0.6570069
36747479,linguistic_only,4.0,
38385879,linguistic_only,4.0,
35453146,linguistic_only,4.0,
40417499,linguistic_only,3.5,
37435612,linguistic_only,4.0,
35354842,setfit_only,,0.6510699
40335579,setfit_only,,0.6514687
36223196,setfit_only,,0.7252923
37124321,linguistic_only,4.0,
40188135,setfit_only,,0.67259383
37550316,linguistic_only,3.5,
38238448,setfit_only,,0.6667375
34879732,linguistic_only,5.0,
37452020,setfit_only,,0.7264604
37550324,setfit_only,,0.70824766
39237879,linguistic_only,5.0,
40564982,setfit_only,,0.6276857
37665017,linguistic_only,5.0,
38041858,linguistic_only,3.0,
40253701,linguistic_only,4.5,
38729991,setfit_only,,0.6910366
40089864,setfit_only,,0.63207453
35289353,linguistic_only,3.5,
38729994,setfit_only,,0.7097237
37681418,setfit_only,,0.6979108
40417549,setfit_only,,0.6034245
39368975,setfit_only,,0.60948646
39713040,setfit_only,,0.6244621
39155985,linguistic_only,4.0,
38451475,setfit_only,,0.62008554
39368979,setfit_only,,0.6017966
40155413,setfit_only,,0.7036125
39729429,setfit_only,,0.6108271
36894999,linguistic_only,5.0,
36124958,linguistic_only,4.0,
38795552,linguistic_only,3.0,
37042467,linguistic_only,4.0,
39123237,setfit_only,,0.69630826
39057701,setfit_only,,0.67109925
37468455,linguistic_only,3.0,
38730023,setfit_only,,0.69369626
38680873,linguistic_only,4.5,
39205165,linguistic_only,4.0,
37222701,setfit_only,,0.6510157
36960558,setfit_only,,0.68268377
36895025,linguistic_only,3.5,
40155442,setfit_only,,0.6277837
40450355,setfit_only,,0.7237504
37648696,setfit_only,,0.665102
40188222,setfit_only,,0.70620173
38664511,setfit_only,,0.6689783
37730627,setfit_only,,0.7102162
39418180,linguistic_only,5.0,
35567946,linguistic_only,5.0,
39041358,setfit_only,,0.64240223
35387734,linguistic_only,3.0,
41171287,linguistic_only,4.0,
41171289,linguistic_only,4.0,
38336857,setfit_only,,0.7163292
39074139,linguistic_only,4.5,
37222748,linguistic_only,3.0,
36206939,setfit_only,,0.6784731
38975839,linguistic_only,3.5,
36862304,linguistic_only,3.5,
35715423,setfit_only,,0.70569265
38844775,setfit_only,,0.6882744
37599593,linguistic_only,4.5,
39483755,linguistic_only,3.0,
39205227,setfit_only,,0.6996071
38271343,setfit_only,,0.6629231
37845361,linguistic_only,3.5,
36321651,linguistic_only,5.0,
38238583,setfit_only,,0.7191692
36321659,linguistic_only,4.5,
36796796,linguistic_only,3.5,
38762876,linguistic_only,3.0,
36321662,linguistic_only,3.5,
36321663,linguistic_only,3.0,
39958908,setfit_only,,0.67916936
35731837,setfit_only,,0.6574174
36075903,setfit_only,,0.7167002
36944259,setfit_only,,0.7238826
40057225,linguistic_only,3.0,
39418250,linguistic_only,3.0,
40548747,linguistic_only,4.0,
36927888,setfit_only,,0.61954516
39647635,setfit_only,,0.72492516
36518292,linguistic_only,3.0,
36469142,setfit_only,,0.71928585
35617175,linguistic_only,5.0,
39762327,linguistic_only,3.0,
35879321,linguistic_only,3.5,
37583258,setfit_only,,0.68413
37829020,linguistic_only,3.5,
37075357,setfit_only,,0.6994109
37468574,setfit_only,,0.6995504
35764639,linguistic_only,3.5,
39500192,linguistic_only,3.0,
40171940,linguistic_only,3.5,
34322854,linguistic_only,3.0,
37812646,linguistic_only,3.0,
38074791,setfit_only,,0.6109342
40073641,linguistic_only,3.0,
35764652,setfit_only,,0.7188764
40466864,setfit_only,,0.6477227
40106419,linguistic_only,4.5,
38549946,linguistic_only,5.0,
35895741,setfit_only,,0.7060135
38828478,setfit_only,,0.64910525
36108739,linguistic_only,3.5,
35273156,linguistic_only,3.0,
35436998,linguistic_only,4.0,
38844871,linguistic_only,3.0,
38730184,setfit_only,,0.72490907
40483273,setfit_only,,0.71857226
35879368,setfit_only,,0.65445745
40155596,linguistic_only,4.0,
40057293,setfit_only,,0.7068573
40630734,setfit_only,,0.70090884
40384975,linguistic_only,4.0,
40483279,setfit_only,,0.70717484
38697424,setfit_only,,0.6104111
38336980,setfit_only,,0.6624113
38042076,linguistic_only,3.0,
39909853,linguistic_only,4.0,
38238687,linguistic_only,3.5,
38025697,linguistic_only,4.0,
36764131,setfit_only,,0.6557667
38189540,linguistic_only,4.0,
36567525,linguistic_only,3.0,
38582756,setfit_only,,0.7090191
37173739,linguistic_only,3.5,
37386732,linguistic_only,5.5,
35322350,linguistic_only,3.0,
37173746,setfit_only,,0.7215988
40204792,setfit_only,,0.705091
40106489,linguistic_only,3.0,
36862460,linguistic_only,3.5,
38337024,linguistic_only,5.0,
40466944,linguistic_only,3.0,
38926852,linguistic_only,4.0,
35863045,linguistic_only,4.0,
38091269,linguistic_only,3.0,
38713861,linguistic_only,5.0,
38713862,setfit_only,,0.7187435
36436489,linguistic_only,3.5,
38730252,setfit_only,,0.67582273
38468111,linguistic_only,3.5,
35289616,linguistic_only,3.5,
35994130,linguistic_only,4.5,
36092435,linguistic_only,3.0,
37943830,linguistic_only,4.0,
39827990,linguistic_only,4.0,
37714454,setfit_only,,0.6936936
39385626,linguistic_only,4.0,
37042720,linguistic_only,5.5,
40057378,setfit_only,,0.70480114
37173796,linguistic_only,3.0,
38337062,linguistic_only,4.0,
35617323,linguistic_only,4.0,
39582251,setfit_only,,0.66511214
35732014,setfit_only,,0.7276873
36141618,setfit_only,,0.60846764
38091315,setfit_only,,0.6963263
36305460,linguistic_only,4.0,
40122935,linguistic_only,3.0,
38812215,setfit_only,,0.69849074
37468728,setfit_only,,0.6919065
39402042,setfit_only,,0.694335
38238779,setfit_only,,0.71854824
38206015,setfit_only,,0.6084477
35306049,linguistic_only,4.5,
36321857,linguistic_only,3.5,
36420165,linguistic_only,4.0,
39254597,linguistic_only,4.0,
36420167,linguistic_only,3.0,
36420168,linguistic_only,3.5,
35207753,linguistic_only,3.5,
39565895,setfit_only,,0.700053
37681739,linguistic_only,5.5,
39778891,setfit_only,,0.6720453
40188496,setfit_only,,0.6895841
40188497,linguistic_only,3.0,
38222417,setfit_only,,0.60453284
37026389,linguistic_only,4.0,
39565917,linguistic_only,4.0,
36321886,linguistic_only,4.0,
35977827,linguistic_only,3.5,
36928108,linguistic_only,3.0,
36059758,setfit_only,,0.65555966
35977841,linguistic_only,3.0,
36469362,linguistic_only,3.5,
38632050,linguistic_only,3.5,
38664818,setfit_only,,0.6961506
38845042,setfit_only,,0.686481
36518520,linguistic_only,3.5,
37730936,setfit_only,,0.7211327
38845051,linguistic_only,4.0,
35142269,setfit_only,,0.69663864
39631489,setfit_only,,0.64855874
38173318,linguistic_only,3.5,
40352392,setfit_only,,0.71490544
36043401,linguistic_only,4.0,
36043400,setfit_only,,0.686262
37878411,linguistic_only,3.0,
35388048,setfit_only,,0.7006782
39533201,linguistic_only,4.0,
36878992,setfit_only,,0.6566639
38632086,linguistic_only,4.0,
38156953,linguistic_only,5.0,
35306140,linguistic_only,4.5,
35650204,linguistic_only,4.0,
35650205,setfit_only,,0.7192383
34585247,linguistic_only,3.5,
37468830,setfit_only,,0.6932942
38189730,setfit_only,,0.6236011
37550757,linguistic_only,3.0,
37550758,linguistic_only,3.0,
36715173,setfit_only,,0.6972603
36633255,setfit_only,,0.6577112
38582952,setfit_only,,0.7006527
36879020,setfit_only,,0.6600286
35879601,setfit_only,,0.64616615
36043442,linguistic_only,4.5,
36272818,setfit_only,,0.67864233
40057523,setfit_only,,0.6573845
36321973,setfit_only,,0.68765146
40057526,setfit_only,,0.68747
40057525,setfit_only,,0.6613097
40057531,setfit_only,,0.63817066
39910077,setfit_only,,0.686715
36764355,linguistic_only,4.0,
36502211,setfit_only,,0.66071445
35994309,linguistic_only,4.5,
39172803,setfit_only,,0.63039434
39074503,linguistic_only,3.0,
36305606,setfit_only,,0.719424
36207310,setfit_only,,0.6566748
39271119,linguistic_only,3.0,
40270544,setfit_only,,0.6344585
38501073,setfit_only,,0.65276086
36289234,setfit_only,,0.6519836
35896020,linguistic_only,4.0,
40057556,setfit_only,,0.7250757
35650262,linguistic_only,3.0,
37747415,setfit_only,,0.6975775
39254744,setfit_only,,0.63454705
40483547,linguistic_only,3.0,
35977947,setfit_only,,0.60969466
38550240,setfit_only,,0.70050126
38828769,setfit_only,,0.7104001
39402214,linguistic_only,3.0,
35289834,linguistic_only,4.0,
37337836,setfit_only,,0.6908515
36207341,linguistic_only,3.0,
39221997,linguistic_only,4.0,
37944046,setfit_only,,0.7266818
38025966,setfit_only,,0.71838737
37845745,linguistic_only,4.0,
37976817,setfit_only,,0.68098146
39664372,setfit_only,,0.63303256
35879669,setfit_only,,0.7161965
35470070,linguistic_only,4.0,
38091511,linguistic_only,3.5,
35617526,setfit_only,,0.7222248
39320317,setfit_only,,0.7191188
36289281,setfit_only,,0.7224759
35945222,linguistic_only,3.0,
35961607,linguistic_only,3.5,
35388171,linguistic_only,5.5,
35289871,linguistic_only,4.0,
36944655,linguistic_only,4.5,
40860433,setfit_only,,0.70328873
36059922,linguistic_only,3.0,
40516374,linguistic_only,3.0,
37501720,setfit_only,,0.6908252
36862752,setfit_only,,0.70880324
39910176,setfit_only,,0.6662377
35715874,setfit_only,,0.7268254
36944675,linguistic_only,3.5,
36289312,setfit_only,,0.6314757
37387049,setfit_only,,0.6658544
40368940,setfit_only,,0.68157107
39402285,setfit_only,,0.70432395
39222063,linguistic_only,4.0,
36240175,setfit_only,,0.67943203
39762738,setfit_only,,0.71616083
38157107,linguistic_only,4.0,
40368949,setfit_only,,0.6718809
40221496,setfit_only,,0.7075443
40057659,linguistic_only,3.0,
39058243,linguistic_only,3.5,
35044164,linguistic_only,3.5,
38206277,linguistic_only,4.5,
36715334,setfit_only,,0.6684669
36993866,linguistic_only,4.0,
38271818,linguistic_only,3.0,
35650381,setfit_only,,0.68417424
36469581,setfit_only,,0.68155235
35830607,setfit_only,,0.70688486
36240205,setfit_only,,0.6726368
35650384,setfit_only,,0.6600175
35437394,linguistic_only,3.0,
35306322,setfit_only,,0.6405598
35437393,setfit_only,,0.6337374
36272983,setfit_only,,0.7273217
36797273,setfit_only,,0.7156392
36879195,setfit_only,,0.6761011
36207453,linguistic_only,3.5,
36698975,linguistic_only,4.0,
36502369,setfit_only,,0.70495284
39467874,linguistic_only,3.0,
35748708,linguistic_only,5.0,
38632293,setfit_only,,0.64210737
35748710,linguistic_only,4.0,
38206320,linguistic_only,3.5,
39746417,linguistic_only,3.5,
40270708,setfit_only,,0.6784194
37010293,setfit_only,,0.69951093
39041910,linguistic_only,3.0,
39172982,setfit_only,,0.6852975
39041911,setfit_only,,0.7220744
37387129,linguistic_only,4.0,
39041914,linguistic_only,3.5,
39041912,setfit_only,,0.71025574
39041913,setfit_only,,0.71535385
37387130,setfit_only,,0.716069
37600121,setfit_only,,0.7089133
38419327,linguistic_only,3.0,
39041915,setfit_only,,0.7067756
39041916,setfit_only,,0.713536
37387134,setfit_only,,0.71720827
37387139,linguistic_only,3.5,
36879236,linguistic_only,3.5,
38632323,setfit_only,,0.623098
37387142,linguistic_only,4.0,
38763400,setfit_only,,0.67060393
34978699,setfit_only,,0.6261356
37387152,linguistic_only,4.5,
37223317,linguistic_only,5.0,
36715415,setfit_only,,0.6635836
36305818,linguistic_only,5.0,
40369051,setfit_only,,0.6304604
36305822,linguistic_only,4.5,
36764575,setfit_only,,0.7020196
36305824,linguistic_only,4.5,
36305825,setfit_only,,0.7040694
35437474,linguistic_only,3.0,
37387170,linguistic_only,5.0,
36305828,linguistic_only,3.5,
37567397,setfit_only,,0.7005394
37616549,setfit_only,,0.6854578
37665701,setfit_only,,0.64954257
36535208,setfit_only,,0.6590345
40221608,setfit_only,,0.6577424
36305834,linguistic_only,5.0,
36993970,linguistic_only,5.5,
37665714,setfit_only,,0.7076541
39517109,linguistic_only,3.5,
39156665,setfit_only,,0.6972834
39041983,linguistic_only,4.0,
38665156,setfit_only,,0.7088974
39189447,linguistic_only,4.5,
36912077,linguistic_only,3.0,
36305870,linguistic_only,4.5,
37305293,setfit_only,,0.68868214
35388368,linguistic_only,3.5,
36617168,linguistic_only,3.0,
36371407,setfit_only,,0.69564384
40221653,setfit_only,,0.6319005
37649366,linguistic_only,4.0,
37649370,setfit_only,,0.71568525
36207580,setfit_only,,0.70245504
36797409,linguistic_only,3.5,
36813797,setfit_only,,0.71814936
34978789,setfit_only,,0.61011624
37190648,setfit_only,,0.6745054
40025083,setfit_only,,0.65978354
34978816,linguistic_only,3.5,
39648257,linguistic_only,3.0,
37878789,linguistic_only,3.5,
35208198,setfit_only,,0.712268
37796873,setfit_only,,0.7249187
36256779,setfit_only,,0.6669931
38894604,linguistic_only,5.0,
36224012,setfit_only,,0.6416294
36928528,linguistic_only,3.0,
40451094,setfit_only,,0.720012
37846039,linguistic_only,4.5,
37878810,linguistic_only,4.0,
39386138,linguistic_only,4.5,
37846051,linguistic_only,4.5,
34634793,linguistic_only,4.5,
34634794,linguistic_only,4.5,
34634795,linguistic_only,4.0,
40500268,setfit_only,,0.71169204
34634797,linguistic_only,5.0,
40500266,setfit_only,,0.6983305
37092397,setfit_only,,0.69804764
34634800,linguistic_only,4.0,
37977136,linguistic_only,3.5,
37960750,setfit_only,,0.68944705
39140398,setfit_only,,0.6791993
36961332,linguistic_only,4.0,
36371503,setfit_only,,0.67713195
34634807,linguistic_only,4.5,
36961337,linguistic_only,3.5,
34634810,linguistic_only,5.0,
36371515,linguistic_only,3.0,
38059067,linguistic_only,3.0,
39468089,setfit_only,,0.6498036
35699774,linguistic_only,4.0,
34634815,linguistic_only,4.5,
39402558,linguistic_only,3.5,
34634820,linguistic_only,3.5,
40500292,setfit_only,,0.6888668
40008775,setfit_only,,0.6425926
39910485,linguistic_only,4.0,
36174933,setfit_only,,0.6928829
37010519,linguistic_only,4.5,
37010520,setfit_only,,0.7238631
37010521,linguistic_only,4.0,
36109405,linguistic_only,3.5,
38206557,setfit_only,,0.6875166
40057950,setfit_only,,0.64690757
36994143,setfit_only,,0.6665799
39500899,setfit_only,,0.6129182
35503204,setfit_only,,0.70787734
39943272,setfit_only,,0.6288197
40238188,linguistic_only,4.0,
38370413,setfit_only,,0.6720139
35552372,linguistic_only,4.5,
36535428,setfit_only,,0.62891805
36846730,setfit_only,,0.66421443
37059722,setfit_only,,0.60382026
39402640,setfit_only,,0.69983953
38747283,linguistic_only,3.5,
38927512,setfit_only,,0.7137048
38976665,setfit_only,,0.68514824
37059737,setfit_only,,0.62922144
40467610,setfit_only,,0.6148369
36912284,linguistic_only,3.5,
39009439,linguistic_only,3.0,
39730336,setfit_only,,0.71900713
35552418,linguistic_only,3.0,
40221859,linguistic_only,3.5,
36207780,linguistic_only,3.0,
38911138,setfit_only,,0.66899794
40549542,setfit_only,,0.70885473
36125864,setfit_only,,0.72234905
35126443,setfit_only,,0.72412425
35962028,linguistic_only,3.0,
39582892,linguistic_only,4.5,
39468204,setfit_only,,0.6522126
36109487,linguistic_only,3.5,
39763119,linguistic_only,3.0,
35732656,setfit_only,,0.7156793
39795895,setfit_only,,0.655999
36846778,linguistic_only,3.0,
38091963,linguistic_only,3.5,
36224186,setfit_only,,0.64203906
37027007,setfit_only,,0.7147011
40467651,setfit_only,,0.72498405
37715141,linguistic_only,3.5,
37993672,linguistic_only,3.5,
35175626,setfit_only,,0.6756699
38862028,linguistic_only,3.5,
38042830,setfit_only,,0.7288999
36748495,setfit_only,,0.6758652
40467663,setfit_only,,0.6268393
39075025,linguistic_only,3.0,
40549586,setfit_only,,0.70862585
36699350,linguistic_only,4.5,
36322519,linguistic_only,4.5,
35454168,linguistic_only,4.0,
39566552,setfit_only,,0.6948074
39058648,setfit_only,,0.6697198
37043424,setfit_only,,0.6733031
38075619,setfit_only,,0.68914187
39664869,setfit_only,,0.71551543
38747369,linguistic_only,3.0,
39107817,linguistic_only,4.0,
40434923,linguistic_only,4.0,
36748524,setfit_only,,0.65849674
40467694,setfit_only,,0.70541626
38550771,setfit_only,,0.7154844
36879606,setfit_only,,0.68001944
36109562,setfit_only,,0.65209484
37715195,linguistic_only,3.5,
37092604,linguistic_only,3.0,
37272828,setfit_only,,0.6135787
40484097,linguistic_only,4.5,
38796545,setfit_only,,0.6623517
37387524,linguistic_only,4.0,
36748555,setfit_only,,0.7176965
37567758,setfit_only,,0.6189511
38092048,linguistic_only,3.5,
40189200,setfit_only,,0.70549935
39550226,linguistic_only,3.5,
39959831,linguistic_only,3.5,
39845145,setfit_only,,0.71448946
36420889,setfit_only,,0.7064306
39959838,linguistic_only,3.5,
36601119,linguistic_only,3.0,
36420896,linguistic_only,3.0,
37207327,linguistic_only,4.0,
37207333,linguistic_only,3.5,
40467750,linguistic_only,3.0,
37207338,linguistic_only,4.0,
37207341,linguistic_only,3.5,
37682478,linguistic_only,3.5,
35732783,linguistic_only,3.5,
38747440,linguistic_only,4.0,
39107888,linguistic_only,4.0,
38190385,setfit_only,,0.63404876
39730485,linguistic_only,3.0,
35568950,linguistic_only,3.0,
37207350,linguistic_only,4.5,
37207351,linguistic_only,3.5,
39091515,linguistic_only,3.0,
35536198,linguistic_only,4.0,
39206221,setfit_only,,0.69583845
36715855,linguistic_only,3.0,
36011344,linguistic_only,3.0,
38108505,setfit_only,,0.66347086
36978010,setfit_only,,0.7158039
38878555,setfit_only,,0.649358
39304538,setfit_only,,0.6387865
35061087,linguistic_only,5.0,
40779104,setfit_only,,0.6973906
37682529,linguistic_only,3.0,
36519267,linguistic_only,4.0,
38698340,linguistic_only,4.0,
39714149,linguistic_only,5.5,
39271783,setfit_only,,0.6638599
39779688,setfit_only,,0.6737407
37322090,setfit_only,,0.6864269
40254830,linguistic_only,3.5,
36355441,setfit_only,,0.66565454
39894387,setfit_only,,0.72588605
40828275,setfit_only,,0.718398
39435638,linguistic_only,3.5,
39910777,linguistic_only,3.0,
35536252,linguistic_only,5.0,
36355452,linguistic_only,3.5,
35536253,setfit_only,,0.7203756
37158271,linguistic_only,3.5,
35552640,linguistic_only,5.5,
40467839,linguistic_only,5.0,
35028350,setfit_only,,0.60396934
36765058,setfit_only,,0.63743085
37158278,linguistic_only,4.5,
40172934,linguistic_only,4.0,
38714759,setfit_only,,0.68793064
37731725,linguistic_only,3.0,
37436815,setfit_only,,0.69175285
35765648,setfit_only,,0.6665139
35765650,setfit_only,,0.6449296
40123802,linguistic_only,4.5,
40287646,linguistic_only,4.0,
35536289,linguistic_only,5.0,
35143074,linguistic_only,3.0,
35077539,linguistic_only,3.5,
36830626,setfit_only,,0.6031761
38665640,setfit_only,,0.7014339
39746987,setfit_only,,0.693425
35143083,setfit_only,,0.6905304
36830638,linguistic_only,3.0,
39484850,linguistic_only,4.0,
39042485,setfit_only,,0.70969445
36634041,linguistic_only,3.0,
36732347,setfit_only,,0.68402016
37699009,setfit_only,,0.7029377
36765121,setfit_only,,0.6706826
36453831,linguistic_only,4.5,
36765128,setfit_only,,0.6909227
39730632,setfit_only,,0.6739746
36978122,linguistic_only,3.5,
39697868,linguistic_only,4.5,
39828940,linguistic_only,3.0,
35044812,setfit_only,,0.6344778
38518223,setfit_only,,0.72102106
38157777,linguistic_only,3.0,
38075858,setfit_only,,0.7106093
40582613,setfit_only,,0.6935258
35044822,linguistic_only,3.0,
39796186,linguistic_only,3.0,
36421086,setfit_only,,0.7041356
38813150,setfit_only,,0.64912796
35569121,setfit_only,,0.6762617
38010338,linguistic_only,3.0,
35913188,linguistic_only,3.5,
36453861,linguistic_only,3.0,
36453866,linguistic_only,6.0,
34520557,setfit_only,,0.7131361
36453872,linguistic_only,4.5,
37567984,setfit_only,,0.67152876
39288310,linguistic_only,5.0,
37715446,setfit_only,,0.69202137
39550455,setfit_only,,0.64871675
38649341,setfit_only,,0.71589476
39304703,setfit_only,,0.7116631
38649344,setfit_only,,0.62058973
37551617,linguistic_only,3.0,
40074753,setfit_only,,0.71371615
37780991,setfit_only,,0.6021608
40074756,linguistic_only,3.0,
35749381,linguistic_only,3.5,
38141446,setfit_only,,0.673944
39353863,linguistic_only,5.0,
38206988,setfit_only,,0.61880165
35831309,setfit_only,,0.6962277
37125646,linguistic_only,4.0,
37846545,linguistic_only,3.5,
37125649,setfit_only,,0.71765095
35831313,setfit_only,,0.71449566
35749394,setfit_only,,0.64960885
40402453,linguistic_only,3.0,
40533522,setfit_only,,0.6330789
40402455,setfit_only,,0.6820274
39009815,setfit_only,,0.60592216
36732441,setfit_only,,0.6811047
40500763,setfit_only,,0.7136084
36109852,setfit_only,,0.6029967
37076509,linguistic_only,5.0,
34962976,linguistic_only,4.5,
38714913,linguistic_only,4.5,
40517157,setfit_only,,0.6755145
40320551,linguistic_only,3.0,
35094056,linguistic_only,5.0,
38911529,linguistic_only,3.0,
40205863,setfit_only,,0.7138011
35208748,linguistic_only,4.5,
39271980,linguistic_only,3.0,
37289518,setfit_only,,0.71281904
37649967,linguistic_only,3.5,
36175409,setfit_only,,0.7074456
36961841,setfit_only,,0.6344186
36093493,setfit_only,,0.6718778
35864118,setfit_only,,0.72547156
35896887,setfit_only,,0.6360456
34897464,linguistic_only,3.0,
36929085,setfit_only,,0.70007104
35864125,setfit_only,,0.69726723
38452801,linguistic_only,3.0,
38239810,linguistic_only,4.5,
35864133,linguistic_only,3.0,
35438150,linguistic_only,6.0,
37600845,linguistic_only,6.0,
38043216,linguistic_only,4.5,
36503126,linguistic_only,4.5,
37469783,setfit_only,,0.6818522
35192406,setfit_only,,0.6180805
38862425,linguistic_only,5.0,
39779929,setfit_only,,0.6378583
38862427,linguistic_only,4.5,
37224027,setfit_only,,0.705837
36208224,setfit_only,,0.6726455
38862433,linguistic_only,5.0,
36208225,setfit_only,,0.7179502
36437603,linguistic_only,3.5,
38190692,setfit_only,,0.6760408
38370917,setfit_only,,0.695952
38469223,setfit_only,,0.6392862
38469226,setfit_only,,0.683612
35372652,linguistic_only,3.0,
36453996,linguistic_only,4.0,
36732524,setfit_only,,0.71289897
38944368,linguistic_only,4.5,
39353970,setfit_only,,0.6616168
36912756,setfit_only,,0.71503365
39353978,setfit_only,,0.6314405
38256255,linguistic_only,3.0,
38715008,linguistic_only,4.5,
38469247,setfit_only,,0.6972262
36454018,linguistic_only,4.0,
38878851,linguistic_only,3.0,
40402563,linguistic_only,4.5,
36142721,setfit_only,,0.6446271
38878854,setfit_only,,0.6986793
38878855,linguistic_only,4.5,
37731974,setfit_only,,0.67601335
40025737,setfit_only,,0.6130139
39812750,setfit_only,,0.6139303
38649488,setfit_only,,0.61873585
38862483,linguistic_only,3.5,
39354004,setfit_only,,0.62701595
36929177,linguistic_only,4.0,
37813916,setfit_only,,0.69427717
37437088,setfit_only,,0.6280925
39550625,setfit_only,,0.6918022
35176103,setfit_only,,0.67093796
40435368,setfit_only,,0.6978705
38862509,setfit_only,,0.656438
36404909,setfit_only,,0.64333063
37895859,linguistic_only,3.5,
35208885,linguistic_only,3.0,
39091896,setfit_only,,0.6279858
39812795,linguistic_only,4.0,
39861947,setfit_only,,0.67028046
38862524,setfit_only,,0.65202034
36732606,linguistic_only,3.5,
38862525,setfit_only,,0.7037196
35962559,setfit_only,,0.6943237
37420742,setfit_only,,0.67016447
39616200,setfit_only,,0.6207769
40599243,linguistic_only,3.5,
36257484,linguistic_only,4.5,
36454094,setfit_only,,0.6617302
35176143,linguistic_only,5.5,
39616207,linguistic_only,4.0,
38436559,setfit_only,,0.6598589
39435987,setfit_only,,0.71410406
36896468,setfit_only,,0.7170926
34864853,linguistic_only,3.5,
36388568,linguistic_only,4.0,
38436570,linguistic_only,3.0,
39075547,linguistic_only,3.0,
36896476,linguistic_only,5.0,
39435995,linguistic_only,4.0,
39780059,linguistic_only,4.0,
38567644,setfit_only,,0.6946738
35241693,setfit_only,,0.6643877
36175583,setfit_only,,0.6514033
36847334,linguistic_only,3.0,
35159786,linguistic_only,3.0,
36847339,setfit_only,,0.71453255
39436012,linguistic_only,4.0,
39681772,linguistic_only,3.0,
38190831,linguistic_only,3.0,
34586352,linguistic_only,5.0,
39436017,linguistic_only,3.5,
37224178,linguistic_only,3.0,
36978419,linguistic_only,3.5,
39436020,linguistic_only,4.5,
35995382,setfit_only,,0.71767867
37699323,linguistic_only,4.5,
37322495,linguistic_only,5.0,
34864898,linguistic_only,4.0,
39436035,linguistic_only,4.0,
39075588,linguistic_only,3.5,
40402693,linguistic_only,3.5,
34586379,linguistic_only,4.5,
34864908,linguistic_only,3.5,
37682956,linguistic_only,3.5,
37601035,setfit_only,,0.7227682
39436044,setfit_only,,0.70698106
40140564,linguistic_only,3.5,
35290901,linguistic_only,4.0,
34864918,linguistic_only,3.5,
35438356,setfit_only,,0.6939299
34586393,linguistic_only,4.0,
38829853,linguistic_only,4.0,
36847398,linguistic_only,3.5,
37551911,linguistic_only,3.0,
37289767,setfit_only,,0.6817183
38698803,linguistic_only,3.0,
38829878,linguistic_only,3.0,
39288643,setfit_only,,0.7031797
39731018,linguistic_only,4.5,
38649677,setfit_only,,0.70150816
36421454,linguistic_only,3.0,
39157583,setfit_only,,0.7089901
37142360,setfit_only,,0.7135723
40075097,setfit_only,,0.7071854
36847450,linguistic_only,4.0,
37519196,setfit_only,,0.6964632
36781917,setfit_only,,0.6526872
38649693,setfit_only,,0.6060487
39927650,setfit_only,,0.6722174
38010728,linguistic_only,3.5,
37191528,setfit_only,,0.61454636
38649712,setfit_only,,0.6482601
37289843,linguistic_only,4.0,
37076856,setfit_only,,0.6993619
40501113,setfit_only,,0.67516744
34914170,linguistic_only,3.0,
39468922,linguistic_only,3.0,
35356543,setfit_only,,0.6949273
35356545,linguistic_only,3.0,
36568962,linguistic_only,3.5,
38616961,linguistic_only,4.5,
40599425,setfit_only,,0.7187845
37191557,linguistic_only,3.0,
38338433,setfit_only,,0.6241985
39223171,setfit_only,,0.71562755
35356547,setfit_only,,0.71510977
40124296,setfit_only,,0.68047976
35962763,linguistic_only,4.5,
36503436,linguistic_only,3.0,
38600587,setfit_only,,0.6895748
38846350,linguistic_only,3.0,
34553747,setfit_only,,0.7158867
36175767,linguistic_only,3.0,
36650904,linguistic_only,3.0,
36519835,linguistic_only,5.0,
36388767,setfit_only,,0.695879
35389344,linguistic_only,3.5,
36437921,setfit_only,,0.6946608
38961061,setfit_only,,0.7115199
38272936,linguistic_only,4.5,
35536809,setfit_only,,0.6969161
37158829,linguistic_only,3.0,
36126638,setfit_only,,0.7117346
35274672,linguistic_only,4.5,
38797232,linguistic_only,3.0,
34865074,setfit_only,,0.6701486
36700083,linguistic_only,4.0,
39944117,linguistic_only,4.5,
35274679,linguistic_only,4.5,
36847544,linguistic_only,3.0,
37535671,linguistic_only,4.0,
39387067,setfit_only,,0.720025
36732862,setfit_only,,0.7105271
35274687,linguistic_only,4.0,
37748671,setfit_only,,0.677981
38109119,setfit_only,,0.6774646
38485954,setfit_only,,0.69746435
37748672,setfit_only,,0.67486215
35061704,setfit_only,,0.69279236
39534537,linguistic_only,3.0,
39354313,setfit_only,,0.7064075
36274122,setfit_only,,0.70188725
35536846,linguistic_only,4.0,
36847566,setfit_only,,0.6562784
39436241,linguistic_only,5.0,
39436242,linguistic_only,3.5,
36274129,setfit_only,,0.71924114
36847572,linguistic_only,3.0,
35323860,setfit_only,,0.7244337
38600666,setfit_only,,0.6166492
38600668,setfit_only,,0.7157586
36175836,setfit_only,,0.714836
40140766,linguistic_only,3.0,
38092767,linguistic_only,3.5,
39436255,linguistic_only,5.5,
37797858,linguistic_only,3.0,
38485989,setfit_only,,0.66038316
39436262,linguistic_only,3.0,
39190503,linguistic_only,4.5,
34570216,linguistic_only,4.0,
34570217,linguistic_only,3.5,
35143654,setfit_only,,0.66258925
34570219,linguistic_only,4.5,
34570220,linguistic_only,4.0,
39567340,linguistic_only,3.0,
39993325,linguistic_only,3.0,
37257197,setfit_only,,0.6952321
40189939,setfit_only,,0.6578516
35586036,linguistic_only,3.0,
34570230,linguistic_only,5.0,
35078134,linguistic_only,3.5,
39632886,setfit_only,,0.69266653
40255481,linguistic_only,3.5,
34570235,linguistic_only,5.0,
38092796,setfit_only,,0.69342047
34570238,linguistic_only,4.5,
