pmid,entity_text,entity_label,canonical_id,start_char,end_char,ground_truth_com,ground_truth_ful
36095221,ICBatlas,BIO_RESOURCE,ICBatlas,0,8,ICBatlas,
22833564,NESdb,BIO_RESOURCE,NESdb,0,5,NESdb,
22833564,a database of NES-containing CRM1 cargoes,BIO_RESOURCE,NESdb,7,48,NESdb,
22833564,NESdb,BIO_RESOURCE,NESdb,429,434,NESdb,
22833564,NESdb,BIO_RESOURCE,NESdb,544,549,NESdb,
22833564,NESdb,BIO_RESOURCE,NESdb,754,759,NESdb,
22833564,NESdb,BIO_RESOURCE,NESdb,854,859,NESdb,
30004104,CIPEMAB,BIO_RESOURCE,CIPEMAB,173,180,CIPEMAB,
30004104,CIPEMAB,BIO_RESOURCE,CIPEMAB,452,459,CIPEMAB,
30004104,CIPEMAB,BIO_RESOURCE,CIPEMAB,1055,1062,CIPEMAB,
23251048,CellLineMiner,BIO_RESOURCE,CellLineMiner,0,13,CellLineMiner,
23251048,a knowledge portal for human cell lines,BIO_RESOURCE,CellLineMiner,15,54,CellLineMiner,
23251048,CellLineMiner,BIO_RESOURCE,CellLineMiner,609,622,CellLineMiner,
23251048,CellLineMiner,BIO_RESOURCE,CellLineMiner,872,885,CellLineMiner,
23251048,CellLineMiner,BIO_RESOURCE,CellLineMiner,1020,1033,CellLineMiner,
27242034,Abasy,BIO_RESOURCE,Abasy,0,5,Abasy,acteria systems
27242034,Abasy,BIO_RESOURCE,Abasy,995,1000,Abasy,acteria systems
27242034,Abasy,BIO_RESOURCE,Abasy,1757,1762,Abasy,acteria systems
27242034,Abasy,BIO_RESOURCE,Abasy,1948,1953,Abasy,acteria systems
22730453,MuteinDB,BIO_RESOURCE,MuteinDB,0,8,MuteinDB,
22730453,the mutein database linking substrates,BIO_RESOURCE,MuteinDB,10,48,MuteinDB,
22730453,MuteinDB,BIO_RESOURCE,MuteinDB,684,692,MuteinDB,
22730453,MuteinDB,BIO_RESOURCE,MuteinDB,1065,1073,MuteinDB,
22730453,MuteinDB,BIO_RESOURCE,MuteinDB,1394,1402,MuteinDB,
33238004,MetaTropismDB,BIO_RESOURCE,MetaTropismDB,0,13,MetaTropismDB,
33238004,MetaTropismDB,BIO_RESOURCE,MetaTropismDB,833,846,MetaTropismDB,
28771471,Genomic Observatories Metadatabase,BIO_RESOURCE,GeOMe,4,38,GeOMe,Genomic Observatories Metadatabase
28771471,GeOMe,BIO_RESOURCE,GeOMe,40,45,GeOMe,Genomic Observatories Metadatabase
28771471,Genomic Observatories Metadatabase,BIO_RESOURCE,GeOMe,140,174,GeOMe,Genomic Observatories Metadatabase
28771471,GeOMe,BIO_RESOURCE,GeOMe,176,181,GeOMe,Genomic Observatories Metadatabase
28771471,GeOMe,BIO_RESOURCE,GeOMe,496,501,GeOMe,Genomic Observatories Metadatabase
28771471,Sequence Read Archive,BIO_RESOURCE,SRA,933,954,GeOMe,Genomic Observatories Metadatabase
28771471,SRA,BIO_RESOURCE,SRA,956,959,GeOMe,Genomic Observatories Metadatabase
28771471,GeOMe,BIO_RESOURCE,GeOMe,1118,1123,GeOMe,Genomic Observatories Metadatabase
34850127,MirGeneDB,BIO_RESOURCE,MirGeneDB,0,9,MirGeneDB,
24174537,DGV,BIO_RESOURCE,DGV,156,159,DGV,Database of Genomic Variants
24174537,DGV,BIO_RESOURCE,DGV,430,433,DGV,Database of Genomic Variants
24174537,DGV,BIO_RESOURCE,DGV,522,525,DGV,Database of Genomic Variants
24174537,DGV,BIO_RESOURCE,DGV,643,646,DGV,Database of Genomic Variants
24174537,DGVa,BIO_RESOURCE,DGVa,737,741,DGV,Database of Genomic Variants
24174537,DGV,BIO_RESOURCE,DGV,1040,1043,DGV,Database of Genomic Variants
24174537,DGV,BIO_RESOURCE,DGV,1308,1311,DGV,Database of Genomic Variants
23129220,SNObase,BIO_RESOURCE,SNObase,0,7,SNObase,
23129220,SNObase,BIO_RESOURCE,SNObase,531,538,SNObase,
23129220,SNObase,BIO_RESOURCE,SNObase,711,718,SNObase,
23129220,SNObase,BIO_RESOURCE,SNObase,927,934,SNObase,
23129220,KEGG,BIO_RESOURCE,KEGG,1300,1304,SNObase,
23129220,SNObase,BIO_RESOURCE,SNObase,1490,1497,SNObase,
33051671,StreptomeDB,BIO_RESOURCE,StreptomeDB,0,11,StreptomeDB,
33051671,StreptomeDB,BIO_RESOURCE,StreptomeDB,610,621,StreptomeDB,
33051671,StreptomeDB,BIO_RESOURCE,StreptomeDB,1161,1172,StreptomeDB,
33051671,StreptomeDB,BIO_RESOURCE,StreptomeDB,1427,1438,StreptomeDB,
23087376,G protein,BIO_RESOURCE,GproteinDb,479,488,IUPHAR-DB,BPS/IUPHAR Guide to PHARMACOLOGY
25115331,KiMoSys,BIO_RESOURCE,KiMoSys,0,7,KiMoSys,
25115331,KiMoSys,BIO_RESOURCE,KiMoSys,998,1005,KiMoSys,
25115331,KiMoSys,BIO_RESOURCE,KiMoSys,1038,1045,KiMoSys,
25115331,KiMoSys,BIO_RESOURCE,KiMoSys,1576,1583,KiMoSys,
25115331,KiMoSys,BIO_RESOURCE,KiMoSys,1789,1796,KiMoSys,
24715219,Quail Anatomy Portal,BIO_RESOURCE,QAP,164,184,QAP,Quail Anatomy Portal
24715219,QAP,BIO_RESOURCE,QAP,186,189,QAP,Quail Anatomy Portal
24715219,QAP,BIO_RESOURCE,QAP,960,963,QAP,Quail Anatomy Portal
23886610,BmTEdb,BIO_RESOURCE,BmTEdb,0,6,BmTEdb,
23886610,a collective database of transposable elements in the silkworm genome,BIO_RESOURCE,BmTEdb,8,77,BmTEdb,
23886610,silkworm genome,BIO_RESOURCE,KAIKObase,290,305,BmTEdb,
23886610,silkworm genome,BIO_RESOURCE,KAIKObase,393,408,BmTEdb,
23886610,BmTEdb,BIO_RESOURCE,BmTEdb,698,704,BmTEdb,
23886610,BmTEdb,BIO_RESOURCE,BmTEdb,866,872,BmTEdb,
24434032,diamondback moth Genome Database,BIO_RESOURCE,DBM-DB,50,82,DBM-DB,diamondback moth Genome Database
24434032,publically available,BIO_RESOURCE,iFISH,575,595,DBM-DB,diamondback moth Genome Database
34015403,Ebolabase,BIO_RESOURCE,Ebolabase,0,9,Ebolabase,
34015403,Zaire ebolavirus-human protein interaction database for drug-repurposing,BIO_RESOURCE,Ebolabase,11,83,Ebolabase,
34015403,Ebolabase,BIO_RESOURCE,Ebolabase,1234,1243,Ebolabase,
34015403,Ebolabase,BIO_RESOURCE,Ebolabase,1485,1494,Ebolabase,
36300620,KEGG,BIO_RESOURCE,KEGG,0,4,KEGG,Kyoto Encyclopedia of Genes and Genomes
28977551,AAgMarker,BIO_RESOURCE,AAgMarker,0,9,AAgMarker,
28977551,AAgMarker,BIO_RESOURCE,AAgMarker,701,710,AAgMarker,
28977551,AAgMarker,BIO_RESOURCE,AAgMarker,894,903,AAgMarker,
28977551,AAgMarker,BIO_RESOURCE,AAgMarker,1403,1412,AAgMarker,
27242032,Universe of RNA Structures DataBase,BIO_RESOURCE,URSDB,63,98,URSDB,Universe of RNA Structures DataBase
27242032,URSDB,BIO_RESOURCE,URSDB,100,105,URSDB,Universe of RNA Structures DataBase
27242032,PDB,BIO_RESOURCE,PDB,159,162,URSDB,Universe of RNA Structures DataBase
27242032,URSDB,BIO_RESOURCE,URSDB,853,858,URSDB,Universe of RNA Structures DataBase
27242032,URSDB,BIO_RESOURCE,URSDB,1103,1108,URSDB,Universe of RNA Structures DataBase
23118479,a database of human splicing factors and their RNA-binding sites,BIO_RESOURCE,SpliceAid-F,13,77,SpliceAid-F,
30407521,Ensembl,BIO_RESOURCE,Ensembl,0,7,Ensembl,
30407521,Ensembl,BIO_RESOURCE,Ensembl,18,25,Ensembl,
30407521,Ensembl,BIO_RESOURCE,Ensembl,155,162,Ensembl,
30407521,Ensembl,BIO_RESOURCE,Ensembl,689,696,Ensembl,
26759061,Psmir,BIO_RESOURCE,Psmir,0,5,Psmir,
26759061,a database of potential associations between small molecules and miRNAs,BIO_RESOURCE,Psmir,7,78,Psmir,
26759061,Psmir,BIO_RESOURCE,Psmir,926,931,Psmir,
26759061,Psmir,BIO_RESOURCE,Psmir,1015,1020,Psmir,
26759061,Psmir,BIO_RESOURCE,Psmir,1245,1250,Psmir,
32117874,ChEMBL,BIO_RESOURCE,ChEMBL,0,6,GDB17,
32117874,GDB17,BIO_RESOURCE,GDB17,69,74,GDB17,
32117874,GDB17,BIO_RESOURCE,GDB17,251,256,GDB17,
32117874,GDB17,BIO_RESOURCE,GDB17,377,382,GDB17,
32117874,ChEMBL,BIO_RESOURCE,ChEMBL,438,444,GDB17,
32117874,ChEMBL,BIO_RESOURCE,ChEMBL,543,549,GDB17,
32117874,GDBMedChem,BIO_RESOURCE,GDBMedChem,688,698,GDB17,
32117874,GDB17,BIO_RESOURCE,GDB17,713,718,GDB17,
32117874,GDB17,BIO_RESOURCE,GDB17,964,969,GDB17,
22563442,MycoRRdb,BIO_RESOURCE,MycoRRdb,0,8,MycoRRdb,
22563442,MycoRRdb,BIO_RESOURCE,MycoRRdb,542,550,MycoRRdb,
22563442,MycoRRdb,BIO_RESOURCE,MycoRRdb,658,666,MycoRRdb,
37221043,a manually curated analytical database of RNA-chromatin interactome,BIO_RESOURCE,RNA-Chrom,11,78,RNA-Chrom,
29092055,an updated resource for manually curated biochemical reaction kinetics,BIO_RESOURCE,SABIO-RK,10,80,SABIO-RK,
32990755,CSVS,BIO_RESOURCE,CSVS,0,4,CSVS,Collaborative Spanish Variability Server
32990755,Collaborative Spanish Variability Server,BIO_RESOURCE,CSVS,299,339,CSVS,Collaborative Spanish Variability Server
32990755,CSVS,BIO_RESOURCE,CSVS,341,345,CSVS,Collaborative Spanish Variability Server
32990755,CSVS,BIO_RESOURCE,CSVS,1361,1365,CSVS,Collaborative Spanish Variability Server
32990755,CSVS,BIO_RESOURCE,CSVS,1408,1412,CSVS,Collaborative Spanish Variability Server
24265221,ArchDB,BIO_RESOURCE,ArchDB,0,6,ArchDB,
24265221,ArchDB,BIO_RESOURCE,ArchDB,871,877,ArchDB,
24265221,ArchDB,BIO_RESOURCE,ArchDB,1139,1145,ArchDB,
24265221,ArchDB,BIO_RESOURCE,ArchDB,1166,1172,ArchDB,
24265221,ArchDB,BIO_RESOURCE,ArchDB,1332,1338,ArchDB,
28960889,eSnail,BIO_RESOURCE,eSnail,0,6,eSnail,
28960889,eSnail,BIO_RESOURCE,eSnail,1463,1469,eSnail,
28960889,eSnail,BIO_RESOURCE,eSnail,1792,1798,eSnail,
34669946,webTWAS,BIO_RESOURCE,webTWAS,0,7,webTWAS,
30304474,HGNC,BIO_RESOURCE,HGNC,19,23,HGNC,HUGO Gene Nomenclature Committee
30304474,HUGO Gene Nomenclature Committee,BIO_RESOURCE,HGNC,56,88,HGNC,HUGO Gene Nomenclature Committee
30304474,HGNC,BIO_RESOURCE,HGNC,90,94,HGNC,HUGO Gene Nomenclature Committee
30304474,HGNC,BIO_RESOURCE,HGNC,765,769,HGNC,HUGO Gene Nomenclature Committee
27899676,TransportDB,BIO_RESOURCE,TransportDB,0,11,TransportDB,
27899676,TransportDB,BIO_RESOURCE,TransportDB,540,551,TransportDB,
27899676,TransportDB,BIO_RESOURCE,TransportDB,638,649,TransportDB,
27899676,TransportDB,BIO_RESOURCE,TransportDB,766,777,TransportDB,
27899676,TransportDB,BIO_RESOURCE,TransportDB,1036,1047,TransportDB,
26450948,CRCDA,BIO_RESOURCE,CRCDA,0,5,CRCDA,resources for cancer NGS data analysis
26450948,resources for cancer NGS data analysis,BIO_RESOURCE,CRCDA,21,59,CRCDA,resources for cancer NGS data analysis
26450948,resources for cancer NGS data analysis,BIO_RESOURCE,CRCDA,295,333,CRCDA,resources for cancer NGS data analysis
26450948,CRCDA,BIO_RESOURCE,CRCDA,335,340,CRCDA,resources for cancer NGS data analysis
26450948,SRA,BIO_RESOURCE,SRA,1261,1264,CRCDA,resources for cancer NGS data analysis
23087378,BioLiP,BIO_RESOURCE,BioLiP,0,6,BioLiP,
23087378,a semi-manually curated database for biologically relevant ligand-protein interactions,BIO_RESOURCE,BioLiP,8,94,BioLiP,
23087378,BioLiP,BIO_RESOURCE,BioLiP,96,102,BioLiP,
23087378,a semi-manually curated database for biologically relevant ligand-protein interactions,BIO_RESOURCE,BioLiP,151,237,BioLiP,
23087378,PDB,BIO_RESOURCE,PDB,480,483,BioLiP,
23087378,PDB,BIO_RESOURCE,PDB,539,542,BioLiP,
23087378,PDB,BIO_RESOURCE,PDB,866,869,BioLiP,
23087378,BioLiP,BIO_RESOURCE,BioLiP,1007,1013,BioLiP,
23087378,BioLiP,BIO_RESOURCE,BioLiP,1042,1048,BioLiP,
23087378,BioLiP,BIO_RESOURCE,BioLiP,1266,1272,BioLiP,
23087378,BioLiP,BIO_RESOURCE,BioLiP,1458,1464,BioLiP,
33382884,HeartBioPortal,BIO_RESOURCE,HeartBioPortal,655,669,HeartBioPortal,
33382884,HeartBioPortal,BIO_RESOURCE,HeartBioPortal,2309,2323,HeartBioPortal,
31874631,JCDB,BIO_RESOURCE,JCDB,0,4,JCDB,curcas database
31874631,curcas database,BIO_RESOURCE,JCDB,905,920,JCDB,curcas database
31874631,JCDB,BIO_RESOURCE,JCDB,922,926,JCDB,curcas database
31874631,JCDB,BIO_RESOURCE,JCDB,1264,1268,JCDB,curcas database
30611878,FisOmics,BIO_RESOURCE,FisOmics,0,8,FisOmics,
30611878,A portal of fish genomic resources,BIO_RESOURCE,FisOmics,10,44,FisOmics,
30611878,FisOmics,BIO_RESOURCE,FisOmics,207,215,FisOmics,
30611878,FisOmics,BIO_RESOURCE,FisOmics,551,559,FisOmics,
30611878,FisOmics,BIO_RESOURCE,FisOmics,724,732,FisOmics,
24918550,dbCerEx,BIO_RESOURCE,dbCerEx,0,7,dbCerEx,
24918550,a web-based database for the analysis of cervical cancer transcriptomes,BIO_RESOURCE,dbCerEx,9,80,dbCerEx,
24918550,dbCerEx,BIO_RESOURCE,dbCerEx,788,795,dbCerEx,
24918550,dbCerEx,BIO_RESOURCE,dbCerEx,1159,1166,dbCerEx,
36254161,The Alzheimer's Cell Atlas,BIO_RESOURCE,TACA,0,26,TACA,The Alzheimer's Cell Atlas
36254161,TACA,BIO_RESOURCE,TACA,28,32,TACA,The Alzheimer's Cell Atlas
29109711,miPepBase,BIO_RESOURCE,miPepBase,0,9,miPepBase,Mimicry Peptide Database
29109711,miPepBase,BIO_RESOURCE,miPepBase,424,433,miPepBase,Mimicry Peptide Database
29109711,miPepBase,BIO_RESOURCE,miPepBase,1005,1014,miPepBase,Mimicry Peptide Database
34918744,exoRBase,BIO_RESOURCE,exoRBase,0,8,exoRBase,
35134149,PlantGF,BIO_RESOURCE,PlantGF,0,7,PlantGF,Plant Gene Family Platform
32090261,NipahVR,BIO_RESOURCE,NipahVR,0,7,NipahVR,
32090261,NipahVR,BIO_RESOURCE,NipahVR,498,505,NipahVR,
37710163,PGDB,BIO_RESOURCE,PGDB,28,32,PGDB,Pear Genomics Database
31665416,Integrated Microbial Genomes Atlas of Biosynthetic gene Clusters,BIO_RESOURCE,Integrated Microbial Genomes Atlas of Biosynthetic gene Clusters,851,915,Integrated Microbial Genomes Atlas of Biosynthetic gene Clusters,Integrated Microbial Genomes Atlas of Biosynthetic gene Clusters
31665416,antiSMASH,BIO_RESOURCE,antiSMASH,1143,1152,Integrated Microbial Genomes Atlas of Biosynthetic gene Clusters,Integrated Microbial Genomes Atlas of Biosynthetic gene Clusters
31665416,GOLD,BIO_RESOURCE,GOLD,1254,1258,Integrated Microbial Genomes Atlas of Biosynthetic gene Clusters,Integrated Microbial Genomes Atlas of Biosynthetic gene Clusters
29617745,TISSUES,BIO_RESOURCE,TISSUES,0,7,TISSUES,
29617745,TISSUES,BIO_RESOURCE,TISSUES,1028,1035,TISSUES,
29617745,STRING,BIO_RESOURCE,STRING,1139,1145,TISSUES,
33079988,Dark Kinase Knowledgebase,BIO_RESOURCE,DKK,4,29,DKK,Dark Kinase Knowledgebase
33079988,Dark Kinase Knowledgebase,BIO_RESOURCE,DKK,579,604,DKK,Dark Kinase Knowledgebase
33079988,DKK,BIO_RESOURCE,DKK,606,609,DKK,Dark Kinase Knowledgebase
33079988,IDG,BIO_RESOURCE,IDG,821,824,DKK,Dark Kinase Knowledgebase
33079988,DKK,BIO_RESOURCE,DKK,839,842,DKK,Dark Kinase Knowledgebase
33079988,DKK,BIO_RESOURCE,DKK,964,967,DKK,Dark Kinase Knowledgebase
33079988,DKK,BIO_RESOURCE,DKK,1460,1463,DKK,Dark Kinase Knowledgebase
25301850,PDB,BIO_RESOURCE,PDB,0,3,PDBbind,
25301850,PDBbind,BIO_RESOURCE,PDBbind,59,66,PDBbind,
25301850,PDBbind,BIO_RESOURCE,PDBbind,381,388,PDBbind,
25301850,PDB,BIO_RESOURCE,PDB,523,526,PDBbind,
25301850,PDBbind,BIO_RESOURCE,PDBbind,781,788,PDBbind,
25301850,PDB,BIO_RESOURCE,PDB,950,953,PDBbind,
25301850,PDBbind,BIO_RESOURCE,PDBbind,1103,1110,PDBbind,
25301850,PDBbind,BIO_RESOURCE,PDBbind,1201,1208,PDBbind,
25301850,PDBbind,BIO_RESOURCE,PDBbind,1347,1354,PDBbind,
36304304,ChanFAD,BIO_RESOURCE,ChanFAD,0,7,ChanFAD,Channel Functional Annotation Database
23282181,PCDq,BIO_RESOURCE,PCDq,0,4,PCDq,
23282181,PCDq,BIO_RESOURCE,PCDq,861,865,PCDq,
23282181,BIND,BIO_RESOURCE,BIND,960,964,PCDq,
23282181,MINT,BIO_RESOURCE,MINT,971,975,PCDq,
23282181,IntAct,BIO_RESOURCE,IntAct,983,989,PCDq,
23282181,PCDq,BIO_RESOURCE,PCDq,2304,2308,PCDq,
23282181,PCDq,BIO_RESOURCE,PCDq,2562,2566,PCDq,
22135288,a database of human disease-related viral integration sites,BIO_RESOURCE,Dr.VIS,8,67,Dr.VIS,
22135288,a database of human,BIO_RESOURCE,ChiTaRS,560,579,Dr.VIS,
24771658,RegPhos,BIO_RESOURCE,RegPhos,0,7,RegPhos,
24771658,RegPhos,BIO_RESOURCE,RegPhos,360,367,RegPhos,
24771658,RegPhos,BIO_RESOURCE,RegPhos,833,840,RegPhos,
24771658,RegPhos,BIO_RESOURCE,RegPhos,1185,1192,RegPhos,
21898825,UniCarbKB,BIO_RESOURCE,UniCarbKB,0,9,UniCarbKB,
21898825,UniCarbKB,BIO_RESOURCE,UniCarbKB,314,323,UniCarbKB,
21898825,UniCarbKB,BIO_RESOURCE,UniCarbKB,706,715,UniCarbKB,
28962356,Chemical/Product Categories Database,BIO_RESOURCE,CPCat,351,387,CPCat,Chemical/Product Categories Database
28962356,CPCat,BIO_RESOURCE,CPCat,389,394,CPCat,Chemical/Product Categories Database
28962356,publically available,BIO_RESOURCE,iFISH,404,424,CPCat,Chemical/Product Categories Database
28962356,CPCat,BIO_RESOURCE,CPCat,568,573,CPCat,Chemical/Product Categories Database
28962356,CPCat,BIO_RESOURCE,CPCat,988,993,CPCat,Chemical/Product Categories Database
28962356,CPCat,BIO_RESOURCE,CPCat,1140,1145,CPCat,Chemical/Product Categories Database
25414348,BioModels,BIO_RESOURCE,BioModels,0,9,BioModels,
25414348,ten-year anniversary,BIO_RESOURCE,BioModels,11,31,BioModels,
25414348,BioModels,BIO_RESOURCE,BioModels,33,42,BioModels,
25414348,BioModels,BIO_RESOURCE,BioModels,561,570,BioModels,
25414348,BioModels,BIO_RESOURCE,BioModels,710,719,BioModels,
25414348,BioModels,BIO_RESOURCE,BioModels,972,981,BioModels,
30365033,AlloMAPS,BIO_RESOURCE,AlloMAPS,0,8,AlloMAPS,
30365033,allosteric mutation analysis and polymorphism of signaling database,BIO_RESOURCE,AlloMAPS,10,77,AlloMAPS,
30365033,AlloMAPS,BIO_RESOURCE,AlloMAPS,79,87,AlloMAPS,
27832200,Cancertope,BIO_RESOURCE,Cancertope,406,416,Cancertope,
33045721,ViruSurf,BIO_RESOURCE,ViruSurf,0,8,ViruSurf,
33045721,an integrated database to investigate viral sequences,BIO_RESOURCE,ViruSurf,10,63,ViruSurf,
33045721,ViruSurf,BIO_RESOURCE,ViruSurf,65,73,ViruSurf,
33045721,RefSeq,BIO_RESOURCE,RefSeq,224,230,ViruSurf,
33045721,GenBank,BIO_RESOURCE,GenBank,232,239,ViruSurf,
33045721,COG,BIO_RESOURCE,COG,241,244,ViruSurf,
33045721,GISAID,BIO_RESOURCE,GISAID,354,360,ViruSurf,
33045721,ViruSurf,BIO_RESOURCE,ViruSurf,370,378,ViruSurf,
33045721,ViruSurf,BIO_RESOURCE,ViruSurf,571,579,ViruSurf,
25300483,PDB,BIO_RESOURCE,PDB,3,6,sc-PDB,
25300483,a 3D-database of ligandable binding sites--10 years on,BIO_RESOURCE,sc-PDB,8,62,sc-PDB,
25300483,PDB,BIO_RESOURCE,PDB,71,74,sc-PDB,
25300483,PDB,BIO_RESOURCE,PDB,456,459,sc-PDB,
25300483,PDB,BIO_RESOURCE,PDB,555,558,sc-PDB,
29082924,Norine,BIO_RESOURCE,Norine,0,6,Norine,
29082924,Norine,BIO_RESOURCE,Norine,103,109,Norine,
29082924,Norine,BIO_RESOURCE,Norine,310,316,Norine,
29082924,Norine,BIO_RESOURCE,Norine,794,800,Norine,
27924042,PlantTFDB,BIO_RESOURCE,PlantTFDB,0,9,PlantTFDB,
27924042,PlantTFDB,BIO_RESOURCE,PlantTFDB,293,302,PlantTFDB,
25378329,MatrixDB,BIO_RESOURCE,MatrixDB,0,8,MatrixDB,the extracellular matrix interaction database
25378329,the extracellular matrix interaction database,BIO_RESOURCE,MatrixDB,10,55,MatrixDB,the extracellular matrix interaction database
25378329,updated content,BIO_RESOURCE,ConoServer,57,72,MatrixDB,the extracellular matrix interaction database
25378329,MatrixDB,BIO_RESOURCE,MatrixDB,120,128,MatrixDB,the extracellular matrix interaction database
25378329,IMEx,BIO_RESOURCE,IMEx,333,337,MatrixDB,the extracellular matrix interaction database
25378329,IMEx,BIO_RESOURCE,IMEx,458,462,MatrixDB,the extracellular matrix interaction database
25378329,MatrixDB,BIO_RESOURCE,MatrixDB,470,478,MatrixDB,the extracellular matrix interaction database
25378329,IMEx,BIO_RESOURCE,IMEx,575,579,MatrixDB,the extracellular matrix interaction database
28293068,MMDB,BIO_RESOURCE,MMDB,520,524,MMDB,Magnaporthe oryzae Microsatellite Database
28293068,Magnaporthe oryzae Microsatellite Database,BIO_RESOURCE,MMDB,526,568,MMDB,Magnaporthe oryzae Microsatellite Database
28293068,MMDB,BIO_RESOURCE,MMDB,1098,1102,MMDB,Magnaporthe oryzae Microsatellite Database
25428362,Sol Genomics Network,BIO_RESOURCE,SGN,4,24,SGN,Sol Genomics Network
25428362,Sol Genomics Network,BIO_RESOURCE,SGN,76,96,SGN,Sol Genomics Network
25428362,SGN,BIO_RESOURCE,SGN,98,101,SGN,Sol Genomics Network
25428362,SGN,BIO_RESOURCE,SGN,243,246,SGN,Sol Genomics Network
25428362,SGN,BIO_RESOURCE,SGN,804,807,SGN,Sol Genomics Network
25428362,SGN,BIO_RESOURCE,SGN,881,884,SGN,Sol Genomics Network
32119071,ProCaff,BIO_RESOURCE,ProCaff,0,7,ProCaff,carbohydrate complex binding affinity database
32119071,carbohydrate complex binding affinity database,BIO_RESOURCE,ProCaff,17,63,ProCaff,carbohydrate complex binding affinity database
32119071,ProCaff,BIO_RESOURCE,ProCaff,486,493,ProCaff,carbohydrate complex binding affinity database
24678734,EPSLiM,BIO_RESOURCE,EPSLiM,19,25,EPSLiM,
24678734,EPSLiM,BIO_RESOURCE,EPSLiM,1201,1207,EPSLiM,
24678734,EPSLiM,BIO_RESOURCE,EPSLiM,1296,1302,EPSLiM,
24678734,EPSLiM,BIO_RESOURCE,EPSLiM,1407,1413,EPSLiM,
24678734,EPSLiM,BIO_RESOURCE,EPSLiM,1726,1732,EPSLiM,
24678734,publically available,BIO_RESOURCE,iFISH,1781,1801,EPSLiM,
26424082,RegNetwork,BIO_RESOURCE,RegNetwork,0,10,RegNetwork,
26424082,regulatory relationships,BIO_RESOURCE,TRRUST,292,316,RegNetwork,
26424082,regulatory relationships,BIO_RESOURCE,TRRUST,577,601,RegNetwork,
26424082,RegNetwork,BIO_RESOURCE,RegNetwork,723,733,RegNetwork,
26424082,regulatory relationships,BIO_RESOURCE,TRRUST,1006,1030,RegNetwork,
26424082,RegNetwork,BIO_RESOURCE,RegNetwork,1093,1103,RegNetwork,
26424082,RegNetwork,BIO_RESOURCE,RegNetwork,1118,1128,RegNetwork,
26424082,regulatory relationships,BIO_RESOURCE,TRRUST,1239,1263,RegNetwork,
26424082,RegNetwork,BIO_RESOURCE,RegNetwork,1418,1428,RegNetwork,
26424082,RegNetwork,BIO_RESOURCE,RegNetwork,1692,1702,RegNetwork,
26424082,regulatory relationships,BIO_RESOURCE,TRRUST,1769,1793,RegNetwork,
35460467,SmGDB,BIO_RESOURCE,SmGDB,0,5,SmGDB,miltiorrhiza genome database
32079733,MtSSPdb,BIO_RESOURCE,MtSSPdb,0,7,MtSSPdb,truncatula Small Secreted Peptide Database
32079733,MtSSPdb,BIO_RESOURCE,MtSSPdb,1065,1072,MtSSPdb,truncatula Small Secreted Peptide Database
32079733,MtSSPdb,BIO_RESOURCE,MtSSPdb,1103,1110,MtSSPdb,truncatula Small Secreted Peptide Database
32079733,a large-scale,BIO_RESOURCE,SureChEMBL,1234,1247,MtSSPdb,truncatula Small Secreted Peptide Database
32079733,MtSSPdb,BIO_RESOURCE,MtSSPdb,1777,1784,MtSSPdb,truncatula Small Secreted Peptide Database
32079733,MtSSPdb,BIO_RESOURCE,MtSSPdb,1850,1857,MtSSPdb,truncatula Small Secreted Peptide Database
33459764,SWITCHES,BIO_RESOURCE,SWITCHES,0,8,SWITCHES,for topologies of
33459764,SWITCHES,BIO_RESOURCE,SWITCHES,852,860,SWITCHES,for topologies of
26555599,dbNSFP,BIO_RESOURCE,dbNSFP,0,6,dbNSFP,
26555599,dbNSFP,BIO_RESOURCE,dbNSFP,140,146,dbNSFP,
26555599,GENCODE,BIO_RESOURCE,GENCODE,734,741,dbNSFP,
26555599,dbNSFP,BIO_RESOURCE,dbNSFP,1415,1421,dbNSFP,
24214989,European Nucleotide Archive,BIO_RESOURCE,ENA,37,64,ENA,European Nucleotide Archive
24214989,European Nucleotide Archive,BIO_RESOURCE,ENA,70,97,ENA,European Nucleotide Archive
24214989,ENA,BIO_RESOURCE,ENA,99,102,ENA,European Nucleotide Archive
24214989,ENA,BIO_RESOURCE,ENA,207,210,ENA,European Nucleotide Archive
24214989,ENA,BIO_RESOURCE,ENA,313,316,ENA,European Nucleotide Archive
24214989,ENA,BIO_RESOURCE,ENA,697,700,ENA,European Nucleotide Archive
29036527,iSyTE,BIO_RESOURCE,iSyTE,0,5,iSyTE,
29036527,iSyTE,BIO_RESOURCE,iSyTE,169,174,iSyTE,
29036527,iSyTE,BIO_RESOURCE,iSyTE,428,433,iSyTE,
29036527,iSyTE,BIO_RESOURCE,iSyTE,688,693,iSyTE,
29036527,iSyTE,BIO_RESOURCE,iSyTE,1145,1150,iSyTE,
29036527,iSyTE,BIO_RESOURCE,iSyTE,1330,1335,iSyTE,
33119734,DescribePROT,BIO_RESOURCE,DescribePROT,0,12,DescribePROT,
33119734,database of amino acid-level protein structure and function predictions,BIO_RESOURCE,DescribePROT,14,85,DescribePROT,
33119734,DescribePROT,BIO_RESOURCE,DescribePROT,98,110,DescribePROT,
33119734,DescribePROT,BIO_RESOURCE,DescribePROT,206,218,DescribePROT,
33119734,DescribePROT,BIO_RESOURCE,DescribePROT,764,776,DescribePROT,
33119734,UniProt,BIO_RESOURCE,UniProt,812,819,DescribePROT,
33119734,DescribePROT,BIO_RESOURCE,DescribePROT,1456,1468,DescribePROT,
33119734,DescribePROT,BIO_RESOURCE,DescribePROT,1470,1482,DescribePROT,
25232097,Ageing Atlas,BIO_RESOURCE,DAA,12,24,DAA,Ageing Atlas
25232097,Ageing Atlas,BIO_RESOURCE,DAA,534,546,DAA,Ageing Atlas
25232097,DAA,BIO_RESOURCE,DAA,548,551,DAA,Ageing Atlas
25232097,DAA,BIO_RESOURCE,DAA,558,561,DAA,Ageing Atlas
25232097,DAA,BIO_RESOURCE,DAA,1247,1250,DAA,Ageing Atlas
26456067,Forensic Loci Allele Database,BIO_RESOURCE,FLAD,0,29,FLAD,Forensic Loci Allele Database
26456067,FLAD,BIO_RESOURCE,FLAD,31,35,FLAD,Forensic Loci Allele Database
26456067,Forensic Loci Allele Database,BIO_RESOURCE,FLAD,474,503,FLAD,Forensic Loci Allele Database
26456067,FLAD,BIO_RESOURCE,FLAD,505,509,FLAD,Forensic Loci Allele Database
28964253,RiceMetaSys,BIO_RESOURCE,RiceMetaSys,0,11,RiceMetaSys,
28964253,RiceMetaSys,BIO_RESOURCE,RiceMetaSys,693,704,RiceMetaSys,
34059664,SSR database,BIO_RESOURCE,PSSRD,410,422,PSSRD,SSR database
34059664,PSSRD,BIO_RESOURCE,PSSRD,424,429,PSSRD,SSR database
34059664,PSSRD,BIO_RESOURCE,PSSRD,827,832,PSSRD,SSR database
34059664,PSSRD,BIO_RESOURCE,PSSRD,1403,1408,PSSRD,SSR database
23594715,TUMIR,BIO_RESOURCE,TUMIR,0,5,TUMIR,
23594715,an experimentally supported database of microRNA deregulation in various cancers,BIO_RESOURCE,TUMIR,7,87,TUMIR,
23594715,TUMIR,BIO_RESOURCE,TUMIR,426,431,TUMIR,
23594715,TUMIR,BIO_RESOURCE,TUMIR,1328,1333,TUMIR,
22096228,SubtiWiki,BIO_RESOURCE,SubtiWiki,0,9,SubtiWiki,
22096228,SubtiWiki,BIO_RESOURCE,SubtiWiki,581,590,SubtiWiki,
22096228,SubtiWiki,BIO_RESOURCE,SubtiWiki,830,839,SubtiWiki,
22096228,SubtiWiki,BIO_RESOURCE,SubtiWiki,1178,1187,SubtiWiki,
22096228,SubtiWiki,BIO_RESOURCE,SubtiWiki,1437,1446,SubtiWiki,
24198712,Database of Vascular Plants of Canada,BIO_RESOURCE,VASCAN,0,37,VASCAN,Database of Vascular Plants of Canada
24198712,VASCAN,BIO_RESOURCE,VASCAN,39,45,VASCAN,Database of Vascular Plants of Canada
24198712,Database of Vascular Plants of Canada,BIO_RESOURCE,VASCAN,172,209,VASCAN,Database of Vascular Plants of Canada
24198712,VASCAN,BIO_RESOURCE,VASCAN,213,219,VASCAN,Database of Vascular Plants of Canada
24198712,VASCAN,BIO_RESOURCE,VASCAN,401,407,VASCAN,Database of Vascular Plants of Canada
24198712,VASCAN,BIO_RESOURCE,VASCAN,603,609,VASCAN,Database of Vascular Plants of Canada
24198712,VASCAN,BIO_RESOURCE,VASCAN,1018,1024,VASCAN,Database of Vascular Plants of Canada
24198712,VASCAN,BIO_RESOURCE,VASCAN,1160,1166,VASCAN,Database of Vascular Plants of Canada
24198712,Global Biodiversity Information Facility,BIO_RESOURCE,GBIF,1358,1398,VASCAN,Database of Vascular Plants of Canada
24198712,GBIF,BIO_RESOURCE,GBIF,1400,1404,VASCAN,Database of Vascular Plants of Canada
24198712,VASCAN,BIO_RESOURCE,VASCAN,1407,1413,VASCAN,Database of Vascular Plants of Canada
25399418,OMA,BIO_RESOURCE,OMA,4,7,OMA,Orthologous Matrix
25399418,Orthologous Matrix,BIO_RESOURCE,OMA,121,139,OMA,Orthologous Matrix
25399418,OMA,BIO_RESOURCE,OMA,141,144,OMA,Orthologous Matrix
25399418,OMA,BIO_RESOURCE,OMA,419,422,OMA,Orthologous Matrix
25399418,OMA,BIO_RESOURCE,OMA,504,507,OMA,Orthologous Matrix
25399418,OMA,BIO_RESOURCE,OMA,923,926,OMA,Orthologous Matrix
25399418,OMA,BIO_RESOURCE,OMA,955,958,OMA,Orthologous Matrix
28437484,Electrocardiogram Vigilance with Electronic data Warehouse II,BIO_RESOURCE,ECG-ViEW,65,126,ECG-ViEW,Electrocardiogram Vigilance with Electronic data Warehouse II
21217125,regulatory relationships,BIO_RESOURCE,TRRUST,328,352,ATTED-II,
27527702,HCVIVdb,BIO_RESOURCE,HCVIVdb,0,7,HCVIVdb,HCV IRES variation database
27527702,HCV IRES variation database,BIO_RESOURCE,HCVIVdb,703,730,HCVIVdb,HCV IRES variation database
27527702,HCVIVdb,BIO_RESOURCE,HCVIVdb,732,739,HCVIVdb,HCV IRES variation database
27527702,HCVIVdb,BIO_RESOURCE,HCVIVdb,1692,1699,HCVIVdb,HCV IRES variation database
22700939,RNAiAtlas,BIO_RESOURCE,RNAiAtlas,0,9,RNAiAtlas,
22700939,RNAiAtlas,BIO_RESOURCE,RNAiAtlas,1013,1022,RNAiAtlas,
21253873,Tetrahymena Gene Expression Database,BIO_RESOURCE,TGED,0,36,TGED,Tetrahymena Gene Expression Database
21253873,TGED,BIO_RESOURCE,TGED,38,42,TGED,Tetrahymena Gene Expression Database
21253873,Tetrahymena Gene Expression Database,BIO_RESOURCE,TGED,313,349,TGED,Tetrahymena Gene Expression Database
21253873,TGED,BIO_RESOURCE,TGED,351,355,TGED,Tetrahymena Gene Expression Database
21253873,TGED,BIO_RESOURCE,TGED,929,933,TGED,Tetrahymena Gene Expression Database
22024348,HNOCDB,BIO_RESOURCE,HNOCDB,0,6,HNOCDB,
22024348,HNOCDB,BIO_RESOURCE,HNOCDB,441,447,HNOCDB,
22024348,HNOCDB,BIO_RESOURCE,HNOCDB,887,893,HNOCDB,
22024348,HNOCDB,BIO_RESOURCE,HNOCDB,1060,1066,HNOCDB,
22024348,HNOCDB,BIO_RESOURCE,HNOCDB,1068,1074,HNOCDB,
30994884,starPepDB,BIO_RESOURCE,starPepDB,860,869,starPepDB,
30994884,starPepDB,BIO_RESOURCE,starPepDB,1483,1492,starPepDB,
37646943,CromoCat,BIO_RESOURCE,CromoCat,0,8,CromoCat,Catalan Biodiversity Database
24167507,an overview of the Arabidopsis proteomic aggregation portal,BIO_RESOURCE,MASCP Gator,13,72,MASCP Gator,
31724716,neXtProt,BIO_RESOURCE,neXtProt,4,12,neXtProt,
31724716,neXtProt,BIO_RESOURCE,neXtProt,80,88,neXtProt,
31724716,neXtProt,BIO_RESOURCE,neXtProt,576,584,neXtProt,
31724716,neXtProt,BIO_RESOURCE,neXtProt,1034,1042,neXtProt,
37707619,DrugCentral,BIO_RESOURCE,DrugCentral,10,21,DrugCentral,
29040613,DNA Data Bank of Japan,BIO_RESOURCE,DDBJ,0,22,DDBJ,DNA Data Bank of Japan
29040613,DNA Data Bank of Japan,BIO_RESOURCE,DDBJ,46,68,DDBJ,DNA Data Bank of Japan
29040613,DDBJ,BIO_RESOURCE,DDBJ,70,74,DDBJ,DNA Data Bank of Japan
29040613,International Nucleotide Sequence Database Collaboration,BIO_RESOURCE,INSDC,293,349,DDBJ,DNA Data Bank of Japan
29040613,INSDC,BIO_RESOURCE,INSDC,351,356,DDBJ,DNA Data Bank of Japan
29040613,DDBJ,BIO_RESOURCE,DDBJ,481,485,DDBJ,DNA Data Bank of Japan
29040613,INSDC,BIO_RESOURCE,INSDC,704,709,DDBJ,DNA Data Bank of Japan
29040613,DDBJ,BIO_RESOURCE,DDBJ,998,1002,DDBJ,DNA Data Bank of Japan
26131021,TaxKB,BIO_RESOURCE,TaxKB,0,5,TaxKB,Taxane knowledge base
26131021,Taxane knowledge base,BIO_RESOURCE,TaxKB,1152,1173,TaxKB,Taxane knowledge base
26131021,TaxKB,BIO_RESOURCE,TaxKB,1175,1180,TaxKB,Taxane knowledge base
26131021,TaxKB,BIO_RESOURCE,TaxKB,1467,1472,TaxKB,Taxane knowledge base
26131021,PDB,BIO_RESOURCE,PDB,1761,1764,TaxKB,Taxane knowledge base
26131021,TaxKB,BIO_RESOURCE,TaxKB,1860,1865,TaxKB,Taxane knowledge base
23180791,OrthoDB,BIO_RESOURCE,OrthoDB,0,7,OrthoDB,
23180791,a hierarchical catalog of animal,BIO_RESOURCE,OrthoDB,9,41,OrthoDB,
23180791,OrthoDB,BIO_RESOURCE,OrthoDB,292,299,OrthoDB,
23180791,OrthoDB,BIO_RESOURCE,OrthoDB,385,392,OrthoDB,
23180791,prokaryotes,BIO_RESOURCE,dbPSP,683,694,OrthoDB,
23180791,InterPro,BIO_RESOURCE,InterPro,809,817,OrthoDB,
23180791,OMIM,BIO_RESOURCE,OMIM,823,827,OrthoDB,
23180791,UniProt,BIO_RESOURCE,UniProt,910,917,OrthoDB,
23180791,FlyBase,BIO_RESOURCE,FlyBase,928,935,OrthoDB,
23180791,OrthoDB,BIO_RESOURCE,OrthoDB,947,954,OrthoDB,
23180791,OrthoDB,BIO_RESOURCE,OrthoDB,1452,1459,OrthoDB,
25217587,VirusMentha,BIO_RESOURCE,VirusMentha,0,11,VirusMentha,
25217587,a new resource for virus-host protein interactions,BIO_RESOURCE,VirusMentha,13,63,VirusMentha,
25217587,VirusMentha,BIO_RESOURCE,VirusMentha,638,649,VirusMentha,
25217587,IMEx,BIO_RESOURCE,IMEx,753,757,VirusMentha,
25217587,VirusMentha,BIO_RESOURCE,VirusMentha,825,836,VirusMentha,
25217587,IMEx,BIO_RESOURCE,IMEx,998,1002,VirusMentha,
25217587,VirusMentha,BIO_RESOURCE,VirusMentha,1015,1026,VirusMentha,
38050352,PEO,BIO_RESOURCE,PEO,0,3,PEO,Plant Expression Omnibus
38050352,Plant Expression Omnibus,BIO_RESOURCE,PEO,5,29,PEO,Plant Expression Omnibus
34485275,MeiosisOnline,BIO_RESOURCE,MeiosisOnline,0,13,MeiosisOnline,
34485275,MeiosisOnline,BIO_RESOURCE,MeiosisOnline,454,467,MeiosisOnline,
34485275,MeiosisOnline,BIO_RESOURCE,MeiosisOnline,1066,1079,MeiosisOnline,
34485275,MeiosisOnline,BIO_RESOURCE,MeiosisOnline,1247,1260,MeiosisOnline,
27899624,MicroScope,BIO_RESOURCE,MicroScope,0,10,MicroScope,
27899624,MicroScope,BIO_RESOURCE,MicroScope,492,502,MicroScope,
27899624,MicroScope,BIO_RESOURCE,MicroScope,884,894,MicroScope,
27899624,MicroScope,BIO_RESOURCE,MicroScope,1269,1279,MicroScope,
37855672,MAPS,BIO_RESOURCE,MAPS,6,10,LIPID MAPS,
37855672,update to databases and tools for the lipidomics community,BIO_RESOURCE,LIPID MAPS,12,70,LIPID MAPS,
26490961,5SRNAdb,BIO_RESOURCE,5SRNAdb,0,7,5SRNAdb,
26490961,an information resource for 5S ribosomal RNAs,BIO_RESOURCE,5SRNAdb,9,54,5SRNAdb,
26490961,5SRNAdb,BIO_RESOURCE,5SRNAdb,376,383,5SRNAdb,
33835459,MODOMICS,BIO_RESOURCE,MODOMICS,0,8,MODOMICS,Modification Pathways Database
33835459,Modification Pathways Database,BIO_RESOURCE,MODOMICS,53,83,MODOMICS,Modification Pathways Database
33835459,MODOMICS,BIO_RESOURCE,MODOMICS,85,93,MODOMICS,Modification Pathways Database
33835459,MODOMICS,BIO_RESOURCE,MODOMICS,397,405,MODOMICS,Modification Pathways Database
33835459,MODOMICS,BIO_RESOURCE,MODOMICS,489,497,MODOMICS,Modification Pathways Database
36370105,STRING,BIO_RESOURCE,STRING,4,10,STRING,
22075992,OGEE,BIO_RESOURCE,OGEE,0,4,OGEE,
22075992,an online gene essentiality database,BIO_RESOURCE,OGEE,6,42,OGEE,
22075992,OGEE,BIO_RESOURCE,OGEE,44,48,OGEE,
22075992,OGEE,BIO_RESOURCE,OGEE,938,942,OGEE,
23650583,GeneSetDB,BIO_RESOURCE,GeneSetDB,0,9,GeneSetDB,
23650583,A comprehensive meta-database,BIO_RESOURCE,GeneSetDB,11,40,GeneSetDB,
23650583,GSA,BIO_RESOURCE,GSA,268,271,GeneSetDB,
23650583,GSA,BIO_RESOURCE,GSA,333,336,GeneSetDB,
23650583,publically available,BIO_RESOURCE,iFISH,456,476,GeneSetDB,
23650583,GeneSetDB,BIO_RESOURCE,GeneSetDB,523,532,GeneSetDB,
23650583,GeneSetDB,BIO_RESOURCE,GeneSetDB,751,760,GeneSetDB,
29177508,MVP,BIO_RESOURCE,MVP,0,3,MVP,Microbe Versus
29177508,interaction database,BIO_RESOURCE,CCIDB,21,41,MVP,Microbe Versus
29177508,MVP,BIO_RESOURCE,MVP,345,348,MVP,Microbe Versus
29177508,Microbe Versus,BIO_RESOURCE,MVP,350,364,MVP,Microbe Versus
29177508,prokaryotes,BIO_RESOURCE,dbPSP,779,790,MVP,Microbe Versus
29177508,MVP,BIO_RESOURCE,MVP,1202,1205,MVP,Microbe Versus
26578557,LegumeIP,BIO_RESOURCE,LegumeIP,0,8,LegumeIP,
26578557,LegumeIP,BIO_RESOURCE,LegumeIP,93,101,LegumeIP,
26578557,LegumeIP,BIO_RESOURCE,LegumeIP,292,300,LegumeIP,
26578557,LegumeIP,BIO_RESOURCE,LegumeIP,700,708,LegumeIP,
26578557,LegumeIP,BIO_RESOURCE,LegumeIP,1505,1513,LegumeIP,
34456903,ImmuCellDB,BIO_RESOURCE,ImmuCellDB,0,10,ImmuCellDB,
34456903,ImmuCellDB,BIO_RESOURCE,ImmuCellDB,913,923,ImmuCellDB,
34456903,ImmuCellDB,BIO_RESOURCE,ImmuCellDB,966,976,ImmuCellDB,
34456903,ImmuCellDB,BIO_RESOURCE,ImmuCellDB,1273,1283,ImmuCellDB,
23219992,MENT,BIO_RESOURCE,MENT,0,4,MENT,Methylation and Expression database of
23219992,MENT,BIO_RESOURCE,MENT,290,294,MENT,Methylation and Expression database of
23219992,Methylation and Expression database of,BIO_RESOURCE,MENT,296,334,MENT,Methylation and Expression database of
23219992,GEO,BIO_RESOURCE,GEO,648,651,MENT,Methylation and Expression database of
23219992,Gene Expression Omnibus,BIO_RESOURCE,GEO,653,676,MENT,Methylation and Expression database of
23219992,TCGA,BIO_RESOURCE,TCGA,682,686,MENT,Methylation and Expression database of
23219992,The Cancer Genome Atlas,BIO_RESOURCE,TCGA,688,711,MENT,Methylation and Expression database of
23219992,MENT,BIO_RESOURCE,MENT,1133,1137,MENT,Methylation and Expression database of
23219992,MENT,BIO_RESOURCE,MENT,1383,1387,MENT,Methylation and Expression database of
33868597,GPCards,BIO_RESOURCE,GPCards,0,7,GPCards,
33868597,An integrated database of genotype-phenotype correlations in human genetic diseases,BIO_RESOURCE,GPCards,9,92,GPCards,
33868597,GPCards,BIO_RESOURCE,GPCards,706,713,GPCards,
33868597,GPCards,BIO_RESOURCE,GPCards,1254,1261,GPCards,
33868597,GPCards,BIO_RESOURCE,GPCards,1486,1493,GPCards,
21546393,Molecular signatures database,BIO_RESOURCE,MSigDB,0,29,MSigDB,Molecular signatures database
21546393,MSigDB,BIO_RESOURCE,MSigDB,31,37,MSigDB,Molecular signatures database
21546393,MSigDB,BIO_RESOURCE,MSigDB,264,270,MSigDB,Molecular signatures database
21546393,MSigDB,BIO_RESOURCE,MSigDB,406,412,MSigDB,Molecular signatures database
21546393,MSigDB,BIO_RESOURCE,MSigDB,641,647,MSigDB,Molecular signatures database
21622642,CAZy,BIO_RESOURCE,CAZy,909,913,mycoCLAP,
21622642,mycoCLAP,BIO_RESOURCE,mycoCLAP,1370,1378,mycoCLAP,
31642484,SilkDB,BIO_RESOURCE,SilkDB,0,6,SilkDB,
31642484,SilkDB,BIO_RESOURCE,SilkDB,76,82,SilkDB,
31642484,SilkDB,BIO_RESOURCE,SilkDB,223,229,SilkDB,
31642484,SilkDB,BIO_RESOURCE,SilkDB,465,471,SilkDB,
31642484,silkworm genome,BIO_RESOURCE,KAIKObase,674,689,SilkDB,
31642484,SilkDB,BIO_RESOURCE,SilkDB,784,790,SilkDB,
31642484,SilkDB,BIO_RESOURCE,SilkDB,1236,1242,SilkDB,
24194605,WormBase,BIO_RESOURCE,WormBase,0,8,WormBase,
24194605,WormBase,BIO_RESOURCE,WormBase,45,53,WormBase,
24194605,WormBase,BIO_RESOURCE,WormBase,249,257,WormBase,
24194605,WormBase,BIO_RESOURCE,WormBase,745,753,WormBase,
24194605,WormBase,BIO_RESOURCE,WormBase,1224,1232,WormBase,
29059334,MetaCyc,BIO_RESOURCE,MetaCyc,4,11,MetaCyc,
29059334,MetaCyc,BIO_RESOURCE,MetaCyc,56,63,MetaCyc,
29059334,MetaCyc,BIO_RESOURCE,MetaCyc,331,338,MetaCyc,
29059334,MetaCyc,BIO_RESOURCE,MetaCyc,446,453,MetaCyc,
29059334,PGDB,BIO_RESOURCE,PGDB,632,636,MetaCyc,
29059334,MetaCyc,BIO_RESOURCE,MetaCyc,705,712,MetaCyc,
35658913,WeCoNET,BIO_RESOURCE,WeCoNET,0,7,WeCoNET,
34850094,Sequence Read Archive,BIO_RESOURCE,SRA,4,25,SRA,Sequence Read Archive
23585031,HORDE,BIO_RESOURCE,HORDE,0,5,HORDE,Human Olfactory Receptor Data Explorer
23585031,Human Olfactory Receptor Data Explorer,BIO_RESOURCE,HORDE,250,288,HORDE,Human Olfactory Receptor Data Explorer
23585031,HORDE,BIO_RESOURCE,HORDE,290,295,HORDE,Human Olfactory Receptor Data Explorer
23585031,HORDE,BIO_RESOURCE,HORDE,482,487,HORDE,Human Olfactory Receptor Data Explorer
23585031,HORDE,BIO_RESOURCE,HORDE,893,898,HORDE,Human Olfactory Receptor Data Explorer
23585031,HORDE,BIO_RESOURCE,HORDE,1206,1211,HORDE,Human Olfactory Receptor Data Explorer
23585031,HORDE,BIO_RESOURCE,HORDE,1359,1364,HORDE,Human Olfactory Receptor Data Explorer
23585031,HORDE,BIO_RESOURCE,HORDE,1443,1448,HORDE,Human Olfactory Receptor Data Explorer
23585031,HORDE,BIO_RESOURCE,HORDE,1518,1523,HORDE,Human Olfactory Receptor Data Explorer
25392407,SEVA,BIO_RESOURCE,SEVA,0,4,SEVA-DB,Standard European Vector Architecture
25392407,Standard European Vector Architecture,BIO_RESOURCE,SEVA-DB,27,64,SEVA-DB,Standard European Vector Architecture
25392407,Standard European Vector Architecture,BIO_RESOURCE,SEVA-DB,123,160,SEVA-DB,Standard European Vector Architecture
25392407,SEVA,BIO_RESOURCE,SEVA,175,179,SEVA-DB,Standard European Vector Architecture
25392407,SEVA,BIO_RESOURCE,SEVA,480,484,SEVA-DB,Standard European Vector Architecture
25392407,SEVA,BIO_RESOURCE,SEVA,707,711,SEVA-DB,Standard European Vector Architecture
25392407,SEVA,BIO_RESOURCE,SEVA,880,884,SEVA-DB,Standard European Vector Architecture
25392407,SEVA,BIO_RESOURCE,SEVA,1045,1049,SEVA-DB,Standard European Vector Architecture
25392407,SEVA,BIO_RESOURCE,SEVA,1306,1310,SEVA-DB,Standard European Vector Architecture
33242091,CSDB_GT,BIO_RESOURCE,CSDB_GT,0,7,CSDB_GT,Carbohydrate Structure Glycosyltransferase Database
33242091,CSDB_GT,BIO_RESOURCE,CSDB_GT,261,268,CSDB_GT,Carbohydrate Structure Glycosyltransferase Database
33242091,CSDB_GT,BIO_RESOURCE,CSDB_GT,270,277,CSDB_GT,Carbohydrate Structure Glycosyltransferase Database
27899614,SUBA4,BIO_RESOURCE,SUBA4,0,5,SUBA4,SUBcellular location database for Arabidopsis proteins
27899614,SUBcellular location database for Arabidopsis proteins,BIO_RESOURCE,SUBA4,95,149,SUBA4,SUBcellular location database for Arabidopsis proteins
27899614,SUBA4,BIO_RESOURCE,SUBA4,151,156,SUBA4,SUBcellular location database for Arabidopsis proteins
27899614,SUBA4,BIO_RESOURCE,SUBA4,422,427,SUBA4,SUBcellular location database for Arabidopsis proteins
27899614,SUBA4,BIO_RESOURCE,SUBA4,743,748,SUBA4,SUBcellular location database for Arabidopsis proteins
27899614,SUBA4,BIO_RESOURCE,SUBA4,1346,1351,SUBA4,SUBcellular location database for Arabidopsis proteins
24194593,SelenoDB,BIO_RESOURCE,SelenoDB,0,8,SelenoDB,
24194593,SelenoDB,BIO_RESOURCE,SelenoDB,98,106,SelenoDB,
24194593,SelenoDB,BIO_RESOURCE,SelenoDB,403,411,SelenoDB,
33237329,MobiDB,BIO_RESOURCE,MobiDB,0,6,MobiDB,
33237329,MobiDB,BIO_RESOURCE,MobiDB,55,61,MobiDB,
33237329,MobiDB,BIO_RESOURCE,MobiDB,225,231,MobiDB,
33237329,MobiDB,BIO_RESOURCE,MobiDB,724,730,MobiDB,
33237329,MobiDB,BIO_RESOURCE,MobiDB,1357,1363,MobiDB,
26820405,Biosurveillance Analytics Resource Directory,BIO_RESOURCE,Biosurveillance Analytics Resource Directory,4,48,Biosurveillance Analytics Resource Directory,Biosurveillance Analytics Resource Directory
26820405,BARD,BIO_RESOURCE,BARD,50,54,Biosurveillance Analytics Resource Directory,Biosurveillance Analytics Resource Directory
26820405,Biosurveillance Analytics Resource Directory,BIO_RESOURCE,Biosurveillance Analytics Resource Directory,971,1015,Biosurveillance Analytics Resource Directory,Biosurveillance Analytics Resource Directory
26820405,BARD,BIO_RESOURCE,BARD,1017,1021,Biosurveillance Analytics Resource Directory,Biosurveillance Analytics Resource Directory
33045741,LncSEA,BIO_RESOURCE,LncSEA,0,6,LncSEA,
33045741,LncSEA,BIO_RESOURCE,LncSEA,488,494,LncSEA,
33045741,LncSEA,BIO_RESOURCE,LncSEA,640,646,LncSEA,
33045741,LncSEA,BIO_RESOURCE,LncSEA,1057,1063,LncSEA,
33045741,LncSEA,BIO_RESOURCE,LncSEA,1195,1201,LncSEA,
33045741,LncSEA,BIO_RESOURCE,LncSEA,1345,1351,LncSEA,
25527833,mirPub,BIO_RESOURCE,mirPub,0,6,mirPub,
25527833,a database for searching microRNA publications,BIO_RESOURCE,mirPub,8,54,mirPub,
25527833,mirPub,BIO_RESOURCE,mirPub,543,549,mirPub,
25527833,mirPub,BIO_RESOURCE,mirPub,731,737,mirPub,
25527833,TarBase,BIO_RESOURCE,TarBase,1141,1148,mirPub,
25527833,mirPub,BIO_RESOURCE,mirPub,1245,1251,mirPub,
37582413,ESTHER,BIO_RESOURCE,ESTHER,4,10,ESTHER,
25414340,Pathogen-Host Interactions database,BIO_RESOURCE,PHI-base,4,39,PHI-base,Pathogen-Host Interactions database
25414340,Pathogen-Host Interactions database,BIO_RESOURCE,PHI-base,362,397,PHI-base,Pathogen-Host Interactions database
25414340,Ensembl,BIO_RESOURCE,Ensembl,1325,1332,PHI-base,Pathogen-Host Interactions database
23071556,MK4MDD,BIO_RESOURCE,MK4MDD,0,6,MK4MDD,evel Knowledge base for MDD
23071556,MK4MDD,BIO_RESOURCE,MK4MDD,800,806,MK4MDD,evel Knowledge base for MDD
23071556,MK4MDD,BIO_RESOURCE,MK4MDD,946,952,MK4MDD,evel Knowledge base for MDD
23071556,MK4MDD,BIO_RESOURCE,MK4MDD,1272,1278,MK4MDD,evel Knowledge base for MDD
23071556,MK4MDD,BIO_RESOURCE,MK4MDD,1393,1399,MK4MDD,evel Knowledge base for MDD
23071556,MK4MDD,BIO_RESOURCE,MK4MDD,1544,1550,MK4MDD,evel Knowledge base for MDD
31713636,DisProt,BIO_RESOURCE,DisProt,0,7,DisProt,Database of Intrinsically Disordered Proteins
31713636,DisProt,BIO_RESOURCE,DisProt,90,97,DisProt,Database of Intrinsically Disordered Proteins
31713636,DisProt,BIO_RESOURCE,DisProt,261,268,DisProt,Database of Intrinsically Disordered Proteins
31713636,DisProt,BIO_RESOURCE,DisProt,1025,1032,DisProt,Database of Intrinsically Disordered Proteins
31713636,DisProt,BIO_RESOURCE,DisProt,1137,1144,DisProt,Database of Intrinsically Disordered Proteins
29069510,Lnc2Meth,BIO_RESOURCE,Lnc2Meth,0,8,Lnc2Meth,
29069510,regulatory relationships,BIO_RESOURCE,TRRUST,41,65,Lnc2Meth,
29069510,Lnc2Meth,BIO_RESOURCE,Lnc2Meth,146,154,Lnc2Meth,
29069510,regulatory relationships,BIO_RESOURCE,TRRUST,231,255,Lnc2Meth,
29069510,Lnc2Meth,BIO_RESOURCE,Lnc2Meth,1430,1438,Lnc2Meth,
29069510,regulatory relationships,BIO_RESOURCE,TRRUST,1548,1572,Lnc2Meth,
23071747,TRIP,BIO_RESOURCE,TRIP,0,4,TRIP,TRansient receptor potential
23071747,TRIP,BIO_RESOURCE,TRIP,315,319,TRIP,TRansient receptor potential
23071747,TRansient receptor potential,BIO_RESOURCE,TRIP,321,349,TRIP,TRansient receptor potential
23071747,TRIP,BIO_RESOURCE,TRIP,621,625,TRIP,TRansient receptor potential
23071747,TRIP,BIO_RESOURCE,TRIP,1290,1294,TRIP,TRansient receptor potential
36305825,International Mouse Phenotyping Consortium,BIO_RESOURCE,IMPC,4,46,IMPC,International Mouse Phenotyping Consortium
21989406,ExoCarta,BIO_RESOURCE,ExoCarta,0,8,ExoCarta,
21989406,ExoCarta,BIO_RESOURCE,ExoCarta,226,234,ExoCarta,
21989406,ExoCarta,BIO_RESOURCE,ExoCarta,672,680,ExoCarta,
21989406,ExoCarta,BIO_RESOURCE,ExoCarta,922,930,ExoCarta,
36930729,Rat Genome Database,BIO_RESOURCE,RGD,20,39,RGD,Rat Genome Database
35776384,CCLOWW,BIO_RESOURCE,CCLOWW,0,6,CCLOWW,Chinese Children's Lexicon of Written Words
26578587,BioGPS,BIO_RESOURCE,BioGPS,0,6,BioGPS,
26578587,building your own mash-up of gene annotations and expression profiles,BIO_RESOURCE,BioGPS,8,77,BioGPS,
26578587,BioGPS,BIO_RESOURCE,BioGPS,79,85,BioGPS,
26578587,BioGPS,BIO_RESOURCE,BioGPS,259,265,BioGPS,
26578587,BioGPS,BIO_RESOURCE,BioGPS,333,339,BioGPS,
26578587,BioGPS,BIO_RESOURCE,BioGPS,501,507,BioGPS,
26578587,BioGPS,BIO_RESOURCE,BioGPS,748,754,BioGPS,
31535335,Atacama,BIO_RESOURCE,Atacama,0,7,Atacama,
31535335,Atacama,BIO_RESOURCE,Atacama,54,61,Atacama,
31535335,Atacama,BIO_RESOURCE,Atacama,74,81,Atacama,
31535335,Atacama,BIO_RESOURCE,Atacama,539,546,Atacama,
31535335,Atacama,BIO_RESOURCE,Atacama,567,574,Atacama,
31535335,Atacama,BIO_RESOURCE,Atacama,671,678,Atacama,
31535335,Atacama,BIO_RESOURCE,Atacama,1006,1013,Atacama,
31535335,Atacama,BIO_RESOURCE,Atacama,1339,1346,Atacama,
31535335,Atacama,BIO_RESOURCE,Atacama,1940,1947,Atacama,
31015229,The Cancer Editome Atlas,BIO_RESOURCE,TCEA,0,24,TCEA,The Cancer Editome Atlas
31015229,The Cancer Editome Atlas,BIO_RESOURCE,TCEA,517,541,TCEA,The Cancer Editome Atlas
31015229,TCEA,BIO_RESOURCE,TCEA,543,547,TCEA,The Cancer Editome Atlas
31015229,TCEA,BIO_RESOURCE,TCEA,574,578,TCEA,The Cancer Editome Atlas
31015229,The Cancer Genome Atlas,BIO_RESOURCE,TCGA,711,734,TCEA,The Cancer Editome Atlas
31015229,TCEA,BIO_RESOURCE,TCEA,865,869,TCEA,The Cancer Editome Atlas
31015229,TCEA,BIO_RESOURCE,TCEA,871,875,TCEA,The Cancer Editome Atlas
26827236,OGDD,BIO_RESOURCE,OGDD,0,4,OGDD,Olive Genetic Diversity Database
26827236,Olive Genetic Diversity Database,BIO_RESOURCE,OGDD,6,38,OGDD,Olive Genetic Diversity Database
26827236,Olive Genetic Diversity Database,BIO_RESOURCE,OGDD,1039,1071,OGDD,Olive Genetic Diversity Database
26827236,OGDD,BIO_RESOURCE,OGDD,1073,1077,OGDD,Olive Genetic Diversity Database
26827236,OGDD,BIO_RESOURCE,OGDD,1526,1530,OGDD,Olive Genetic Diversity Database
22102570,ProPortal,BIO_RESOURCE,ProPortal,0,9,ProPortal,
22102570,ProPortal,BIO_RESOURCE,ProPortal,87,96,ProPortal,
29097748,KIXBASE,BIO_RESOURCE,KIXBASE,0,7,KIXBASE,
29097748,KIXBASE,BIO_RESOURCE,KIXBASE,659,666,KIXBASE,
29097748,KIXBASE,BIO_RESOURCE,KIXBASE,775,782,KIXBASE,
29097748,KIXBASE,BIO_RESOURCE,KIXBASE,1015,1022,KIXBASE,
29097748,KIXBASE,BIO_RESOURCE,KIXBASE,1220,1227,KIXBASE,
33084889,KLIFS,BIO_RESOURCE,KLIFS,0,5,KLIFS,Kinase–Ligand Interaction Fingerprints and Structures
33084889,KLIFS,BIO_RESOURCE,KLIFS,285,290,KLIFS,Kinase–Ligand Interaction Fingerprints and Structures
33084889,KLIFS,BIO_RESOURCE,KLIFS,444,449,KLIFS,Kinase–Ligand Interaction Fingerprints and Structures
33084889,KLIFS,BIO_RESOURCE,KLIFS,623,628,KLIFS,Kinase–Ligand Interaction Fingerprints and Structures
33084889,KLIFS,BIO_RESOURCE,KLIFS,789,794,KLIFS,Kinase–Ligand Interaction Fingerprints and Structures
33084889,KLIFS,BIO_RESOURCE,KLIFS,877,882,KLIFS,Kinase–Ligand Interaction Fingerprints and Structures
33084889,KLIFS,BIO_RESOURCE,KLIFS,936,941,KLIFS,Kinase–Ligand Interaction Fingerprints and Structures
33084889,KLIFS,BIO_RESOURCE,KLIFS,1124,1129,KLIFS,Kinase–Ligand Interaction Fingerprints and Structures
25650278,EcoliNet,BIO_RESOURCE,EcoliNet,0,8,EcoliNet,
25650278,a database of cofunctional gene network for Escherichia coli,BIO_RESOURCE,EcoliNet,10,70,EcoliNet,
25650278,EcoliNet,BIO_RESOURCE,EcoliNet,1001,1009,EcoliNet,
25650278,EcoliNet,BIO_RESOURCE,EcoliNet,1024,1032,EcoliNet,
25650278,EcoliNet,BIO_RESOURCE,EcoliNet,1325,1333,EcoliNet,
28147217,CCG,BIO_RESOURCE,CCG,0,3,CCG,Catalogue of Cancer Genes
28147217,Catalogue of Cancer Genes,BIO_RESOURCE,CCG,593,618,CCG,Catalogue of Cancer Genes
28147217,CCG,BIO_RESOURCE,CCG,620,623,CCG,Catalogue of Cancer Genes
28147217,CCG,BIO_RESOURCE,CCG,1016,1019,CCG,Catalogue of Cancer Genes
28147217,CCG,BIO_RESOURCE,CCG,1246,1249,CCG,Catalogue of Cancer Genes
28147217,CCG,BIO_RESOURCE,CCG,1506,1509,CCG,Catalogue of Cancer Genes
35876977,FEAMR,BIO_RESOURCE,FEAMR,0,5,FEAMR,
35876977,A Database for Surveillance of Food and Environment-Associated Antimicrobial Resistance,BIO_RESOURCE,FEAMR,7,94,FEAMR,
26527717,MEROPS,BIO_RESOURCE,MEROPS,20,26,MEROPS,
26527717,MEROPS,BIO_RESOURCE,MEROPS,97,103,MEROPS,
26527717,KEGG,BIO_RESOURCE,KEGG,958,962,MEROPS,
33970229,ChemHub,BIO_RESOURCE,ChemHub,0,7,ChemHub,
33970229,a knowledgebase of functional chemicals for synthetic biology studies,BIO_RESOURCE,ChemHub,9,78,ChemHub,
33970229,ChemHub,BIO_RESOURCE,ChemHub,304,311,ChemHub,
33970229,ChemHub,BIO_RESOURCE,ChemHub,783,790,ChemHub,
30298402,FunTree,BIO_RESOURCE,FunTree,309,316,FunTree,
30298402,CATH,BIO_RESOURCE,CATH,498,502,FunTree,
30298402,FunTree,BIO_RESOURCE,FunTree,721,728,FunTree,
22080505,PSCDB,BIO_RESOURCE,PSCDB,0,5,PSCDB,Protein Structural Change DataBase
22080505,Protein Structural Change DataBase,BIO_RESOURCE,PSCDB,546,580,PSCDB,Protein Structural Change DataBase
22080505,PSCDB,BIO_RESOURCE,PSCDB,582,587,PSCDB,Protein Structural Change DataBase
22080505,PSCDB,BIO_RESOURCE,PSCDB,984,989,PSCDB,Protein Structural Change DataBase
22080505,PSCDB,BIO_RESOURCE,PSCDB,1157,1162,PSCDB,Protein Structural Change DataBase
27481021,eTOX,BIO_RESOURCE,eTOX,4,8,eTOX,
27481021,eTOX,BIO_RESOURCE,eTOX,473,477,eTOX,
27481021,eTOX,BIO_RESOURCE,eTOX,1065,1069,eTOX,
29483591,GourdBase,BIO_RESOURCE,GourdBase,0,9,GourdBase,
29483591,GourdBase,BIO_RESOURCE,GourdBase,135,144,GourdBase,
29483591,GourdBase,BIO_RESOURCE,GourdBase,269,278,GourdBase,
29483591,GourdBase,BIO_RESOURCE,GourdBase,930,939,GourdBase,
35363305,ImmuMethy,BIO_RESOURCE,ImmuMethy,0,9,ImmuMethy,
31602478,PmiREN,BIO_RESOURCE,PmiREN,0,6,PmiREN,Plant miRNA Encyclopedia
31602478,Plant miRNA Encyclopedia,BIO_RESOURCE,PmiREN,657,681,PmiREN,Plant miRNA Encyclopedia
31602478,PmiREN,BIO_RESOURCE,PmiREN,683,689,PmiREN,Plant miRNA Encyclopedia
31602478,PmiREN,BIO_RESOURCE,PmiREN,920,926,PmiREN,Plant miRNA Encyclopedia
31602478,miRBase,BIO_RESOURCE,miRBase,1031,1038,PmiREN,Plant miRNA Encyclopedia
31602478,PmiREN,BIO_RESOURCE,PmiREN,1311,1317,PmiREN,Plant miRNA Encyclopedia
31602478,PmiREN,BIO_RESOURCE,PmiREN,1397,1403,PmiREN,Plant miRNA Encyclopedia
23193288,CFGP,BIO_RESOURCE,CFGP,0,4,CFGP,Comparative Fungal Genomics Platform
23193288,Comparative Fungal Genomics Platform,BIO_RESOURCE,CFGP,127,163,CFGP,Comparative Fungal Genomics Platform
23193288,CFGP,BIO_RESOURCE,CFGP,165,169,CFGP,Comparative Fungal Genomics Platform
23193288,CFGP,BIO_RESOURCE,CFGP,282,286,CFGP,Comparative Fungal Genomics Platform
23193288,CFGP,BIO_RESOURCE,CFGP,450,454,CFGP,Comparative Fungal Genomics Platform
23193288,CFGP,BIO_RESOURCE,CFGP,574,578,CFGP,Comparative Fungal Genomics Platform
23193288,CFGP,BIO_RESOURCE,CFGP,832,836,CFGP,Comparative Fungal Genomics Platform
23193288,CFGP,BIO_RESOURCE,CFGP,1163,1167,CFGP,Comparative Fungal Genomics Platform
23193288,CFGP,BIO_RESOURCE,CFGP,1281,1285,CFGP,Comparative Fungal Genomics Platform
33237313,RepeatsDB,BIO_RESOURCE,RepeatsDB,0,9,RepeatsDB,
33237313,RepeatsDB,BIO_RESOURCE,RepeatsDB,103,112,RepeatsDB,
33237313,PDB,BIO_RESOURCE,PDB,257,260,RepeatsDB,
33237313,RepeatsDB,BIO_RESOURCE,RepeatsDB,505,514,RepeatsDB,
33237313,Pfam,BIO_RESOURCE,Pfam,899,903,RepeatsDB,
33237313,UniProt,BIO_RESOURCE,UniProt,1010,1017,RepeatsDB,
33237313,RepeatsDB,BIO_RESOURCE,RepeatsDB,1142,1151,RepeatsDB,
23180765,RiceXPro,BIO_RESOURCE,RiceXPro,0,8,RiceXPro,
23180765,RiceXPro,BIO_RESOURCE,RiceXPro,295,303,RiceXPro,
23180765,RiceXPro,BIO_RESOURCE,RiceXPro,1210,1218,RiceXPro,
31831861,TRANSNAP,BIO_RESOURCE,TRANSNAP,0,8,TRANSNAP,
31831861,a web database providing comprehensive information on Japanese pear transcriptome,BIO_RESOURCE,TRANSNAP,10,91,TRANSNAP,
31831861,TRANSNAP,BIO_RESOURCE,TRANSNAP,833,841,TRANSNAP,
31831861,TRANSNAP,BIO_RESOURCE,TRANSNAP,1371,1379,TRANSNAP,
36587232,TCMSID,BIO_RESOURCE,TCMSID,0,6,TCMSID,Traditional Chinese Medicine Simplified Integrated Database
24178028,SubtiWiki,BIO_RESOURCE,SubtiWiki,0,9,SubtiWiki,
24178028,SubtiWiki,BIO_RESOURCE,SubtiWiki,443,452,SubtiWiki,
24178028,SubtiWiki,BIO_RESOURCE,SubtiWiki,612,621,SubtiWiki,
24178028,SubtiWiki,BIO_RESOURCE,SubtiWiki,804,813,SubtiWiki,
31648087,AdditiveChem,BIO_RESOURCE,AdditiveChem,0,12,AdditiveChem,
31648087,A comprehensive bioinformatics knowledge-base for food additive chemicals,BIO_RESOURCE,AdditiveChem,14,87,AdditiveChem,
31648087,AdditiveChem,BIO_RESOURCE,AdditiveChem,442,454,AdditiveChem,
31648087,AdditiveChem,BIO_RESOURCE,AdditiveChem,940,952,AdditiveChem,
26949480,SNP2Structure,BIO_RESOURCE,SNP2Structure,0,13,SNP2Structure,
26949480,SNP2Structure,BIO_RESOURCE,SNP2Structure,545,558,SNP2Structure,
26949480,SNP2Structure,BIO_RESOURCE,SNP2Structure,692,705,SNP2Structure,
26949480,PDB,BIO_RESOURCE,PDB,892,895,SNP2Structure,
26949480,SNP2Structure,BIO_RESOURCE,SNP2Structure,1227,1240,SNP2Structure,
31586392,APAatlas,BIO_RESOURCE,APAatlas,0,8,APAatlas,
31586392,decoding alternative polyadenylation across human tissues,BIO_RESOURCE,APAatlas,10,67,APAatlas,
31586392,APAatlas,BIO_RESOURCE,APAatlas,803,811,APAatlas,
31586392,APAatlas,BIO_RESOURCE,APAatlas,929,937,APAatlas,
22127861,RNA Characterization of Secondary Structure Motifs,BIO_RESOURCE,RNA CoSSMos,511,561,RNA CoSSMos,RNA Characterization of Secondary Structure Motifs
22127861,PDB,BIO_RESOURCE,PDB,764,767,RNA CoSSMos,RNA Characterization of Secondary Structure Motifs
22127861,PDB,BIO_RESOURCE,PDB,1157,1160,RNA CoSSMos,RNA Characterization of Secondary Structure Motifs
37716955,A3DyDB,BIO_RESOURCE,A3DyDB,0,6,A3DyDB,
37716955,exploring structural aggregation propensities in the yeast proteome,BIO_RESOURCE,A3DyDB,8,75,A3DyDB,
29455297,Pan European Phenological database,BIO_RESOURCE,PEP725,0,34,PEP725,Pan European Phenological database
29455297,PEP725,BIO_RESOURCE,PEP725,36,42,PEP725,Pan European Phenological database
29455297,Pan European Phenological database,BIO_RESOURCE,PEP725,297,331,PEP725,Pan European Phenological database
29455297,PEP725,BIO_RESOURCE,PEP725,333,339,PEP725,Pan European Phenological database
29455297,PEP725,BIO_RESOURCE,PEP725,407,413,PEP725,Pan European Phenological database
29455297,PEP725,BIO_RESOURCE,PEP725,817,823,PEP725,Pan European Phenological database
29455297,PEP725,BIO_RESOURCE,PEP725,1083,1089,PEP725,Pan European Phenological database
25352553,STRING,BIO_RESOURCE,STRING,0,6,STRING,
25352553,STRING,BIO_RESOURCE,STRING,468,474,STRING,
25352553,STRING,BIO_RESOURCE,STRING,693,699,STRING,
29165593,FunCoup,BIO_RESOURCE,FunCoup,0,7,FunCoup,
29165593,FunCoup,BIO_RESOURCE,FunCoup,69,76,FunCoup,
29165593,FunCoup,BIO_RESOURCE,FunCoup,537,544,FunCoup,
35222847,ADDAGMA,BIO_RESOURCE,ADDAGMA,0,7,ADDAGMA,domestic animal gut microbiome atlas
35222847,domestic animal gut microbiome atlas,BIO_RESOURCE,ADDAGMA,24,60,ADDAGMA,domestic animal gut microbiome atlas
28651363,Multimodal mechanistic signatures for neurodegenerative diseases,BIO_RESOURCE,NeuroMMSig,0,64,NeuroMMSig,Multimodal mechanistic signatures for neurodegenerative diseases
28651363,NeuroMMSig,BIO_RESOURCE,NeuroMMSig,66,76,NeuroMMSig,Multimodal mechanistic signatures for neurodegenerative diseases
28651363,NeuroMMSig,BIO_RESOURCE,NeuroMMSig,801,811,NeuroMMSig,Multimodal mechanistic signatures for neurodegenerative diseases
36503126,iHypoxia,BIO_RESOURCE,iHypoxia,0,8,iHypoxia,
28701700,HDNetDB,BIO_RESOURCE,HDNetDB,0,7,HDNetDB,
28701700,HDNetDB,BIO_RESOURCE,HDNetDB,902,909,HDNetDB,
28701700,HDNetDB,BIO_RESOURCE,HDNetDB,1217,1224,HDNetDB,
28701700,HDNetDB,BIO_RESOURCE,HDNetDB,1375,1382,HDNetDB,
30445619,GTRD,BIO_RESOURCE,GTRD,0,4,GTRD,Gene Transcription Regulation Database
30445619,Gene Transcription Regulation Database,BIO_RESOURCE,GTRD,90,128,GTRD,Gene Transcription Regulation Database
30445619,GTRD,BIO_RESOURCE,GTRD,130,134,GTRD,Gene Transcription Regulation Database
30445619,HOCOMOCO,BIO_RESOURCE,HOCOMOCO,737,745,GTRD,Gene Transcription Regulation Database
30445619,ENCODE,BIO_RESOURCE,ENCODE,807,813,GTRD,Gene Transcription Regulation Database
30445619,SRA,BIO_RESOURCE,SRA,818,821,GTRD,Gene Transcription Regulation Database
30445619,GTRD,BIO_RESOURCE,GTRD,1340,1344,GTRD,Gene Transcription Regulation Database
31612957,DNAproDB,BIO_RESOURCE,DNAproDB,0,8,DNAproDB,
31612957,DNAproDB,BIO_RESOURCE,DNAproDB,100,108,DNAproDB,
31612957,DNAproDB,BIO_RESOURCE,DNAproDB,469,477,DNAproDB,
31612957,DNAproDB,BIO_RESOURCE,DNAproDB,505,513,DNAproDB,
31612957,DNAproDB,BIO_RESOURCE,DNAproDB,747,755,DNAproDB,
31612957,DNAproDB,BIO_RESOURCE,DNAproDB,1127,1135,DNAproDB,
31612957,DNAproDB,BIO_RESOURCE,DNAproDB,1203,1211,DNAproDB,
23584835,MEROPS,BIO_RESOURCE,MEROPS,722,728,MEROPS,
23584835,MEROPS,BIO_RESOURCE,MEROPS,884,890,MEROPS,
21707958,Littorina sequence database,BIO_RESOURCE,Littorina sequence database,4,31,Littorina sequence database,Littorina sequence database
21707958,Littorina sequence database,BIO_RESOURCE,Littorina sequence database,490,517,Littorina sequence database,Littorina sequence database
21707958,LSD,BIO_RESOURCE,LSD,519,522,Littorina sequence database,Littorina sequence database
21707958,UniProt,BIO_RESOURCE,UniProt,618,625,Littorina sequence database,Littorina sequence database
21707958,LSD,BIO_RESOURCE,LSD,640,643,Littorina sequence database,Littorina sequence database
21707958,UniProt,BIO_RESOURCE,UniProt,816,823,Littorina sequence database,Littorina sequence database
21707958,LSD,BIO_RESOURCE,LSD,1150,1153,Littorina sequence database,Littorina sequence database
36196656,PlantRNA,BIO_RESOURCE,PlantRNA,0,8,PlantRNA,
29045725,StemMapper,BIO_RESOURCE,StemMapper,0,10,StemMapper,
29045725,a curated gene expression database for stem cell lineage analysis,BIO_RESOURCE,StemMapper,12,77,StemMapper,
29045725,StemMapper,BIO_RESOURCE,StemMapper,499,509,StemMapper,
29045725,StemMapper,BIO_RESOURCE,StemMapper,983,993,StemMapper,
29045725,StemMapper,BIO_RESOURCE,StemMapper,1324,1334,StemMapper,
29045725,StemMapper,BIO_RESOURCE,StemMapper,1471,1481,StemMapper,
27799469,Reactome,BIO_RESOURCE,Reactome,6,14,Plant Reactome,
27799469,Reactome,BIO_RESOURCE,Reactome,78,86,Plant Reactome,
27799469,Gramene,BIO_RESOURCE,Gramene,210,217,Plant Reactome,
27799469,Reactome,BIO_RESOURCE,Reactome,462,470,Plant Reactome,
30247654,HACER,BIO_RESOURCE,HACER,0,5,HACER,
30247654,an atlas of human active enhancers to interpret regulatory variants,BIO_RESOURCE,HACER,7,74,HACER,
30247654,HACER,BIO_RESOURCE,HACER,440,445,HACER,
30247654,HACER,BIO_RESOURCE,HACER,562,567,HACER,
30247654,ENCODE,BIO_RESOURCE,ENCODE,736,742,HACER,
30247654,HACER,BIO_RESOURCE,HACER,837,842,HACER,
30247654,HACER,BIO_RESOURCE,HACER,1116,1121,HACER,
31691819,CAUSALdb,BIO_RESOURCE,CAUSALdb,0,8,CAUSALdb,
31691819,CAUSALdb,BIO_RESOURCE,CAUSALdb,499,507,CAUSALdb,
31691819,CAUSALdb,BIO_RESOURCE,CAUSALdb,1521,1529,CAUSALdb,
31584086,PGG.Han,BIO_RESOURCE,PGG.Han,0,7,PGG.Han,
31584086,the Han Chinese genome database and analysis platform,BIO_RESOURCE,PGG.Han,9,62,PGG.Han,
31584086,PGG.Han,BIO_RESOURCE,PGG.Han,267,274,PGG.Han,
31584086,PGG.Han,BIO_RESOURCE,PGG.Han,437,444,PGG.Han,
31584086,PGG.Han,BIO_RESOURCE,PGG.Han,721,728,PGG.Han,
31584086,PGG.Han,BIO_RESOURCE,PGG.Han,1297,1304,PGG.Han,
31584086,PGG.Han,BIO_RESOURCE,PGG.Han,1405,1412,PGG.Han,
27164589,CVD2014,BIO_RESOURCE,CVD2014,0,7,CVD2014,
27164589,CVD2014,BIO_RESOURCE,CVD2014,132,139,CVD2014,
27164589,CVD2014,BIO_RESOURCE,CVD2014,381,388,CVD2014,
27164589,CVD2014,BIO_RESOURCE,CVD2014,766,773,CVD2014,
27164589,CVD2014,BIO_RESOURCE,CVD2014,1227,1234,CVD2014,
27164589,CVD2014,BIO_RESOURCE,CVD2014,1393,1400,CVD2014,
27924018,DisGeNET,BIO_RESOURCE,DisGeNET,0,8,DisGeNET,
27924018,DisGeNET,BIO_RESOURCE,DisGeNET,501,509,DisGeNET,
27924018,DisGeNET,BIO_RESOURCE,DisGeNET,628,636,DisGeNET,
27924018,DisGeNET,BIO_RESOURCE,DisGeNET,749,757,DisGeNET,
27924018,DisGeNET,BIO_RESOURCE,DisGeNET,1126,1134,DisGeNET,
29855811,Procura-PALavras,BIO_RESOURCE,P-PAL,0,16,P-PAL,Procura-PALavras
29855811,Procura-PALavras,BIO_RESOURCE,P-PAL,124,140,P-PAL,Procura-PALavras
27010673,A structural database of small molecule-transcription factor complexes,BIO_RESOURCE,SM-TF,7,77,SM-TF,
27010673,UniProt,BIO_RESOURCE,UniProt,979,986,SM-TF,
27010673,DrugBank,BIO_RESOURCE,DrugBank,1132,1140,SM-TF,
23550138,Biotinidase Gene Variants Registry,BIO_RESOURCE,Biotinidase Gene Variants Registry,4,38,Biotinidase Gene Variants Registry,Biotinidase Gene Variants Registry
22155609,GeneCards,BIO_RESOURCE,GeneCards,30,39,GeneCards,Human Integrated Protein Expression Database
22155609,GeneCards,BIO_RESOURCE,GeneCards,172,181,GeneCards,Human Integrated Protein Expression Database
22155609,GeneCards,BIO_RESOURCE,GeneCards,497,506,GeneCards,Human Integrated Protein Expression Database
22155609,GeneCards,BIO_RESOURCE,GeneCards,831,840,GeneCards,Human Integrated Protein Expression Database
22155609,GeneCards,BIO_RESOURCE,GeneCards,919,928,GeneCards,Human Integrated Protein Expression Database
22039163,CELLPEDIA,BIO_RESOURCE,CELLPEDIA,0,9,CELLPEDIA,
22039163,CELLPEDIA,BIO_RESOURCE,CELLPEDIA,98,107,CELLPEDIA,
22039163,CELLPEDIA,BIO_RESOURCE,CELLPEDIA,304,313,CELLPEDIA,
22039163,CELLPEDIA,BIO_RESOURCE,CELLPEDIA,491,500,CELLPEDIA,
22039163,CELLPEDIA,BIO_RESOURCE,CELLPEDIA,1170,1179,CELLPEDIA,
31599098,PSMD,BIO_RESOURCE,PSMD,0,4,PSMD,Pan-Species Microsatellite Database
31599098,PSMD,BIO_RESOURCE,PSMD,832,836,PSMD,Pan-Species Microsatellite Database
31599098,Pan-Species Microsatellite Database,BIO_RESOURCE,PSMD,838,873,PSMD,Pan-Species Microsatellite Database
31599098,PSMD,BIO_RESOURCE,PSMD,1115,1119,PSMD,Pan-Species Microsatellite Database
31599098,PSMD,BIO_RESOURCE,PSMD,1336,1340,PSMD,Pan-Species Microsatellite Database
31599098,PSMD,BIO_RESOURCE,PSMD,1452,1456,PSMD,Pan-Species Microsatellite Database
31599098,PSMD,BIO_RESOURCE,PSMD,1794,1798,PSMD,Pan-Species Microsatellite Database
30945200,GreeNC,BIO_RESOURCE,GreeNC,28,34,GreeNC,Green Non-Coding Database
30945200,Green Non-Coding Database,BIO_RESOURCE,GreeNC,582,607,GreeNC,Green Non-Coding Database
30945200,GreeNC,BIO_RESOURCE,GreeNC,609,615,GreeNC,Green Non-Coding Database
30945200,GreeNC,BIO_RESOURCE,GreeNC,719,725,GreeNC,Green Non-Coding Database
36318263,EDomics,BIO_RESOURCE,EDomics,0,7,EDomics,
36318263,a comprehensive and comparative multi-omics database for animal evo-devo,BIO_RESOURCE,EDomics,9,81,EDomics,
26467479,ChEBI,BIO_RESOURCE,ChEBI,0,5,ChEBI,Chemical Entities of Biological Interest
26467479,ChEBI,BIO_RESOURCE,ChEBI,77,82,ChEBI,Chemical Entities of Biological Interest
26467479,ChEBI,BIO_RESOURCE,ChEBI,582,587,ChEBI,Chemical Entities of Biological Interest
28529077,PLMD,BIO_RESOURCE,PLMD,0,4,PLMD,protein lysine modification database
28529077,protein lysine modification database,BIO_RESOURCE,PLMD,435,471,PLMD,protein lysine modification database
28529077,PLMD,BIO_RESOURCE,PLMD,473,477,PLMD,protein lysine modification database
28529077,PLMD,BIO_RESOURCE,PLMD,483,487,PLMD,protein lysine modification database
28529077,prokaryotes,BIO_RESOURCE,dbPSP,598,609,PLMD,protein lysine modification database
28529077,PLMD,BIO_RESOURCE,PLMD,1580,1584,PLMD,protein lysine modification database
28529077,PLMD,BIO_RESOURCE,PLMD,1657,1661,PLMD,protein lysine modification database
33166387,International Nucleotide Sequence Database Collaboration,BIO_RESOURCE,INSDC,66,122,INSDC,International Nucleotide Sequence Database Collaboration
33166387,INSDC,BIO_RESOURCE,INSDC,124,129,INSDC,International Nucleotide Sequence Database Collaboration
33166387,DNA Data Bank of Japan,BIO_RESOURCE,DDBJ,302,324,INSDC,International Nucleotide Sequence Database Collaboration
33166387,DDBJ,BIO_RESOURCE,DDBJ,326,330,INSDC,International Nucleotide Sequence Database Collaboration
33166387,European Nucleotide Archive,BIO_RESOURCE,ENA,393,420,INSDC,International Nucleotide Sequence Database Collaboration
33166387,ENA,BIO_RESOURCE,ENA,422,425,INSDC,International Nucleotide Sequence Database Collaboration
33166387,GenBank,BIO_RESOURCE,GenBank,539,546,INSDC,International Nucleotide Sequence Database Collaboration
33166387,INSDC,BIO_RESOURCE,INSDC,733,738,INSDC,International Nucleotide Sequence Database Collaboration
31662803,ODIAC,BIO_RESOURCE,ODIAC,310,315,ODIAC,Open-source Data Inventory for Anthropogenic CO2
31662803,ODIAC,BIO_RESOURCE,ODIAC,726,731,ODIAC,Open-source Data Inventory for Anthropogenic CO2
31662803,ODIAC,BIO_RESOURCE,ODIAC,2062,2067,ODIAC,Open-source Data Inventory for Anthropogenic CO2
31662803,ODIAC,BIO_RESOURCE,ODIAC,2189,2194,ODIAC,Open-source Data Inventory for Anthropogenic CO2
31662803,ODIAC,BIO_RESOURCE,ODIAC,2533,2538,ODIAC,Open-source Data Inventory for Anthropogenic CO2
31662803,ODIAC,BIO_RESOURCE,ODIAC,2597,2602,ODIAC,Open-source Data Inventory for Anthropogenic CO2
23369322,HDAM,BIO_RESOURCE,HDAM,0,4,HDAM,Human Disease Associated Mutation
23369322,Human Disease Associated Mutation,BIO_RESOURCE,HDAM,492,525,HDAM,Human Disease Associated Mutation
23369322,HDAM,BIO_RESOURCE,HDAM,527,531,HDAM,Human Disease Associated Mutation
23369322,HDAM,BIO_RESOURCE,HDAM,675,679,HDAM,Human Disease Associated Mutation
23369322,HDAM,BIO_RESOURCE,HDAM,1331,1335,HDAM,Human Disease Associated Mutation
23369322,HDAM,BIO_RESOURCE,HDAM,1525,1529,HDAM,Human Disease Associated Mutation
28358052,HIVed,BIO_RESOURCE,HIVed,0,5,HIVed,HIV expression database
28358052,HIVed,BIO_RESOURCE,HIVed,643,648,HIVed,HIV expression database
28358052,HIV expression database,BIO_RESOURCE,HIVed,650,673,HIVed,HIV expression database
28358052,HIVed,BIO_RESOURCE,HIVed,1045,1050,HIVed,HIV expression database
28358052,HIVed,BIO_RESOURCE,HIVed,1173,1178,HIVed,HIV expression database
37781910,GlobalAMFungi,BIO_RESOURCE,GlobalAMFungi,0,13,GlobalAMFungi,
28053167,PceRBase,BIO_RESOURCE,PceRBase,0,8,PceRBase,ceRNA database
28053167,ceRNA database,BIO_RESOURCE,PceRBase,639,653,PceRBase,ceRNA database
28053167,PceRBase,BIO_RESOURCE,PceRBase,655,663,PceRBase,ceRNA database
28053167,PceRBase,BIO_RESOURCE,PceRBase,1322,1330,PceRBase,ceRNA database
29145635,tRex,BIO_RESOURCE,tRex,0,4,tRex,
29145635,tRex,BIO_RESOURCE,tRex,598,602,tRex,
29145635,tRex,BIO_RESOURCE,tRex,1166,1170,tRex,
25534750,dbPPT,BIO_RESOURCE,dbPPT,0,5,dbPPT,database of Phosphorylation site in
25534750,dbPPT,BIO_RESOURCE,dbPPT,662,667,dbPPT,database of Phosphorylation site in
25534750,database of Phosphorylation site in,BIO_RESOURCE,dbPPT,669,704,dbPPT,database of Phosphorylation site in
25534750,dbPPT,BIO_RESOURCE,dbPPT,862,867,dbPPT,database of Phosphorylation site in
25534750,dbPPT,BIO_RESOURCE,dbPPT,1073,1078,dbPPT,database of Phosphorylation site in
31611909,SCDevDB,BIO_RESOURCE,SCDevDB,0,7,SCDevDB,
31611909,SCDevDB,BIO_RESOURCE,SCDevDB,657,664,SCDevDB,
31611909,SCDevDB,BIO_RESOURCE,SCDevDB,847,854,SCDevDB,
31611909,Kyoto Encyclopedia of Genes and Genomes,BIO_RESOURCE,KEGG,1229,1268,SCDevDB,
36318261,HGD,BIO_RESOURCE,HGD,0,3,HGD,Hymenoptera Genome Database
31868683,The Quebec Parkinson Network,BIO_RESOURCE,QPN,0,28,QPN,The Quebec Parkinson Network
31868683,QPN,BIO_RESOURCE,QPN,436,439,QPN,The Quebec Parkinson Network
31868683,QPN,BIO_RESOURCE,QPN,544,547,QPN,The Quebec Parkinson Network
31868683,QPN,BIO_RESOURCE,QPN,591,594,QPN,The Quebec Parkinson Network
31868683,QPN,BIO_RESOURCE,QPN,927,930,QPN,The Quebec Parkinson Network
31868683,QPN,BIO_RESOURCE,QPN,1546,1549,QPN,The Quebec Parkinson Network
31868683,QPN,BIO_RESOURCE,QPN,1667,1670,QPN,The Quebec Parkinson Network
34986600,ONQUADRO,BIO_RESOURCE,ONQUADRO,0,8,ONQUADRO,
34986600,a database of experimentally determined quadruplex structures,BIO_RESOURCE,ONQUADRO,10,71,ONQUADRO,
37833498,SpaceLID,BIO_RESOURCE,SpaceLID,48,56,SpaceLID,Space Life Investigation Database
21575179,SORGOdb,BIO_RESOURCE,SORGOdb,0,7,SORGOdb,Superoxide Reductase Gene
21575179,Superoxide Reductase Gene,BIO_RESOURCE,SORGOdb,9,34,SORGOdb,Superoxide Reductase Gene
21575179,SORGOdb,BIO_RESOURCE,SORGOdb,629,636,SORGOdb,Superoxide Reductase Gene
21575179,SORGOdb,BIO_RESOURCE,SORGOdb,735,742,SORGOdb,Superoxide Reductase Gene
21575179,SORGOdb,BIO_RESOURCE,SORGOdb,1204,1211,SORGOdb,Superoxide Reductase Gene
21575179,SORGOdb,BIO_RESOURCE,SORGOdb,1479,1486,SORGOdb,Superoxide Reductase Gene
35424427,a molecular database of antidiabetic compounds from medicinal plants,BIO_RESOURCE,DiaNat-DB,11,79,DiaNat-DB,
23626002,KGVDB,BIO_RESOURCE,KGVDB,0,5,KGVDB,
23626002,KGVDB,BIO_RESOURCE,KGVDB,656,661,KGVDB,
30321428,KEGG,BIO_RESOURCE,KEGG,52,56,KEGG,Kyoto Encyclopedia of Genes and Genomes
30321428,KEGG,BIO_RESOURCE,KEGG,58,62,KEGG,Kyoto Encyclopedia of Genes and Genomes
30321428,Kyoto Encyclopedia of Genes and Genomes,BIO_RESOURCE,KEGG,64,103,KEGG,Kyoto Encyclopedia of Genes and Genomes
30321428,KEGG,BIO_RESOURCE,KEGG,473,477,KEGG,Kyoto Encyclopedia of Genes and Genomes
30321428,KEGG,BIO_RESOURCE,KEGG,514,518,KEGG,Kyoto Encyclopedia of Genes and Genomes
30321428,KEGG,BIO_RESOURCE,KEGG,582,586,KEGG,Kyoto Encyclopedia of Genes and Genomes
30321428,KEGG,BIO_RESOURCE,KEGG,635,639,KEGG,Kyoto Encyclopedia of Genes and Genomes
30321428,KEGG,BIO_RESOURCE,KEGG,1096,1100,KEGG,Kyoto Encyclopedia of Genes and Genomes
30321428,KEGG,BIO_RESOURCE,KEGG,1331,1335,KEGG,Kyoto Encyclopedia of Genes and Genomes
31269035,Cooperative Open Online Landslide Repository,BIO_RESOURCE,COOLR,78,122,COOLR,Cooperative Open Online Landslide Repository
31269035,COOLR,BIO_RESOURCE,COOLR,124,129,COOLR,Cooperative Open Online Landslide Repository
31269035,Cooperative Open Online Landslide Repository,BIO_RESOURCE,COOLR,483,527,COOLR,Cooperative Open Online Landslide Repository
31269035,COOLR,BIO_RESOURCE,COOLR,529,534,COOLR,Cooperative Open Online Landslide Repository
31269035,COOLR,BIO_RESOURCE,COOLR,725,730,COOLR,Cooperative Open Online Landslide Repository
31269035,COOLR,BIO_RESOURCE,COOLR,918,923,COOLR,Cooperative Open Online Landslide Repository
31269035,COOLR,BIO_RESOURCE,COOLR,1102,1107,COOLR,Cooperative Open Online Landslide Repository
31269035,COOLR,BIO_RESOURCE,COOLR,1241,1246,COOLR,Cooperative Open Online Landslide Repository
31269035,COOLR,BIO_RESOURCE,COOLR,1722,1727,COOLR,Cooperative Open Online Landslide Repository
31269035,COOLR,BIO_RESOURCE,COOLR,1896,1901,COOLR,Cooperative Open Online Landslide Repository
24293649,SILVA,BIO_RESOURCE,SILVA,4,9,SILVA,
24293649,SILVA,BIO_RESOURCE,SILVA,76,81,SILVA,
24293649,SILVA,BIO_RESOURCE,SILVA,337,342,SILVA,
24293649,SILVA,BIO_RESOURCE,SILVA,543,548,SILVA,
24293649,SILVA,BIO_RESOURCE,SILVA,713,718,SILVA,
24293649,RDP,BIO_RESOURCE,RDP,748,751,SILVA,
28968784,MicroScope,BIO_RESOURCE,MicroScope,0,10,MicroScope,
28968784,MicroScope,BIO_RESOURCE,MicroScope,373,383,MicroScope,
28968784,MicroScope,BIO_RESOURCE,MicroScope,679,689,MicroScope,
28968784,MicroScope,BIO_RESOURCE,MicroScope,1011,1021,MicroScope,
28968784,MicroScope,BIO_RESOURCE,MicroScope,1508,1518,MicroScope,
23151233,PolySac3DB,BIO_RESOURCE,PolySac3DB,0,10,PolySac3DB,
23151233,an annotated data base of 3 dimensional structures of polysaccharides,BIO_RESOURCE,PolySac3DB,12,81,PolySac3DB,
23151233,PolySac3DB,BIO_RESOURCE,PolySac3DB,712,722,PolySac3DB,
23151233,PolySac3DB,BIO_RESOURCE,PolySac3DB,1939,1949,PolySac3DB,
30231853,AgriSeqDB,BIO_RESOURCE,AgriSeqDB,0,9,AgriSeqDB,
30231853,AgriSeqDB,BIO_RESOURCE,AgriSeqDB,949,958,AgriSeqDB,
30231853,AgriSeqDB,BIO_RESOURCE,AgriSeqDB,2342,2351,AgriSeqDB,
33156326,MetaNetX,BIO_RESOURCE,MetaNetX,0,8,MetaNetX/MNXref,
33156326,MetaNetX,BIO_RESOURCE,MetaNetX,113,121,MetaNetX/MNXref,
33156326,MetaNetX,BIO_RESOURCE,MetaNetX,489,497,MetaNetX/MNXref,
27450113,PDB,BIO_RESOURCE,PDB,92,95,PDB,Worldwide Protein Data Bank organization
27450113,PDB,BIO_RESOURCE,PDB,184,187,PDB,Worldwide Protein Data Bank organization
27450113,Worldwide Protein Data Bank organization,BIO_RESOURCE,PDB,369,409,PDB,Worldwide Protein Data Bank organization
27450113,wwPDB,BIO_RESOURCE,wwPDB,411,416,PDB,Worldwide Protein Data Bank organization
27450113,PDB,BIO_RESOURCE,PDB,548,551,PDB,Worldwide Protein Data Bank organization
30759212,CSDB_GT,BIO_RESOURCE,CSDB_GT,10,17,CSDB_GT,Carbohydrate Structure Glycosyltransferase Database
30759212,CSDB_GT,BIO_RESOURCE,CSDB_GT,146,153,CSDB_GT,Carbohydrate Structure Glycosyltransferase Database
30759212,Carbohydrate Structure Database,BIO_RESOURCE,CSDB,232,263,CSDB_GT,Carbohydrate Structure Glycosyltransferase Database
30759212,CSDB,BIO_RESOURCE,CSDB,265,269,CSDB_GT,Carbohydrate Structure Glycosyltransferase Database
30759212,CSDB_GT,BIO_RESOURCE,CSDB_GT,423,430,CSDB_GT,Carbohydrate Structure Glycosyltransferase Database
30759212,CSDB_GT,BIO_RESOURCE,CSDB_GT,706,713,CSDB_GT,Carbohydrate Structure Glycosyltransferase Database
30759212,CSDB_GT,BIO_RESOURCE,CSDB_GT,1032,1039,CSDB_GT,Carbohydrate Structure Glycosyltransferase Database
30759212,CSDB_GT,BIO_RESOURCE,CSDB_GT,1434,1441,CSDB_GT,Carbohydrate Structure Glycosyltransferase Database
24578355,StaphyloBase,BIO_RESOURCE,StaphyloBase,0,12,StaphyloBase,
24578355,a specialized genomic resource for the staphylococcal research community,BIO_RESOURCE,StaphyloBase,14,86,StaphyloBase,
24578355,StaphyloBase,BIO_RESOURCE,StaphyloBase,425,437,StaphyloBase,
24578355,StaphyloBase,BIO_RESOURCE,StaphyloBase,782,794,StaphyloBase,
24578355,StaphyloBase,BIO_RESOURCE,StaphyloBase,1697,1709,StaphyloBase,
36913438,a database of missense single-nucleotide polymorphisms in human aquaporins,BIO_RESOURCE,dbAQP-SNP,11,85,dbAQP-SNP,
27115628,ProTherm,BIO_RESOURCE,ProTherm,519,527,ProTherm,
27115628,ProTherm,BIO_RESOURCE,ProTherm,837,845,ProTherm,
27115628,ProTherm,BIO_RESOURCE,ProTherm,983,991,ProTherm,
23698860,TiPs,BIO_RESOURCE,TiPs,0,4,TiPs,
23698860,a database of therapeutic targets in pathogens and associated tools,BIO_RESOURCE,TiPs,6,73,TiPs,
23698860,TiPs,BIO_RESOURCE,TiPs,589,593,TiPs,
26519469,JuncDB,BIO_RESOURCE,JuncDB,0,6,JuncDB,
26519469,an exon-exon junction database,BIO_RESOURCE,JuncDB,8,38,JuncDB,
26519469,JuncDB,BIO_RESOURCE,JuncDB,554,560,JuncDB,
26519469,an exon-exon junction database,BIO_RESOURCE,JuncDB,599,629,JuncDB,
26519469,JuncDB,BIO_RESOURCE,JuncDB,796,802,JuncDB,
26519469,JuncDB,BIO_RESOURCE,JuncDB,989,995,JuncDB,
35962763,ProbResist,BIO_RESOURCE,ProbResist,0,10,ProbResist,
35962763,a database for drug-resistant probiotic bacteria,BIO_RESOURCE,ProbResist,12,60,ProbResist,
26828034,AmphibiaChina,BIO_RESOURCE,AmphibiaChina,0,13,AmphibiaChina,
26828034,an online database of Chinese Amphibians,BIO_RESOURCE,AmphibiaChina,15,55,AmphibiaChina,
26828034,AmphibiaChina,BIO_RESOURCE,AmphibiaChina,57,70,AmphibiaChina,
26828034,AmphibiaChina,BIO_RESOURCE,AmphibiaChina,343,356,AmphibiaChina,
26828034,AmphibiaChina,BIO_RESOURCE,AmphibiaChina,678,691,AmphibiaChina,
23193274,ENCODE,BIO_RESOURCE,ENCODE,0,6,ENCODE,The Encyclopedia of DNA Elements
23193274,UCSC Genome Browser,BIO_RESOURCE,UCSC Genome Browser,19,38,ENCODE,The Encyclopedia of DNA Elements
23193274,The Encyclopedia of DNA Elements,BIO_RESOURCE,ENCODE,55,87,ENCODE,The Encyclopedia of DNA Elements
23193274,ENCODE,BIO_RESOURCE,ENCODE,89,95,ENCODE,The Encyclopedia of DNA Elements
23193274,ENCODE,BIO_RESOURCE,ENCODE,360,366,ENCODE,The Encyclopedia of DNA Elements
23193274,ENCODE,BIO_RESOURCE,ENCODE,860,866,ENCODE,The Encyclopedia of DNA Elements
23193274,ENCODE,BIO_RESOURCE,ENCODE,927,933,ENCODE,The Encyclopedia of DNA Elements
23607573,PID,BIO_RESOURCE,PID,61,64,PID-NET,
23607573,PID,BIO_RESOURCE,PID,129,132,PID-NET,
23607573,PID,BIO_RESOURCE,PID,234,237,PID-NET,
23607573,PID,BIO_RESOURCE,PID,309,312,PID-NET,
23607573,PID,BIO_RESOURCE,PID,1398,1401,PID-NET,
23607573,PID,BIO_RESOURCE,PID,1542,1545,PID-NET,
30208340,CCGD,BIO_RESOURCE,CCGD,0,4,CCGD-ESCC,Chinese Cancer Genomic Database-Esophageal Squamous Cell Carcinoma
30208340,publically available,BIO_RESOURCE,iFISH,489,509,CCGD-ESCC,Chinese Cancer Genomic Database-Esophageal Squamous Cell Carcinoma
30208340,Chinese Cancer Genomic Database-Esophageal Squamous Cell Carcinoma,BIO_RESOURCE,CCGD-ESCC,550,616,CCGD-ESCC,Chinese Cancer Genomic Database-Esophageal Squamous Cell Carcinoma
30208340,CCGD,BIO_RESOURCE,CCGD,618,622,CCGD-ESCC,Chinese Cancer Genomic Database-Esophageal Squamous Cell Carcinoma
30208340,eQTL,BIO_RESOURCE,eQTL,877,881,CCGD-ESCC,Chinese Cancer Genomic Database-Esophageal Squamous Cell Carcinoma
30208340,CCGD,BIO_RESOURCE,CCGD,1316,1320,CCGD-ESCC,Chinese Cancer Genomic Database-Esophageal Squamous Cell Carcinoma
23423175,SoyProDB,BIO_RESOURCE,SoyProDB,0,8,SoyProDB,soybean protein database
23423175,soybean protein database,BIO_RESOURCE,SoyProDB,1053,1077,SoyProDB,soybean protein database
23423175,SoyProDB,BIO_RESOURCE,SoyProDB,1079,1087,SoyProDB,soybean protein database
36548389,PTMint,BIO_RESOURCE,PTMint,0,6,PTMint,
37389723,G4Bank,BIO_RESOURCE,G4Bank,0,6,G4Bank,
37389723,A database of experimentally identified DNA G-quadruplex sequences,BIO_RESOURCE,G4Bank,8,74,G4Bank,
24466070,Tomato Genomic Resources Database,BIO_RESOURCE,TGRD,129,162,TGRD,Tomato Genomic Resources Database
24466070,TGRD,BIO_RESOURCE,TGRD,164,168,TGRD,Tomato Genomic Resources Database
24466070,TGRD,BIO_RESOURCE,TGRD,1121,1125,TGRD,Tomato Genomic Resources Database
24466070,CMAP,BIO_RESOURCE,CMAP,1189,1193,TGRD,Tomato Genomic Resources Database
24466070,TGRD,BIO_RESOURCE,TGRD,1373,1377,TGRD,Tomato Genomic Resources Database
29739837,NvERTx,BIO_RESOURCE,NvERTx,0,6,NvERTx,Nematostella vectensis Embryogenesis and Regeneration Transcriptomics
29739837,NvERTx,BIO_RESOURCE,NvERTx,863,869,NvERTx,Nematostella vectensis Embryogenesis and Regeneration Transcriptomics
29739837,NvERTx,BIO_RESOURCE,NvERTx,952,958,NvERTx,Nematostella vectensis Embryogenesis and Regeneration Transcriptomics
25880930,REGULATOR,BIO_RESOURCE,REGULATOR,0,9,REGULATOR,
25880930,Pfam,BIO_RESOURCE,Pfam,849,853,REGULATOR,
25880930,REGULATOR,BIO_RESOURCE,REGULATOR,1466,1475,REGULATOR,
32294195,ASFVdb,BIO_RESOURCE,ASFVdb,0,6,ASFVdb,African swine fever virus database
32294195,African swine fever virus database,BIO_RESOURCE,ASFVdb,278,312,ASFVdb,African swine fever virus database
32294195,ASFVdb,BIO_RESOURCE,ASFVdb,314,320,ASFVdb,African swine fever virus database
32294195,ASFVdb,BIO_RESOURCE,ASFVdb,449,455,ASFVdb,African swine fever virus database
32294195,ASFVdb,BIO_RESOURCE,ASFVdb,582,588,ASFVdb,African swine fever virus database
32294195,ASFVdb,BIO_RESOURCE,ASFVdb,958,964,ASFVdb,African swine fever virus database
32294195,ASFVdb,BIO_RESOURCE,ASFVdb,1162,1168,ASFVdb,African swine fever virus database
38095856,ICBcomb,BIO_RESOURCE,ICBcomb,0,7,ICBcomb,
38095856,a comprehensive expression database for immune checkpoint blockade combination therapy,BIO_RESOURCE,ICBcomb,9,95,ICBcomb,
22096232,BioSample Database,BIO_RESOURCE,BioSamples,4,22,BioSamples,BioSample Database
22096232,BioSample Database,BIO_RESOURCE,BioSamples,77,95,BioSamples,BioSample Database
22096232,BioSample Database,BIO_RESOURCE,BioSamples,303,321,BioSamples,BioSample Database
22096232,ENA,BIO_RESOURCE,ENA,421,424,BioSamples,BioSample Database
22096232,ArrayExpress,BIO_RESOURCE,ArrayExpress,426,438,BioSamples,BioSample Database
22096232,PRIDE,BIO_RESOURCE,PRIDE,443,448,BioSamples,BioSample Database
22080550,BYKdb,BIO_RESOURCE,BYKdb,0,5,BYKdb,Bacterial protein tYrosine Kinase database
22080550,Bacterial protein tYrosine Kinase database,BIO_RESOURCE,BYKdb,11,53,BYKdb,Bacterial protein tYrosine Kinase database
22080550,BYKdb,BIO_RESOURCE,BYKdb,651,656,BYKdb,Bacterial protein tYrosine Kinase database
22080550,UniProtKB,BIO_RESOURCE,UniProtKB,784,793,BYKdb,Bacterial protein tYrosine Kinase database
22080550,BYKdb,BIO_RESOURCE,BYKdb,826,831,BYKdb,Bacterial protein tYrosine Kinase database
22080550,BYKdb,BIO_RESOURCE,BYKdb,980,985,BYKdb,Bacterial protein tYrosine Kinase database
21337704,GPDE,BIO_RESOURCE,GPDE,0,4,GPDE,Griss Proteomics Database Engine
21337704,Griss Proteomics Database Engine,BIO_RESOURCE,GPDE,184,216,GPDE,Griss Proteomics Database Engine
21337704,GPDE,BIO_RESOURCE,GPDE,218,222,GPDE,Griss Proteomics Database Engine
21337704,GPDE,BIO_RESOURCE,GPDE,523,527,GPDE,Griss Proteomics Database Engine
33010163,cncRNAdb,BIO_RESOURCE,cncRNAdb,0,8,cncRNAdb,
33010163,cncRNAdb,BIO_RESOURCE,cncRNAdb,593,601,cncRNAdb,
33010163,cncRNAdb,BIO_RESOURCE,cncRNAdb,786,794,cncRNAdb,
33010163,cncRNAdb,BIO_RESOURCE,cncRNAdb,1044,1052,cncRNAdb,
28011869,protein co-migration database,BIO_RESOURCE,PCoM-DB,359,388,PCoM-DB,protein co-migration database
33245771,MarkerDB,BIO_RESOURCE,MarkerDB,0,8,MarkerDB,
33245771,an online database of molecular biomarkers,BIO_RESOURCE,MarkerDB,10,52,MarkerDB,
33245771,MarkerDB,BIO_RESOURCE,MarkerDB,54,62,MarkerDB,
33245771,MarkerDB,BIO_RESOURCE,MarkerDB,442,450,MarkerDB,
33245771,MarkerDB,BIO_RESOURCE,MarkerDB,1696,1704,MarkerDB,
31958638,BoMiProt,BIO_RESOURCE,BoMiProt,0,8,BoMiProt,
31958638,A database of bovine milk proteins,BIO_RESOURCE,BoMiProt,10,44,BoMiProt,
31958638,BoMiProt,BIO_RESOURCE,BoMiProt,525,533,BoMiProt,
31958638,BoMiProt,BIO_RESOURCE,BoMiProt,1261,1269,BoMiProt,
31958638,BoMiProt,BIO_RESOURCE,BoMiProt,1643,1651,BoMiProt,
31958638,BoMiProt,BIO_RESOURCE,BoMiProt,1839,1847,BoMiProt,
24185696,BloodChIP,BIO_RESOURCE,BloodChIP,0,9,BloodChIP,
24185696,BloodChIP,BIO_RESOURCE,BloodChIP,113,122,BloodChIP,
35637632,PlantcircBase,BIO_RESOURCE,PlantcircBase,0,13,PlantcircBase,
22493695,Fish Library,BIO_RESOURCE,DFL,12,24,DFL,Fish Library
22493695,Fish Library,BIO_RESOURCE,DFL,773,785,DFL,Fish Library
22493695,DFL,BIO_RESOURCE,DFL,787,790,DFL,Fish Library
22493695,DFL,BIO_RESOURCE,DFL,1284,1287,DFL,Fish Library
21520341,dbNSFP,BIO_RESOURCE,dbNSFP,0,6,dbNSFP,
21520341,dbNSFP,BIO_RESOURCE,dbNSFP,934,940,dbNSFP,
21520341,dbNSFP,BIO_RESOURCE,dbNSFP,1385,1391,dbNSFP,
33181826,WGVD,BIO_RESOURCE,WGVD,0,4,WGVD,Wheat Genome Variation Database
33181826,Wheat Genome Variation Database,BIO_RESOURCE,WGVD,475,506,WGVD,Wheat Genome Variation Database
33181826,WGVD,BIO_RESOURCE,WGVD,763,767,WGVD,Wheat Genome Variation Database
33181826,RefSeq,BIO_RESOURCE,RefSeq,1168,1174,WGVD,Wheat Genome Variation Database
33181826,RefSeq,BIO_RESOURCE,RefSeq,1190,1196,WGVD,Wheat Genome Variation Database
33181826,WGVD,BIO_RESOURCE,WGVD,1693,1697,WGVD,Wheat Genome Variation Database
25228099,DruGeVar,BIO_RESOURCE,DruGeVar,0,8,DruGeVar,
25228099,Pharmacogenomics,BIO_RESOURCE,GPIeR,138,154,DruGeVar,
25228099,DruGeVar,BIO_RESOURCE,DruGeVar,744,752,DruGeVar,
24092884,Plant Organelles Database,BIO_RESOURCE,PODB,4,29,PODB,Plant Organelles Database
24092884,Plant Organelles Database,BIO_RESOURCE,PODB,136,161,PODB,Plant Organelles Database
24092884,PODB,BIO_RESOURCE,PODB,209,213,PODB,Plant Organelles Database
34850956,msRepDB,BIO_RESOURCE,msRepDB,0,7,msRepDB,
34850956,a comprehensive repetitive sequence database of over 80 000 species,BIO_RESOURCE,msRepDB,9,76,msRepDB,
22786784,ITS2,BIO_RESOURCE,ITS2,569,573,ITSoneDB,
22786784,ITSoneDB,BIO_RESOURCE,ITSoneDB,1335,1343,ITSoneDB,
22786784,ITSoneDB,BIO_RESOURCE,ITSoneDB,1507,1515,ITSoneDB,
24618344,Drug2Gene,BIO_RESOURCE,Drug2Gene,0,9,Drug2Gene,
24618344,an exhaustive resource to explore effectively the drug-target relation network,BIO_RESOURCE,Drug2Gene,11,89,Drug2Gene,
24618344,Drug2Gene,BIO_RESOURCE,Drug2Gene,840,849,Drug2Gene,
24618344,Drug2Gene,BIO_RESOURCE,Drug2Gene,1194,1203,Drug2Gene,
24618344,Drug2Gene,BIO_RESOURCE,Drug2Gene,1491,1500,Drug2Gene,
24618344,Drug2Gene,BIO_RESOURCE,Drug2Gene,1630,1639,Drug2Gene,
24618344,Drug2Gene,BIO_RESOURCE,Drug2Gene,2037,2046,Drug2Gene,
34241085,OCELOT,BIO_RESOURCE,OCELOT,0,6,OCELOT,Organic Crystals in Electronic and
34241085,OCELOT,BIO_RESOURCE,OCELOT,615,621,OCELOT,Organic Crystals in Electronic and
34241085,Organic Crystals in Electronic and,BIO_RESOURCE,OCELOT,623,657,OCELOT,Organic Crystals in Electronic and
34241085,OCELOT,BIO_RESOURCE,OCELOT,732,738,OCELOT,Organic Crystals in Electronic and
34241085,OCELOT,BIO_RESOURCE,OCELOT,777,783,OCELOT,Organic Crystals in Electronic and
34241085,OCELOT,BIO_RESOURCE,OCELOT,1056,1062,OCELOT,Organic Crystals in Electronic and
34164644,HFBD,BIO_RESOURCE,HFBD,0,4,HFBD,HF biomarker knowledge database
34164644,HF biomarker knowledge database,BIO_RESOURCE,HFBD,561,592,HFBD,HF biomarker knowledge database
34164644,HFBD,BIO_RESOURCE,HFBD,594,598,HFBD,HF biomarker knowledge database
34164644,HFBD,BIO_RESOURCE,HFBD,689,693,HFBD,HF biomarker knowledge database
21959865,NetPath,BIO_RESOURCE,NetPath,73,80,NetPath,
21959865,NetPath,BIO_RESOURCE,NetPath,176,183,NetPath,
25347823,MitProNet,BIO_RESOURCE,MitProNet,0,9,MitProNet,
25347823,A knowledgebase and analysis platform of proteome,BIO_RESOURCE,MitProNet,11,60,MitProNet,
25347823,MitProNet,BIO_RESOURCE,MitProNet,584,593,MitProNet,
25347823,MitProNet,BIO_RESOURCE,MitProNet,945,954,MitProNet,
25347823,MitProNet,BIO_RESOURCE,MitProNet,1712,1721,MitProNet,
25347823,GEO,BIO_RESOURCE,GEO,1818,1821,MitProNet,
25347823,OMIM,BIO_RESOURCE,OMIM,1823,1827,MitProNet,
25347823,KEGG,BIO_RESOURCE,KEGG,1829,1833,MitProNet,
25347823,MitProNet,BIO_RESOURCE,MitProNet,1857,1866,MitProNet,
25347823,MitProNet,BIO_RESOURCE,MitProNet,2025,2034,MitProNet,
25347823,MitProNet,BIO_RESOURCE,MitProNet,2197,2206,MitProNet,
35283898,VESPUCCI,BIO_RESOURCE,VESPUCCI,14,22,VESPUCCI,Vitis Expression Studies Platform Using COLOMBOS Compendia Instances
29976644,FusoPortal,BIO_RESOURCE,FusoPortal,0,10,FusoPortal,
29976644,FusoPortal,BIO_RESOURCE,FusoPortal,161,171,FusoPortal,
29976644,FusoPortal,BIO_RESOURCE,FusoPortal,642,652,FusoPortal,
29976644,FusoPortal,BIO_RESOURCE,FusoPortal,662,672,FusoPortal,
29976644,FusoPortal,BIO_RESOURCE,FusoPortal,837,847,FusoPortal,
29976644,FusoPortal,BIO_RESOURCE,FusoPortal,1019,1029,FusoPortal,
29976644,FusoPortal,BIO_RESOURCE,FusoPortal,1597,1607,FusoPortal,
22467915,DeOri,BIO_RESOURCE,DeOri,0,5,DeOri,Database of Eukaryotic ORIs
22467915,Database of Eukaryotic ORIs,BIO_RESOURCE,DeOri,570,597,DeOri,Database of Eukaryotic ORIs
22467915,DeOri,BIO_RESOURCE,DeOri,599,604,DeOri,Database of Eukaryotic ORIs
22467915,Database of Eukaryotic ORIs,BIO_RESOURCE,DeOri,1072,1099,DeOri,Database of Eukaryotic ORIs
22467915,DeOri,BIO_RESOURCE,DeOri,1101,1106,DeOri,Database of Eukaryotic ORIs
29165610,Gramene,BIO_RESOURCE,Gramene,0,7,Gramene,Gramene Database
29165610,Gramene,BIO_RESOURCE,Gramene,86,93,Gramene,Gramene Database
29165610,Gramene,BIO_RESOURCE,Gramene,604,611,Gramene,Gramene Database
29165610,Reactome,BIO_RESOURCE,Reactome,620,628,Gramene,Gramene Database
29165610,Gramene,BIO_RESOURCE,Gramene,987,994,Gramene,Gramene Database
29165610,Ensembl,BIO_RESOURCE,Ensembl,1073,1080,Gramene,Gramene Database
29165610,Reactome,BIO_RESOURCE,Reactome,1097,1105,Gramene,Gramene Database
29165610,Gramene,BIO_RESOURCE,Gramene,1519,1526,Gramene,Gramene Database
21520336,ThalInd,BIO_RESOURCE,ThalInd,0,7,ThalInd,
21520336,OMIM,BIO_RESOURCE,OMIM,246,250,ThalInd,
21520336,HGMD,BIO_RESOURCE,HGMD,255,259,ThalInd,
21520336,disorders of,BIO_RESOURCE,DSDatlas,504,516,ThalInd,
21520336,ThalInd,BIO_RESOURCE,ThalInd,1305,1312,ThalInd,
21520336,LOVD,BIO_RESOURCE,LOVD,1376,1380,ThalInd,
22570419,LAHEDES,BIO_RESOURCE,LAHEDES,0,7,LAHEDES,LAGLIDADG
22570419,LAGLIDADG,BIO_RESOURCE,LAHEDES,13,22,LAHEDES,LAGLIDADG
22570419,LAGLIDADG,BIO_RESOURCE,LAHEDES,76,85,LAHEDES,LAGLIDADG
22570419,LAHEDES,BIO_RESOURCE,LAHEDES,489,496,LAHEDES,LAGLIDADG
22570419,LAGLIDADG,BIO_RESOURCE,LAHEDES,503,512,LAHEDES,LAGLIDADG
24147765,an Oryza Information Portal linking annotation,BIO_RESOURCE,Rice DB,9,55,Rice DB,
31160594,PathoPhenoDB,BIO_RESOURCE,PathoPhenoDB,0,12,PathoPhenoDB,henomebrowser
31160594,PathoPhenoDB,BIO_RESOURCE,PathoPhenoDB,621,633,PathoPhenoDB,henomebrowser
31160594,PathoPhenoDB,BIO_RESOURCE,PathoPhenoDB,693,705,PathoPhenoDB,henomebrowser
31160594,PathoPhenoDB,BIO_RESOURCE,PathoPhenoDB,914,926,PathoPhenoDB,henomebrowser
31160594,PathoPhenoDB,BIO_RESOURCE,PathoPhenoDB,1040,1052,PathoPhenoDB,henomebrowser
26780094,GenomeSpace,BIO_RESOURCE,GenomeSpace,74,85,GenomeSpace,
26780094,GenomeSpace,BIO_RESOURCE,GenomeSpace,252,263,GenomeSpace,
35411390,OLIDA,BIO_RESOURCE,OLIDA,45,50,OLIDA,OLIgogenic diseases DAtabase
23104376,SwissSidechain,BIO_RESOURCE,SwissSidechain,0,14,SwissSidechain,
23104376,a molecular and structural database of non-natural sidechains,BIO_RESOURCE,SwissSidechain,16,77,SwissSidechain,
23104376,SwissSidechain,BIO_RESOURCE,SwissSidechain,748,762,SwissSidechain,
23104376,SwissSidechain,BIO_RESOURCE,SwissSidechain,971,985,SwissSidechain,
29351546,Comparative Toxicogenomics Database,BIO_RESOURCE,CTD,53,88,CTD,Comparative Toxicogenomics Database
29351546,Comparative Toxicogenomics Database,BIO_RESOURCE,CTD,110,145,CTD,Comparative Toxicogenomics Database
29351546,CTD,BIO_RESOURCE,CTD,147,150,CTD,Comparative Toxicogenomics Database
29351546,CTD,BIO_RESOURCE,CTD,1131,1134,CTD,Comparative Toxicogenomics Database
29029599,LiverWiki,BIO_RESOURCE,LiverWiki,0,9,LiverWiki,
29029599,a wiki-based database for human liver,BIO_RESOURCE,LiverWiki,11,48,LiverWiki,
29029599,LiverWiki,BIO_RESOURCE,LiverWiki,627,636,LiverWiki,
29029599,LiverWiki,BIO_RESOURCE,LiverWiki,1026,1035,LiverWiki,
29029599,LiverWiki,BIO_RESOURCE,LiverWiki,1436,1445,LiverWiki,
29029599,LiverWiki,BIO_RESOURCE,LiverWiki,1482,1491,LiverWiki,
29029599,LiverWiki,BIO_RESOURCE,LiverWiki,1683,1692,LiverWiki,
29029599,LiverWiki,BIO_RESOURCE,LiverWiki,1794,1803,LiverWiki,
35124170,Human Eye Transcriptome Atlas,BIO_RESOURCE,Human Eye Transcriptome Atlas,4,33,Human Eye Transcriptome Atlas,Human Eye Transcriptome Atlas
26138588,SmedGD,BIO_RESOURCE,SmedGD,0,6,SmedGD,Schmidtea mediterranea Genome Database
26138588,Schmidtea mediterranea Genome Database,BIO_RESOURCE,SmedGD,379,417,SmedGD,Schmidtea mediterranea Genome Database
26138588,SmedGD,BIO_RESOURCE,SmedGD,419,425,SmedGD,Schmidtea mediterranea Genome Database
26138588,SmedGD,BIO_RESOURCE,SmedGD,528,534,SmedGD,Schmidtea mediterranea Genome Database
26138588,SmedGD,BIO_RESOURCE,SmedGD,768,774,SmedGD,Schmidtea mediterranea Genome Database
26138588,SmedGD,BIO_RESOURCE,SmedGD,776,782,SmedGD,Schmidtea mediterranea Genome Database
26138588,SmedGD,BIO_RESOURCE,SmedGD,1129,1135,SmedGD,Schmidtea mediterranea Genome Database
33995899,DRscDB,BIO_RESOURCE,DRscDB,0,6,DRscDB,
33995899,DRscDB,BIO_RESOURCE,DRscDB,558,564,DRscDB,
33995899,DRscDB,BIO_RESOURCE,DRscDB,637,643,DRscDB,
33995899,DRscDB,BIO_RESOURCE,DRscDB,796,802,DRscDB,
33995899,DRscDB,BIO_RESOURCE,DRscDB,1157,1163,DRscDB,
33306801,CamRegBase,BIO_RESOURCE,CamRegBase,0,10,CamRegBase,
33306801,a gene regulation database for the biofuel crop,BIO_RESOURCE,CamRegBase,12,59,CamRegBase,
33306801,CamRegBase,BIO_RESOURCE,CamRegBase,504,514,CamRegBase,
27924032,antiSMASH,BIO_RESOURCE,antiSMASH,4,13,antiSMASH,
27924032,antiSMASH,BIO_RESOURCE,antiSMASH,537,546,antiSMASH,
27924032,antiSMASH,BIO_RESOURCE,antiSMASH,565,574,antiSMASH,
27924032,antiSMASH,BIO_RESOURCE,antiSMASH,736,745,antiSMASH,
27924032,antiSMASH,BIO_RESOURCE,antiSMASH,806,815,antiSMASH,
27924032,antiSMASH,BIO_RESOURCE,antiSMASH,959,968,antiSMASH,
26602692,AREsite2,BIO_RESOURCE,AREsite2,0,8,AREsite2,
26602692,AREsite2,BIO_RESOURCE,AREsite2,93,101,AREsite2,
35616118,GrainGenes,BIO_RESOURCE,GrainGenes,0,10,GrainGenes,Genome Specific Primers
24952385,ShrimpGPAT,BIO_RESOURCE,ShrimpGPAT,0,10,ShrimpGPAT,Shrimp Gene and Protein Annotation Tool
24952385,Shrimp Gene and Protein Annotation Tool,BIO_RESOURCE,ShrimpGPAT,417,456,ShrimpGPAT,Shrimp Gene and Protein Annotation Tool
24952385,ShrimpGPAT,BIO_RESOURCE,ShrimpGPAT,458,468,ShrimpGPAT,Shrimp Gene and Protein Annotation Tool
24952385,ShrimpGPAT,BIO_RESOURCE,ShrimpGPAT,802,812,ShrimpGPAT,Shrimp Gene and Protein Annotation Tool
24952385,ShrimpGPAT,BIO_RESOURCE,ShrimpGPAT,1538,1548,ShrimpGPAT,Shrimp Gene and Protein Annotation Tool
24952385,ShrimpGPAT,BIO_RESOURCE,ShrimpGPAT,1831,1841,ShrimpGPAT,Shrimp Gene and Protein Annotation Tool
24952385,ShrimpGPAT,BIO_RESOURCE,ShrimpGPAT,2419,2429,ShrimpGPAT,Shrimp Gene and Protein Annotation Tool
31701148,JASPAR,BIO_RESOURCE,JASPAR,0,6,JASPAR,
31701148,JASPAR,BIO_RESOURCE,JASPAR,90,96,JASPAR,
31701148,JASPAR,BIO_RESOURCE,JASPAR,346,352,JASPAR,
31701148,CORE,BIO_RESOURCE,CORE,358,362,JASPAR,
31701148,JASPAR,BIO_RESOURCE,JASPAR,661,667,JASPAR,
31701148,JASPAR,BIO_RESOURCE,JASPAR,1031,1037,JASPAR,
31701148,JASPAR,BIO_RESOURCE,JASPAR,1186,1192,JASPAR,
29788225,LnChrom,BIO_RESOURCE,LnChrom,0,7,LnChrom,
29788225,LnChrom,BIO_RESOURCE,LnChrom,618,625,LnChrom,
29788225,LnChrom,BIO_RESOURCE,LnChrom,746,753,LnChrom,
29788225,LnChrom,BIO_RESOURCE,LnChrom,967,974,LnChrom,
29788225,LnChrom,BIO_RESOURCE,LnChrom,1166,1173,LnChrom,
29788225,LnChrom,BIO_RESOURCE,LnChrom,1320,1327,LnChrom,
25352573,ECODAB,BIO_RESOURCE,ECODAB,19,25,ECODAB,Escherichia coli O-antigen database
25352573,Escherichia coli O-antigen database,BIO_RESOURCE,ECODAB,122,157,ECODAB,Escherichia coli O-antigen database
25352573,ECODAB,BIO_RESOURCE,ECODAB,159,165,ECODAB,Escherichia coli O-antigen database
25352573,ECODAB,BIO_RESOURCE,ECODAB,741,747,ECODAB,Escherichia coli O-antigen database
25352573,ECODAB,BIO_RESOURCE,ECODAB,950,956,ECODAB,Escherichia coli O-antigen database
22584068,CACG,BIO_RESOURCE,CACG,0,4,CACG,
22584068,a database for comparative analysis of conjoined genes,BIO_RESOURCE,CACG,6,60,CACG,
22584068,CACG,BIO_RESOURCE,CACG,642,646,CACG,
24253302,MultitaskProtDB,BIO_RESOURCE,MultitaskProtDB,0,15,MultitaskProtDB,
24253302,a database of multitasking proteins,BIO_RESOURCE,MultitaskProtDB,17,52,MultitaskProtDB,
24253302,MultitaskProtDB,BIO_RESOURCE,MultitaskProtDB,71,86,MultitaskProtDB,
24253302,MultitaskProtDB,BIO_RESOURCE,MultitaskProtDB,859,874,MultitaskProtDB,
24253302,UniProt,BIO_RESOURCE,UniProt,980,987,MultitaskProtDB,
24253302,PDB,BIO_RESOURCE,PDB,1083,1086,MultitaskProtDB,
37682529,Kalium,BIO_RESOURCE,Kalium,0,6,Kalium,
22881376,lipoprotein receptor gene familial hypercholesterolemia variant database,BIO_RESOURCE,UCL LDLR,12,84,UCL LDLR,lipoprotein receptor gene familial hypercholesterolemia variant database
36353986,COMBATdb,BIO_RESOURCE,COMBATdb,0,8,COMBATdb,Multi-omics Blood ATlas
33137185,iCSDB,BIO_RESOURCE,iCSDB,0,5,iCSDB,
33137185,an integrated database of CRISPR screens,BIO_RESOURCE,iCSDB,7,47,iCSDB,
33137185,iCSDB,BIO_RESOURCE,iCSDB,379,384,iCSDB,
33137185,BioGRID,BIO_RESOURCE,BioGRID,543,550,iCSDB,
33137185,BioGRID,BIO_RESOURCE,BioGRID,713,720,iCSDB,
33137185,iCSDB,BIO_RESOURCE,iCSDB,801,806,iCSDB,
33137185,iCSDB,BIO_RESOURCE,iCSDB,1377,1382,iCSDB,
28654729,SIGNOR,BIO_RESOURCE,SIGNOR,0,6,SIGNOR,SIGnaling Network Open Resource
28654729,SIGNOR,BIO_RESOURCE,SIGNOR,112,118,SIGNOR,SIGnaling Network Open Resource
28654729,SIGnaling Network Open Resource,BIO_RESOURCE,SIGNOR,152,183,SIGNOR,SIGnaling Network Open Resource
28654729,SIGNOR,BIO_RESOURCE,SIGNOR,394,400,SIGNOR,SIGnaling Network Open Resource
28654729,SIGNOR,BIO_RESOURCE,SIGNOR,704,710,SIGNOR,SIGnaling Network Open Resource
28654729,SIGNOR,BIO_RESOURCE,SIGNOR,904,910,SIGNOR,SIGnaling Network Open Resource
28654729,SIGNOR,BIO_RESOURCE,SIGNOR,962,968,SIGNOR,SIGnaling Network Open Resource
28654729,SIGNOR,BIO_RESOURCE,SIGNOR,1166,1172,SIGNOR,SIGnaling Network Open Resource
30239928,UniLectin3D,BIO_RESOURCE,UniLectin3D,0,11,UniLectin3D,
30239928,UniLectin3D,BIO_RESOURCE,UniLectin3D,559,570,UniLectin3D,
30239928,UniLectin3D,BIO_RESOURCE,UniLectin3D,1320,1331,UniLectin3D,
25190456,Candidate Cancer Gene Database,BIO_RESOURCE,CCGD,4,34,CCGD,Candidate Cancer Gene Database
25190456,Candidate Cancer Gene Database,BIO_RESOURCE,CCGD,782,812,CCGD,Candidate Cancer Gene Database
25190456,CCGD,BIO_RESOURCE,CCGD,814,818,CCGD,Candidate Cancer Gene Database
25190456,CCGD,BIO_RESOURCE,CCGD,860,864,CCGD,Candidate Cancer Gene Database
25190456,KEGG,BIO_RESOURCE,KEGG,1195,1199,CCGD,Candidate Cancer Gene Database
25190456,CCGD,BIO_RESOURCE,CCGD,1397,1401,CCGD,Candidate Cancer Gene Database
29913065,OptoBase,BIO_RESOURCE,OptoBase,0,8,OptoBase,
29913065,A Web Platform for Molecular Optogenetics,BIO_RESOURCE,OptoBase,10,51,OptoBase,
29913065,OptoBase,BIO_RESOURCE,OptoBase,53,61,OptoBase,
29913065,OptoBase,BIO_RESOURCE,OptoBase,341,349,OptoBase,
29913065,OptoBase,BIO_RESOURCE,OptoBase,628,636,OptoBase,
38015957,iCAZyGFADB,BIO_RESOURCE,iCAZyGFADB,0,10,iCAZyGFADB,
38015957,an insect CAZyme and gene function annotation database,BIO_RESOURCE,iCAZyGFADB,12,66,iCAZyGFADB,
21435384,HOCTARdb,BIO_RESOURCE,HOCTARdb,933,941,HOCTARdb,
21435384,HOCTARdb,BIO_RESOURCE,HOCTARdb,1309,1317,HOCTARdb,
21435384,HOCTARdb,BIO_RESOURCE,HOCTARdb,1349,1357,HOCTARdb,
21435384,HOCTARdb,BIO_RESOURCE,HOCTARdb,1549,1557,HOCTARdb,
21435384,HOCTARdb,BIO_RESOURCE,HOCTARdb,1731,1739,HOCTARdb,
22110032,DAMPD,BIO_RESOURCE,DAMPD,0,5,DAMPD,Dragon Antimicrobial Peptide Database
22110032,antimicrobial peptide database,BIO_RESOURCE,antimicrobial peptide database,26,56,DAMPD,Dragon Antimicrobial Peptide Database
22110032,Dragon Antimicrobial Peptide Database,BIO_RESOURCE,DAMPD,474,511,DAMPD,Dragon Antimicrobial Peptide Database
22110032,DAMPD,BIO_RESOURCE,DAMPD,513,518,DAMPD,Dragon Antimicrobial Peptide Database
22110032,DAMPD,BIO_RESOURCE,DAMPD,593,598,DAMPD,Dragon Antimicrobial Peptide Database
22110032,DAMPD,BIO_RESOURCE,DAMPD,658,663,DAMPD,Dragon Antimicrobial Peptide Database
22110032,DAMPD,BIO_RESOURCE,DAMPD,1069,1074,DAMPD,Dragon Antimicrobial Peptide Database
23299413,ERISdb,BIO_RESOURCE,ERISdb,0,6,ERISdb,
23299413,a database of plant splice sites and splicing signals,BIO_RESOURCE,ERISdb,8,61,ERISdb,
23299413,a large-scale,BIO_RESOURCE,SureChEMBL,540,553,ERISdb,
23299413,ERISdb,BIO_RESOURCE,ERISdb,1086,1092,ERISdb,
27043825,CPAD,BIO_RESOURCE,CPAD,0,4,CPAD,Curated Protein Aggregation Database
27043825,Curated Protein Aggregation Database,BIO_RESOURCE,CPAD,6,42,CPAD,Curated Protein Aggregation Database
27043825,Curated Protein Aggregation Database,BIO_RESOURCE,CPAD,561,597,CPAD,Curated Protein Aggregation Database
27043825,CPAD,BIO_RESOURCE,CPAD,599,603,CPAD,Curated Protein Aggregation Database
27043825,CPAD,BIO_RESOURCE,CPAD,746,750,CPAD,Curated Protein Aggregation Database
27043825,CPAD,BIO_RESOURCE,CPAD,1164,1168,CPAD,Curated Protein Aggregation Database
27043825,PDB,BIO_RESOURCE,PDB,1497,1500,CPAD,Curated Protein Aggregation Database
27043825,CPAD,BIO_RESOURCE,CPAD,1607,1611,CPAD,Curated Protein Aggregation Database
27043825,CPAD,BIO_RESOURCE,CPAD,1869,1873,CPAD,Curated Protein Aggregation Database
27043825,CPAD,BIO_RESOURCE,CPAD,1964,1968,CPAD,Curated Protein Aggregation Database
26048563,CYCLoPs,BIO_RESOURCE,CYCLoPs,0,7,CYCLoPs,Collection of Yeast Cells Localization Patterns
26048563,CYCLoPs,BIO_RESOURCE,CYCLoPs,1268,1275,CYCLoPs,Collection of Yeast Cells Localization Patterns
26048563,Collection of Yeast Cells Localization Patterns,BIO_RESOURCE,CYCLoPs,1277,1324,CYCLoPs,Collection of Yeast Cells Localization Patterns
26048563,CYCLoPs,BIO_RESOURCE,CYCLoPs,1473,1480,CYCLoPs,Collection of Yeast Cells Localization Patterns
26048563,CYCLoPs,BIO_RESOURCE,CYCLoPs,1542,1549,CYCLoPs,Collection of Yeast Cells Localization Patterns
26072489,PAGER,BIO_RESOURCE,PAGER,0,5,PAGER,
26072489,constructing PAGs and new PAG-PAG relationships for network biology,BIO_RESOURCE,PAGER,7,74,PAGER,
26072489,PAGER,BIO_RESOURCE,PAGER,340,345,PAGER,
26072489,PAGER,BIO_RESOURCE,PAGER,360,365,PAGER,
26072489,PAGER,BIO_RESOURCE,PAGER,482,487,PAGER,
26072489,regulatory relationships,BIO_RESOURCE,TRRUST,641,665,PAGER,
26072489,PAGER,BIO_RESOURCE,PAGER,978,983,PAGER,
26072489,PAGER,BIO_RESOURCE,PAGER,1077,1082,PAGER,
26072489,PAGER,BIO_RESOURCE,PAGER,1450,1455,PAGER,
25204646,Isotopo,BIO_RESOURCE,Isotopo,1,8,Isotopo,
25204646,Isotopo,BIO_RESOURCE,Isotopo,546,553,Isotopo,
25204646,Isotopo,BIO_RESOURCE,Isotopo,1261,1268,Isotopo,
25204646,Isotopo,BIO_RESOURCE,Isotopo,1614,1621,Isotopo,
34850103,QTLdb,BIO_RESOURCE,QTLdb,20,25,CorrDB,
34850103,CorrDB,BIO_RESOURCE,CorrDB,30,36,CorrDB,
23161680,TropGeneDB,BIO_RESOURCE,TropGeneDB,0,10,TropGeneDB,
23161680,TropGeneDB,BIO_RESOURCE,TropGeneDB,77,87,TropGeneDB,
23161680,TropGeneDB,BIO_RESOURCE,TropGeneDB,234,244,TropGeneDB,
23161680,TropGeneDB,BIO_RESOURCE,TropGeneDB,449,459,TropGeneDB,
23161680,TropGeneDB,BIO_RESOURCE,TropGeneDB,730,740,TropGeneDB,
24259432,RefSeq,BIO_RESOURCE,RefSeq,0,6,RefSeq,Prokaryotic Genome Annotation Pipeline
24259432,RefSeq,BIO_RESOURCE,RefSeq,129,135,RefSeq,Prokaryotic Genome Annotation Pipeline
24259432,RefSeq,BIO_RESOURCE,RefSeq,769,775,RefSeq,Prokaryotic Genome Annotation Pipeline
23193275,Testing Registry,BIO_RESOURCE,GTR,193,209,GTR,Testing Registry
23193275,GTR,BIO_RESOURCE,GTR,211,214,GTR,Testing Registry
23798574,GPHR,BIO_RESOURCE,GPHR,154,158,GPHR,
23798574,GPHR,BIO_RESOURCE,GPHR,229,233,GPHR,
23798574,G protein,BIO_RESOURCE,GproteinDb,1819,1828,GPHR,
36395823,GPCRdb,BIO_RESOURCE,GPCRdb,0,6,GPCRdb,
22383735,a database of global events for epidemic intelligence,BIO_RESOURCE,GENI-DB,9,62,GENI-DB,
30395294,antiSMASH,BIO_RESOURCE,antiSMASH,4,13,antiSMASH,
30395294,antiSMASH,BIO_RESOURCE,antiSMASH,464,473,antiSMASH,
30395294,antiSMASH,BIO_RESOURCE,antiSMASH,526,535,antiSMASH,
30395294,antiSMASH,BIO_RESOURCE,antiSMASH,567,576,antiSMASH,
30395294,antiSMASH,BIO_RESOURCE,antiSMASH,707,716,antiSMASH,
34551437,CSCD2,BIO_RESOURCE,CSCD2,0,5,CSCD2,cancer-specific circRNA database
26088800,AmyLoad,BIO_RESOURCE,AmyLoad,0,7,AmyLoad,
26088800,website dedicated to amyloidogenic protein fragments,BIO_RESOURCE,AmyLoad,9,61,AmyLoad,
26088800,AmyLoad,BIO_RESOURCE,AmyLoad,344,351,AmyLoad,
26088800,AmyLoad,BIO_RESOURCE,AmyLoad,838,845,AmyLoad,
26088800,AmyLoad,BIO_RESOURCE,AmyLoad,1021,1028,AmyLoad,
25097385,SCNProDB,BIO_RESOURCE,SCNProDB,0,8,SCNProDB,
25097385,A database for the identification of soybean cyst nematode proteins,BIO_RESOURCE,SCNProDB,10,77,SCNProDB,
25097385,SCNProDB,BIO_RESOURCE,SCNProDB,1106,1114,SCNProDB,
31838261,TBPP,BIO_RESOURCE,TBPP,603,607,TBPP,
31838261,Data Exploration Portal,BIO_RESOURCE,TB DEPOT,1039,1062,TBPP,
25326323,Comparative Toxicogenomics Database,BIO_RESOURCE,CTD,4,39,CTD,Comparative Toxicogenomics Database
25326323,Comparative Toxicogenomics Database,BIO_RESOURCE,CTD,97,132,CTD,Comparative Toxicogenomics Database
25326323,CTD,BIO_RESOURCE,CTD,134,137,CTD,Comparative Toxicogenomics Database
25326323,CTD,BIO_RESOURCE,CTD,339,342,CTD,Comparative Toxicogenomics Database
25326323,CTD,BIO_RESOURCE,CTD,603,606,CTD,Comparative Toxicogenomics Database
25326323,CTD,BIO_RESOURCE,CTD,891,894,CTD,Comparative Toxicogenomics Database
25326323,CTD,BIO_RESOURCE,CTD,1138,1141,CTD,Comparative Toxicogenomics Database
36394420,TRustDB,BIO_RESOURCE,TRustDB,0,7,TRustDB,
37530223,Milletdb,BIO_RESOURCE,Milletdb,0,8,Milletdb,
21904438,Antagomir,BIO_RESOURCE,Antagomir,329,338,Antagomir,
23178820,microbial pathogen diagnostic methods database,BIO_RESOURCE,MicrobPad MD,14,60,MicrobPad MD,microbial pathogen diagnostic methods database
23178820,microbial pathogen diagnostic methods database,BIO_RESOURCE,MicrobPad MD,789,835,MicrobPad MD,microbial pathogen diagnostic methods database
23178820,UniProt,BIO_RESOURCE,UniProt,1623,1630,MicrobPad MD,microbial pathogen diagnostic methods database
33276297,DBCOVP,BIO_RESOURCE,DBCOVP,0,6,DBCOVP,
33276297,A database of coronavirus virulent glycoproteins,BIO_RESOURCE,DBCOVP,8,56,DBCOVP,
33276297,DBCOVP,BIO_RESOURCE,DBCOVP,661,667,DBCOVP,
33276297,DBCOVP,BIO_RESOURCE,DBCOVP,1359,1365,DBCOVP,
33276297,DBCOVP,BIO_RESOURCE,DBCOVP,1515,1521,DBCOVP,
36200836,Arabidopsis Information Resource,BIO_RESOURCE,TAIR,10,42,TAIR,Arabidopsis Information Resource
36200836,TAIR,BIO_RESOURCE,TAIR,44,48,TAIR,Arabidopsis Information Resource
25971743,GLASS,BIO_RESOURCE,GLASS,0,5,GLASS,
25971743,a comprehensive database for experimentally validated GPCR-ligand associations,BIO_RESOURCE,GLASS,7,85,GLASS,
25971743,G protein,BIO_RESOURCE,GproteinDb,106,115,GLASS,
25971743,GLASS,BIO_RESOURCE,GLASS,560,565,GLASS,
25971743,GLASS,BIO_RESOURCE,GLASS,1245,1250,GLASS,
25971743,GLASS,BIO_RESOURCE,GLASS,1425,1430,GLASS,
33170273,Gramene,BIO_RESOURCE,Gramene,0,7,Gramene,Gramene Database
33170273,Gramene,BIO_RESOURCE,Gramene,92,99,Gramene,Gramene Database
33170273,Reactome,BIO_RESOURCE,Reactome,840,848,Gramene,Gramene Database
33170273,Reactome,BIO_RESOURCE,Reactome,1002,1010,Gramene,Gramene Database
33170273,Gramene,BIO_RESOURCE,Gramene,1150,1157,Gramene,Gramene Database
33170273,Reactome,BIO_RESOURCE,Reactome,1577,1585,Gramene,Gramene Database
37082565,OpenSRH,BIO_RESOURCE,OpenSRH,0,7,OpenSRH,
37082565,optimizing brain tumor surgery using intraoperative stimulated Raman histology,BIO_RESOURCE,OpenSRH,9,87,OpenSRH,
33264401,SoyBase,BIO_RESOURCE,SoyBase,29,36,SoyBase,
33264401,SoyBase,BIO_RESOURCE,SoyBase,91,98,SoyBase,
33264401,SoyBase,BIO_RESOURCE,SoyBase,477,484,SoyBase,
33264401,SoyBase,BIO_RESOURCE,SoyBase,956,963,SoyBase,
33264401,SoyBase,BIO_RESOURCE,SoyBase,1147,1154,SoyBase,
20949389,AIDS and Cancer Specimen Resource,BIO_RESOURCE,ACSR,4,37,ACSR,AIDS and Cancer Specimen Resource
20949389,AIDS and Cancer Specimen Resource,BIO_RESOURCE,ACSR,43,76,ACSR,AIDS and Cancer Specimen Resource
20949389,ACSR,BIO_RESOURCE,ACSR,78,82,ACSR,AIDS and Cancer Specimen Resource
20949389,ACSR,BIO_RESOURCE,ACSR,406,410,ACSR,AIDS and Cancer Specimen Resource
20949389,ACSR,BIO_RESOURCE,ACSR,609,613,ACSR,AIDS and Cancer Specimen Resource
20949389,ACSR,BIO_RESOURCE,ACSR,1066,1070,ACSR,AIDS and Cancer Specimen Resource
20949389,ACSR,BIO_RESOURCE,ACSR,1168,1172,ACSR,AIDS and Cancer Specimen Resource
20949389,ACSR,BIO_RESOURCE,ACSR,1458,1462,ACSR,AIDS and Cancer Specimen Resource
26656885,Kiwifruit Information Resource,BIO_RESOURCE,KIR,0,30,KIR,Kiwifruit Information Resource
26656885,KIR,BIO_RESOURCE,KIR,32,35,KIR,Kiwifruit Information Resource
26656885,Kiwifruit Information Resource,BIO_RESOURCE,KIR,89,119,KIR,Kiwifruit Information Resource
26656885,KIR,BIO_RESOURCE,KIR,121,124,KIR,Kiwifruit Information Resource
26656885,KIR,BIO_RESOURCE,KIR,271,274,KIR,Kiwifruit Information Resource
26656885,KIR,BIO_RESOURCE,KIR,351,354,KIR,Kiwifruit Information Resource
26656885,KIR,BIO_RESOURCE,KIR,1318,1321,KIR,Kiwifruit Information Resource
26504143,PDID,BIO_RESOURCE,PDID,0,4,PDID,Protein-Drug Interaction Database
26504143,Protein-Drug Interaction Database,BIO_RESOURCE,PDID,281,314,PDID,Protein-Drug Interaction Database
26504143,PDID,BIO_RESOURCE,PDID,316,320,PDID,Protein-Drug Interaction Database
26504143,PDID,BIO_RESOURCE,PDID,483,487,PDID,Protein-Drug Interaction Database
26504143,PDID,BIO_RESOURCE,PDID,962,966,PDID,Protein-Drug Interaction Database
26504143,DrugBank,BIO_RESOURCE,DrugBank,1222,1230,PDID,Protein-Drug Interaction Database
26504143,PDID,BIO_RESOURCE,PDID,1448,1452,PDID,Protein-Drug Interaction Database
34964846,COGVIC,BIO_RESOURCE,COGVIC,593,599,COGVIC,Catalog of Germline Variants in
34964846,Catalog of Germline Variants in,BIO_RESOURCE,COGVIC,601,632,COGVIC,Catalog of Germline Variants in
24009883,ExoCarta,BIO_RESOURCE,ExoCarta,0,8,ExoCarta,
24009883,ExoCarta,BIO_RESOURCE,ExoCarta,647,655,ExoCarta,
24009883,ExoCarta,BIO_RESOURCE,ExoCarta,779,787,ExoCarta,
24009883,ExoCarta,BIO_RESOURCE,ExoCarta,883,891,ExoCarta,
24009883,ExoCarta,BIO_RESOURCE,ExoCarta,987,995,ExoCarta,
24009883,ExoCarta,BIO_RESOURCE,ExoCarta,1101,1109,ExoCarta,
24275496,CyanoBase,BIO_RESOURCE,CyanoBase,0,9,CyanoBase,
24275496,CyanoBase,BIO_RESOURCE,CyanoBase,280,289,CyanoBase,
24275496,CyanoBase,BIO_RESOURCE,CyanoBase,952,961,CyanoBase,
24275496,CyanoBase,BIO_RESOURCE,CyanoBase,1029,1038,CyanoBase,
23292603,KNApSAcK,BIO_RESOURCE,KNApSAcK,237,245,KNApSAcK,
23292603,KNApSAcK,BIO_RESOURCE,KNApSAcK,508,516,KNApSAcK,
23292603,KNApSAcK,BIO_RESOURCE,KNApSAcK,1075,1083,KNApSAcK,
33237286,UniProt,BIO_RESOURCE,UniProt,0,7,UniProtKB,Universal Protein Resource
33237286,the universal protein knowledgebase,BIO_RESOURCE,UniProt,9,44,UniProtKB,Universal Protein Resource
33237286,UniProt,BIO_RESOURCE,UniProt,69,76,UniProtKB,Universal Protein Resource
33237286,UniProtKB,BIO_RESOURCE,UniProtKB,367,376,UniProtKB,Universal Protein Resource
33237286,UniProt,BIO_RESOURCE,UniProt,956,963,UniProtKB,Universal Protein Resource
33237286,UniProtKB,BIO_RESOURCE,UniProtKB,989,998,UniProtKB,Universal Protein Resource
33237286,UniProt,BIO_RESOURCE,UniProt,1165,1172,UniProtKB,Universal Protein Resource
34032471,Human Salivary Proteome Wiki,BIO_RESOURCE,HSP,4,32,HSP,Human Salivary Proteome Wiki
34032471,HSP,BIO_RESOURCE,HSP,459,462,HSP,Human Salivary Proteome Wiki
34032471,HSP,BIO_RESOURCE,HSP,588,591,HSP,Human Salivary Proteome Wiki
34032471,HSP,BIO_RESOURCE,HSP,889,892,HSP,Human Salivary Proteome Wiki
34032471,HSP,BIO_RESOURCE,HSP,1365,1368,HSP,Human Salivary Proteome Wiki
34032471,HSP,BIO_RESOURCE,HSP,1446,1449,HSP,Human Salivary Proteome Wiki
34032471,HSP,BIO_RESOURCE,HSP,1635,1638,HSP,Human Salivary Proteome Wiki
34032471,HSP,BIO_RESOURCE,HSP,1800,1803,HSP,Human Salivary Proteome Wiki
29126995,FVD,BIO_RESOURCE,FVD,0,3,FVD,The fish-associated virus database
29126995,The fish-associated virus database,BIO_RESOURCE,FVD,5,39,FVD,The fish-associated virus database
29126995,FVD,BIO_RESOURCE,FVD,828,831,FVD,The fish-associated virus database
29126995,FVD,BIO_RESOURCE,FVD,843,846,FVD,The fish-associated virus database
29126995,FVD,BIO_RESOURCE,FVD,1119,1122,FVD,The fish-associated virus database
21938213,DDTRP,BIO_RESOURCE,DDTRP,0,5,DDTRP,Database of Drug Targets for Resistant Pathogens
21938213,Database of Drug Targets for Resistant Pathogens,BIO_RESOURCE,DDTRP,7,55,DDTRP,Database of Drug Targets for Resistant Pathogens
21938213,Database of Drug Targets for Resistant Pathogens,BIO_RESOURCE,DDTRP,381,429,DDTRP,Database of Drug Targets for Resistant Pathogens
21938213,DDTRP,BIO_RESOURCE,DDTRP,432,437,DDTRP,Database of Drug Targets for Resistant Pathogens
30380109,iEKPD,BIO_RESOURCE,iEKPD,0,5,iEKPD,
30380109,iEKPD,BIO_RESOURCE,iEKPD,192,197,iEKPD,
30380109,iEKPD,BIO_RESOURCE,iEKPD,539,544,iEKPD,
30380109,EKPD,BIO_RESOURCE,EKPD,1275,1279,iEKPD,
30380109,iEKPD,BIO_RESOURCE,iEKPD,1295,1300,iEKPD,
30380109,iEKPD,BIO_RESOURCE,iEKPD,1393,1398,iEKPD,
30874795,a mirtron knowledge base,BIO_RESOURCE,MirtronDB,11,35,MirtronDB,
30874795,MirtronDB,BIO_RESOURCE,MirtronDB,409,418,MirtronDB,
30874795,MirtronDB,BIO_RESOURCE,MirtronDB,657,666,MirtronDB,
30874795,MirtronDB,BIO_RESOURCE,MirtronDB,806,815,MirtronDB,
21624162,a kidney and urinary pathway,BIO_RESOURCE,KUPKB,11,39,KUPKB,a kidney and urinary pathway
21624162,KUPKB,BIO_RESOURCE,KUPKB,1105,1110,KUPKB,a kidney and urinary pathway
21624162,KUPKB,BIO_RESOURCE,KUPKB,1445,1450,KUPKB,a kidney and urinary pathway
21624162,KUPKB,BIO_RESOURCE,KUPKB,1596,1601,KUPKB,a kidney and urinary pathway
21478484,Rat Genome Database,BIO_RESOURCE,RGD,4,23,RGD,Rat Genome Database
21478484,Rat Genome Database,BIO_RESOURCE,RGD,564,583,RGD,Rat Genome Database
21478484,RGD,BIO_RESOURCE,RGD,586,589,RGD,Rat Genome Database
21478484,RGD,BIO_RESOURCE,RGD,887,890,RGD,Rat Genome Database
21478484,RGD,BIO_RESOURCE,RGD,1218,1221,RGD,Rat Genome Database
27285615,Northeast India Helminth Parasite Information Database,BIO_RESOURCE,Northeast India Helminth Parasite Information Database,0,54,Northeast India Helminth Parasite Information Database,Northeast India Helminth Parasite Information Database
29985970,BrainEXP,BIO_RESOURCE,BrainEXP,0,8,BrainEXP,Brain EXPression Database
29985970,Brain EXPression Database,BIO_RESOURCE,BrainEXP,474,499,BrainEXP,Brain EXPression Database
29985970,BrainEXP,BIO_RESOURCE,BrainEXP,501,509,BrainEXP,Brain EXPression Database
29985970,BrainEXP,BIO_RESOURCE,BrainEXP,614,622,BrainEXP,Brain EXPression Database
24214959,BacDive,BIO_RESOURCE,BacDive,0,7,BacDive,Bacterial Diversity Metadatabase
24214959,Bacterial Diversity Metadatabase,BIO_RESOURCE,BacDive,13,45,BacDive,Bacterial Diversity Metadatabase
24214959,BacDive,BIO_RESOURCE,BacDive,47,54,BacDive,Bacterial Diversity Metadatabase
24214959,Bacterial Diversity Metadatabase,BIO_RESOURCE,BacDive,59,91,BacDive,Bacterial Diversity Metadatabase
24214959,BacDive,BIO_RESOURCE,BacDive,252,259,BacDive,Bacterial Diversity Metadatabase
24214959,BacDive,BIO_RESOURCE,BacDive,544,551,BacDive,Bacterial Diversity Metadatabase
24214959,BacDive,BIO_RESOURCE,BacDive,596,603,BacDive,Bacterial Diversity Metadatabase
26527720,MetaNetX,BIO_RESOURCE,MetaNetX,0,8,MetaNetX,
26527720,MetaNetX,BIO_RESOURCE,MetaNetX,124,132,MetaNetX,
26527720,MetaNetX,BIO_RESOURCE,MetaNetX,691,699,MetaNetX,
23109552,MetaboLights,BIO_RESOURCE,MetaboLights,0,12,MetaboLights,
23109552,MetaboLights,BIO_RESOURCE,MetaboLights,107,119,MetaboLights,
23109552,MetaboLights,BIO_RESOURCE,MetaboLights,681,693,MetaboLights,
23109552,ChEBI,BIO_RESOURCE,ChEBI,1382,1387,MetaboLights,
36305460,CysModDB,BIO_RESOURCE,CysModDB,0,8,CysModDB,
27899671,RepeatsDB,BIO_RESOURCE,RepeatsDB,0,9,RepeatsDB,
27899671,RepeatsDB,BIO_RESOURCE,RepeatsDB,107,116,RepeatsDB,
27899671,RepeatsDB,BIO_RESOURCE,RepeatsDB,395,404,RepeatsDB,
27899671,RepeatsDB,BIO_RESOURCE,RepeatsDB,509,518,RepeatsDB,
27899671,Pfam,BIO_RESOURCE,Pfam,1115,1119,RepeatsDB,
27053566,Vaxar,BIO_RESOURCE,Vaxar,0,5,Vaxar,
27053566,Vaxar,BIO_RESOURCE,Vaxar,372,377,Vaxar,
27053566,Vaxar,BIO_RESOURCE,Vaxar,546,551,Vaxar,
27053566,Vaxar,BIO_RESOURCE,Vaxar,906,911,Vaxar,
27053566,Vaxar,BIO_RESOURCE,Vaxar,1182,1187,Vaxar,
27053566,Vaxar,BIO_RESOURCE,Vaxar,1318,1323,Vaxar,
27053566,publically available,BIO_RESOURCE,iFISH,1328,1348,Vaxar,
27053566,Vaxar,BIO_RESOURCE,Vaxar,1393,1398,Vaxar,
37227514,BCLncRDB,BIO_RESOURCE,BCLncRDB,0,8,BCLncRDB,
37227514,a comprehensive database of LncRNAs associated with breast cancer,BIO_RESOURCE,BCLncRDB,10,75,BCLncRDB,
25178365,Horse Single Nucleotide Polymorphism and Expression Database,BIO_RESOURCE,Horse Single Nucleotide Polymorphism and Expression Database,13,73,Horse Single Nucleotide Polymorphism and Expression Database,Horse Single Nucleotide Polymorphism and Expression Database
25178365,Horse Single Nucleotide Polymorphism and Expression Database,BIO_RESOURCE,Horse Single Nucleotide Polymorphism and Expression Database,411,471,Horse Single Nucleotide Polymorphism and Expression Database,Horse Single Nucleotide Polymorphism and Expression Database
24243840,Reactome,BIO_RESOURCE,Reactome,4,12,Reactome,
24243840,Reactome,BIO_RESOURCE,Reactome,36,44,Reactome,
24243840,Reactome,BIO_RESOURCE,Reactome,362,370,Reactome,
33211880,BRENDA,BIO_RESOURCE,BRENDA,0,6,BRENDA,BRaunschweig ENzyme DAtabase
33211880,BRENDA,BIO_RESOURCE,BRENDA,81,87,BRENDA,BRaunschweig ENzyme DAtabase
33211880,BRENDA,BIO_RESOURCE,BRENDA,247,253,BRENDA,BRaunschweig ENzyme DAtabase
33211880,BRENDA,BIO_RESOURCE,BRENDA,300,306,BRENDA,BRaunschweig ENzyme DAtabase
33211880,BRENDA,BIO_RESOURCE,BRENDA,839,845,BRENDA,BRaunschweig ENzyme DAtabase
33211880,BRENDA,BIO_RESOURCE,BRENDA,1039,1045,BRENDA,BRaunschweig ENzyme DAtabase
33211880,BRENDA,BIO_RESOURCE,BRENDA,1419,1425,BRENDA,BRaunschweig ENzyme DAtabase
28557712,Integrated Chemical Environment,BIO_RESOURCE,ICE,3,34,ICE,Integrated Chemical Environment
28557712,Integrated Chemical Environment,BIO_RESOURCE,ICE,666,697,ICE,Integrated Chemical Environment
28557712,ICE,BIO_RESOURCE,ICE,699,702,ICE,Integrated Chemical Environment
28557712,ICE,BIO_RESOURCE,ICE,722,725,ICE,Integrated Chemical Environment
28557712,ICE,BIO_RESOURCE,ICE,950,953,ICE,Integrated Chemical Environment
28557712,ICE,BIO_RESOURCE,ICE,1344,1347,ICE,Integrated Chemical Environment
26578597,HGTree,BIO_RESOURCE,HGTree,0,6,HGTree,
26578597,database of horizontally transferred genes determined by tree reconciliation,BIO_RESOURCE,HGTree,8,84,HGTree,
26578597,HGTree,BIO_RESOURCE,HGTree,90,96,HGTree,
26578597,HGTree,BIO_RESOURCE,HGTree,696,702,HGTree,
33179747,jMorp,BIO_RESOURCE,jMorp,0,5,jMorp,Japanese Multi Omics Reference Panel
33179747,Japanese Multi Omics Reference Panel,BIO_RESOURCE,jMorp,266,302,jMorp,Japanese Multi Omics Reference Panel
33179747,jMorp,BIO_RESOURCE,jMorp,304,309,jMorp,Japanese Multi Omics Reference Panel
33179747,jMorp,BIO_RESOURCE,jMorp,470,475,jMorp,Japanese Multi Omics Reference Panel
33179747,jMorp,BIO_RESOURCE,jMorp,688,693,jMorp,Japanese Multi Omics Reference Panel
33179747,jMorp,BIO_RESOURCE,jMorp,1164,1169,jMorp,Japanese Multi Omics Reference Panel
21668943,a web knowledgebase for the storage,BIO_RESOURCE,MeRy-B,8,43,MeRy-B,
27530928,NLDB,BIO_RESOURCE,NLDB,0,4,NLDB,Natural Ligand DataBase
27530928,NLDB,BIO_RESOURCE,NLDB,76,80,NLDB,Natural Ligand DataBase
27530928,Natural Ligand DataBase,BIO_RESOURCE,NLDB,82,105,NLDB,Natural Ligand DataBase
27530928,KEGG,BIO_RESOURCE,KEGG,283,287,NLDB,Natural Ligand DataBase
27530928,NLDB,BIO_RESOURCE,NLDB,633,637,NLDB,Natural Ligand DataBase
27530928,PDB,BIO_RESOURCE,PDB,777,780,NLDB,Natural Ligand DataBase
27530928,NLDB,BIO_RESOURCE,NLDB,966,970,NLDB,Natural Ligand DataBase
27530928,KEGG,BIO_RESOURCE,KEGG,1180,1184,NLDB,Natural Ligand DataBase
27530928,NLDB,BIO_RESOURCE,NLDB,1199,1203,NLDB,Natural Ligand DataBase
33002112,EnzyMine,BIO_RESOURCE,EnzyMine,0,8,EnzyMine,
33002112,EnzyMine,BIO_RESOURCE,EnzyMine,606,614,EnzyMine,
33002112,EnzyMine,BIO_RESOURCE,EnzyMine,743,751,EnzyMine,
30622655,REXdb,BIO_RESOURCE,REXdb,1863,1868,REXdb,
30622655,REXdb,BIO_RESOURCE,REXdb,2014,2019,REXdb,
30622655,REXdb,BIO_RESOURCE,REXdb,2160,2165,REXdb,
21994220,FlyExpress,BIO_RESOURCE,FlyExpress,0,10,FlyExpress,
21994220,FlyExpress,BIO_RESOURCE,FlyExpress,682,692,FlyExpress,
21994220,FlyExpress,BIO_RESOURCE,FlyExpress,973,983,FlyExpress,
21994220,FlyExpress,BIO_RESOURCE,FlyExpress,1308,1318,FlyExpress,
22140105,ScerTF,BIO_RESOURCE,ScerTF,0,6,ScerTF,
22140105,ScerTF,BIO_RESOURCE,ScerTF,480,486,ScerTF,
37167092,NAFLDkb,BIO_RESOURCE,NAFLDkb,0,7,NAFLDkb,
36200824,TFSyntax,BIO_RESOURCE,TFSyntax,0,8,TFSyntax,
36200824,a database of transcription factors binding syntax in mammalian genomes,BIO_RESOURCE,TFSyntax,10,81,TFSyntax,
29106644,iUUCD,BIO_RESOURCE,iUUCD,0,5,iUUCD,
29106644,iUUCD,BIO_RESOURCE,iUUCD,130,135,iUUCD,
29106644,iUUCD,BIO_RESOURCE,iUUCD,500,505,iUUCD,
29106644,UUCD,BIO_RESOURCE,UUCD,1189,1193,iUUCD,
29106644,iUUCD,BIO_RESOURCE,iUUCD,1210,1215,iUUCD,
29106644,iUUCD,BIO_RESOURCE,iUUCD,1311,1316,iUUCD,
22359444,EctomycorrhizalDB,BIO_RESOURCE,EctomycorrhizalDB,267,284,EctomycorrhizalDB,
27402679,FANTOM5,BIO_RESOURCE,FANTOM5,0,7,SSTAR,Functional Annotation of the Mammalian Genome project
27402679,Functional Annotation of the Mammalian Genome project,BIO_RESOURCE,SSTAR,82,135,SSTAR,Functional Annotation of the Mammalian Genome project
27402679,FANTOM5,BIO_RESOURCE,FANTOM5,137,144,SSTAR,Functional Annotation of the Mammalian Genome project
27402679,FANTOM5,BIO_RESOURCE,FANTOM5,262,269,SSTAR,Functional Annotation of the Mammalian Genome project
27402679,SSTAR,BIO_RESOURCE,SSTAR,956,961,SSTAR,Functional Annotation of the Mammalian Genome project
27402679,SSTAR,BIO_RESOURCE,SSTAR,964,969,SSTAR,Functional Annotation of the Mammalian Genome project
27402679,FANTOM5,BIO_RESOURCE,FANTOM5,1182,1189,SSTAR,Functional Annotation of the Mammalian Genome project
27402679,SSTAR,BIO_RESOURCE,SSTAR,1307,1312,SSTAR,Functional Annotation of the Mammalian Genome project
27402679,a large-scale,BIO_RESOURCE,SureChEMBL,1372,1385,SSTAR,Functional Annotation of the Mammalian Genome project
25630312,A lexical database for Spanish Sign Language,BIO_RESOURCE,LSE-Sign,10,54,LSE-Sign,
30703169,HuVarBase,BIO_RESOURCE,HuVarBase,0,9,HuVarBase,
30703169,HuVarBase,BIO_RESOURCE,HuVarBase,400,409,HuVarBase,
30703169,HuVarBase,BIO_RESOURCE,HuVarBase,1054,1063,HuVarBase,
30669929,AutophagySMDB,BIO_RESOURCE,AutophagySMDB,0,13,AutophagySMDB,Autophagy Small Molecule Database
30669929,Autophagy Small Molecule Database,BIO_RESOURCE,AutophagySMDB,592,625,AutophagySMDB,Autophagy Small Molecule Database
30669929,AutophagySMDB,BIO_RESOURCE,AutophagySMDB,627,640,AutophagySMDB,Autophagy Small Molecule Database
30669929,AutophagySMDB,BIO_RESOURCE,AutophagySMDB,763,776,AutophagySMDB,Autophagy Small Molecule Database
30669929,AutophagySMDB,BIO_RESOURCE,AutophagySMDB,1231,1244,AutophagySMDB,Autophagy Small Molecule Database
30669929,AutophagySMDB,BIO_RESOURCE,AutophagySMDB,2059,2072,AutophagySMDB,Autophagy Small Molecule Database
30364951,DoriC,BIO_RESOURCE,DoriC,0,5,DoriC,
30364951,DoriC,BIO_RESOURCE,DoriC,114,119,DoriC,
30364951,DoriC,BIO_RESOURCE,DoriC,271,276,DoriC,
30364951,DoriC,BIO_RESOURCE,DoriC,447,452,DoriC,
30364951,a large-scale,BIO_RESOURCE,SureChEMBL,457,470,DoriC,
30364951,DoriC,BIO_RESOURCE,DoriC,753,758,DoriC,
30364951,DoriC,BIO_RESOURCE,DoriC,1221,1226,DoriC,
22491796,MSV3d,BIO_RESOURCE,MSV3d,0,5,MSV3d,Database of human MisSense Variants
22491796,MSV3d,BIO_RESOURCE,MSV3d,242,247,MSV3d,Database of human MisSense Variants
22491796,Database of human MisSense Variants,BIO_RESOURCE,MSV3d,249,284,MSV3d,Database of human MisSense Variants
22491796,dbSNP,BIO_RESOURCE,dbSNP,808,813,MSV3d,Database of human MisSense Variants
26800248,Salmonella In Silico Typing Resource,BIO_RESOURCE,SISTR,4,40,SISTR,Salmonella In Silico Typing Resource
26800248,SISTR,BIO_RESOURCE,SISTR,42,47,SISTR,Salmonella In Silico Typing Resource
26800248,Salmonella In Silico Typing Resource,BIO_RESOURCE,SISTR,684,720,SISTR,Salmonella In Silico Typing Resource
26800248,SISTR,BIO_RESOURCE,SISTR,722,727,SISTR,Salmonella In Silico Typing Resource
26800248,SISTR,BIO_RESOURCE,SISTR,1427,1432,SISTR,Salmonella In Silico Typing Resource
26800248,SISTR,BIO_RESOURCE,SISTR,2295,2300,SISTR,Salmonella In Silico Typing Resource
24270047,ProfileDB,BIO_RESOURCE,ProfileDB,0,9,ProfileDB,
24270047,a resource for proteomics and cross-omics biomarker discovery,BIO_RESOURCE,ProfileDB,11,72,ProfileDB,
24270047,ProfileDB,BIO_RESOURCE,ProfileDB,459,468,ProfileDB,
24270047,ProfileDB,BIO_RESOURCE,ProfileDB,704,713,ProfileDB,
24270047,ProfileDB,BIO_RESOURCE,ProfileDB,1051,1060,ProfileDB,
24270047,ProfileDB,BIO_RESOURCE,ProfileDB,1077,1086,ProfileDB,
31617559,PolyASite,BIO_RESOURCE,PolyASite,0,9,PolyASite,
31617559,PolyASite,BIO_RESOURCE,PolyASite,563,572,PolyASite,
27899580,OrthoDB,BIO_RESOURCE,OrthoDB,0,7,OrthoDB,
27899580,OrthoDB,BIO_RESOURCE,OrthoDB,133,140,OrthoDB,
27899580,OrthoDB,BIO_RESOURCE,OrthoDB,274,281,OrthoDB,
27899580,OrthoDB,BIO_RESOURCE,OrthoDB,799,806,OrthoDB,
27899580,OrthoDB,BIO_RESOURCE,OrthoDB,914,921,OrthoDB,
27899580,OrthoDB,BIO_RESOURCE,OrthoDB,1090,1097,OrthoDB,
25404129,PoSSuM,BIO_RESOURCE,PoSSuM,0,6,PoSSuM,PoSSuM drug search
25404129,PoSSuM,BIO_RESOURCE,PoSSuM,123,129,PoSSuM,PoSSuM drug search
25404129,PoSSuM,BIO_RESOURCE,PoSSuM,275,281,PoSSuM,PoSSuM drug search
25404129,PoSSuM drug search,BIO_RESOURCE,PoSSuM,660,678,PoSSuM,PoSSuM drug search
25404129,ChEMBL,BIO_RESOURCE,ChEMBL,800,806,PoSSuM,PoSSuM drug search
23161675,ChIPBase,BIO_RESOURCE,ChIPBase,0,8,ChIPBase,
23161675,ChIPBase,BIO_RESOURCE,ChIPBase,658,666,ChIPBase,
23161675,regulatory relationships,BIO_RESOURCE,TRRUST,862,886,ChIPBase,
23161675,ChIPBase,BIO_RESOURCE,ChIPBase,952,960,ChIPBase,
23161675,regulatory relationships,BIO_RESOURCE,TRRUST,1194,1218,ChIPBase,
23161675,regulatory relationships,BIO_RESOURCE,TRRUST,1311,1335,ChIPBase,
26746174,Pleurochrysome,BIO_RESOURCE,Pleurochrysome,0,14,Pleurochrysome,
26746174,Pleurochrysome,BIO_RESOURCE,Pleurochrysome,708,722,Pleurochrysome,
26746174,KEGG,BIO_RESOURCE,KEGG,1041,1045,Pleurochrysome,
26746174,Pleurochrysome,BIO_RESOURCE,Pleurochrysome,1518,1532,Pleurochrysome,
35617175,ADmeth,BIO_RESOURCE,ADmeth,0,6,ADmeth,
31740968,SEVA,BIO_RESOURCE,SEVA,0,4,SEVA-DB,Standard European Vector Architecture
31740968,Standard European Vector Architecture,BIO_RESOURCE,SEVA-DB,27,64,SEVA-DB,Standard European Vector Architecture
31740968,Standard European Vector Architecture,BIO_RESOURCE,SEVA-DB,147,184,SEVA-DB,Standard European Vector Architecture
31740968,SEVA,BIO_RESOURCE,SEVA,199,203,SEVA-DB,Standard European Vector Architecture
31740968,SEVA,BIO_RESOURCE,SEVA,502,506,SEVA-DB,Standard European Vector Architecture
31740968,prokaryotes,BIO_RESOURCE,dbPSP,636,647,SEVA-DB,Standard European Vector Architecture
31740968,SEVA,BIO_RESOURCE,SEVA,1062,1066,SEVA-DB,Standard European Vector Architecture
31740968,SEVA,BIO_RESOURCE,SEVA,1304,1308,SEVA-DB,Standard European Vector Architecture
25435546,PASS,BIO_RESOURCE,PASS,1404,1408,Plant-PrAS,Plant Protein Annotation Suite database
25435546,Plant Protein Annotation Suite database,BIO_RESOURCE,Plant-PrAS,1640,1679,Plant-PrAS,Plant Protein Annotation Suite database
30407568,ICEberg,BIO_RESOURCE,ICEberg,0,7,ICEberg,
30407568,ICEberg,BIO_RESOURCE,ICEberg,84,91,ICEberg,
30407568,ICEberg,BIO_RESOURCE,ICEberg,958,965,ICEberg,
30407568,ICEberg,BIO_RESOURCE,ICEberg,1241,1248,ICEberg,
27153630,TOPDOM,BIO_RESOURCE,TOPDOM,0,6,TOPDOM,
27153630,database of conservatively located domains and motifs in proteins,BIO_RESOURCE,TOPDOM,8,73,TOPDOM,
27153630,TOPDOM,BIO_RESOURCE,TOPDOM,98,104,TOPDOM,
27153630,TOPDOM,BIO_RESOURCE,TOPDOM,848,854,TOPDOM,
25627341,SynBioLGDB,BIO_RESOURCE,SynBioLGDB,0,10,SynBioLGDB,
25627341,a resource for experimentally validated logic gates in synthetic biology,BIO_RESOURCE,SynBioLGDB,12,84,SynBioLGDB,
25627341,SynBioLGDB,BIO_RESOURCE,SynBioLGDB,527,537,SynBioLGDB,
25627341,SynBioLGDB,BIO_RESOURCE,SynBioLGDB,739,749,SynBioLGDB,
25627341,SynBioLGDB,BIO_RESOURCE,SynBioLGDB,932,942,SynBioLGDB,
25627341,SynBioLGDB,BIO_RESOURCE,SynBioLGDB,1079,1089,SynBioLGDB,
36640825,OOCDB,BIO_RESOURCE,OOCDB,0,5,OOCDB,organs-on-a-chip database
30371825,PubChem,BIO_RESOURCE,PubChem,0,7,PubChem,
30371825,PubChem,BIO_RESOURCE,PubChem,55,62,PubChem,
30371825,PubChem,BIO_RESOURCE,PubChem,389,396,PubChem,
30371825,PubChem,BIO_RESOURCE,PubChem,434,441,PubChem,
30371825,PubChem,BIO_RESOURCE,PubChem,519,526,PubChem,
30371825,PubChem,BIO_RESOURCE,PubChem,559,566,PubChem,
30371825,PubChem,BIO_RESOURCE,PubChem,691,698,PubChem,
32330167,geoBoundaries,BIO_RESOURCE,geoBoundaries,0,13,geoBoundaries,geoBoundaries Global Administrative Database
32330167,geoBoundaries Global Administrative Database,BIO_RESOURCE,geoBoundaries,88,132,geoBoundaries,geoBoundaries Global Administrative Database
32330167,geoBoundaries,BIO_RESOURCE,geoBoundaries,134,147,geoBoundaries,geoBoundaries Global Administrative Database
32330167,geoBoundaries,BIO_RESOURCE,geoBoundaries,303,316,geoBoundaries,geoBoundaries Global Administrative Database
32330167,geoBoundaries,BIO_RESOURCE,geoBoundaries,612,625,geoBoundaries,geoBoundaries Global Administrative Database
21269480,CPASS,BIO_RESOURCE,CPASS,84,89,CPASS,ite Structures
21269480,RefSeq,BIO_RESOURCE,RefSeq,175,181,CPASS,ite Structures
21269480,CPASS,BIO_RESOURCE,CPASS,422,427,CPASS,ite Structures
21269480,CPASS,BIO_RESOURCE,CPASS,652,657,CPASS,ite Structures
21269480,CPASS,BIO_RESOURCE,CPASS,911,916,CPASS,ite Structures
21269480,CPASS,BIO_RESOURCE,CPASS,986,991,CPASS,ite Structures
21269480,CPASS,BIO_RESOURCE,CPASS,1178,1183,CPASS,ite Structures
21269480,CPASS,BIO_RESOURCE,CPASS,1256,1261,CPASS,ite Structures
21269480,CPASS,BIO_RESOURCE,CPASS,1269,1274,CPASS,ite Structures
21269480,CPASS,BIO_RESOURCE,CPASS,1562,1567,CPASS,ite Structures
21269480,CPASS,BIO_RESOURCE,CPASS,1631,1636,CPASS,ite Structures
21269480,CPASS,BIO_RESOURCE,CPASS,1688,1693,CPASS,ite Structures
21269480,CPASS,BIO_RESOURCE,CPASS,1843,1848,CPASS,ite Structures
21269480,CPASS,BIO_RESOURCE,CPASS,2014,2019,CPASS,ite Structures
21269480,CPASS,BIO_RESOURCE,CPASS,2065,2070,CPASS,ite Structures
21269480,CPASS,BIO_RESOURCE,CPASS,2261,2266,CPASS,ite Structures
32026396,Biological Structure Model Archive,BIO_RESOURCE,BSM-Arc,4,38,BSM-Arc,Biological Structure Model Archive
32026396,Biological Structure Model Archive,BIO_RESOURCE,BSM-Arc,114,148,BSM-Arc,Biological Structure Model Archive
33677507,HIR,BIO_RESOURCE,HIR,0,3,HIR,
33677507,HIR,BIO_RESOURCE,HIR,478,481,HIR,
33677507,HIR,BIO_RESOURCE,HIR,631,634,HIR,
33677507,HIR,BIO_RESOURCE,HIR,703,706,HIR,
33677507,HIR,BIO_RESOURCE,HIR,753,756,HIR,
33677507,HIR,BIO_RESOURCE,HIR,1107,1110,HIR,
33677507,HIR,BIO_RESOURCE,HIR,1398,1401,HIR,
33677507,PANTHER,BIO_RESOURCE,PANTHER,1532,1539,HIR,
33677507,DAVID,BIO_RESOURCE,DAVID,1544,1549,HIR,
33677507,HIR,BIO_RESOURCE,HIR,1555,1558,HIR,
23197656,TIGRFAMs,BIO_RESOURCE,TIGRFAMs,0,8,TIGRFAMs,
23197656,TIGRFAMs,BIO_RESOURCE,TIGRFAMs,40,48,TIGRFAMs,
23197656,automated annotation,BIO_RESOURCE,Verdant,296,316,TIGRFAMs,
23197656,TIGRFAMs,BIO_RESOURCE,TIGRFAMs,418,426,TIGRFAMs,
23197656,TIGRFAMs,BIO_RESOURCE,TIGRFAMs,851,859,TIGRFAMs,
23197656,TIGRFAMs,BIO_RESOURCE,TIGRFAMs,1008,1016,TIGRFAMs,
23197656,TIGRFAMs,BIO_RESOURCE,TIGRFAMs,1340,1348,TIGRFAMs,
34349127,MiREDiBase,BIO_RESOURCE,MiREDiBase,0,10,MiREDiBase,
34349127,MiREDiBase,BIO_RESOURCE,MiREDiBase,802,812,MiREDiBase,
34349127,MiREDiBase,BIO_RESOURCE,MiREDiBase,1178,1188,MiREDiBase,
26476454,KEGG,BIO_RESOURCE,KEGG,0,4,KEGG,Kyoto Encyclopedia of Genes and Genomes
26476454,KEGG,BIO_RESOURCE,KEGG,62,66,KEGG,Kyoto Encyclopedia of Genes and Genomes
26476454,KEGG,BIO_RESOURCE,KEGG,332,336,KEGG,Kyoto Encyclopedia of Genes and Genomes
26476454,KEGG,BIO_RESOURCE,KEGG,366,370,KEGG,Kyoto Encyclopedia of Genes and Genomes
26476454,KEGG,BIO_RESOURCE,KEGG,407,411,KEGG,Kyoto Encyclopedia of Genes and Genomes
26476454,KEGG,BIO_RESOURCE,KEGG,596,600,KEGG,Kyoto Encyclopedia of Genes and Genomes
26476454,KEGG,BIO_RESOURCE,KEGG,710,714,KEGG,Kyoto Encyclopedia of Genes and Genomes
29218589,StimulStat,BIO_RESOURCE,StimulStat,0,10,StimulStat,
29218589,A lexical database for Russian,BIO_RESOURCE,StimulStat,12,42,StimulStat,
29218589,StimulStat,BIO_RESOURCE,StimulStat,72,82,StimulStat,
37290059,PLBD,BIO_RESOURCE,PLBD,0,4,PLBD,igand binding database
23172288,UUCD,BIO_RESOURCE,UUCD,0,4,UUCD,
23172288,a family-based database of ubiquitin and ubiquitin-like conjugation,BIO_RESOURCE,UUCD,6,73,UUCD,
23172288,UUCD,BIO_RESOURCE,UUCD,129,133,UUCD,
23172288,UUCD,BIO_RESOURCE,UUCD,1051,1055,UUCD,
23172288,UUCD,BIO_RESOURCE,UUCD,1241,1245,UUCD,
25510499,VectorBase,BIO_RESOURCE,VectorBase,0,10,VectorBase,
25510499,VectorBase,BIO_RESOURCE,VectorBase,121,131,VectorBase,
25510499,VectorBase,BIO_RESOURCE,VectorBase,305,315,VectorBase,
25510499,VectorBase,BIO_RESOURCE,VectorBase,859,869,VectorBase,
27679478,Influenza Research Database,BIO_RESOURCE,IRD,0,27,IRD,Influenza Research Database
27679478,Influenza Research Database,BIO_RESOURCE,IRD,101,128,IRD,Influenza Research Database
27679478,IRD,BIO_RESOURCE,IRD,130,133,IRD,Influenza Research Database
27679478,IRD,BIO_RESOURCE,IRD,324,327,IRD,Influenza Research Database
27679478,IRD,BIO_RESOURCE,IRD,765,768,IRD,Influenza Research Database
27679478,IRD,BIO_RESOURCE,IRD,1314,1317,IRD,Influenza Research Database
29140531,sORFs.org,BIO_RESOURCE,sORFs.org,13,22,sORFs.org,
29140531,a repository of small ORFs identified by ribosome profiling,BIO_RESOURCE,sORFs.org,24,83,sORFs.org,
29140531,sORFs.org,BIO_RESOURCE,sORFs.org,85,94,sORFs.org,
29140531,sORFs.org,BIO_RESOURCE,sORFs.org,311,320,sORFs.org,
29140531,sORFs.org,BIO_RESOURCE,sORFs.org,1183,1192,sORFs.org,
29140531,PRIDE,BIO_RESOURCE,PRIDE,1201,1206,sORFs.org,
29140531,PRIDE,BIO_RESOURCE,PRIDE,1293,1298,sORFs.org,
29140531,sORFs.org,BIO_RESOURCE,sORFs.org,1392,1401,sORFs.org,
23724943,Sex and Gender Women's Health Collaborative,BIO_RESOURCE,SGWHC,288,331,SGWHC,Sex and Gender Women's Health Collaborative
23724943,SGWHC,BIO_RESOURCE,SGWHC,333,338,SGWHC,Sex and Gender Women's Health Collaborative
23724943,SGWHC,BIO_RESOURCE,SGWHC,646,651,SGWHC,Sex and Gender Women's Health Collaborative
26516188,IID,BIO_RESOURCE,IID,101,104,IID,Integrated Interactions Database
26516188,Integrated Interactions Database,BIO_RESOURCE,IID,106,138,IID,Integrated Interactions Database
26516188,IID,BIO_RESOURCE,IID,255,258,IID,Integrated Interactions Database
26516188,IID,BIO_RESOURCE,IID,455,458,IID,Integrated Interactions Database
26516188,IID,BIO_RESOURCE,IID,568,571,IID,Integrated Interactions Database
26516188,IID,BIO_RESOURCE,IID,657,660,IID,Integrated Interactions Database
26516188,IID,BIO_RESOURCE,IID,851,854,IID,Integrated Interactions Database
26516188,IID,BIO_RESOURCE,IID,1111,1114,IID,Integrated Interactions Database
26516188,interaction database,BIO_RESOURCE,CCIDB,1149,1169,IID,Integrated Interactions Database
26516188,IID,BIO_RESOURCE,IID,1345,1348,IID,Integrated Interactions Database
36189903,EmAtlas,BIO_RESOURCE,EmAtlas,0,7,EmAtlas,
36189903,a comprehensive atlas for exploring spatiotemporal activation in mammalian embryogenesis,BIO_RESOURCE,EmAtlas,9,97,EmAtlas,
36408909,tModBase,BIO_RESOURCE,tModBase,0,8,tModBase,
24243844,FireDB,BIO_RESOURCE,FireDB,0,6,FireDB,
24243844,a compendium of biological and pharmacologically relevant ligands,BIO_RESOURCE,FireDB,8,73,FireDB,
24243844,FireDB,BIO_RESOURCE,FireDB,75,81,FireDB,
24243844,FireDB,BIO_RESOURCE,FireDB,336,342,FireDB,
24243844,FireDB,BIO_RESOURCE,FireDB,632,638,FireDB,
24243844,FireDB,BIO_RESOURCE,FireDB,769,775,FireDB,
24243844,FireDB,BIO_RESOURCE,FireDB,848,854,FireDB,
24243844,PDB,BIO_RESOURCE,PDB,974,977,FireDB,
24243844,FireDB,BIO_RESOURCE,FireDB,1034,1040,FireDB,
24243844,FireDB,BIO_RESOURCE,FireDB,1286,1292,FireDB,
30371818,piRBase,BIO_RESOURCE,piRBase,0,7,piRBase,
30371818,piRBase,BIO_RESOURCE,piRBase,352,359,piRBase,
30371818,piRBase,BIO_RESOURCE,piRBase,432,439,piRBase,
30371818,piRBase,BIO_RESOURCE,piRBase,559,566,piRBase,
30371818,piRBase,BIO_RESOURCE,piRBase,714,721,piRBase,
30371818,piRBase,BIO_RESOURCE,piRBase,836,843,piRBase,
35560008,DSDatlas,BIO_RESOURCE,DSDatlas,0,8,DSDatlas,disorders of
35560008,disorders of,BIO_RESOURCE,DSDatlas,10,22,DSDatlas,disorders of
33179754,TISCH,BIO_RESOURCE,TISCH,0,5,TISCH,Tumor Immune Single Cell Hub
33179754,Tumor Immune Single Cell Hub,BIO_RESOURCE,TISCH,657,685,TISCH,Tumor Immune Single Cell Hub
33179754,TISCH,BIO_RESOURCE,TISCH,687,692,TISCH,Tumor Immune Single Cell Hub
33179754,a large-scale,BIO_RESOURCE,SureChEMBL,727,740,TISCH,Tumor Immune Single Cell Hub
33179754,TISCH,BIO_RESOURCE,TISCH,1147,1152,TISCH,Tumor Immune Single Cell Hub
33179754,TISCH,BIO_RESOURCE,TISCH,1435,1440,TISCH,Tumor Immune Single Cell Hub
25388151,EVpedia,BIO_RESOURCE,EVpedia,0,7,EVpedia,
25388151,a community web portal for extracellular vesicles research,BIO_RESOURCE,EVpedia,9,67,EVpedia,
25388151,EVpedia,BIO_RESOURCE,EVpedia,408,415,EVpedia,
25388151,EVpedia,BIO_RESOURCE,EVpedia,642,649,EVpedia,
25388151,EVpedia,BIO_RESOURCE,EVpedia,915,922,EVpedia,
31410488,eQTL,BIO_RESOURCE,eQTL,6,10,ncRNA-eQTL,
31410488,eQTL,BIO_RESOURCE,eQTL,489,493,ncRNA-eQTL,
31410488,The Cancer Genome Atlas,BIO_RESOURCE,TCGA,765,788,ncRNA-eQTL,
31410488,TCGA,BIO_RESOURCE,TCGA,790,794,ncRNA-eQTL,
31410488,eQTL,BIO_RESOURCE,eQTL,967,971,ncRNA-eQTL,
31410488,eQTL,BIO_RESOURCE,eQTL,991,995,ncRNA-eQTL,
31410488,eQTL,BIO_RESOURCE,eQTL,1006,1010,ncRNA-eQTL,
31410488,eQTL,BIO_RESOURCE,eQTL,1333,1337,ncRNA-eQTL,
22800569,PDB,BIO_RESOURCE,PDB,399,402,PCBOST,Protein Classification Based on Structural Trees
22800569,Structural Classification of Proteins,BIO_RESOURCE,SCOP,408,445,PCBOST,Protein Classification Based on Structural Trees
22800569,SCOP,BIO_RESOURCE,SCOP,447,451,PCBOST,Protein Classification Based on Structural Trees
22800569,PCBOST,BIO_RESOURCE,PCBOST,608,614,PCBOST,Protein Classification Based on Structural Trees
22800569,Protein Classification Based on Structural Trees,BIO_RESOURCE,PCBOST,696,744,PCBOST,Protein Classification Based on Structural Trees
22800569,PDB,BIO_RESOURCE,PDB,845,848,PCBOST,Protein Classification Based on Structural Trees
22123736,UniProt,BIO_RESOURCE,UniProt,4,11,GOA,Gene Ontology Annotation
22123736,UniProt,BIO_RESOURCE,UniProt,86,93,GOA,Gene Ontology Annotation
22123736,GOA,BIO_RESOURCE,GOA,106,109,GOA,Gene Ontology Annotation
22123736,UniProtKB,BIO_RESOURCE,UniProtKB,242,251,GOA,Gene Ontology Annotation
22123736,UniProt,BIO_RESOURCE,UniProt,737,744,GOA,Gene Ontology Annotation
22123736,UniProt,BIO_RESOURCE,UniProt,950,957,GOA,Gene Ontology Annotation
22123736,UniProt,BIO_RESOURCE,UniProt,1112,1119,GOA,Gene Ontology Annotation
22123736,UniProt,BIO_RESOURCE,UniProt,1349,1356,GOA,Gene Ontology Annotation
22123736,GOA,BIO_RESOURCE,GOA,1357,1360,GOA,Gene Ontology Annotation
34559210,QSDB,BIO_RESOURCE,QSDB,0,4,QSDB,Quorum Sensing Database
34559210,Quorum Sensing Database,BIO_RESOURCE,QSDB,17,40,QSDB,Quorum Sensing Database
34559210,Quorum Sensing Database,BIO_RESOURCE,QSDB,409,432,QSDB,Quorum Sensing Database
34559210,QSDB,BIO_RESOURCE,QSDB,434,438,QSDB,Quorum Sensing Database
34559210,QSDB,BIO_RESOURCE,QSDB,801,805,QSDB,Quorum Sensing Database
21408081,TargetMine,BIO_RESOURCE,TargetMine,0,10,TargetMine,
21408081,TargetMine,BIO_RESOURCE,TargetMine,377,387,TargetMine,
21408081,TargetMine,BIO_RESOURCE,TargetMine,443,453,TargetMine,
21408081,TargetMine,BIO_RESOURCE,TargetMine,802,812,TargetMine,
21408081,TargetMine,BIO_RESOURCE,TargetMine,1018,1028,TargetMine,
26433226,BacWGSTdb,BIO_RESOURCE,BacWGSTdb,0,9,BacWGSTdb,
26433226,BacWGSTdb,BIO_RESOURCE,BacWGSTdb,205,214,BacWGSTdb,
26433226,BacWGSTdb,BIO_RESOURCE,BacWGSTdb,626,635,BacWGSTdb,
26433226,BacWGSTdb,BIO_RESOURCE,BacWGSTdb,994,1003,BacWGSTdb,
21782820,Dana-Farber Repository for,BIO_RESOURCE,DFRMLI,688,714,DFRMLI,Dana-Farber Repository for
21782820,DFRMLI,BIO_RESOURCE,DFRMLI,747,753,DFRMLI,Dana-Farber Repository for
21782820,DFRMLI,BIO_RESOURCE,DFRMLI,1014,1020,DFRMLI,Dana-Farber Repository for
33969254,TOMATOMET,BIO_RESOURCE,TOMATOMET,0,9,TOMATOMET,
33969254,TOMATOMET,BIO_RESOURCE,TOMATOMET,1032,1041,TOMATOMET,
33326073,AnnoLnc,BIO_RESOURCE,AnnoLnc,0,7,AnnoLnc,
33326073,AnnoLnc,BIO_RESOURCE,AnnoLnc,269,276,AnnoLnc,
33326073,AnnoLnc,BIO_RESOURCE,AnnoLnc,477,484,AnnoLnc,
33326073,AnnoLnc,BIO_RESOURCE,AnnoLnc,836,843,AnnoLnc,
35037224,Reactome,BIO_RESOURCE,Reactome,6,14,Plant Reactome,
35037224,PubChem,BIO_RESOURCE,PubChem,19,26,Plant Reactome,
24316578,RefSeq,BIO_RESOURCE,RefSeq,0,6,RefSeq,Prokaryotic Genome Annotation Pipeline
24316578,RefSeq,BIO_RESOURCE,RefSeq,132,138,RefSeq,Prokaryotic Genome Annotation Pipeline
23843252,dbNSFP,BIO_RESOURCE,dbNSFP,0,6,dbNSFP,
23843252,a database of human,BIO_RESOURCE,ChiTaRS,13,32,dbNSFP,
23843252,dbNSFP,BIO_RESOURCE,dbNSFP,103,109,dbNSFP,
23843252,GENCODE,BIO_RESOURCE,GENCODE,574,581,dbNSFP,
23843252,dbNSFP,BIO_RESOURCE,dbNSFP,708,714,dbNSFP,
23843252,dbNSFP,BIO_RESOURCE,dbNSFP,737,743,dbNSFP,
23843252,dbNSFP,BIO_RESOURCE,dbNSFP,1339,1345,dbNSFP,
35284049,SDC,BIO_RESOURCE,SDC,0,3,SDC,Sex Differences in Cancer
34723317,3DSNP,BIO_RESOURCE,3DSNP,0,5,3DSNP,
30371817,SEdb,BIO_RESOURCE,SEdb,0,4,SEdb,comprehensive human super-enhancer database
30371817,comprehensive human super-enhancer database,BIO_RESOURCE,SEdb,8,51,SEdb,comprehensive human super-enhancer database
30371817,comprehensive human super-enhancer database,BIO_RESOURCE,SEdb,578,621,SEdb,comprehensive human super-enhancer database
30371817,SEdb,BIO_RESOURCE,SEdb,623,627,SEdb,comprehensive human super-enhancer database
30371817,SEdb,BIO_RESOURCE,SEdb,865,869,SEdb,comprehensive human super-enhancer database
30371817,GEO,BIO_RESOURCE,GEO,1091,1094,SEdb,comprehensive human super-enhancer database
30371817,SRA,BIO_RESOURCE,SRA,1095,1098,SEdb,comprehensive human super-enhancer database
30371817,SEdb,BIO_RESOURCE,SEdb,1113,1117,SEdb,comprehensive human super-enhancer database
30371817,eQTL,BIO_RESOURCE,eQTL,1288,1292,SEdb,comprehensive human super-enhancer database
30371817,SEdb,BIO_RESOURCE,SEdb,1459,1463,SEdb,comprehensive human super-enhancer database
34127402,An open,BIO_RESOURCE,PediCXR,11,18,Immu-Mela,
23529715,Database of Instruments for Resource Use Measurement,BIO_RESOURCE,Database of Instruments for Resource Use Measurement,472,524,Database of Instruments for Resource Use Measurement,Database of Instruments for Resource Use Measurement
28779078,Aspergillus Secondary Metabolites Database,BIO_RESOURCE,A2MDB,211,253,A2MDB,Aspergillus Secondary Metabolites Database
28779078,A2MDB,BIO_RESOURCE,A2MDB,255,260,A2MDB,Aspergillus Secondary Metabolites Database
28779078,A2MDB,BIO_RESOURCE,A2MDB,344,349,A2MDB,Aspergillus Secondary Metabolites Database
28779078,A2MDB,BIO_RESOURCE,A2MDB,443,448,A2MDB,Aspergillus Secondary Metabolites Database
28779078,A2MDB,BIO_RESOURCE,A2MDB,693,698,A2MDB,Aspergillus Secondary Metabolites Database
28779078,A2MDB,BIO_RESOURCE,A2MDB,878,883,A2MDB,Aspergillus Secondary Metabolites Database
28779078,A2MDB,BIO_RESOURCE,A2MDB,1219,1224,A2MDB,Aspergillus Secondary Metabolites Database
28779078,A2MDB,BIO_RESOURCE,A2MDB,1366,1371,A2MDB,Aspergillus Secondary Metabolites Database
35875835,UPRome,BIO_RESOURCE,UPRome,32,38,UPRome,
31722421,European Nucleotide Archive,BIO_RESOURCE,ENA,4,31,ENA,European Nucleotide Archive
31722421,European Nucleotide Archive,BIO_RESOURCE,ENA,45,72,ENA,European Nucleotide Archive
31722421,ENA,BIO_RESOURCE,ENA,74,77,ENA,European Nucleotide Archive
31722421,ENA,BIO_RESOURCE,ENA,402,405,ENA,European Nucleotide Archive
31722421,ENA,BIO_RESOURCE,ENA,489,492,ENA,European Nucleotide Archive
25510495,RefSeq,BIO_RESOURCE,RefSeq,10,16,RefSeq,Prokaryotic Genome Annotation Pipeline
25510495,RefSeq,BIO_RESOURCE,RefSeq,51,57,RefSeq,Prokaryotic Genome Annotation Pipeline
25510495,Prokaryotic Genome Annotation Pipeline,BIO_RESOURCE,RefSeq,721,759,RefSeq,Prokaryotic Genome Annotation Pipeline
25510495,RefSeq,BIO_RESOURCE,RefSeq,801,807,RefSeq,Prokaryotic Genome Annotation Pipeline
22821489,SpectraBank,BIO_RESOURCE,SpectraBank,0,11,SpectraBank,
22821489,SpectraBank,BIO_RESOURCE,SpectraBank,523,534,SpectraBank,
22821489,SpectraBank,BIO_RESOURCE,SpectraBank,705,716,SpectraBank,
22821489,SpectraBank,BIO_RESOURCE,SpectraBank,1186,1197,SpectraBank,
22209237,MTCID,BIO_RESOURCE,MTCID,0,5,MTCID,uberculosis clinical isolate genetic polymorphism database
22209237,MTCID,BIO_RESOURCE,MTCID,854,859,MTCID,uberculosis clinical isolate genetic polymorphism database
21781283,DbMDR,BIO_RESOURCE,DbMDR,0,5,DbMDR,
21781283,DbMDR,BIO_RESOURCE,DbMDR,87,92,DbMDR,
21781283,MDR,BIO_RESOURCE,MDR,154,157,DbMDR,
21781283,MDR,BIO_RESOURCE,MDR,407,410,DbMDR,
21781283,MDR,BIO_RESOURCE,MDR,531,534,DbMDR,
21781283,MDR,BIO_RESOURCE,MDR,645,648,DbMDR,
21781283,MDR,BIO_RESOURCE,MDR,746,749,DbMDR,
21781283,MDR,BIO_RESOURCE,MDR,945,948,DbMDR,
21781283,MDR,BIO_RESOURCE,MDR,1076,1079,DbMDR,
21781283,DbMDR,BIO_RESOURCE,DbMDR,1116,1121,DbMDR,
21781283,MDR,BIO_RESOURCE,MDR,1145,1148,DbMDR,
21781283,DbMDR,BIO_RESOURCE,DbMDR,1261,1266,DbMDR,
21781283,MDR,BIO_RESOURCE,MDR,1369,1372,DbMDR,
24267744,Vertebrate Taxonomy Ontology,BIO_RESOURCE,VTO,643,671,VTO,Vertebrate Taxonomy Ontology
24267744,VTO,BIO_RESOURCE,VTO,673,676,VTO,Vertebrate Taxonomy Ontology
24267744,VTO,BIO_RESOURCE,VTO,871,874,VTO,Vertebrate Taxonomy Ontology
24267744,VTO,BIO_RESOURCE,VTO,1100,1103,VTO,Vertebrate Taxonomy Ontology
24267744,VTO,BIO_RESOURCE,VTO,1426,1429,VTO,Vertebrate Taxonomy Ontology
24267744,Phenoscape Knowledgebase,BIO_RESOURCE,Phenoscape KB,1489,1513,VTO,Vertebrate Taxonomy Ontology
24267744,VTO,BIO_RESOURCE,VTO,1646,1649,VTO,Vertebrate Taxonomy Ontology
30371849,LNCipedia,BIO_RESOURCE,LNCipedia,0,9,LNCipedia,
30371849,LNCipedia,BIO_RESOURCE,LNCipedia,748,757,LNCipedia,
22417913,Genome Composition Database,BIO_RESOURCE,Genome Composition Database,256,283,Genome Composition Database,Genome Composition Database
22417913,prokaryotes,BIO_RESOURCE,dbPSP,690,701,Genome Composition Database,Genome Composition Database
24163105,PolymiRTS,BIO_RESOURCE,PolymiRTS,0,9,PolymiRTS,polymorphism in microRNA target site
24163105,PolymiRTS,BIO_RESOURCE,PolymiRTS,187,196,PolymiRTS,polymorphism in microRNA target site
24163105,PolymiRTS,BIO_RESOURCE,PolymiRTS,371,380,PolymiRTS,polymorphism in microRNA target site
24163105,PolymiRTS,BIO_RESOURCE,PolymiRTS,807,816,PolymiRTS,polymorphism in microRNA target site
24163105,PolymiRTS,BIO_RESOURCE,PolymiRTS,1179,1188,PolymiRTS,polymorphism in microRNA target site
33507270,InSexBase,BIO_RESOURCE,InSexBase,0,9,InSexBase,
33507270,InSexBase,BIO_RESOURCE,InSexBase,1483,1492,InSexBase,
26444974,ListeriaBase,BIO_RESOURCE,ListeriaBase,15,27,ListeriaBase,
26444974,ListeriaBase,BIO_RESOURCE,ListeriaBase,675,687,ListeriaBase,
26444974,ListeriaBase,BIO_RESOURCE,ListeriaBase,795,807,ListeriaBase,
26444974,ListeriaBase,BIO_RESOURCE,ListeriaBase,994,1006,ListeriaBase,
26444974,ListeriaBase,BIO_RESOURCE,ListeriaBase,1352,1364,ListeriaBase,
26444974,ListeriaBase,BIO_RESOURCE,ListeriaBase,1863,1875,ListeriaBase,
26444974,ListeriaBase,BIO_RESOURCE,ListeriaBase,2060,2072,ListeriaBase,
26444974,ListeriaBase,BIO_RESOURCE,ListeriaBase,2213,2225,ListeriaBase,
34634815,SomaMutDB,BIO_RESOURCE,SomaMutDB,0,9,SomaMutDB,
34634815,a database of somatic mutations in normal human tissues,BIO_RESOURCE,SomaMutDB,11,66,SomaMutDB,
29509874,CarbonylDB,BIO_RESOURCE,CarbonylDB,0,10,CarbonylDB,
29509874,a curated data-resource of protein carbonylation sites,BIO_RESOURCE,CarbonylDB,12,66,CarbonylDB,
29509874,CarbonylDB,BIO_RESOURCE,CarbonylDB,622,632,CarbonylDB,
29509874,CarbonylDB,BIO_RESOURCE,CarbonylDB,710,720,CarbonylDB,
29509874,CarbonylDB,BIO_RESOURCE,CarbonylDB,1172,1182,CarbonylDB,
30380113,MethMotif,BIO_RESOURCE,MethMotif,0,9,MethMotif,
30380113,MethMotif,BIO_RESOURCE,MethMotif,463,472,MethMotif,
30380113,MethMotif,BIO_RESOURCE,MethMotif,1040,1049,MethMotif,
30380113,MethMotif,BIO_RESOURCE,MethMotif,1152,1161,MethMotif,
23378291,PhenoDB,BIO_RESOURCE,PhenoDB,0,7,PhenoDB,Mendelian Inheritance in
23378291,PhenoDB,BIO_RESOURCE,PhenoDB,424,431,PhenoDB,Mendelian Inheritance in
23378291,Online Mendelian Inheritance in Man,BIO_RESOURCE,OMIM,668,703,PhenoDB,Mendelian Inheritance in
23378291,OMIM,BIO_RESOURCE,OMIM,705,709,PhenoDB,Mendelian Inheritance in
23378291,PhenoDB,BIO_RESOURCE,PhenoDB,1028,1035,PhenoDB,Mendelian Inheritance in
23378291,OMIM,BIO_RESOURCE,OMIM,1156,1160,PhenoDB,Mendelian Inheritance in
23378291,dbGaP,BIO_RESOURCE,dbGaP,1311,1316,PhenoDB,Mendelian Inheritance in
23378291,PhenoDB,BIO_RESOURCE,PhenoDB,1358,1365,PhenoDB,Mendelian Inheritance in
30196115,HeteroMeth,BIO_RESOURCE,HeteroMeth,0,10,HeteroMeth,
30196115,A Database of Cell-to-cell Heterogeneity in DNA Methylation,BIO_RESOURCE,HeteroMeth,12,71,HeteroMeth,
30196115,HeteroMeth,BIO_RESOURCE,HeteroMeth,723,733,HeteroMeth,
30196115,HeteroMeth,BIO_RESOURCE,HeteroMeth,973,983,HeteroMeth,
30196115,HeteroMeth,BIO_RESOURCE,HeteroMeth,1339,1349,HeteroMeth,
32890396,CoV3D,BIO_RESOURCE,CoV3D,0,5,CoV3D,
32890396,a database of high resolution coronavirus protein structures,BIO_RESOURCE,CoV3D,7,67,CoV3D,
32890396,CoV3D,BIO_RESOURCE,CoV3D,514,519,CoV3D,
32890396,CoV3D,BIO_RESOURCE,CoV3D,617,622,CoV3D,
32890396,CoV3D,BIO_RESOURCE,CoV3D,1119,1124,CoV3D,
32890396,CoV3D,BIO_RESOURCE,CoV3D,1338,1343,CoV3D,
34497528,ACNPD,BIO_RESOURCE,ACNPD,0,5,ACNPD,anti-cancer natural product database
34497528,anti-cancer natural product database,BIO_RESOURCE,ACNPD,906,942,ACNPD,anti-cancer natural product database
34497528,ACNPD,BIO_RESOURCE,ACNPD,944,949,ACNPD,anti-cancer natural product database
34497528,ACNPD,BIO_RESOURCE,ACNPD,1515,1520,ACNPD,anti-cancer natural product database
34497528,ACNPD,BIO_RESOURCE,ACNPD,1684,1689,ACNPD,anti-cancer natural product database
29337142,Express,BIO_RESOURCE,Express,0,7,Express,
29337142,Express,BIO_RESOURCE,Express,466,473,Express,
29337142,Express,BIO_RESOURCE,Express,1118,1125,Express,
29337142,Express,BIO_RESOURCE,Express,1881,1888,Express,
26909679,DsTRD,BIO_RESOURCE,DsTRD,0,5,DsTRD,Danshen Transcriptional Resource Database
26909679,Danshen Transcriptional Resource Database,BIO_RESOURCE,DsTRD,7,48,DsTRD,Danshen Transcriptional Resource Database
26909679,Danshen Transcriptional Resource Database,BIO_RESOURCE,DsTRD,532,573,DsTRD,Danshen Transcriptional Resource Database
26909679,DsTRD,BIO_RESOURCE,DsTRD,575,580,DsTRD,Danshen Transcriptional Resource Database
26909679,DsTRD,BIO_RESOURCE,DsTRD,1149,1154,DsTRD,Danshen Transcriptional Resource Database
26909679,DsTRD,BIO_RESOURCE,DsTRD,1251,1256,DsTRD,Danshen Transcriptional Resource Database
32510565,GreenCircRNA,BIO_RESOURCE,GreenCircRNA,0,12,GreenCircRNA,
32510565,a database for plant circRNAs that act as miRNA decoys,BIO_RESOURCE,GreenCircRNA,14,68,GreenCircRNA,
32510565,GreenCircRNA,BIO_RESOURCE,GreenCircRNA,530,542,GreenCircRNA,
32510565,Phytozome,BIO_RESOURCE,Phytozome,876,885,GreenCircRNA,
32510565,GreenCircRNA,BIO_RESOURCE,GreenCircRNA,1281,1293,GreenCircRNA,
30407596,Cancer3D,BIO_RESOURCE,Cancer3D,0,8,Cancer3D,
30407596,Cancer3D,BIO_RESOURCE,Cancer3D,609,617,Cancer3D,
25414346,ChiTaRS,BIO_RESOURCE,ChiTaRS,0,7,ChiTaRS,
25414346,ChiTaRS,BIO_RESOURCE,ChiTaRS,398,405,ChiTaRS,
25414346,ChiTaRS,BIO_RESOURCE,ChiTaRS,523,530,ChiTaRS,
25414346,ChiTaRS,BIO_RESOURCE,ChiTaRS,1361,1368,ChiTaRS,
31836897,a repository for scientific information on mesophotic ecosystems,BIO_RESOURCE,mesophotic.org,16,80,mesophotic.org,
31836897,mesophotic.org,BIO_RESOURCE,mesophotic.org,552,566,mesophotic.org,
31836897,mesophotic.org,BIO_RESOURCE,mesophotic.org,1108,1122,mesophotic.org,
25309735,SkateBase,BIO_RESOURCE,SkateBase,0,9,SkateBase,
25309735,SkateBase,BIO_RESOURCE,SkateBase,822,831,SkateBase,
32076423,FHLdb,BIO_RESOURCE,FHLdb,0,5,FHLdb,Familial Hemophagocytic
32076423,Familial Hemophagocytic,BIO_RESOURCE,FHLdb,58,81,FHLdb,Familial Hemophagocytic
32076423,PID,BIO_RESOURCE,PID,453,456,FHLdb,Familial Hemophagocytic
32076423,FHLdb,BIO_RESOURCE,FHLdb,1151,1156,FHLdb,Familial Hemophagocytic
32076423,ClinVar,BIO_RESOURCE,ClinVar,1825,1832,FHLdb,Familial Hemophagocytic
32076423,UniProt,BIO_RESOURCE,UniProt,1837,1844,FHLdb,Familial Hemophagocytic
32076423,gnomAD,BIO_RESOURCE,gnomAD,1888,1894,FHLdb,Familial Hemophagocytic
32076423,FHLdb,BIO_RESOURCE,FHLdb,2110,2115,FHLdb,Familial Hemophagocytic
23493402,CathaCyc,BIO_RESOURCE,CathaCyc,0,8,CathaCyc,
23493402,CathaCyc,BIO_RESOURCE,CathaCyc,901,909,CathaCyc,
23493402,CathaCyc,BIO_RESOURCE,CathaCyc,984,992,CathaCyc,
23493402,CathaCyc,BIO_RESOURCE,CathaCyc,1352,1360,CathaCyc,
23493402,CathaCyc,BIO_RESOURCE,CathaCyc,1804,1812,CathaCyc,
23396301,CrossTope,BIO_RESOURCE,CrossTope,0,9,CrossTope,
23396301,CrossTope,BIO_RESOURCE,CrossTope,91,100,CrossTope,
30020436,realDB,BIO_RESOURCE,realDB,0,6,realDB,
30020436,realDB,BIO_RESOURCE,realDB,859,865,realDB,
21876203,Urinary Protein Biomarker,BIO_RESOURCE,UPB,603,628,UPB,Urinary Protein Biomarker
21876203,UPB,BIO_RESOURCE,UPB,630,633,UPB,Urinary Protein Biomarker
28137767,SmProt,BIO_RESOURCE,SmProt,0,6,SmProt,small proteins database
28137767,small proteins database,BIO_RESOURCE,SmProt,848,871,SmProt,small proteins database
28137767,SmProt,BIO_RESOURCE,SmProt,873,879,SmProt,small proteins database
28137767,SmProt,BIO_RESOURCE,SmProt,986,992,SmProt,small proteins database
28137767,SmProt,BIO_RESOURCE,SmProt,1359,1365,SmProt,small proteins database
28137767,SmProt,BIO_RESOURCE,SmProt,1520,1526,SmProt,small proteins database
28137767,SmProt,BIO_RESOURCE,SmProt,1531,1537,SmProt,small proteins database
28137767,UCSC Genome Browser,BIO_RESOURCE,UCSC Genome Browser,1618,1637,SmProt,small proteins database
28137767,SmProt,BIO_RESOURCE,SmProt,1653,1659,SmProt,small proteins database
25348404,WDSPdb,BIO_RESOURCE,WDSPdb,0,6,WDSPdb,
25348404,WDSPdb,BIO_RESOURCE,WDSPdb,747,753,WDSPdb,
25348404,WDSPdb,BIO_RESOURCE,WDSPdb,888,894,WDSPdb,
25348404,WDSPdb,BIO_RESOURCE,WDSPdb,1213,1219,WDSPdb,
31832668,AcetoBase,BIO_RESOURCE,AcetoBase,0,9,AcetoBase,
31832668,a functional gene repository and database for formyltetrahydrofolate synthetase sequences,BIO_RESOURCE,AcetoBase,11,100,AcetoBase,
31832668,AcetoBase,BIO_RESOURCE,AcetoBase,860,869,AcetoBase,
31832668,AcetoBase,BIO_RESOURCE,AcetoBase,983,992,AcetoBase,
31832668,AcetoBase,BIO_RESOURCE,AcetoBase,1184,1193,AcetoBase,
31832668,AcetoBase,BIO_RESOURCE,AcetoBase,1442,1451,AcetoBase,
24214966,DOOR,BIO_RESOURCE,DOOR,0,4,DOOR,
24214966,DOOR,BIO_RESOURCE,DOOR,135,139,DOOR,
24214966,DOOR,BIO_RESOURCE,DOOR,157,161,DOOR,
24214966,DOOR,BIO_RESOURCE,DOOR,266,270,DOOR,
24214966,prokaryotes,BIO_RESOURCE,dbPSP,314,325,DOOR,
24214966,DOOR,BIO_RESOURCE,DOOR,434,438,DOOR,
34285772,Yeast Phosphoinositide-Binding Proteins,BIO_RESOURCE,Yeast Phosphoinositide-Binding Proteins,786,825,Yeast Phosphoinositide-Binding Proteins,Yeast Phosphoinositide-Binding Proteins
23264352,DegraBase,BIO_RESOURCE,DegraBase,4,13,DegraBase,
23264352,DegraBase,BIO_RESOURCE,DegraBase,372,381,DegraBase,
23264352,MEROPS,BIO_RESOURCE,MEROPS,1445,1451,DegraBase,
23264352,MEROPS,BIO_RESOURCE,MEROPS,1600,1606,DegraBase,
29156309,Secondary Metabolite Bioinformatics Portal,BIO_RESOURCE,SMBP,635,677,SMBP,Secondary Metabolite Bioinformatics Portal
29156309,SMBP,BIO_RESOURCE,SMBP,679,683,SMBP,Secondary Metabolite Bioinformatics Portal
25468930,Halophile protein database,BIO_RESOURCE,HProtDB,4,30,HProtDB,Halophile protein database
25468930,Halophile protein database,BIO_RESOURCE,HProtDB,382,408,HProtDB,Halophile protein database
25468930,HProtDB,BIO_RESOURCE,HProtDB,410,417,HProtDB,Halophile protein database
24185702,FunCoup,BIO_RESOURCE,FunCoup,0,7,FunCoup,
24185702,FunCoup,BIO_RESOURCE,FunCoup,95,102,FunCoup,
24185702,FunCoup,BIO_RESOURCE,FunCoup,374,381,FunCoup,
24185702,FunCoup,BIO_RESOURCE,FunCoup,763,770,FunCoup,
24185702,FunCoup,BIO_RESOURCE,FunCoup,1107,1114,FunCoup,
35061087,NucPosDB,BIO_RESOURCE,NucPosDB,0,8,NucPosDB,
33137192,an integrated multiple plant reference panel database for genotype imputation,BIO_RESOURCE,Plant-ImputeDB,16,93,Plant-ImputeDB,
29140475,European Nucleotide Archive,BIO_RESOURCE,ENA,4,31,ENA,European Nucleotide Archive
29140475,European Nucleotide Archive,BIO_RESOURCE,ENA,58,85,ENA,European Nucleotide Archive
29140475,ENA,BIO_RESOURCE,ENA,87,90,ENA,European Nucleotide Archive
29140475,ENA,BIO_RESOURCE,ENA,408,411,ENA,European Nucleotide Archive
29140475,ENA,BIO_RESOURCE,ENA,517,520,ENA,European Nucleotide Archive
25414356,CDD,BIO_RESOURCE,CDD,0,3,CDD,Conserved Domain Database
25414356,CDD,BIO_RESOURCE,CDD,46,49,CDD,Conserved Domain Database
25414356,Conserved Domain Database,BIO_RESOURCE,CDD,55,80,CDD,Conserved Domain Database
25414356,CDD,BIO_RESOURCE,CDD,305,308,CDD,Conserved Domain Database
25414356,CDD,BIO_RESOURCE,CDD,555,558,CDD,Conserved Domain Database
25414356,CDD,BIO_RESOURCE,CDD,921,924,CDD,Conserved Domain Database
25414356,CDD,BIO_RESOURCE,CDD,1190,1193,CDD,Conserved Domain Database
28124611,ImmunemiR,BIO_RESOURCE,ImmunemiR,0,9,ImmunemiR,
28124611,HMDD,BIO_RESOURCE,HMDD,675,679,ImmunemiR,
28124611,OMIM,BIO_RESOURCE,OMIM,1069,1073,ImmunemiR,
28124611,ImmunemiR,BIO_RESOURCE,ImmunemiR,1170,1179,ImmunemiR,
28124611,ImmunemiR,BIO_RESOURCE,ImmunemiR,1386,1395,ImmunemiR,
29432422,TopicalPdb,BIO_RESOURCE,TopicalPdb,0,10,TopicalPdb,
29432422,A database of topically delivered peptides,BIO_RESOURCE,TopicalPdb,12,54,TopicalPdb,
29432422,TopicalPdb,BIO_RESOURCE,TopicalPdb,56,66,TopicalPdb,
29432422,TopicalPdb,BIO_RESOURCE,TopicalPdb,258,268,TopicalPdb,
29432422,TopicalPdb,BIO_RESOURCE,TopicalPdb,686,696,TopicalPdb,
29432422,TopicalPdb,BIO_RESOURCE,TopicalPdb,832,842,TopicalPdb,
29432422,TopicalPdb,BIO_RESOURCE,TopicalPdb,1191,1201,TopicalPdb,
26657893,HRGRN,BIO_RESOURCE,HRGRN,0,5,HRGRN,
26657893,A Graph Search-Empowered Integrative Database of Arabidopsis Signaling Transduction,BIO_RESOURCE,HRGRN,7,90,HRGRN,
26657893,HRGRN,BIO_RESOURCE,HRGRN,1038,1043,HRGRN,
26657893,HRGRN,BIO_RESOURCE,HRGRN,1168,1173,HRGRN,
26657893,HRGRN,BIO_RESOURCE,HRGRN,1618,1623,HRGRN,
26657893,HRGRN,BIO_RESOURCE,HRGRN,2030,2035,HRGRN,
22649282,Florabank1,BIO_RESOURCE,Florabank1,0,10,Florabank1,
22649282,Florabank1,BIO_RESOURCE,Florabank1,141,151,Florabank1,
22649282,Florabank1,BIO_RESOURCE,Florabank1,1014,1024,Florabank1,
22649282,Florabank1,BIO_RESOURCE,Florabank1,1680,1690,Florabank1,
22649282,GBIF,BIO_RESOURCE,GBIF,1755,1759,Florabank1,
22649282,Florabank1,BIO_RESOURCE,Florabank1,2029,2039,Florabank1,
22649282,GBIF,BIO_RESOURCE,GBIF,2402,2406,Florabank1,
25361972,MobiDB,BIO_RESOURCE,MobiDB,0,6,MobiDB,
25361972,MobiDB,BIO_RESOURCE,MobiDB,82,88,MobiDB,
25361972,MobiDB,BIO_RESOURCE,MobiDB,295,301,MobiDB,
25361972,UniProt,BIO_RESOURCE,UniProt,437,444,MobiDB,
25361972,DisProt,BIO_RESOURCE,DisProt,620,627,MobiDB,
25361972,PDB,BIO_RESOURCE,PDB,669,672,MobiDB,
25361972,MobiDB,BIO_RESOURCE,MobiDB,877,883,MobiDB,
25361972,MobiDB,BIO_RESOURCE,MobiDB,1118,1124,MobiDB,
25361972,UniProt,BIO_RESOURCE,UniProt,1201,1208,MobiDB,
25361972,Pfam,BIO_RESOURCE,Pfam,1278,1282,MobiDB,
25361972,Pfam,BIO_RESOURCE,Pfam,1394,1398,MobiDB,
25361972,STRING,BIO_RESOURCE,STRING,1476,1482,MobiDB,
30335169,PopHumanScan,BIO_RESOURCE,PopHumanScan,0,12,PopHumanScan,
30335169,the online catalog of human genome adaptation,BIO_RESOURCE,PopHumanScan,14,59,PopHumanScan,
30335169,PopHumanScan,BIO_RESOURCE,PopHumanScan,598,610,PopHumanScan,
30335169,PopHumanScan,BIO_RESOURCE,PopHumanScan,979,991,PopHumanScan,
30335169,PopHumanScan,BIO_RESOURCE,PopHumanScan,1226,1238,PopHumanScan,
36255213,PharmaKoVariome,BIO_RESOURCE,PharmaKoVariome,0,15,PharmaKoVariome,
28349240,Human Gene Mutation Database,BIO_RESOURCE,HGMD,4,32,HGMD,Human Gene Mutation Database
28349240,Human Gene Mutation Database,BIO_RESOURCE,HGMD,180,208,HGMD,Human Gene Mutation Database
28349240,HGMD,BIO_RESOURCE,HGMD,210,214,HGMD,Human Gene Mutation Database
28349240,HGMD,BIO_RESOURCE,HGMD,650,654,HGMD,Human Gene Mutation Database
28349240,HGMD,BIO_RESOURCE,HGMD,975,979,HGMD,Human Gene Mutation Database
28349240,HGMD,BIO_RESOURCE,HGMD,1133,1137,HGMD,Human Gene Mutation Database
22365971,SITVITWEB,BIO_RESOURCE,SITVITWEB,0,9,SITVITWEB,
22365971,SITVITWEB,BIO_RESOURCE,SITVITWEB,882,891,SITVITWEB,
22365971,SITVITWEB,BIO_RESOURCE,SITVITWEB,2114,2123,SITVITWEB,
34314366,dbMCS,BIO_RESOURCE,dbMCS,0,5,dbMCS,for anti-Cancer drug Sensitivity
34314366,for anti-Cancer drug Sensitivity,BIO_RESOURCE,dbMCS,545,577,dbMCS,for anti-Cancer drug Sensitivity
34314366,dbMCS,BIO_RESOURCE,dbMCS,579,584,dbMCS,for anti-Cancer drug Sensitivity
34314366,dbMCS,BIO_RESOURCE,dbMCS,598,603,dbMCS,for anti-Cancer drug Sensitivity
34314366,dbMCS,BIO_RESOURCE,dbMCS,799,804,dbMCS,for anti-Cancer drug Sensitivity
34314366,dbMCS,BIO_RESOURCE,dbMCS,1495,1500,dbMCS,for anti-Cancer drug Sensitivity
31210271,Chickspress,BIO_RESOURCE,Chickspress,0,11,Chickspress,
31210271,a resource for chicken gene expression,BIO_RESOURCE,Chickspress,13,51,Chickspress,
31210271,Sequence Read Archive,BIO_RESOURCE,SRA,285,306,Chickspress,
31210271,Chickspress,BIO_RESOURCE,Chickspress,526,537,Chickspress,
31210271,Chickspress,BIO_RESOURCE,Chickspress,705,716,Chickspress,
31210271,Ensembl,BIO_RESOURCE,Ensembl,744,751,Chickspress,
31210271,Ensembl,BIO_RESOURCE,Ensembl,892,899,Chickspress,
31210271,Chickspress,BIO_RESOURCE,Chickspress,1089,1100,Chickspress,
31210271,Chickspress,BIO_RESOURCE,Chickspress,1171,1182,Chickspress,
31210271,Chickspress,BIO_RESOURCE,Chickspress,1345,1356,Chickspress,
23772554,PRIMOS,BIO_RESOURCE,PRIMOS,0,6,PRIMOS,Protein Interaction and Molecule Search
23772554,a large-scale,BIO_RESOURCE,SureChEMBL,332,345,PRIMOS,Protein Interaction and Molecule Search
23772554,Protein Interaction and Molecule Search,BIO_RESOURCE,PRIMOS,496,535,PRIMOS,Protein Interaction and Molecule Search
23772554,PRIMOS,BIO_RESOURCE,PRIMOS,537,543,PRIMOS,Protein Interaction and Molecule Search
23772554,BIND,BIO_RESOURCE,BIND,624,628,PRIMOS,Protein Interaction and Molecule Search
23772554,Biomolecular Interaction Network Database,BIO_RESOURCE,BIND,630,671,PRIMOS,Protein Interaction and Molecule Search
23772554,IntAct,BIO_RESOURCE,IntAct,752,758,PRIMOS,Protein Interaction and Molecule Search
23772554,MINT,BIO_RESOURCE,MINT,760,764,PRIMOS,Protein Interaction and Molecule Search
23772554,PRIMOS,BIO_RESOURCE,PRIMOS,962,968,PRIMOS,Protein Interaction and Molecule Search
23772554,PRIMOS,BIO_RESOURCE,PRIMOS,1239,1245,PRIMOS,Protein Interaction and Molecule Search
23772554,PRIMOS,BIO_RESOURCE,PRIMOS,1455,1461,PRIMOS,Protein Interaction and Molecule Search
23772554,PRIMOS,BIO_RESOURCE,PRIMOS,1601,1607,PRIMOS,Protein Interaction and Molecule Search
36747479,SalivaDB,BIO_RESOURCE,SalivaDB,0,8,SalivaDB,
29308007,VirusDB,BIO_RESOURCE,VirusDB,104,111,VirusDB,
29308007,GenBank,BIO_RESOURCE,GenBank,822,829,VirusDB,
29308007,VirusDB,BIO_RESOURCE,VirusDB,1195,1202,VirusDB,
36350677,PICKLES,BIO_RESOURCE,PICKLES,0,7,PICKLES,CRISPR Knockout
30357350,Pfam,BIO_RESOURCE,Pfam,4,8,Pfam,the protein families database
30357350,Pfam,BIO_RESOURCE,Pfam,101,105,Pfam,the protein families database
30357350,Pfam,BIO_RESOURCE,Pfam,360,364,Pfam,the protein families database
30357350,RepeatsDB,BIO_RESOURCE,RepeatsDB,454,463,Pfam,the protein families database
30357350,Pfam,BIO_RESOURCE,Pfam,532,536,Pfam,the protein families database
30357350,Pfam,BIO_RESOURCE,Pfam,817,821,Pfam,the protein families database
30357350,Pfam,BIO_RESOURCE,Pfam,883,887,Pfam,the protein families database
30357350,Pfam,BIO_RESOURCE,Pfam,924,928,Pfam,the protein families database
30357350,Pfam,BIO_RESOURCE,Pfam,1020,1024,Pfam,the protein families database
30357350,Pfam,BIO_RESOURCE,Pfam,1143,1147,Pfam,the protein families database
26582918,ClinVar,BIO_RESOURCE,ClinVar,0,7,ClinVar,
26582918,ClinVar,BIO_RESOURCE,ClinVar,76,83,ClinVar,
26582918,OMIM,BIO_RESOURCE,OMIM,500,504,ClinVar,
26582918,UniProt,BIO_RESOURCE,UniProt,521,528,ClinVar,
26582918,ClinVar,BIO_RESOURCE,ClinVar,778,785,ClinVar,
26582918,ClinVar,BIO_RESOURCE,ClinVar,1207,1214,ClinVar,
26582918,ClinVar,BIO_RESOURCE,ClinVar,1446,1453,ClinVar,
34718747,TcoFBase,BIO_RESOURCE,TcoFBase,0,8,TcoFBase,
27980099,BioGRID,BIO_RESOURCE,BioGRID,4,11,BioGRID,Biological General Repository for Interaction Datasets
27980099,interaction database,BIO_RESOURCE,CCIDB,12,32,BioGRID,Biological General Repository for Interaction Datasets
27980099,Biological General Repository for Interaction Datasets,BIO_RESOURCE,BioGRID,51,105,BioGRID,Biological General Repository for Interaction Datasets
27980099,BioGRID,BIO_RESOURCE,BioGRID,107,114,BioGRID,Biological General Repository for Interaction Datasets
27980099,BioGRID,BIO_RESOURCE,BioGRID,345,352,BioGRID,Biological General Repository for Interaction Datasets
27980099,BioGRID,BIO_RESOURCE,BioGRID,626,633,BioGRID,Biological General Repository for Interaction Datasets
27980099,BioGRID,BIO_RESOURCE,BioGRID,642,649,BioGRID,Biological General Repository for Interaction Datasets
27980099,BioGRID,BIO_RESOURCE,BioGRID,878,885,BioGRID,Biological General Repository for Interaction Datasets
27980099,DrugBank,BIO_RESOURCE,DrugBank,982,990,BioGRID,Biological General Repository for Interaction Datasets
27980099,BioGRID,BIO_RESOURCE,BioGRID,1194,1201,BioGRID,Biological General Repository for Interaction Datasets
32542109,Abasy,BIO_RESOURCE,Abasy,0,5,Abasy,acteria systems
32542109,Abasy,BIO_RESOURCE,Abasy,617,622,Abasy,acteria systems
32542109,Abasy,BIO_RESOURCE,Abasy,804,809,Abasy,acteria systems
32542109,Abasy,BIO_RESOURCE,Abasy,1124,1129,Abasy,acteria systems
32542109,Abasy,BIO_RESOURCE,Abasy,1712,1717,Abasy,acteria systems
35842742,PlantPhoneDB,BIO_RESOURCE,PlantPhoneDB,0,12,PlantPhoneDB,
30365030,ETCM,BIO_RESOURCE,ETCM,0,4,ETCM,Encyclopedia of Traditional Chinese Medicine version
30365030,ETCM,BIO_RESOURCE,ETCM,285,289,ETCM,Encyclopedia of Traditional Chinese Medicine version
30365030,ETCM,BIO_RESOURCE,ETCM,340,344,ETCM,Encyclopedia of Traditional Chinese Medicine version
30365030,ETCM,BIO_RESOURCE,ETCM,623,627,ETCM,Encyclopedia of Traditional Chinese Medicine version
30365030,ETCM,BIO_RESOURCE,ETCM,788,792,ETCM,Encyclopedia of Traditional Chinese Medicine version
30365030,ETCM,BIO_RESOURCE,ETCM,1008,1012,ETCM,Encyclopedia of Traditional Chinese Medicine version
30365030,ETCM,BIO_RESOURCE,ETCM,1167,1171,ETCM,Encyclopedia of Traditional Chinese Medicine version
30365030,ETCM,BIO_RESOURCE,ETCM,1239,1243,ETCM,Encyclopedia of Traditional Chinese Medicine version
22829745,CyanoEXpress,BIO_RESOURCE,CyanoEXpress,0,12,CyanoEXpress,
22829745,CyanoEXpress,BIO_RESOURCE,CyanoEXpress,1007,1019,CyanoEXpress,
22829745,CyanoEXpress,BIO_RESOURCE,CyanoEXpress,1137,1149,CyanoEXpress,
22829745,CyanoEXpress,BIO_RESOURCE,CyanoEXpress,1297,1309,CyanoEXpress,
36350659,EpiFactors,BIO_RESOURCE,EpiFactors,0,10,EpiFactors,
36350659,a curated database of human,BIO_RESOURCE,miRGate,46,73,EpiFactors,
27794553,FuzDB,BIO_RESOURCE,FuzDB,0,5,FuzDB,
27794553,FuzDB,BIO_RESOURCE,FuzDB,149,154,FuzDB,
27794553,FuzDB,BIO_RESOURCE,FuzDB,819,824,FuzDB,
27794553,FuzDB,BIO_RESOURCE,FuzDB,982,987,FuzDB,
27794553,FuzDB,BIO_RESOURCE,FuzDB,1383,1388,FuzDB,
25889518,miREC,BIO_RESOURCE,miREC,0,5,miREC,
25889518,miREC,BIO_RESOURCE,miREC,792,797,miREC,
25889518,miREC,BIO_RESOURCE,miREC,1107,1112,miREC,
25889518,miREC,BIO_RESOURCE,miREC,1768,1773,miREC,
26507856,Nucleotide binding database,BIO_RESOURCE,NBDB,0,27,NBDB,Nucleotide binding database
26507856,NBDB,BIO_RESOURCE,NBDB,28,32,NBDB,Nucleotide binding database
26507856,NBDB,BIO_RESOURCE,NBDB,109,113,NBDB,Nucleotide binding database
26507856,NBDB,BIO_RESOURCE,NBDB,541,545,NBDB,Nucleotide binding database
26507856,NBDB,BIO_RESOURCE,NBDB,1091,1095,NBDB,Nucleotide binding database
26507856,NBDB,BIO_RESOURCE,NBDB,1215,1219,NBDB,Nucleotide binding database
34220930,FAANG,BIO_RESOURCE,FAANG,4,9,FAANG,Functional Annotation of Animal Genomes
34220930,Functional Annotation of Animal Genomes,BIO_RESOURCE,FAANG,117,156,FAANG,Functional Annotation of Animal Genomes
34220930,FAANG,BIO_RESOURCE,FAANG,203,208,FAANG,Functional Annotation of Animal Genomes
34220930,FAANG,BIO_RESOURCE,FAANG,729,734,FAANG,Functional Annotation of Animal Genomes
34220930,FAANG,BIO_RESOURCE,FAANG,941,946,FAANG,Functional Annotation of Animal Genomes
34220930,FAANG,BIO_RESOURCE,FAANG,996,1001,FAANG,Functional Annotation of Animal Genomes
34220930,FAANG,BIO_RESOURCE,FAANG,1126,1131,FAANG,Functional Annotation of Animal Genomes
34220930,FAANG,BIO_RESOURCE,FAANG,1399,1404,FAANG,Functional Annotation of Animal Genomes
34220930,FAANG,BIO_RESOURCE,FAANG,1564,1569,FAANG,Functional Annotation of Animal Genomes
34220930,FAANG,BIO_RESOURCE,FAANG,1821,1826,FAANG,Functional Annotation of Animal Genomes
34220930,FAANG,BIO_RESOURCE,FAANG,2096,2101,FAANG,Functional Annotation of Animal Genomes
34220930,FAANG,BIO_RESOURCE,FAANG,2234,2239,FAANG,Functional Annotation of Animal Genomes
34220930,FAANG,BIO_RESOURCE,FAANG,2508,2513,FAANG,Functional Annotation of Animal Genomes
24253303,Universal Protein Resource,BIO_RESOURCE,UniProtKB,18,44,UniProtKB,Universal Protein Resource
24253303,UniProt,BIO_RESOURCE,UniProt,46,53,UniProtKB,Universal Protein Resource
24253303,Universal Protein Resource,BIO_RESOURCE,UniProtKB,75,101,UniProtKB,Universal Protein Resource
24253303,UniProt,BIO_RESOURCE,UniProt,103,110,UniProtKB,Universal Protein Resource
24253303,UniProt,BIO_RESOURCE,UniProt,502,509,UniProtKB,Universal Protein Resource
24253303,UniProt,BIO_RESOURCE,UniProt,599,606,UniProtKB,Universal Protein Resource
24253303,UniProt,BIO_RESOURCE,UniProt,626,633,UniProtKB,Universal Protein Resource
24253303,UniProt,BIO_RESOURCE,UniProt,813,820,UniProtKB,Universal Protein Resource
31648227,MANET,BIO_RESOURCE,MANET,0,5,MANET,metabolic Molecular Ancestry Networks
31648227,metabolic Molecular Ancestry Networks,BIO_RESOURCE,MANET,192,229,MANET,metabolic Molecular Ancestry Networks
31648227,MANET,BIO_RESOURCE,MANET,231,236,MANET,metabolic Molecular Ancestry Networks
31648227,KEGG,BIO_RESOURCE,KEGG,293,297,MANET,metabolic Molecular Ancestry Networks
31648227,SCOP,BIO_RESOURCE,SCOP,299,303,MANET,metabolic Molecular Ancestry Networks
31648227,MANET,BIO_RESOURCE,MANET,507,512,MANET,metabolic Molecular Ancestry Networks
31648227,KEGG,BIO_RESOURCE,KEGG,538,542,MANET,metabolic Molecular Ancestry Networks
31648227,SCOP,BIO_RESOURCE,SCOP,547,551,MANET,metabolic Molecular Ancestry Networks
31648227,PDB,BIO_RESOURCE,PDB,570,573,MANET,metabolic Molecular Ancestry Networks
31648227,SCOP,BIO_RESOURCE,SCOP,678,682,MANET,metabolic Molecular Ancestry Networks
31648227,SCOP,BIO_RESOURCE,SCOP,744,748,MANET,metabolic Molecular Ancestry Networks
31648227,MANET,BIO_RESOURCE,MANET,1185,1190,MANET,metabolic Molecular Ancestry Networks
31648227,KEGG,BIO_RESOURCE,KEGG,1259,1263,MANET,metabolic Molecular Ancestry Networks
31648227,MANET,BIO_RESOURCE,MANET,2215,2220,MANET,metabolic Molecular Ancestry Networks
34469532,OlfactionBase,BIO_RESOURCE,OlfactionBase,0,13,OlfactionBase,
34469532,a repository to explore odors,BIO_RESOURCE,OlfactionBase,15,44,OlfactionBase,
23550210,cBioPortal,BIO_RESOURCE,cBioPortal,80,90,cBioPortal,
23550210,cBioPortal,BIO_RESOURCE,cBioPortal,96,106,cBioPortal,
23550210,cBioPortal,BIO_RESOURCE,cBioPortal,1153,1163,cBioPortal,
31559014,PID,BIO_RESOURCE,PID,608,611,GXB,
31559014,PID,BIO_RESOURCE,PID,1019,1022,GXB,
31559014,Gene Expression Omnibus,BIO_RESOURCE,GEO,1076,1099,GXB,
31559014,GEO,BIO_RESOURCE,GEO,1101,1104,GXB,
31559014,GXB,BIO_RESOURCE,GXB,1129,1132,GXB,
31559014,PID,BIO_RESOURCE,PID,1304,1307,GXB,
31559014,PID,BIO_RESOURCE,PID,1629,1632,GXB,
31559014,GXB,BIO_RESOURCE,GXB,1668,1671,GXB,
31559014,PID,BIO_RESOURCE,PID,1830,1833,GXB,
35961607,CHDbase,BIO_RESOURCE,CHDbase,0,7,CHDbase,
24297257,NECTAR,BIO_RESOURCE,NECTAR,0,6,NECTAR,Non-synonymous Enriched Coding muTation ARchive
24297257,NECTAR,BIO_RESOURCE,NECTAR,66,72,NECTAR,Non-synonymous Enriched Coding muTation ARchive
24297257,Non-synonymous Enriched Coding muTation ARchive,BIO_RESOURCE,NECTAR,74,121,NECTAR,Non-synonymous Enriched Coding muTation ARchive
24297257,NECTAR,BIO_RESOURCE,NECTAR,709,715,NECTAR,Non-synonymous Enriched Coding muTation ARchive
24297257,NECTAR,BIO_RESOURCE,NECTAR,905,911,NECTAR,Non-synonymous Enriched Coding muTation ARchive
24297257,NECTAR,BIO_RESOURCE,NECTAR,1099,1105,NECTAR,Non-synonymous Enriched Coding muTation ARchive
27899675,JET2,BIO_RESOURCE,JET2,0,4,JET2,
27899675,PDB,BIO_RESOURCE,PDB,107,110,JET2,
27899675,JET2,BIO_RESOURCE,JET2,136,140,JET2,
27899675,PDB,BIO_RESOURCE,PDB,319,322,JET2,
27899675,JET2,BIO_RESOURCE,JET2,592,596,JET2,
27899675,PDB,BIO_RESOURCE,PDB,716,719,JET2,
22661982,Soybean Proteome Database,BIO_RESOURCE,Soybean Proteome Database,0,25,Soybean Proteome Database,Soybean Proteome Database
22661982,Soybean Proteome Database,BIO_RESOURCE,Soybean Proteome Database,104,129,Soybean Proteome Database,Soybean Proteome Database
31588509,MutEx,BIO_RESOURCE,MutEx,0,5,MutEx,
31588509,a multifaceted gateway for exploring integrative pan-cancer genomic data,BIO_RESOURCE,MutEx,7,79,MutEx,
31588509,MutEx,BIO_RESOURCE,MutEx,453,458,MutEx,
31588509,MutEx,BIO_RESOURCE,MutEx,622,627,MutEx,
31588509,MutEx,BIO_RESOURCE,MutEx,1052,1057,MutEx,
31588509,MutEx,BIO_RESOURCE,MutEx,1370,1375,MutEx,
22080558,HotRegion,BIO_RESOURCE,HotRegion,0,9,HotRegion,
22080558,a database of predicted hot spot clusters,BIO_RESOURCE,HotRegion,11,52,HotRegion,
22080558,HotRegion,BIO_RESOURCE,HotRegion,394,403,HotRegion,
22080558,HotRegion,BIO_RESOURCE,HotRegion,826,835,HotRegion,
30381914,MedPServer,BIO_RESOURCE,MedPServer,0,10,MedPServer,
30381914,MedPServer,BIO_RESOURCE,MedPServer,1244,1254,MedPServer,
24663501,DrugPath,BIO_RESOURCE,DrugPath,0,8,DrugPath,
24663501,DrugPath,BIO_RESOURCE,DrugPath,748,756,DrugPath,
24663501,DrugPath,BIO_RESOURCE,DrugPath,977,985,DrugPath,
24663501,DrugPath,BIO_RESOURCE,DrugPath,1334,1342,DrugPath,
25414382,a database of driver mutations in protein kinases,BIO_RESOURCE,Kin-driver,12,61,Kin-driver,
23110173,SEED,BIO_RESOURCE,SEED,0,4,SEED,
23110173,SEED,BIO_RESOURCE,SEED,45,49,SEED,
23110173,SEED,BIO_RESOURCE,SEED,646,650,SEED,
23110173,SEED,BIO_RESOURCE,SEED,1025,1029,SEED,
23110173,SEED,BIO_RESOURCE,SEED,1138,1142,SEED,
23110173,SEED,BIO_RESOURCE,SEED,1170,1174,SEED,
23110173,SEED,BIO_RESOURCE,SEED,1526,1530,SEED,
23110173,SEED,BIO_RESOURCE,SEED,2016,2020,SEED,
24498619,Hemophilia B mutation project,BIO_RESOURCE,CHBMP,8,37,CHBMP,Hemophilia B mutation project
24498619,CHBMP,BIO_RESOURCE,CHBMP,517,522,CHBMP,Hemophilia B mutation project
24498619,CHBMP,BIO_RESOURCE,CHBMP,1148,1153,CHBMP,Hemophilia B mutation project
25527095,The Cancer Genome Atlas,BIO_RESOURCE,TCGA,159,182,NetGestalt,
25527095,TCGA,BIO_RESOURCE,TCGA,184,188,NetGestalt,
25527095,NetGestalt,BIO_RESOURCE,NetGestalt,386,396,NetGestalt,
25527095,NetGestalt,BIO_RESOURCE,NetGestalt,489,499,NetGestalt,
25527095,TCGA,BIO_RESOURCE,TCGA,593,597,NetGestalt,
25527095,NetGestalt,BIO_RESOURCE,NetGestalt,1312,1322,NetGestalt,
29069473,Genome Variation Map,BIO_RESOURCE,GVM,0,20,GVM,Genome Variation Map
29069473,Genome Variation Map,BIO_RESOURCE,GVM,85,105,GVM,Genome Variation Map
29069473,GVM,BIO_RESOURCE,GVM,107,110,GVM,Genome Variation Map
29069473,GVM,BIO_RESOURCE,GVM,293,296,GVM,Genome Variation Map
29069473,GVM,BIO_RESOURCE,GVM,615,618,GVM,Genome Variation Map
29069473,GVM,BIO_RESOURCE,GVM,817,820,GVM,Genome Variation Map
29069473,GVM,BIO_RESOURCE,GVM,1107,1110,GVM,Genome Variation Map
29069473,GVM,BIO_RESOURCE,GVM,1223,1226,GVM,Genome Variation Map
23275726,Useful resource for Mycobacterium tuberculosis complex and nontuberculous mycobacterial proteases,BIO_RESOURCE,MycoProtease-DB,17,114,MycoProtease-DB,
23275726,MTB,BIO_RESOURCE,MTB,278,281,MycoProtease-DB,
23275726,MTB,BIO_RESOURCE,MTB,888,891,MycoProtease-DB,
33780471,MCPdb,BIO_RESOURCE,MCPdb,0,5,MCPdb,The bacterial microcompartment database
33780471,The bacterial microcompartment database,BIO_RESOURCE,MCPdb,7,46,MCPdb,The bacterial microcompartment database
33780471,MCPdb,BIO_RESOURCE,MCPdb,1087,1092,MCPdb,The bacterial microcompartment database
33780471,MCPdb,BIO_RESOURCE,MCPdb,1165,1170,MCPdb,The bacterial microcompartment database
33780471,MCPdb,BIO_RESOURCE,MCPdb,1426,1431,MCPdb,The bacterial microcompartment database
32291734,Auditory English Lexicon Project,BIO_RESOURCE,AELP,4,36,AELP,Auditory English Lexicon Project
32291734,Auditory English Lexicon Project,BIO_RESOURCE,AELP,134,166,AELP,Auditory English Lexicon Project
32291734,AELP,BIO_RESOURCE,AELP,168,172,AELP,Auditory English Lexicon Project
32291734,AELP,BIO_RESOURCE,AELP,1097,1101,AELP,Auditory English Lexicon Project
36259664,CREAMMIST,BIO_RESOURCE,CREAMMIST,0,9,CREAMMIST,
36259664,an integrative probabilistic database for cancer drug response prediction,BIO_RESOURCE,CREAMMIST,11,84,CREAMMIST,
21349870,PDB,BIO_RESOURCE,PDB,429,432,MPID-T2,MHC-Peptide Interaction Database-T
23603846,Rat Genome Database,BIO_RESOURCE,RGD,76,95,RGD,Rat Genome Database
23603846,RGD,BIO_RESOURCE,RGD,97,100,RGD,Rat Genome Database
23603846,RGD,BIO_RESOURCE,RGD,549,552,RGD,Rat Genome Database
30365026,Victors,BIO_RESOURCE,Victors,0,7,Victors,
30365026,Victors,BIO_RESOURCE,Victors,327,334,Victors,
30365026,Victors,BIO_RESOURCE,Victors,541,548,Victors,
30365026,Victors,BIO_RESOURCE,Victors,1105,1112,Victors,
30365026,Victors,BIO_RESOURCE,Victors,1383,1390,Victors,
28708831,biochem4j,BIO_RESOURCE,biochem4j,0,9,biochem4j,
28708831,Integrated and extensible biochemical knowledge through graph databases,BIO_RESOURCE,biochem4j,11,82,biochem4j,
28708831,UniProt,BIO_RESOURCE,UniProt,199,206,biochem4j,
28708831,KEGG,BIO_RESOURCE,KEGG,208,212,biochem4j,
28708831,biochem4j,BIO_RESOURCE,biochem4j,1308,1317,biochem4j,
28708831,biochem4j,BIO_RESOURCE,biochem4j,1522,1531,biochem4j,
30721533,SiMPLOD,BIO_RESOURCE,SiMPLOD,0,7,SiMPLOD,Structurally-integrated database for Mutations of PLOD genes
30721533,Structurally-integrated database for Mutations of PLOD genes,BIO_RESOURCE,SiMPLOD,1027,1087,SiMPLOD,Structurally-integrated database for Mutations of PLOD genes
30721533,SiMPLOD,BIO_RESOURCE,SiMPLOD,1089,1096,SiMPLOD,Structurally-integrated database for Mutations of PLOD genes
30721533,SiMPLOD,BIO_RESOURCE,SiMPLOD,1295,1302,SiMPLOD,Structurally-integrated database for Mutations of PLOD genes
33121433,circVAR,BIO_RESOURCE,circVAR,0,7,circVAR,
33121433,circBase,BIO_RESOURCE,circBase,639,647,circVAR,
33121433,circVAR,BIO_RESOURCE,circVAR,745,752,circVAR,
33121433,circVAR,BIO_RESOURCE,circVAR,1470,1477,circVAR,
30774152,Dietary Supplement Label Database,BIO_RESOURCE,DSLD,10,43,DSLD,Dietary Supplement Label Database
30774152,Dietary Supplement Label Database,BIO_RESOURCE,DSLD,678,711,DSLD,Dietary Supplement Label Database
30774152,DSLD,BIO_RESOURCE,DSLD,713,717,DSLD,Dietary Supplement Label Database
30774152,DSLD,BIO_RESOURCE,DSLD,1701,1705,DSLD,Dietary Supplement Label Database
28821760,Breast Oncogenic Specific siRNAs,BIO_RESOURCE,Breast Oncogenic Specific siRNAs,528,560,Breast Oncogenic Specific siRNAs,Breast Oncogenic Specific siRNAs
37207350,CenhANCER,BIO_RESOURCE,CenhANCER,0,9,CenhANCER,
25451822,3D-Structure database of endocrine disrupting chemicals,BIO_RESOURCE,EDCs DataBank,15,70,EDCs DataBank,
25451822,PubChem,BIO_RESOURCE,PubChem,537,544,EDCs DataBank,
25336621,DBTMEE,BIO_RESOURCE,DBTMEE,0,6,DBTMEE,
25336621,a database of transcriptome in mouse early embryos,BIO_RESOURCE,DBTMEE,8,58,DBTMEE,
25336621,DBTMEE,BIO_RESOURCE,DBTMEE,60,66,DBTMEE,
25336621,DBTMEE,BIO_RESOURCE,DBTMEE,455,461,DBTMEE,
25336621,DBTMEE,BIO_RESOURCE,DBTMEE,903,909,DBTMEE,
31630971,The Cancer Genome Atlas,BIO_RESOURCE,TCGA,87,110,GESUR,
31630971,TCGA,BIO_RESOURCE,TCGA,112,116,GESUR,
31630971,GESUR,BIO_RESOURCE,GESUR,1308,1313,GESUR,
34893873,MODOMICS,BIO_RESOURCE,MODOMICS,0,8,MODOMICS,Modification Pathways Database
25428349,Online Mendelian Inheritance in Man,BIO_RESOURCE,OMIM,10,45,OMIM,Online Mendelian Inheritance in Man
25428349,OMIM,BIO_RESOURCE,OMIM,47,51,OMIM,Online Mendelian Inheritance in Man
25428349,Online Mendelian Inheritance in Man,BIO_RESOURCE,ncRPheno,111,146,OMIM,Online Mendelian Inheritance in Man
25428349,OMIM,BIO_RESOURCE,OMIM,148,152,OMIM,Online Mendelian Inheritance in Man
25428349,OMIM,BIO_RESOURCE,OMIM,339,343,OMIM,Online Mendelian Inheritance in Man
25428349,OMIM,BIO_RESOURCE,OMIM,403,407,OMIM,Online Mendelian Inheritance in Man
25428349,OMIM,BIO_RESOURCE,OMIM,759,763,OMIM,Online Mendelian Inheritance in Man
25428349,OMIM,BIO_RESOURCE,OMIM,958,962,OMIM,Online Mendelian Inheritance in Man
25428349,OMIM,BIO_RESOURCE,OMIM,1387,1391,OMIM,Online Mendelian Inheritance in Man
22102591,IBIS,BIO_RESOURCE,IBIS,0,4,IBIS,Inferred Biomolecular Interaction Server
22102591,Inferred Biomolecular Interaction Server,BIO_RESOURCE,IBIS,6,46,IBIS,Inferred Biomolecular Interaction Server
22102591,Inferred Biomolecular Interaction Server,BIO_RESOURCE,IBIS,167,207,IBIS,Inferred Biomolecular Interaction Server
22102591,IBIS,BIO_RESOURCE,IBIS,209,213,IBIS,Inferred Biomolecular Interaction Server
22102591,IBIS,BIO_RESOURCE,IBIS,440,444,IBIS,Inferred Biomolecular Interaction Server
22102591,IBIS,BIO_RESOURCE,IBIS,770,774,IBIS,Inferred Biomolecular Interaction Server
22102591,IBIS,BIO_RESOURCE,IBIS,841,845,IBIS,Inferred Biomolecular Interaction Server
22102591,IBIS,BIO_RESOURCE,IBIS,1084,1088,IBIS,Inferred Biomolecular Interaction Server
22102591,PDB,BIO_RESOURCE,PDB,1121,1124,IBIS,Inferred Biomolecular Interaction Server
22102591,RefSeq,BIO_RESOURCE,RefSeq,1224,1230,IBIS,Inferred Biomolecular Interaction Server
22102591,IBIS,BIO_RESOURCE,IBIS,1263,1267,IBIS,Inferred Biomolecular Interaction Server
22102591,IBIS,BIO_RESOURCE,IBIS,1312,1316,IBIS,Inferred Biomolecular Interaction Server
27173524,DPTEdb,BIO_RESOURCE,DPTEdb,0,6,DPTEdb,dioecious plant transposable element database
27173524,dioecious plant transposable element database,BIO_RESOURCE,DPTEdb,619,664,DPTEdb,dioecious plant transposable element database
27173524,DPTEdb,BIO_RESOURCE,DPTEdb,666,672,DPTEdb,dioecious plant transposable element database
27173524,DPTEdb,BIO_RESOURCE,DPTEdb,675,681,DPTEdb,dioecious plant transposable element database
27173524,DPTEdb,BIO_RESOURCE,DPTEdb,1064,1070,DPTEdb,dioecious plant transposable element database
30887928,VaxiJen,BIO_RESOURCE,VaxiJen,0,7,VaxiJen,
30887928,VaxiJen,BIO_RESOURCE,VaxiJen,158,165,VaxiJen,
30887928,VaxiJen,BIO_RESOURCE,VaxiJen,266,273,VaxiJen,
30887928,UniProtKB,BIO_RESOURCE,UniProtKB,711,720,VaxiJen,
30887928,VaxiJen,BIO_RESOURCE,VaxiJen,1129,1136,VaxiJen,
30887928,VaxiJen,BIO_RESOURCE,VaxiJen,1444,1451,VaxiJen,
26073932,Pedican,BIO_RESOURCE,Pedican,0,7,Pedican,of pediatric cancers
26073932,of pediatric cancers,BIO_RESOURCE,Pedican,545,565,Pedican,of pediatric cancers
26073932,Pedican,BIO_RESOURCE,Pedican,567,574,Pedican,of pediatric cancers
26073932,Pedican,BIO_RESOURCE,Pedican,716,723,Pedican,of pediatric cancers
26073932,Pedican,BIO_RESOURCE,Pedican,835,842,Pedican,of pediatric cancers
26073932,Pedican,BIO_RESOURCE,Pedican,1082,1089,Pedican,of pediatric cancers
26073932,Pedican,BIO_RESOURCE,Pedican,1453,1460,Pedican,of pediatric cancers
22135298,PhosphoSitePlus,BIO_RESOURCE,PhosphoSitePlus,0,15,PhosphoSitePlus,
22135298,PhosphoSitePlus,BIO_RESOURCE,PhosphoSitePlus,167,182,PhosphoSitePlus,
22135298,PhosphoSitePlus,BIO_RESOURCE,PhosphoSitePlus,1613,1628,PhosphoSitePlus,
24243842,LPSN,BIO_RESOURCE,LPSN,0,4,LPSN,List of Prokaryotic Names with Standing in Nomenclature
24243842,List of Prokaryotic Names with Standing in Nomenclature,BIO_RESOURCE,LPSN,67,122,LPSN,List of Prokaryotic Names with Standing in Nomenclature
24243842,LPSN,BIO_RESOURCE,LPSN,124,128,LPSN,List of Prokaryotic Names with Standing in Nomenclature
24243842,prokaryotes,BIO_RESOURCE,dbPSP,193,204,LPSN,List of Prokaryotic Names with Standing in Nomenclature
24243842,LPSN,BIO_RESOURCE,LPSN,501,505,LPSN,List of Prokaryotic Names with Standing in Nomenclature
24243842,prokaryotes,BIO_RESOURCE,dbPSP,542,553,LPSN,List of Prokaryotic Names with Standing in Nomenclature
21762488,EuroPineDB,BIO_RESOURCE,EuroPineDB,0,10,EuroPineDB,
21762488,a high-coverage web database for maritime pine transcriptome,BIO_RESOURCE,EuroPineDB,12,72,EuroPineDB,
21762488,EuroPineDB,BIO_RESOURCE,EuroPineDB,454,464,EuroPineDB,
21762488,KEGG,BIO_RESOURCE,KEGG,942,946,EuroPineDB,
21762488,InterPro,BIO_RESOURCE,InterPro,989,997,EuroPineDB,
21762488,EuroPineDB,BIO_RESOURCE,EuroPineDB,1885,1895,EuroPineDB,
32679723,PKIDB,BIO_RESOURCE,PKIDB,79,84,PKIDB,Protein Kinase Inhibitor Database
32679723,PKIDB,BIO_RESOURCE,PKIDB,460,465,PKIDB,Protein Kinase Inhibitor Database
32679723,PKIDB,BIO_RESOURCE,PKIDB,759,764,PKIDB,Protein Kinase Inhibitor Database
32679723,ChEMBL,BIO_RESOURCE,ChEMBL,817,823,PKIDB,Protein Kinase Inhibitor Database
32679723,PKIDB,BIO_RESOURCE,PKIDB,1153,1158,PKIDB,Protein Kinase Inhibitor Database
32679723,PKIDB,BIO_RESOURCE,PKIDB,1771,1776,PKIDB,Protein Kinase Inhibitor Database
31807141,BGISEQ-500,BIO_RESOURCE,BGISEQ-500,140,150,BGISEQ-500,
31807141,BGISEQ-500,BIO_RESOURCE,BGISEQ-500,195,205,BGISEQ-500,
31807141,BGISEQ-500,BIO_RESOURCE,BGISEQ-500,760,770,BGISEQ-500,
31807141,BGISEQ-500,BIO_RESOURCE,BGISEQ-500,2124,2134,BGISEQ-500,
29967752,Metaxa2,BIO_RESOURCE,Metaxa2,1433,1440,Metaxa2,
29967752,Metaxa2,BIO_RESOURCE,Metaxa2,1547,1554,Metaxa2,
29967752,Metaxa2,BIO_RESOURCE,Metaxa2,1653,1660,Metaxa2,
30245835,PGD,BIO_RESOURCE,PGD,0,3,PGD,Pineapple Genomics Database
30245835,Pineapple Genomics Database,BIO_RESOURCE,PGD,5,32,PGD,Pineapple Genomics Database
30245835,PGD,BIO_RESOURCE,PGD,290,293,PGD,Pineapple Genomics Database
30245835,PGD,BIO_RESOURCE,PGD,535,538,PGD,Pineapple Genomics Database
30245835,PGD,BIO_RESOURCE,PGD,750,753,PGD,Pineapple Genomics Database
30245835,PGD,BIO_RESOURCE,PGD,942,945,PGD,Pineapple Genomics Database
24271385,NGSmethDB,BIO_RESOURCE,NGSmethDB,0,9,NGSmethDB,
24271385,an updated genome resource for high quality,BIO_RESOURCE,NGSmethDB,11,54,NGSmethDB,
24271385,NGSmethDB,BIO_RESOURCE,NGSmethDB,119,128,NGSmethDB,
24271385,NGSmethDB,BIO_RESOURCE,NGSmethDB,1399,1408,NGSmethDB,
30395289,PRIDE,BIO_RESOURCE,PRIDE,4,9,PRIDE,Proteomics Identifications Database
30395289,PRIDE,BIO_RESOURCE,PRIDE,135,140,PRIDE,Proteomics Identifications Database
30395289,ProteomeXchange,BIO_RESOURCE,ProteomeXchange,314,329,PRIDE,Proteomics Identifications Database
30395289,PRIDE,BIO_RESOURCE,PRIDE,400,405,PRIDE,Proteomics Identifications Database
30395289,PRIDE,BIO_RESOURCE,PRIDE,569,574,PRIDE,Proteomics Identifications Database
30395289,PRIDE,BIO_RESOURCE,PRIDE,783,788,PRIDE,Proteomics Identifications Database
30395289,PRIDE,BIO_RESOURCE,PRIDE,824,829,PRIDE,Proteomics Identifications Database
30395289,PRIDE,BIO_RESOURCE,PRIDE,831,836,PRIDE,Proteomics Identifications Database
30395289,PRIDE,BIO_RESOURCE,PRIDE,1355,1360,PRIDE,Proteomics Identifications Database
30395289,Ensembl,BIO_RESOURCE,Ensembl,1433,1440,PRIDE,Proteomics Identifications Database
30395289,UniProt,BIO_RESOURCE,UniProt,1442,1449,PRIDE,Proteomics Identifications Database
23203870,EENdb,BIO_RESOURCE,EENdb,0,5,EENdb,engineered endonuclease database
23203870,engineered endonuclease database,BIO_RESOURCE,EENdb,121,153,EENdb,engineered endonuclease database
23203870,EENdb,BIO_RESOURCE,EENdb,155,160,EENdb,engineered endonuclease database
23203870,EENdb,BIO_RESOURCE,EENdb,808,813,EENdb,engineered endonuclease database
23203870,EENdb,BIO_RESOURCE,EENdb,1371,1376,EENdb,engineered endonuclease database
22096229,InterPro,BIO_RESOURCE,InterPro,0,8,InterPro,
22096229,InterPro,BIO_RESOURCE,InterPro,81,89,InterPro,
22096229,InterPro,BIO_RESOURCE,InterPro,465,473,InterPro,
33095885,IndiGenomes,BIO_RESOURCE,IndiGenomes,0,11,IndiGenomes,
33095885,IndiGenomes,BIO_RESOURCE,IndiGenomes,1020,1031,IndiGenomes,
33095885,IndiGenomes,BIO_RESOURCE,IndiGenomes,1074,1085,IndiGenomes,
22948725,Human Gene Mutation Database,BIO_RESOURCE,HGMD,4,32,HGMD,Human Gene Mutation Database
22948725,HGMD,BIO_RESOURCE,HGMD,34,38,HGMD,Human Gene Mutation Database
22948725,Human Gene Mutation Database,BIO_RESOURCE,HGMD,129,157,HGMD,Human Gene Mutation Database
22948725,HGMD,BIO_RESOURCE,HGMD,159,163,HGMD,Human Gene Mutation Database
22948725,HGMD,BIO_RESOURCE,HGMD,636,640,HGMD,Human Gene Mutation Database
22948725,HGMD,BIO_RESOURCE,HGMD,810,814,HGMD,Human Gene Mutation Database
22948725,HGMD,BIO_RESOURCE,HGMD,1052,1056,HGMD,Human Gene Mutation Database
24163100,uORFdb,BIO_RESOURCE,uORFdb,0,6,uORFdb,
24163100,uORFdb,BIO_RESOURCE,uORFdb,291,297,uORFdb,
24163100,uORFdb,BIO_RESOURCE,uORFdb,898,904,uORFdb,
21718534,CANGS,BIO_RESOURCE,CANGS,0,5,CANGS,Analyzing Next Generation Sequences DataBase
21718534,CANGS,BIO_RESOURCE,CANGS,1000,1005,CANGS,Analyzing Next Generation Sequences DataBase
21718534,Analyzing Next Generation Sequences DataBase,BIO_RESOURCE,CANGS,1023,1067,CANGS,Analyzing Next Generation Sequences DataBase
21718534,CANGS,BIO_RESOURCE,CANGS,1137,1142,CANGS,Analyzing Next Generation Sequences DataBase
21718534,CANGS,BIO_RESOURCE,CANGS,1267,1272,CANGS,Analyzing Next Generation Sequences DataBase
21718534,CANGS,BIO_RESOURCE,CANGS,1673,1678,CANGS,Analyzing Next Generation Sequences DataBase
21718534,CANGS,BIO_RESOURCE,CANGS,1762,1767,CANGS,Analyzing Next Generation Sequences DataBase
21718534,CANGS,BIO_RESOURCE,CANGS,2022,2027,CANGS,Analyzing Next Generation Sequences DataBase
33811468,virusMS,BIO_RESOURCE,virusMS,699,706,virusMS,
33811468,virusMS,BIO_RESOURCE,virusMS,1166,1173,virusMS,
25326239,DEOP,BIO_RESOURCE,DEOP,0,4,DEOP,ragon Explorer of Osmoprotection associated Pathways
25326239,DEOP,BIO_RESOURCE,DEOP,612,616,DEOP,ragon Explorer of Osmoprotection associated Pathways
25326239,DEOP,BIO_RESOURCE,DEOP,890,894,DEOP,ragon Explorer of Osmoprotection associated Pathways
25326239,DEOP,BIO_RESOURCE,DEOP,1085,1089,DEOP,ragon Explorer of Osmoprotection associated Pathways
25326239,DEOP,BIO_RESOURCE,DEOP,1352,1356,DEOP,ragon Explorer of Osmoprotection associated Pathways
37258914,EPIPOX,BIO_RESOURCE,EPIPOX,0,6,EPIPOX,
37258914,A Resource Facilitating Epitope-Vaccine Design Against Human Pathogenic Orthopoxviruses,BIO_RESOURCE,EPIPOX,8,95,EPIPOX,
25435547,MPIC,BIO_RESOURCE,MPIC,0,4,MPIC,Mitochondrial Protein Import Components Database
25435547,MPIC,BIO_RESOURCE,MPIC,471,475,MPIC,Mitochondrial Protein Import Components Database
25435547,MPIC,BIO_RESOURCE,MPIC,1080,1084,MPIC,Mitochondrial Protein Import Components Database
25435547,MPIC,BIO_RESOURCE,MPIC,1226,1230,MPIC,Mitochondrial Protein Import Components Database
25435547,MPIC,BIO_RESOURCE,MPIC,1493,1497,MPIC,Mitochondrial Protein Import Components Database
22260278,Influenza Research Database,BIO_RESOURCE,IRD,373,400,IRD,Influenza Research Database
22260278,IRD,BIO_RESOURCE,IRD,402,405,IRD,Influenza Research Database
22260278,IRD,BIO_RESOURCE,IRD,601,604,IRD,Influenza Research Database
22260278,IRD,BIO_RESOURCE,IRD,936,939,IRD,Influenza Research Database
22260278,IRD,BIO_RESOURCE,IRD,1233,1236,IRD,Influenza Research Database
22260278,IRD,BIO_RESOURCE,IRD,1749,1752,IRD,Influenza Research Database
24288368,Ribosomal Database Project,BIO_RESOURCE,RDP,0,26,RDP,Ribosomal Database Project
24288368,Ribosomal Database Project,BIO_RESOURCE,RDP,78,104,RDP,Ribosomal Database Project
24288368,RDP,BIO_RESOURCE,RDP,106,109,RDP,Ribosomal Database Project
24288368,RDP,BIO_RESOURCE,RDP,306,309,RDP,Ribosomal Database Project
24288368,RDP,BIO_RESOURCE,RDP,321,324,RDP,Ribosomal Database Project
24288368,RDP,BIO_RESOURCE,RDP,591,594,RDP,Ribosomal Database Project
24288368,RDP,BIO_RESOURCE,RDP,657,660,RDP,Ribosomal Database Project
24288368,RDP,BIO_RESOURCE,RDP,1004,1007,RDP,Ribosomal Database Project
32976581,STAB,BIO_RESOURCE,STAB,0,4,STAB,Spatio-Temporal cell Atlas of the human Brain
32976581,STAB,BIO_RESOURCE,STAB,764,768,STAB,Spatio-Temporal cell Atlas of the human Brain
32976581,Spatio-Temporal cell Atlas of the human Brain,BIO_RESOURCE,STAB,772,817,STAB,Spatio-Temporal cell Atlas of the human Brain
32976581,STAB,BIO_RESOURCE,STAB,938,942,STAB,Spatio-Temporal cell Atlas of the human Brain
32976581,STAB,BIO_RESOURCE,STAB,1069,1073,STAB,Spatio-Temporal cell Atlas of the human Brain
32976581,STAB,BIO_RESOURCE,STAB,1326,1330,STAB,Spatio-Temporal cell Atlas of the human Brain
31647100,Bovine Genome Database,BIO_RESOURCE,BGD,0,22,BGD,Bovine Genome Database
31647100,Bovine Genome Database,BIO_RESOURCE,BGD,77,99,BGD,Bovine Genome Database
31647100,BGD,BIO_RESOURCE,BGD,101,104,BGD,Bovine Genome Database
31647100,BGD,BIO_RESOURCE,BGD,285,288,BGD,Bovine Genome Database
31647100,BGD,BIO_RESOURCE,BGD,397,400,BGD,Bovine Genome Database
31647100,BGD,BIO_RESOURCE,BGD,556,559,BGD,Bovine Genome Database
31647100,BGD,BIO_RESOURCE,BGD,791,794,BGD,Bovine Genome Database
35595213,RNA2Immune,BIO_RESOURCE,RNA2Immune,0,10,RNA2Immune,
31095607,CiliaCarta,BIO_RESOURCE,CiliaCarta,0,10,CiliaCarta,
31095607,An integrated and validated compendium of ciliary genes,BIO_RESOURCE,CiliaCarta,12,67,CiliaCarta,
31095607,CiliaCarta,BIO_RESOURCE,CiliaCarta,1047,1057,CiliaCarta,
35549894,Galbase,BIO_RESOURCE,Galbase,0,7,Galbase,
35549894,a comprehensive repository for integrating chicken multi-omics data,BIO_RESOURCE,Galbase,9,76,Galbase,
24265223,EMBRYS,BIO_RESOURCE,EMBRYS,1271,1277,Electronic Mouse Atlas of Gene Expression,Electronic Mouse Atlas of Gene Expression
35143074,DECIPHER,BIO_RESOURCE,DECIPHER,0,8,DECIPHER,
34174131,CanVaS,BIO_RESOURCE,CanVaS,0,6,CanVaS,Cancer Variation
34174131,CanVaS,BIO_RESOURCE,CanVaS,243,249,CanVaS,Cancer Variation
34174131,Cancer Variation,BIO_RESOURCE,CanVaS,253,269,CanVaS,Cancer Variation
34174131,CanVaS,BIO_RESOURCE,CanVaS,350,356,CanVaS,Cancer Variation
34174131,CanVaS,BIO_RESOURCE,CanVaS,1340,1346,CanVaS,Cancer Variation
34147352,MPSBase,BIO_RESOURCE,MPSBase,0,7,MPSBase,
34147352,Comprehensive repository of differentially expressed genes for mucopolysaccharidoses,BIO_RESOURCE,MPSBase,9,93,MPSBase,
34147352,GEO,BIO_RESOURCE,GEO,685,688,MPSBase,
34147352,CPD,BIO_RESOURCE,CPD,785,788,MPSBase,
34147352,KEGG,BIO_RESOURCE,KEGG,1336,1340,MPSBase,
34147352,MPSBase,BIO_RESOURCE,MPSBase,1786,1793,MPSBase,
37699323,ATOdb,BIO_RESOURCE,ATOdb,52,57,ATOdb,
33095866,VARAdb,BIO_RESOURCE,VARAdb,0,6,VARAdb,comprehensive variation annotation database for human
33095866,comprehensive variation annotation database for human,BIO_RESOURCE,VARAdb,10,63,VARAdb,comprehensive variation annotation database for human
33095866,comprehensive variation annotation database for human,BIO_RESOURCE,VARAdb,402,455,VARAdb,comprehensive variation annotation database for human
33095866,VARAdb,BIO_RESOURCE,VARAdb,457,463,VARAdb,comprehensive variation annotation database for human
33095866,VARAdb,BIO_RESOURCE,VARAdb,551,557,VARAdb,comprehensive variation annotation database for human
33095866,VARAdb,BIO_RESOURCE,VARAdb,765,771,VARAdb,comprehensive variation annotation database for human
33095866,VARAdb,BIO_RESOURCE,VARAdb,1447,1453,VARAdb,comprehensive variation annotation database for human
36099422,IEAtlas,BIO_RESOURCE,IEAtlas,0,7,IEAtlas,
36099422,an atlas of HLA-presented immune epitopes derived from non-coding regions,BIO_RESOURCE,IEAtlas,9,82,IEAtlas,
32990748,miRNASNP,BIO_RESOURCE,miRNASNP,0,8,miRNASNP-v3,
32990748,miRNASNP,BIO_RESOURCE,miRNASNP,376,384,miRNASNP-v3,
32990748,miRNASNP,BIO_RESOURCE,miRNASNP,476,484,miRNASNP-v3,
32990748,miRNASNP,BIO_RESOURCE,miRNASNP,734,742,miRNASNP-v3,
32990748,miRNASNP,BIO_RESOURCE,miRNASNP,1397,1405,miRNASNP-v3,
36243963,PAT,BIO_RESOURCE,PAT,0,3,PAT,prokaryotic antimicrobial toxin database
32286817,TeroKit,BIO_RESOURCE,TeroKit,0,7,TeroKit,
32286817,A Database-Driven Web Server for Terpenome Research,BIO_RESOURCE,TeroKit,9,60,TeroKit,
32286817,publically available,BIO_RESOURCE,iFISH,684,704,TeroKit,
32286817,TeroKit,BIO_RESOURCE,TeroKit,818,825,TeroKit,
26527719,CEGA,BIO_RESOURCE,CEGA,0,4,CEGA,Conserved Elements from Genomic Alignments
26527719,Conserved Elements from Genomic Alignments,BIO_RESOURCE,CEGA,845,887,CEGA,Conserved Elements from Genomic Alignments
26527719,CEGA,BIO_RESOURCE,CEGA,889,893,CEGA,Conserved Elements from Genomic Alignments
26527719,CEGA,BIO_RESOURCE,CEGA,1042,1046,CEGA,Conserved Elements from Genomic Alignments
26527719,CEGA,BIO_RESOURCE,CEGA,1711,1715,CEGA,Conserved Elements from Genomic Alignments
27543076,RNALocate,BIO_RESOURCE,RNALocate,0,9,RNALocate,
27543076,a resource for RNA subcellular localizations,BIO_RESOURCE,RNALocate,11,55,RNALocate,
27543076,RNALocate,BIO_RESOURCE,RNALocate,267,276,RNALocate,
27543076,RNALocate,BIO_RESOURCE,RNALocate,466,475,RNALocate,
27543076,RNALocate,BIO_RESOURCE,RNALocate,828,837,RNALocate,
27543076,RNALocate,BIO_RESOURCE,RNALocate,944,953,RNALocate,
28420402,SSER,BIO_RESOURCE,SSER,0,4,SSER,Species specific essential reactions database
28420402,Species specific essential reactions database,BIO_RESOURCE,SSER,6,51,SSER,Species specific essential reactions database
28420402,BRENDA,BIO_RESOURCE,BRENDA,469,475,SSER,Species specific essential reactions database
28420402,BiGG,BIO_RESOURCE,BiGG,477,481,SSER,Species specific essential reactions database
28420402,KEGG,BIO_RESOURCE,KEGG,483,487,SSER,Species specific essential reactions database
28420402,SSER,BIO_RESOURCE,SSER,849,853,SSER,Species specific essential reactions database
28420402,SSER,BIO_RESOURCE,SSER,1343,1347,SSER,Species specific essential reactions database
31680165,DisGeNET,BIO_RESOURCE,DisGeNET,4,12,DisGeNET,
31680165,DisGeNET,BIO_RESOURCE,DisGeNET,569,577,DisGeNET,
31680165,DisGeNET,BIO_RESOURCE,DisGeNET,777,785,DisGeNET,
31680165,DisGeNET,BIO_RESOURCE,DisGeNET,1003,1011,DisGeNET,
31680165,DisGeNET,BIO_RESOURCE,DisGeNET,1354,1362,DisGeNET,
28651291,of Chloroplast Genome Sequences,BIO_RESOURCE,GenomeTrakrCP,44,75,GenomeTrakrCP,of Chloroplast Genome Sequences
28651291,GenomeTrakrCP,BIO_RESOURCE,GenomeTrakrCP,77,90,GenomeTrakrCP,of Chloroplast Genome Sequences
28651291,GenomeTrakrCP,BIO_RESOURCE,GenomeTrakrCP,833,846,GenomeTrakrCP,of Chloroplast Genome Sequences
28651291,GenomeTrakrCP,BIO_RESOURCE,GenomeTrakrCP,1359,1372,GenomeTrakrCP,of Chloroplast Genome Sequences
23793747,Linc2GO,BIO_RESOURCE,Linc2GO,0,7,Linc2GO,
23793747,a human LincRNA function annotation resource based on ceRNA hypothesis,BIO_RESOURCE,Linc2GO,9,79,Linc2GO,
23793747,Linc2GO,BIO_RESOURCE,Linc2GO,419,426,Linc2GO,
23793747,Linc2GO,BIO_RESOURCE,Linc2GO,713,720,Linc2GO,
29178828,CrusTF,BIO_RESOURCE,CrusTF,0,6,CrusTF,
29178828,CrusTF,BIO_RESOURCE,CrusTF,1173,1179,CrusTF,
29178828,CrusTF,BIO_RESOURCE,CrusTF,1349,1355,CrusTF,
29178828,CrusTF,BIO_RESOURCE,CrusTF,1569,1575,CrusTF,
29178828,CrusTF,BIO_RESOURCE,CrusTF,1756,1762,CrusTF,
29178828,CrusTF,BIO_RESOURCE,CrusTF,2332,2338,CrusTF,
26631132,Saccharomyces Genome Database,BIO_RESOURCE,SGD,4,33,SGD,Saccharomyces Genome Database
26631132,Saccharomyces Genome Database,BIO_RESOURCE,SGD,61,90,SGD,Saccharomyces Genome Database
26631132,SGD,BIO_RESOURCE,SGD,92,95,SGD,Saccharomyces Genome Database
26631132,SGD,BIO_RESOURCE,SGD,198,201,SGD,Saccharomyces Genome Database
26631132,SGD,BIO_RESOURCE,SGD,795,798,SGD,Saccharomyces Genome Database
26631132,SGD,BIO_RESOURCE,SGD,887,890,SGD,Saccharomyces Genome Database
26631132,SGD,BIO_RESOURCE,SGD,1037,1040,SGD,Saccharomyces Genome Database
22659196,Alkamid,BIO_RESOURCE,Alkamid,0,7,Alkamid,
22659196,Alkamid,BIO_RESOURCE,Alkamid,737,744,Alkamid,
22659196,Alkamid,BIO_RESOURCE,Alkamid,1504,1511,Alkamid,
32976578,UCSC Genome Browser,BIO_RESOURCE,UCSC Genome Browser,1419,1438,TREND-DB,
36300636,a comprehensive SNP database for multiple animals,BIO_RESOURCE,Animal-SNPAtlas,17,66,Animal-SNPAtlas,
30945201,CANTATAdb,BIO_RESOURCE,CANTATAdb,0,9,CANTATAdb,
30945201,CANTATAdb,BIO_RESOURCE,CANTATAdb,554,563,CANTATAdb,
30945201,CANTATAdb,BIO_RESOURCE,CANTATAdb,1001,1010,CANTATAdb,
22701463,Medicago PhosphoProtein Database,BIO_RESOURCE,Medicago PhosphoProtein Database,0,32,Medicago PhosphoProtein Database,Medicago PhosphoProtein Database
22701463,Medicago PhosphoProtein Database,BIO_RESOURCE,Medicago PhosphoProtein Database,545,577,Medicago PhosphoProtein Database,Medicago PhosphoProtein Database
35411388,SCOPe,BIO_RESOURCE,SCOPe,128,133,PASS2,
34718713,mBodyMap,BIO_RESOURCE,mBodyMap,0,8,mBodyMap,
25740460,PhytoREF,BIO_RESOURCE,PhytoREF,0,8,PhytoREF,
25740460,PhytoREF,BIO_RESOURCE,PhytoREF,782,790,PhytoREF,
25740460,PhytoREF,BIO_RESOURCE,PhytoREF,1519,1527,PhytoREF,
25740460,PhytoREF,BIO_RESOURCE,PhytoREF,1610,1618,PhytoREF,
25740460,PhytoREF,BIO_RESOURCE,PhytoREF,1666,1674,PhytoREF,
34859531,gnomAD,BIO_RESOURCE,gnomAD,64,70,gnomAD,Genome Aggregation Database
34859531,Genome Aggregation Database,BIO_RESOURCE,gnomAD,352,379,gnomAD,Genome Aggregation Database
34859531,gnomAD,BIO_RESOURCE,gnomAD,381,387,gnomAD,Genome Aggregation Database
34859531,gnomAD,BIO_RESOURCE,gnomAD,563,569,gnomAD,Genome Aggregation Database
34859531,gnomAD,BIO_RESOURCE,gnomAD,718,724,gnomAD,Genome Aggregation Database
31036810,Animal Social Network Repository,BIO_RESOURCE,ASNR,427,459,ASNR,Animal Social Network Repository
31036810,ASNR,BIO_RESOURCE,ASNR,461,465,ASNR,Animal Social Network Repository
31036810,ASNR,BIO_RESOURCE,ASNR,869,873,ASNR,Animal Social Network Repository
34791421,ProteomicsDB,BIO_RESOURCE,ProteomicsDB,0,12,ProteomicsDB,
34791421,toward a FAIR open-source resource for life-science research,BIO_RESOURCE,ProteomicsDB,14,74,ProteomicsDB,
31680137,ANISEED,BIO_RESOURCE,ANISEED,0,7,ANISEED,
31680137,ANISEED,BIO_RESOURCE,ANISEED,81,88,ANISEED,
31680137,Genomicus,BIO_RESOURCE,Genomicus,1037,1046,ANISEED,
22096231,eggNOG,BIO_RESOURCE,eggNOG,0,6,eggNOG,evolutionary gene genealogy Non-supervised Orthologous Groups
22096231,eggNOG,BIO_RESOURCE,eggNOG,275,281,eggNOG,evolutionary gene genealogy Non-supervised Orthologous Groups
22096231,eggNOG,BIO_RESOURCE,eggNOG,458,464,eggNOG,evolutionary gene genealogy Non-supervised Orthologous Groups
22096231,SIMAP,BIO_RESOURCE,SIMAP,601,606,eggNOG,evolutionary gene genealogy Non-supervised Orthologous Groups
22096231,eggNOG,BIO_RESOURCE,eggNOG,857,863,eggNOG,evolutionary gene genealogy Non-supervised Orthologous Groups
22096231,COGs,BIO_RESOURCE,COGs,993,997,eggNOG,evolutionary gene genealogy Non-supervised Orthologous Groups
31665425,TFBSshape,BIO_RESOURCE,TFBSshape,0,9,TFBSshape,
31665425,TFBSshape,BIO_RESOURCE,TFBSshape,100,109,TFBSshape,
31665425,TFBSshape,BIO_RESOURCE,TFBSshape,448,457,TFBSshape,
31665425,TFBSshape,BIO_RESOURCE,TFBSshape,560,569,TFBSshape,
31665425,JASPAR,BIO_RESOURCE,JASPAR,800,806,TFBSshape,
31665425,UniPROBE,BIO_RESOURCE,UniPROBE,811,819,TFBSshape,
31665425,MeDReaders,BIO_RESOURCE,MeDReaders,952,962,TFBSshape,
31665425,TFBSshape,BIO_RESOURCE,TFBSshape,973,982,TFBSshape,
34387941,PharmGKB,BIO_RESOURCE,PharmGKB,0,8,PharmGKB,Pharmacogenomics Knowledgebase
34387941,Pharmacogenomic,BIO_RESOURCE,GPIeR,36,51,PharmGKB,Pharmacogenomics Knowledgebase
34387941,Pharmacogenomics Knowledgebase,BIO_RESOURCE,PharmGKB,67,97,PharmGKB,Pharmacogenomics Knowledgebase
34387941,PharmGKB,BIO_RESOURCE,PharmGKB,99,107,PharmGKB,Pharmacogenomics Knowledgebase
34387941,PharmGKB,BIO_RESOURCE,PharmGKB,567,575,PharmGKB,Pharmacogenomics Knowledgebase
34387941,PharmGKB,BIO_RESOURCE,PharmGKB,759,767,PharmGKB,Pharmacogenomics Knowledgebase
34387941,PharmGKB,BIO_RESOURCE,PharmGKB,985,993,PharmGKB,Pharmacogenomics Knowledgebase
34387941,PharmGKB,BIO_RESOURCE,PharmGKB,1139,1147,PharmGKB,Pharmacogenomics Knowledgebase
34387941,PharmGKB,BIO_RESOURCE,PharmGKB,1254,1262,PharmGKB,Pharmacogenomics Knowledgebase
34387941,PharmGKB,BIO_RESOURCE,PharmGKB,1386,1394,PharmGKB,Pharmacogenomics Knowledgebase
34387941,PharmGKB,BIO_RESOURCE,PharmGKB,1441,1449,PharmGKB,Pharmacogenomics Knowledgebase
26800861,EchinoDB,BIO_RESOURCE,EchinoDB,0,8,EchinoDB,
26800861,EchinoDB,BIO_RESOURCE,EchinoDB,883,891,EchinoDB,
26800861,EchinoDB,BIO_RESOURCE,EchinoDB,920,928,EchinoDB,
26800861,EchinoDB,BIO_RESOURCE,EchinoDB,1469,1477,EchinoDB,
21541042,FurinDB,BIO_RESOURCE,FurinDB,0,7,FurinDB,
21541042,A database of 20-residue furin cleavage site motifs,BIO_RESOURCE,FurinDB,9,60,FurinDB,
21541042,FurinDB,BIO_RESOURCE,FurinDB,101,108,FurinDB,
21541042,FurinDB,BIO_RESOURCE,FurinDB,1297,1304,FurinDB,
33331653,DATAMAN,BIO_RESOURCE,DATAMAN,0,7,DATAMAN,
33331653,DATAMAN,BIO_RESOURCE,DATAMAN,673,680,DATAMAN,
33331653,DATAMAN,BIO_RESOURCE,DATAMAN,1956,1963,DATAMAN,
26896846,NALDB,BIO_RESOURCE,NALDB,0,5,NALDB,Nucleic acid ligand database
26896846,Nucleic acid ligand database,BIO_RESOURCE,NALDB,80,108,NALDB,Nucleic acid ligand database
26896846,NALDB,BIO_RESOURCE,NALDB,110,115,NALDB,Nucleic acid ligand database
26896846,NALDB,BIO_RESOURCE,NALDB,291,296,NALDB,Nucleic acid ligand database
26896846,NALDB,BIO_RESOURCE,NALDB,389,394,NALDB,Nucleic acid ligand database
26896846,NALDB,BIO_RESOURCE,NALDB,1126,1131,NALDB,Nucleic acid ligand database
26896846,NALDB,BIO_RESOURCE,NALDB,1281,1286,NALDB,Nucleic acid ligand database
26896846,NALDB,BIO_RESOURCE,NALDB,1556,1561,NALDB,Nucleic acid ligand database
26896846,NALDB,BIO_RESOURCE,NALDB,1848,1853,NALDB,Nucleic acid ligand database
33270889,MethHC,BIO_RESOURCE,MethHC,0,6,MethHC,
33270889,MethHC,BIO_RESOURCE,MethHC,220,226,MethHC,
33270889,MethHC,BIO_RESOURCE,MethHC,240,246,MethHC,
33270889,MethHC,BIO_RESOURCE,MethHC,417,423,MethHC,
33270889,TCGA,BIO_RESOURCE,TCGA,604,608,MethHC,
33270889,GEO,BIO_RESOURCE,GEO,613,616,MethHC,
33270889,MethHC,BIO_RESOURCE,MethHC,738,744,MethHC,
33270889,MethHC,BIO_RESOURCE,MethHC,1276,1282,MethHC,
23104377,ClusterMine360,BIO_RESOURCE,ClusterMine360,0,14,ClusterMine360,
23104377,ClusterMine360,BIO_RESOURCE,ClusterMine360,63,77,ClusterMine360,
21928249,Nanosized Cancer Polymarker Biochip Project,BIO_RESOURCE,Nanosized Cancer Polymarker Biochip Project,54,97,Nanosized Cancer Polymarker Biochip Project,Nanosized Cancer Polymarker Biochip Project
21928249,Nanosized Cancer Polymarker Biochip Project,BIO_RESOURCE,Nanosized Cancer Polymarker Biochip Project,137,180,Nanosized Cancer Polymarker Biochip Project,Nanosized Cancer Polymarker Biochip Project
21928249,Nanosized Cancer Polymarker Biochip Project,BIO_RESOURCE,Nanosized Cancer Polymarker Biochip Project,1181,1224,Nanosized Cancer Polymarker Biochip Project,Nanosized Cancer Polymarker Biochip Project
29069517,FlyBase,BIO_RESOURCE,FlyBase,507,514,iBeetle-Base,
23193267,Protist Ribosomal Reference database,BIO_RESOURCE,PR(2,4,40,PR(2,Protist Ribosomal Reference database
23193267,Protist Ribosomal Reference database,BIO_RESOURCE,PR(2,330,366,PR(2,Protist Ribosomal Reference database
23193267,PR(2,BIO_RESOURCE,PR(2,368,372,PR(2,Protist Ribosomal Reference database
23193267,GenBank,BIO_RESOURCE,GenBank,1527,1534,PR(2,Protist Ribosomal Reference database
37042720,sInterBase,BIO_RESOURCE,sInterBase,0,10,sInterBase,
37042720,a comprehensive database of Escherichia coli sRNA-mRNA interactions,BIO_RESOURCE,sInterBase,12,79,sInterBase,
23180793,IPD,BIO_RESOURCE,IPD,0,3,IPD,The Immuno Polymorphism Database
23180793,The Immuno Polymorphism Database,BIO_RESOURCE,IPD,39,71,IPD,The Immuno Polymorphism Database
23180793,IPD,BIO_RESOURCE,IPD,73,76,IPD,The Immuno Polymorphism Database
23180793,IPD,BIO_RESOURCE,IPD,206,209,IPD,The Immuno Polymorphism Database
23180793,IPD,BIO_RESOURCE,IPD,346,349,IPD,The Immuno Polymorphism Database
23180793,IPD,BIO_RESOURCE,IPD,378,381,IPD,The Immuno Polymorphism Database
23180793,IPD,BIO_RESOURCE,IPD,441,444,IPD,The Immuno Polymorphism Database
23180793,IPD,BIO_RESOURCE,IPD,483,486,IPD,The Immuno Polymorphism Database
23180793,KIR,BIO_RESOURCE,KIR,487,490,IPD,The Immuno Polymorphism Database
23180793,IPD,BIO_RESOURCE,IPD,569,572,IPD,The Immuno Polymorphism Database
23180793,IPD,BIO_RESOURCE,IPD,664,667,IPD,The Immuno Polymorphism Database
23180793,HPA,BIO_RESOURCE,HPA,668,671,IPD,The Immuno Polymorphism Database
23180793,IPD,BIO_RESOURCE,IPD,719,722,IPD,The Immuno Polymorphism Database
23180793,IPD,BIO_RESOURCE,IPD,1024,1027,IPD,The Immuno Polymorphism Database
31809863,PsyMuKB,BIO_RESOURCE,PsyMuKB,0,7,PsyMuKB,NeuroPsychiatric Mutation Knowledge Base
31809863,NeuroPsychiatric Mutation Knowledge Base,BIO_RESOURCE,PsyMuKB,942,982,PsyMuKB,NeuroPsychiatric Mutation Knowledge Base
31809863,PsyMuKB,BIO_RESOURCE,PsyMuKB,984,991,PsyMuKB,NeuroPsychiatric Mutation Knowledge Base
31809863,PsyMuKB,BIO_RESOURCE,PsyMuKB,1161,1168,PsyMuKB,NeuroPsychiatric Mutation Knowledge Base
31809863,PsyMuKB,BIO_RESOURCE,PsyMuKB,1613,1620,PsyMuKB,NeuroPsychiatric Mutation Knowledge Base
31809863,PsyMuKB,BIO_RESOURCE,PsyMuKB,1748,1755,PsyMuKB,NeuroPsychiatric Mutation Knowledge Base
28160322,ATLAS,BIO_RESOURCE,ATLAS,0,5,ATLAS,Altered TCR Ligand Affinities and Structures
28160322,ATLAS,BIO_RESOURCE,ATLAS,110,115,ATLAS,Altered TCR Ligand Affinities and Structures
28160322,Altered TCR Ligand Affinities and Structures,BIO_RESOURCE,ATLAS,117,161,ATLAS,Altered TCR Ligand Affinities and Structures
28160322,ATLAS,BIO_RESOURCE,ATLAS,811,816,ATLAS,Altered TCR Ligand Affinities and Structures
28160322,ATLAS,BIO_RESOURCE,ATLAS,986,991,ATLAS,Altered TCR Ligand Affinities and Structures
30462313,Cistrome Data Browser,BIO_RESOURCE,Cistrome DB,0,21,Cistrome DB,Cistrome Data Browser
30462313,Cistrome Data Browser,BIO_RESOURCE,Cistrome DB,89,110,Cistrome DB,Cistrome Data Browser
30462313,Cistrome,BIO_RESOURCE,Cistrome,443,451,Cistrome DB,Cistrome Data Browser
30462313,Cistrome,BIO_RESOURCE,Cistrome,617,625,Cistrome DB,Cistrome Data Browser
30462313,Cistrome,BIO_RESOURCE,Cistrome,872,880,Cistrome DB,Cistrome Data Browser
30462313,Cistrome,BIO_RESOURCE,Cistrome,1208,1216,Cistrome DB,Cistrome Data Browser
24185698,LSD,BIO_RESOURCE,LSD,0,3,LSD,leaf senescence database
24185698,leaf senescence database,BIO_RESOURCE,LSD,26,50,LSD,leaf senescence database
24185698,leaf senescence database,BIO_RESOURCE,LSD,95,119,LSD,leaf senescence database
24185698,LSD,BIO_RESOURCE,LSD,121,124,LSD,leaf senescence database
24185698,LSD,BIO_RESOURCE,LSD,178,181,LSD,leaf senescence database
24185698,LSD,BIO_RESOURCE,LSD,417,420,LSD,leaf senescence database
24185698,LSD,BIO_RESOURCE,LSD,438,441,LSD,leaf senescence database
24185698,Arabidopsis Information Resource,BIO_RESOURCE,TAIR,931,963,LSD,leaf senescence database
24185698,TAIR,BIO_RESOURCE,TAIR,965,969,LSD,leaf senescence database
24185698,SUBA3,BIO_RESOURCE,SUBA3,1096,1101,LSD,leaf senescence database
30357403,EncoMPASS,BIO_RESOURCE,EncoMPASS,0,9,EncoMPASS,
30357403,EncoMPASS,BIO_RESOURCE,EncoMPASS,93,102,EncoMPASS,
30357403,SCOP,BIO_RESOURCE,SCOP,350,354,EncoMPASS,
30357403,EncoMPASS,BIO_RESOURCE,EncoMPASS,360,369,EncoMPASS,
30357403,EncoMPASS,BIO_RESOURCE,EncoMPASS,567,576,EncoMPASS,
32833025,MNDR,BIO_RESOURCE,MNDR,0,4,MNDR,mammal ncRNA-disease repository
32833025,mammal ncRNA-disease repository,BIO_RESOURCE,MNDR,11,42,MNDR,mammal ncRNA-disease repository
32833025,mammal ncRNA-disease repository,BIO_RESOURCE,MNDR,423,454,MNDR,mammal ncRNA-disease repository
32833025,MNDR,BIO_RESOURCE,MNDR,456,460,MNDR,mammal ncRNA-disease repository
32833025,MNDR,BIO_RESOURCE,MNDR,1112,1116,MNDR,mammal ncRNA-disease repository
25522231,funRNA,BIO_RESOURCE,funRNA,0,6,funRNA,
25522231,funRNA,BIO_RESOURCE,funRNA,664,670,funRNA,
25522231,UniProtKB,BIO_RESOURCE,UniProtKB,987,996,funRNA,
25522231,funRNA,BIO_RESOURCE,funRNA,1394,1400,funRNA,
25522231,funRNA,BIO_RESOURCE,funRNA,1563,1569,funRNA,
25522231,funRNA,BIO_RESOURCE,funRNA,1698,1704,funRNA,
31942977,ChIPSummitDB,BIO_RESOURCE,ChIPSummitDB,0,12,ChIPSummitDB,
31942977,ChIPSummitDB,BIO_RESOURCE,ChIPSummitDB,678,690,ChIPSummitDB,
31942977,ChIPSummitDB,BIO_RESOURCE,ChIPSummitDB,1160,1172,ChIPSummitDB,
31942977,ChIPSummitDB,BIO_RESOURCE,ChIPSummitDB,1287,1299,ChIPSummitDB,
31942977,newly available,BIO_RESOURCE,Tenuipalpidae,1424,1439,ChIPSummitDB,
26112452,PlantOrDB,BIO_RESOURCE,PlantOrDB,0,9,PlantOrDB,
26112452,a genome-wide ortholog database for land plants and green algae,BIO_RESOURCE,PlantOrDB,11,74,PlantOrDB,
26112452,Phytozome,BIO_RESOURCE,Phytozome,636,645,PlantOrDB,
26112452,PlantOrDB,BIO_RESOURCE,PlantOrDB,1334,1343,PlantOrDB,
26112452,PlantOrDB,BIO_RESOURCE,PlantOrDB,1726,1735,PlantOrDB,
26112452,a genome-wide ortholog database for land plants and green algae,BIO_RESOURCE,PlantOrDB,1783,1846,PlantOrDB,
26112452,PlantOrDB,BIO_RESOURCE,PlantOrDB,1848,1857,PlantOrDB,
26302176,Mouse Tumor Biology Database,BIO_RESOURCE,MTB,563,591,MTB,Mouse Tumor Biology Database
26302176,MTB,BIO_RESOURCE,MTB,593,596,MTB,Mouse Tumor Biology Database
27515824,Ricebase,BIO_RESOURCE,Ricebase,0,8,Ricebase,
27515824,a breeding and genetics platform for rice,BIO_RESOURCE,Ricebase,10,51,Ricebase,
27515824,Ricebase,BIO_RESOURCE,Ricebase,134,142,Ricebase,
27515824,Ricebase,BIO_RESOURCE,Ricebase,343,351,Ricebase,
27515824,Ricebase,BIO_RESOURCE,Ricebase,1190,1198,Ricebase,
26424852,BacDive,BIO_RESOURCE,BacDive,0,7,BacDive,Bacterial Diversity Metadatabase
26424852,Bacterial Diversity Metadatabase,BIO_RESOURCE,BacDive,13,45,BacDive,Bacterial Diversity Metadatabase
26424852,BacDive,BIO_RESOURCE,BacDive,55,62,BacDive,Bacterial Diversity Metadatabase
26424852,Bacterial Diversity Metadatabase,BIO_RESOURCE,BacDive,67,99,BacDive,Bacterial Diversity Metadatabase
26424852,BacDive,BIO_RESOURCE,BacDive,436,443,BacDive,Bacterial Diversity Metadatabase
26424852,BacDive,BIO_RESOURCE,BacDive,630,637,BacDive,Bacterial Diversity Metadatabase
34976872,DRAMP,BIO_RESOURCE,DRAMP,784,789,B-AMP,
34976872,DRAMP,BIO_RESOURCE,DRAMP,921,926,B-AMP,
24217911,AgeFactDB,BIO_RESOURCE,AgeFactDB,0,9,AgeFactDB,JenAge Ageing Factor Database
24217911,JenAge Ageing Factor Database,BIO_RESOURCE,AgeFactDB,15,44,AgeFactDB,JenAge Ageing Factor Database
24217911,AgeFactDB,BIO_RESOURCE,AgeFactDB,91,100,AgeFactDB,JenAge Ageing Factor Database
24217911,GenDR,BIO_RESOURCE,GenDR,901,906,AgeFactDB,JenAge Ageing Factor Database
24217911,AgeFactDB,BIO_RESOURCE,AgeFactDB,1039,1048,AgeFactDB,JenAge Ageing Factor Database
24217911,AgeFactDB,BIO_RESOURCE,AgeFactDB,1238,1247,AgeFactDB,JenAge Ageing Factor Database
27924039,Drosophila RNAi screening,BIO_RESOURCE,FlyRNAi,32,57,FlyRNAi,Drosophila RNAi screening
27924039,FlyRNAi,BIO_RESOURCE,FlyRNAi,111,118,FlyRNAi,Drosophila RNAi screening
24608034,BCL2DB,BIO_RESOURCE,BCL2DB,0,6,BCL2DB,
24608034,database of BCL-2 family members and BH3-only proteins,BIO_RESOURCE,BCL2DB,8,62,BCL2DB,
24608034,BCL2DB,BIO_RESOURCE,BCL2DB,64,70,BCL2DB,
24608034,BCL2DB,BIO_RESOURCE,BCL2DB,614,620,BCL2DB,
24608034,BCL2DB,BIO_RESOURCE,BCL2DB,825,831,BCL2DB,
24608034,Ensembl,BIO_RESOURCE,Ensembl,864,871,BCL2DB,
24608034,Ensembl,BIO_RESOURCE,Ensembl,873,880,BCL2DB,
24608034,European Nucleotide Archive,BIO_RESOURCE,ENA,890,917,BCL2DB,
24608034,BCL2DB,BIO_RESOURCE,BCL2DB,1236,1242,BCL2DB,
34461244,HVdb,BIO_RESOURCE,HVdb,433,437,HVdb,
34461244,HVdb,BIO_RESOURCE,HVdb,953,957,HVdb,
23161692,SchistoDB,BIO_RESOURCE,SchistoDB,0,9,SchistoDB,
23161692,SchistoDB,BIO_RESOURCE,SchistoDB,99,108,SchistoDB,
23161692,SchistoDB,BIO_RESOURCE,SchistoDB,279,288,SchistoDB,
23203871,STRING,BIO_RESOURCE,STRING,0,6,STRING,
23203871,STRING,BIO_RESOURCE,STRING,778,784,STRING,
23203871,STRING,BIO_RESOURCE,STRING,1072,1078,STRING,
27899616,TissueNet,BIO_RESOURCE,TissueNet,4,13,TissueNet,
27899616,TissueNet,BIO_RESOURCE,TissueNet,356,365,TissueNet,
27899616,TissueNet,BIO_RESOURCE,TissueNet,621,630,TissueNet,
27899616,TissueNet,BIO_RESOURCE,TissueNet,664,673,TissueNet,
27899616,TissueNet,BIO_RESOURCE,TissueNet,951,960,TissueNet,
27899616,TissueNet,BIO_RESOURCE,TissueNet,1387,1396,TissueNet,
27899616,TissueNet,BIO_RESOURCE,TissueNet,1516,1525,TissueNet,
26989151,KinetochoreDB,BIO_RESOURCE,KinetochoreDB,0,13,KinetochoreDB,
26989151,KinetochoreDB,BIO_RESOURCE,KinetochoreDB,93,106,KinetochoreDB,
26989151,KinetochoreDB,BIO_RESOURCE,KinetochoreDB,586,599,KinetochoreDB,
33068428,Comparative Toxicogenomics Database,BIO_RESOURCE,CTD,0,35,CTD,Comparative Toxicogenomics Database
33068428,CTD,BIO_RESOURCE,CTD,37,40,CTD,Comparative Toxicogenomics Database
33068428,Comparative Toxicogenomics Database,BIO_RESOURCE,CTD,67,102,CTD,Comparative Toxicogenomics Database
33068428,CTD,BIO_RESOURCE,CTD,104,107,CTD,Comparative Toxicogenomics Database
33068428,CTD,BIO_RESOURCE,CTD,557,560,CTD,Comparative Toxicogenomics Database
33068428,CTD,BIO_RESOURCE,CTD,858,861,CTD,Comparative Toxicogenomics Database
33068428,CTD,BIO_RESOURCE,CTD,1039,1042,CTD,Comparative Toxicogenomics Database
33068428,CTD,BIO_RESOURCE,CTD,1196,1199,CTD,Comparative Toxicogenomics Database
33068428,CTD,BIO_RESOURCE,CTD,1401,1404,CTD,Comparative Toxicogenomics Database
28641017,NANPDB,BIO_RESOURCE,NANPDB,0,6,NANPDB,Northern African Natural Products Database
28641017,Northern African Natural Products Database,BIO_RESOURCE,NANPDB,238,280,NANPDB,Northern African Natural Products Database
28641017,NANPDB,BIO_RESOURCE,NANPDB,282,288,NANPDB,Northern African Natural Products Database
28641017,NANPDB,BIO_RESOURCE,NANPDB,1264,1270,NANPDB,Northern African Natural Products Database
