pmid,publication_date,affiliation,authors,grant_ids,grant_agencies,num_citations,title
39073886,2024-07-29,"LIPME, Université de Toulouse, INRAE/CNRS UMR 0441/2598, Castanet-Tolosan, France.","Carrère S, Routaboul JM, Savourat P, Bellenot C, López H, Sahoo A, Quiroz Monnens T, Ricou A, Camilleri C, Declerck N, Laufs P, Mercier R, Noël LD","ANR‐18‐CE20‐0020‐01, ANR-18-EURE-0019, ANR‐18‐EURE‐0019, ANR-18-CE20-0020-01, ANR‐11‐IDEX‐0003‐02, ANR-10-LABX-41, ANR-11-IDEX-0003-02, ANR-17-EUR-0007, ANR‐10‐LABX‐41, ANR‐17‐EUR‐0007","Agence Nationale de la Recherche, Agence Nationale de la Recherche, Agence Nationale de la Recherche, Agence Nationale de la Recherche, Agence Nationale de la Recherche, Agence Nationale de la Recherche, Agence Nationale de la Recherche, Agence Nationale de la Recherche, Agence Nationale de la Recherche, Agence Nationale de la Recherche",2,A fully sequenced collection of homozygous EMS mutants for forward and reverse genetic screens in Arabidopsis thaliana.
39657145,2024-12-01,"Structural Genomics Consortium, University of Toronto, 101 College Street, MaRS South Tower, Suite 700, Toronto, Ontario M5G 1L7, Canada.","Kwak HA, Liu L, Schapira M","1097737, RGPIN-2019-04416, SIF STREAM 5, 202309PJT, 875510","The Structural Genomics Consortium, NSERC, Canadian Strategic Innovation Fund, Canadian Strategic Innovation Fund, CIHR, Innovative Medicines Initiative 2 Joint Undertaking",0,Probe my Pathway (PmP): a portal to explore the chemical coverage of the human Reactome.
39934826,2025-02-11,"State Key Laboratory of Fluorine and Nitrogen Chemistry and Advanced Materials, Shanghai Institute of Organic Chemistry, Chinese Academy of Sciences, University of Chinese Academy of Sciences, 345 Lingling Road, Shanghai, 200032, China.","Mulka R, Su D, Huang WS, Zhang L, Huang H, Lai X, Li Y, Xue XS","2021YFF0701700, 21933004, XDB0590000, YSBR-052, 22122104, 22193012, YSBR-095","Ministry of Science and Technology of China, National Natural Science Foundation of China, Strategic Priority Research Program of the Chinese Academy of Sciences, CAS Project for Young Scientists in Basic Research, National Natural Science Foundation of China, National Natural Science Foundation of China, CAS Project for Young Scientists in Basic Research",1,FluoBase: a fluorinated agents database.
39475188,2025-01-01,"Institute for Physiology & Science-IT, Charité - University Medicine Berlin, 10115 Berlin, Germany.","Kemmler E, Lemfack MC, Goede A, Gallo K, Toguem SMT, Ahmed W, Millberg I, Preissner S, Piechulla B, Preissner R","428447634, CRU339, 428445448, 428445448, Pi153/36-1","Food allergy and tolerance, German Research Foundation, Food allergy and tolerance, Food allergy and tolerance (FOOD@), German Research Foundation, University of Rostock",10,mVOC 4.0: a database of microbial volatiles.
39535052,2025-01-01,"The Institute of Biochemistry, Food and Nutrition, The Robert H Smith Faculty of Agriculture, Food and Environment, The Hebrew University of Jerusalem, Rehovot 76100, Israel.","Ziaikin E, David M, Uspenskaya S, Niv MY",,"Ministry of Innovation, Good Food Israel, Ministry of Agriculture, Hebrew University of Jerusalem",11,BitterDB: 2024 update on bitter ligands and taste receptors.
40251157,2025-04-18,"Department of Pathology, University of Alabama at Birmingham, Birmingham, AL, USA.","Karthikeyan SK, Chandrashekar DS, Sahai S, Shrestha S, Aneja R, Singh R, Kleer CG, Kumar S, Qin ZS, Nakshatri H, Manne U, Creighton CJ, Varambally S","U54 CA118948, P30 CA125123","NCI NIH HHS, NCI NIH HHS",5,"MammOnc-DB, an integrative breast cancer data analysis platform for target discovery."
37881892,2023-12-01,"Institute for Chemical Research, Kyoto University, Uji, Kyoto, Japan.","Jin Z, Sato Y, Kawashima M, Kanehisa M",JPMJND2203,Japan Science and Technology Agency,35,KEGG tools for classification and analysis of viral proteins.
38426331,2024-03-01,"Division of Infectious Diseases and International Medicine, Department of Medicine, University of Minnesota, Minneapolis, MN 55455, United States.","Misra M, Jeffy J, Liao C, Pickthorn S, Wagh K, Herschhorn A","R01 AI167653, R37 AI150590, DP2 DA049279, U01 AI169587","National Institutes of Health, National Institute of Allergy and Infectious Diseases, NIAID NIH HHS, National Institute on Drug Abuse, NIAID NIH HHS, NIH HHS, NIDA NIH HHS, NIAID NIH HHS",6,HIResist: a database of HIV-1 resistance to broadly neutralizing antibodies.
39095083,2024-09-16,"Section of Bioinformatics and Systems Cardiology, Department of Internal Medicine III and Klaus Tschira Institute for Integrative Computational Cardiology, Heidelberg University Hospital, 69120 Heidelberg, Germany.","Britto-Borges T, Gehring NH, Boehm V, Dieterich C","DI 1501/12-1, GE 2014/10-1, 407493903, 423957469","DFG grant, DFG Research Infrastructure West German Genome Center, Next-Generation Sequencing Competence Network",6,NMDtxDB: data-driven identification and annotation of human NMD target transcripts.
36693629,2023-01-24,"Institute for Mathematics and Computer Science, University of Southern Denmark, 5000 Odense, Denmark.","Rehfeldt TG, Gabriels R, Bouwmeester R, Gessulat S, Neely BA, Palmblad M, Perez-Riverol Y, Schmidt T, Vizcaíno JA, Deutsch EW","223745/Z/21/Z, DBI-1933311, BB/V018779/1, R24 GM127667, 00028116, 12B7123N, BB/S01781X/1, HBC.2020.2205, 823839, R01 GM087221, R01 GM087221, R24 GM127667, U19 AG023122, IOS-1922871, U19 AG023122","Wellcome Trust, National Science Foundation, Biotechnology and Biological Sciences Research Council, NIGMS NIH HHS, European Molecular Biology Laboratory, Velux Fonden, Wellcome Trust, Fonds Wetenschappelijk Onderzoek, Biotechnology and Biological Sciences Research Council, Agentschap Innoveren en Ondernemen, Horizon 2020 Framework Programme, NIGMS NIH HHS, National Institute of General Medical Sciences, National Institute of General Medical Sciences, National Institute on Aging, National Science Foundation, NIA NIH HHS, Dutch Research Council (NWO)",12,ProteomicsML: An Online Platform for Community-Curated Data sets and Tutorials for Machine Learning in Proteomics.
36200824,2023-01-01,"Lymphocyte Nuclear Biology, National Institute of Arthritis and Musculoskeletal and Skin Diseases, National Institutes of Health, Bethesda, MD 20892, USA.",Zhao Y,,National Institute of Arthritis and Musculoskeletal and Skin Diseases,7,TFSyntax: a database of transcription factors binding syntax in mammalian genomes.
37166951,2023-07-01,"College of Pharmaceutical Sciences, The Second Affiliated Hospital, Zhejiang University School of Medicine, Zhejiang University, Hangzhou 310058, China.","Wang Y, Chen Z, Pan Z, Huang S, Liu J, Xia W, Zhang H, Zheng M, Li H, Hou T, Zhu F","81872798, LR21H300001, 22220102001, U1909208, 2020C03010, 181201*194232101, 2018QNA7023","National Natural Science Foundation of China, Natural Science Foundation of Zhejiang Province, Alibaba-Zhejiang University Joint Research Center of Future Digital Healthcare, Westlake Laboratory, National Natural Science Foundation of China, National Natural Science Foundation of China, Key R&amp;D Program of Zhejiang Province, Alibaba Cloud, ‘Double Top-Class’ University Project, Fundamental Research Fund for Central Universities, Information Technology Center of Zhejiang University, Ten Thousand Plan",27,RNAincoder: a deep learning-based encoder for RNA and RNA-associated interaction.
35609995,2022-07-01,"Department of Software Engineering, Faculty of Mathematics and Physics, Charles University, Czech Republic.","Jakubec D, Skoda P, Krivak R, Novotny M, Hoksza D","MEYS CR, LM2018131","ELIXIR CZ Research Infrastructure, ELIXIR CZ Research Infrastructure",104,PrankWeb 3: accelerated ligand-binding site predictions for experimental and modelled protein structures.
37649366,2023-08-30,"School of Psychology, University of Nottingham, Nottingham, UK.","van Heuven WJ, Payne JS, Jones MW",,,0,SUBTLEX-CY: A new word frequency database for Welsh.
39550226,2024-09-01,"Department of Physics, School of Science, Tianjin University, No. 92 Weijin Road, Nankai District, Tianjin 300072, China.","Geng YQ, Lai FL, Luo H, Gao F",,,2,Nmix: a hybrid deep learning model for precise prediction of 2'-O-methylation sites based on multi-feature fusion and ensemble learning.
38239810,2023-11-27,"State Key Laboratory of Herbage Improvement and Grassland Agro-ecosystems, College of Pastoral Agriculture Science and Technology, Lanzhou University, Lanzhou 730020, China.","Fang L, Liu T, Li M, Dong X, Han Y, Xu C, Li S, Zhang J, He X, Zhou Q, Luo D, Liu Z","2022ZD040120301, 32201463 and 32201444, XDA26030103","alfalfa breeding project of the Ministry of Science, National Natural Science Foundation of China, Strategic Priority Science and Technology project of the Chinese Academy of Sciences",14,MODMS: a multi-omics database for facilitating biological studies on alfalfa (<i>Medicago sativa</i> L.).
34648031,2022-01-01,"National Center for Advancing Translational Sciences, National Institutes of Health, Rockville, MD, USA.","Siramshetty VB, Grishagin I, Nguyễn ÐT, Peryea T, Skovpen Y, Stroganov O, Katzel D, Sheils T, Jadhav A, Mathé EA, Southall NT",,National Institutes of Health,36,NCATS Inxight Drugs: a comprehensive and curated portal for translational research.
38371639,2023-12-29,"Engineering Laboratory of Genetic Improvement of Horticultural Crops of Shandong Province, College of Horticulture, Qingdao Agricultural University, Qingdao 266109, China.","Yang P, Yuan Y, Yan C, Jia Y, You Q, Da L, Lou A, Lv B, Zhang Z, Liu Y","ZR2020QC070, 32002064, 32170313, and 32000458","Taishan Scholar Foundation of the People’s Government of Shandong Province, Breeding Plan of Shandong Provincial Qingchuang Research Team, Youth Fund of Shandong Natural Science Foundation, National Natural Science Foundation of China",7,AlliumDB: a central portal for comparative and functional genomics in <i>Allium</i>.
37290059,2023-06-01,"Department of Biothermodynamics and Drug Design, Institute of Biotechnology, Life Sciences Center, Vilnius University, Saulėtekio 7, Vilnius LT-10257, Lithuania.","Lingė D, Gedgaudas M, Merkys A, Petrauskas V, Vaitkus A, Grybauskas A, Paketurytė V, Zubrienė A, Zakšauskas A, Mickevičiūtė A, Smirnovienė J, Baranauskienė L, Čapkauskaitė E, Dudutienė V, Urniežius E, Konovalovas A, Kazlauskas E, Shubin K, Schiöth HB, Chen WY, Ladbury JE, Gražulis S, Matulis D",S-LLT-20-2,Lietuvos Mokslo Taryba,12,PLBD: protein-ligand binding database of thermodynamic and kinetic intrinsic parameters.
35844834,2022-01-21,"Univ Lyon, Univ Lyon 1, ENSL, CNRS, LGL-TPE Villeurbanne France.","Mandon L, Beck P, Quantin-Nataf C, Dehouck E, Thollot P, Loizeau D, Volat M","SOLARYS ERC‐CoG201777169, ANR‐18‐ERC1‐000","European Research Council, Agence Nationale de la Recherche",2,ROMA: A Database of Rock Reflectance Spectra for Martian In Situ Exploration.
39111721,2024-08-05,"State Key Laboratory of Reproductive Regulation and Breeding of Grassland Livestock, Institutes of Biomedical Sciences, College of Life Sciences, Inner Mongolia University, Hohhot 010021, PR China; Inner Mongolia International Mongolian Hospital, Hohhot 010065, PR China.","Liang Y, Guo Y, Zhai Y, Zhou J, Yang W, Zuo Y",,,0,Disease trend analysis platform accurately predicts the occurrence of cervical cancer under mixed diseases.
38845051,2024-06-06,"Key Laboratory for the Genetics of Development & Neuropsychiatric Disorders (Ministry of Education), Bio-X Institutes, Shanghai Jiao Tong University, Shanghai, 200240, China.","Cao Y, Tian GG, Hong X, Lu Q, Wei T, Chen HF, Wu J","2022YFA0806301, 21977068, 2020YFA0907701, 22Z033003297, YG2023LC03, 32171242","National Key Research and Development Program of China, National Natural Science Foundation of China, National Key Research and Development Program of China, National Natural Science Foundation of China, Fundamental Research Funds for the Central Universities, Center for HPC at Shanghai Jiao Tong University, National Natural Science Foundation of China",0,Reproductive chemical database: a curated database of chemicals that modulate protein targets regulating important reproductive biological processes.
39663244,2024-11-01,"Institute for Research in Biomedicine (IRB Barcelona), The Barcelona Institute of Science and Technology, Barcelona, 08028, Spain.","Martínez-Millán D, Brando F, L Grau M, Sánchez-Guixé M, López-Elorduy C, Reyes-Salazar I, Deu-Pons J, López-Bigas N, González-Pérez A","101057509, 101057509, 101057509, 682398","European Union’s Horizon Europe programme, European Union's Horizon Europe programme, European Research Council, European Research Council",1,OpenVariant: a toolkit to parse and operate multiple input file formats.
37356904,2023-03-22,"Indian Institute of Science Education and Research, Bhopal, India.","Malwe AS, Srivastava GN, Sharma VK",BT/PR34239/AI/133/23/2019,"Department of Biotechnology, Ministry of Science and Technology, India, Indian Institute of Science Education and Research Bhopal",16,GutBug: A Tool for Prediction of Human Gut Bacteria Mediated Biotransformation of Biotic and Xenobiotic Molecules Using Machine Learning.
39558158,2025-01-01,"Department of Drug Design and Pharmacology, University of Copenhagen, Universitetsparken 2, 2100 Copenhagen, Denmark.","Herrera LPT, Andreassen SN, Caroli J, Rodríguez-Espigares I, Kermani AA, Keserű GM, Kooistra AJ, Pándy-Szekeres G, Gloriam DE","NAP3.0, NNF23OC0082561, R313-2019-526","Hungarian Academy of Sciences, Novo Nordisk Foundation, Lundbeck Foundation",25,"GPCRdb in 2025: adding odorant receptors, data mapper, structure similarity search and models of physiological ligand complexes."
38632050,2024-03-01,"Department of Statistics, Miami University, Oxford, OH 45056, United States.","Lee D, Bacanu SA",,"Shelter Diabetes Research Award, Miami University",4,"GAUSS: a summary-statistics-based R package for accurate estimation of linkage disequilibrium for variants, Gaussian imputation, and TWAS analysis of cosmopolitan cohorts."
34546290,2022-01-01,"College of Information Engineering, Zhejiang University of Technology, Hangzhou 310023, China.","Rao L, Jia NX, Hu J, Yu DJ, Zhang GJ","LY21F020025, BK20201304, 61773346, 62072243, LZ20F030002, 61902352, RF-A20200012, 61772273","Natural Science Foundation of Zhejiang, Natural Science Foundation of Jiangsu, National Natural Science Foundation of China, National Natural Science Foundation of China, Natural Science Foundation of Zhejiang, National Natural Science Foundation of China, Fundamental Research Funds for the Provincial Universities of Zhejiang, National Natural Science Foundation of China",5,ATPdock: a template-based method for ATP-specific protein-ligand docking.
35445695,2022-05-01,"Department of Chemistry, Iowa State University, Ames, 50011 IA, USA.","Badaczewska-Dawid AE, Garcia-Pardo J, Kuriata A, Pujols J, Ventura S, Kmiecik S","PhasAge/H2020-WIDESPREAD-2020-5, PID2019-105017RB-I00, IJC2019-041039-I, 2020/39/B/NZ2/01301","ICREA, ICREA-Academia 2019, EU, Spanish Ministry of Science and Innovation, Spanish Ministry of Science and Innovation with a Juan de la Cierva Incorporacion, Carver Charitable Trust and Iowa State University Foundation, National Science Centre, Poland",8,A3D database: structure-based predictions of protein aggregation for the human proteome.
37930837,2024-01-01,"School of Pharmacy, Hebei Medical University, Shijiazhuang 050017, China.","Zhang Y, Liu X, Li F, Yin J, Yang H, Li X, Liu X, Chai X, Niu T, Zeng S, Jia Q, Zhu F","2020C03010, 21372601D, 82373790, LR21H300001, 181201*194232101, 22220102001, H2021206352, 81872798, U1909208, 2018QNA7023, 2022YFC3400501, H2021206448, 2020C03010, 2022YFC3400501","Key R&amp;D Program of Zhejiang Province, Hebei Provincial Department of Science and Technology, National Natural Science Foundation of China, Natural Science Foundation of Zhejiang Province, Westlake Laboratory (Westlake Laboratory of Life Science &amp; Biomedicine); Alibaba Cloud, Westlake Laboratory (Westlake Laboratory of Life Science & Biomedicine); Alibaba Cloud, The Double Top-Class Universities, National Natural Science Foundation of China, Information Technology Center of Zhejiang University, Leading Talent of the 'Ten Thousand Plan' National High-Level Talents Special Support Plan of China, Natural Science Foundation of Hebei Province, National Natural Science Foundation of China, National Natural Science Foundation of China, Alibaba-Zhejiang University Joint Research Center of Future Digital Healthcare, Fundamental Research Funds for Central Universities, National Key R&amp;D Program of China, Natural Science Foundation of Hebei Province, Key R&D Program of Zhejiang Province, National Key R&D Program of China, Leading Talent of the ‘Ten Thousand Plan’ National High-Level Talents Special Support Plan of China",11,INTEDE 2.0: the metabolic roadmap of drugs.
39703430,2024-12-18,"Institut Pasteur, Université Paris Cité, Bioinformatics and Biostatistics Hub, 28 rue du Dr Roux, F-75015 Paris, France.","Malesys S, Torchet R, Saunier B, Maillet N",,,0,AntiBody Sequence Database.
37648696,2023-08-30,"Department of Gastroenterology, The First Affiliated Hospital of Chengdu Medical College, 278# Bao Guang Road, Xindu District, Chengdu, 610000, Sichuan, People's Republic of China. lij523@mcmaster.ca.","Li J, Wei C, Zhou T, Mo C, Wang G, He F, Wang P, Qin L, Peng F","22NSFSC1601, 19PJ190, 2021-YF05-00975 -SN, 81702446","Department of Science and Technology of Sichuan Province, Scientific Research Project of Health Commission of Sichuan Province, Chengdu Science and Technology Bureau, National Natural Science Foundation of China",0,A display and analysis platform for gut microbiomes of minority people and phenotypic data in China.
36255213,2022-10-01,"Personal Genomics Institute (PGI), Genome Research Foundation (GRF), Cheongju 28190, Republic of Korea.","Kim J, Choi JP, Kim MS, Bhak J","20011684, 20003641","Ministry of Trade, Industry and Energy, Ministry of Trade, Industry and Energy",3,PharmaKoVariome database for supporting genetic testing.
34850118,2022-01-01,"Sequentia Biotech SL, Calle Comte D'Urgell 240, 08036 Barcelona, Spain.","Calle García J, Guadagno A, Paytuvi-Gallart A, Saera-Vila A, Amoroso CG, D'Esposito D, Andolfo G, Aiese Cigliano R, Sanseverino W, Ercolano MR",101000716,"HARNESSTOM, Horizon 2020",50,PRGdb 4.0: an updated database dedicated to genes involved in plant disease resistance process.
34570219,2022-01-01,"Department of Drug Design and Pharmacology, University of Copenhagen, 2100 Copenhagen, Denmark.","Pándy-Szekeres G, Esguerra M, Hauser AS, Caroli J, Munk C, Pilger S, Keserű GM, Kooistra AJ, Gloriam DE","2017-1.2.1-NKP-2017-00002, NNF18OC0031226, R218-2016-1266, NNF18OC0031226, 8021-00173B","Hungarian Brain Research Program, Novo Nordisk Fonden, Lundbeck Foundation, Novo Nordisk Foundation, Independent Research Fund Denmark",63,"The G protein database, GproteinDb."
37850638,2024-01-01,"College of Pharmaceutical Sciences, The First Affiliated Hospital, The Second Affiliated Hospital, Zhejiang University School of Medicine, Zhejiang University, Hangzhou 310058, China.","Zhang Y, Zhou Y, Zhou Y, Yu X, Shen X, Hong Y, Zhang Y, Wang S, Mou M, Zhang J, Tao L, Gao J, Qiu Y, Chen Y, Zhu F","2020C03010, 82373790, 2022YFC3400501, 2022YFC3400501, LR21H300001, 181201*194232101, 2018QNA7023, 81971982, 22220102001, 2020C03010, 81872798, U1909208","Key R&amp;D Program of Zhejiang Province, National Natural Science Foundation of China, Leading Talent of the ‘Ten Thousand Plan’ National High-Level Talents Special Support Plan of China, National Key R&D Program of China, National Key R&amp;D Program of China, Natural Science Foundation of Zhejiang Province, Alibaba Cloud, The Double Top-Class Universities, Fundamental Research Funds for Central Universities, National Natural Science Foundation of China, National Natural Science Foundation of China, Alibaba-Zhejiang University Joint Research Center of Future Digital Healthcare, Leading Talent of the 'Ten Thousand Plan' National High-Level Talents Special Support Plan of China, Westlake Laboratory, Zhejiang University, Key R&D Program of Zhejiang Province, National Natural Science Foundation of China, National Natural Science Foundation of China",32,TheMarker: a comprehensive database of therapeutic biomarkers.
36200814,2023-01-01,"College of Pharmaceutical Sciences, The Second Affiliated Hospital, Zhejiang University School of Medicine, Zhejiang University, Hangzhou 310058, China.","Amahong K, Zhang W, Zhou Y, Zhang S, Yin J, Li F, Xu H, Yan T, Yue Z, Liu Y, Hou T, Qiu Y, Tao L, Han L, Zhu F","181201*194232101, LR21H300001, 2018QNA7023, 2020C03010, U1909208, 81872798","Chinese ‘Double Top-Class’ Universities, Information Tech Center of Zhejiang University, Natural Science Foundation of Zhejiang Province, Fundamental Research Fund of Central University, Key Research and Development Program of Zhejiang Province, National Natural Science Foundation of China, Westlake Laboratory of Life Science &amp; Biomedicine, Alibaba-Zhejiang University Joint Research Center of Future Digital Healthcare, Alibaba Cloud, National Natural Science Foundation of China",14,CovInter: interaction data between coronavirus RNAs and host proteins.
35111182,2022-01-17,"Institute for Integrative Systems Biology (I2SysBio), Universitat de València-CSIC, Valencia, Spain.","Navarro-Payá D, Santiago A, Orduña L, Zhang C, Amato A, D'Inca E, Fattorini C, Pezzotti M, Tornielli GB, Zenoni S, Rustenholz C, Matus JT","201906300087, PRE2019-088044, PGC2018-099449-A-I00, RYC-2017-23645","China Scholarship Council, Agencia Estatal de Investigación, Agencia Estatal de Investigación, Agencia Estatal de Investigación",22,The Grape Gene Reference Catalogue as a Standard Resource for Gene Selection and Genetic Improvement.
35833709,2022-07-14,"www.natalya.com, Cambridge, MA, USA.","Zahn N, James-Zorn C, Ponferrada VG, Adams DS, Grzymkowski J, Buchholz DR, Nascone-Yoder NM, Horb M, Moody SA, Vize PD, Zorn AM","P41 HD064556, R01 HD095937, P40-OD010997, P41 HD064556, T32 GM133366, R24-OD030008, R24 OD030008, P40 OD010997","Eunice Kennedy Shriver National Institute of Child Health and Human Development, NICHD NIH HHS, National Institute of Child Health and Human Development, NICHD NIH HHS, NIGMS NIH HHS, National Institute of Child Health and Human Development, NIH HHS, Cincinnati Children&apos;s Hospital Medical Center, NIH HHS",110,Normal Table of Xenopus development: a new graphical resource.
35133949,2022-01-01,"Department of Informatics and Chemistry, University of Chemistry and Technology, Prague, Czech Republic.","Prihoda D, Maamary J, Waight A, Juan V, Fayadat-Dilman L, Svozil D, Bitton DA",LM2018130,"Merck Sharp &amp; Dohme Corp., a subsidiary of Merck &amp; Co., Inc., Kenilworth, NJ, USA, Ministry of Education, Youth and Sports of the Czech Republic",129,"BioPhi: A platform for antibody design, humanization, and humanness evaluation based on natural antibody repertoires and deep learning."
38277370,2024-01-26,"Department of Molecular Microbiology, Instituto de Biotecnología, Universidad Nacional Autónoma de México, Cuernavaca, Morelos, México.","Dorantes-Torres C, Carrera-Reyna M, Santos W, Sánchez-López R, Merino E",,,0,"PhyloString: A web server designed to identify, visualize, and evaluate functional relationships between orthologous protein groups across different phylogenetic lineages."
39171722,2024-08-27,"Tsukuba Life Science Innovation Program, University of Tsukuba, Tsukuba, Japan.","Liu T, Pan X, Ren L, Ye X, Zheng K, Zhang Y","62202069, 82372244, 2023NSFSC0678","National Natural Science Foundation of China, National Natural Science Foundation of China, Natural Science Foundation of Sichuan Province",0,Mapping autophagy-related membrane contact site proteins and complexes with AutoMCS Navigator.
37340940,2023-06-21,"Department of Archaeology, ArcheOs: Research Laboratory for Biological Anthropology, Ghent University, Ghent, Belgium.","De Groote I, Van de Vijver K, Veselka B, De Potter P, Massagé L, Van der Dooren L, Vandenborre J, Larmuseau MHD, Danckers J, Robberechts B",,,0,"MEMOR: A database of archeological human remains collections from Flanders, Belgium."
39341795,2024-09-01,"Faculty of Computing, Harbin Institute of Technology, Harbin 150001, China.","Guo H, Zhang L, Cui X, Cheng L, Zhao T, Wang Y",,,4,SCancerRNA: Expression at the Single-cell Level and Interaction Resource of Non-coding RNA Biomarkers for Cancers.
39526369,2025-01-01,"Department of Biology, Institute of Microbiology and Swiss Institute of Bioinformatics, ETH Zürich, 8093 Zürich, Switzerland.","Dmitrijeva M, Ruscheweyh HJ, Feer L, Li K, Miravet-Verde S, Sintsova A, Mende DR, Zeller G, Sunagawa S","51NF40_225148, 031A537B, 205321, 201006, 215395, 031L0181A, 205321_184955, 101118531, 184955, 205320_215395, 51NF40_180575, 205320, LT0050/2023-L","NCCR, Federal Ministry of Education and Research, Swiss National Science Foundation, Swiss National Science Foundation, Swiss National Science Foundation, Swiss National Science Foundation, Federal Ministry of Education and Research, ETH Zurich, Swiss National Science Foundation, European Research Council, Swiss National Science Foundation, Swiss National Science Foundation, NCCR, European Molecular Biology Laboratory, Swiss National Science Foundation, Human Frontier Science Program",7,The mOTUs online database provides web-accessible genomic context to taxonomic profiling of microbial communities.
38662570,2024-05-01,"Switch Laboratory, VIB Center for Brain and Disease Research, VIB, 3000 Leuven, Belgium.","Louros N, Rousseau F, Schymkowitz J","G0C3522N, G0C2818N, G0C0320N, R01 AG079234, G053420N","Flanders Institute for Biotechnology, Flanders Institute for Biotechnology, Flanders Institute for Biotechnology, NIA NIH HHS, Flanders Institute for Biotechnology",3,CORDAX web server: an online platform for the prediction and 3D visualization of aggregation motifs in protein sequences.
37994706,2024-01-01,"Osteoarthritis Research Program, Division of Orthopedic Surgery, Schroeder Arthritis Institute, Toronto, Ontario M5T 0S8, Canada.","Pastrello C, Kotlyar M, Abovsky M, Lu R, Jurisica I","RDI 34876, RE010-020, 225404, 203475, 30865","Ontario Research Fund, Ontario Research Fund, Canada Foundation for Innovation, Natural Sciences Research Council, Ian Lawson van Toch Fund, Canada Foundation for Innovation",21,PathDIP 5: improving coverage and making enrichment analysis more biologically meaningful.
40504102,2025-06-12,"Plant Physiology, Department of Organisms and Systems Biology, Faculty of Biology and Biotechnology Institute of Asturias, University of Oviedo, Oviedo, 33071, Spain.","Roces V, Cañal MJ, Mateo JL, Valledor L","PID2019-107107GB-I00, FPU18/02953","Ministerio de Ciencia e Innovación, Ministerio de Universidades",1,Pra-GE-ATLAS: Empowering Pinus radiata stress and breeding research through a multi-omics database.
37933855,2024-01-01,"National Center for Biotechnology Information, National Library of Medicine, National Institutes of Health, Bethesda, MD, 20892, USA.","Clough E, Barrett T, Wilhite SE, Ledoux P, Evangelista C, Kim IF, Tomashevsky M, Marshall KA, Phillippy KH, Sherman PM, Lee H, Zhang N, Serova N, Wagner L, Zalunin V, Kochergin A, Soboleva A",,"National Center for Biotechnology Information, NIH HHS, National Institutes of Health, National Library of Medicine, NLM NIH HHS",174,NCBI GEO: archive for gene expression and epigenomics data sets: 23-year update.
38776380,2024-05-01,"Institute for Medicinal Plants, College of Plant Science and Technology, Huazhong Agricultural University, Wuhan 430070, China.","Li W, Chen Y, Yang R, Hu Z, Wei S, Hu S, Xiong X, Wang M, Lubeiny A, Li X, Feng M, Dong S, Xie X, Nie C, Zhang J, Luo Y, Zhou Y, Liu R, Pan J, Kong DX, Hu X","SAF202102, 202205AF150004 ZY2023Z005, 2018FY100704, 2020-620-000-002-04, 2022EHB047, 21977033","Shennongjia Academy of Forestry, Hubei, China, Yunnan Science and Technology Program, National Science &amp; Technology Fundamental Resources Investigation Program of China, Hubei Technology Innovation Center for Agricultural Sciences, Program of Hubei Province for International Cooperation, National Natural Science Foundation of China",1,A terpenoids database with the chemical content as a novel agronomic trait.
34792158,2022-01-01,"State Key Laboratory of Rice Biology & Ministry of Agricultural and Rural Affairs Key Laboratory of Molecular Biology of Crop Pathogens and Insect Pests, Institute of Insect Sciences, Zhejiang University, Hangzhou 310058, China.","Mei Y, Jing D, Tang S, Chen X, Chen H, Duanmu H, Cong Y, Chen M, Ye X, Zhou H, He K, Li F","LZ18C060001, 2019YFD1002100, 2019FY100400, 2020QNA6024, 31972354","Zhejiang National Science Foundation of China, National High Technology Research and Development Program of China, National Science &amp; Technology Fundamental Resources Investigation Program of China, Fundamental Research Funds for the Central Universities, National Science Foundation of China",111,InsectBase 2.0: a comprehensive gene resource for insects.
39226898,2024-09-02,"Children's Cancer Institute, Lowy Cancer Research Centre, UNSW Sydney, Sydney, NSW, Australia; School of Clinical Medicine, UNSW Medicine & Health, UNSW Sydney, Sydney, NSW, Australia; UNSW Centre for Childhood Cancer Research, UNSW Sydney, Sydney, NSW, Australia.","Sullivan PJ, Quinn JMW, Wu W, Pinese M, Cowley MJ",1176265,"NSW Health, University of New South Wales, Petre Foundation, University of Sydney, Children&apos;s Medical Research Institute, Fulbright Association, National Health and Medical Research Council, Kids Cancer Alliance, Australian Government, Cancer Australia",9,SpliceVarDB: A comprehensive database of experimentally validated human splicing variants.
34751395,2022-01-01,"National Genomics Data Center & CAS Key Laboratory of Genome Sciences and Information, Beijing Institute of Genomics, Chinese Academy of Sciences, Beijing 100101, China.","Liu L, Li Z, Liu C, Zou D, Li Q, Feng C, Jing W, Luo S, Zhang Z, Ma L","2019104, 32030021, XDB38030400, XDA19050302, 31871328","Youth Innovation Promotion Association of Chinese Academy of Sciences, National Natural Science Foundation of China, Chinese Academy of Sciences, Chinese Academy of Sciences, National Natural Science Foundation of China",26,LncRNAWiki 2.0: a knowledgebase of human long non-coding RNAs with enhanced curation model and database system.
34606614,2022-01-01,"Department of Biotechnology, Bhupat and Jyoti Mehta School of Biosciences, Indian Institute of Technology Madras, Chennai 600036, India.","Harini K, Srivastava A, Kulandaisamy A, Gromiha MM",CRG/2020/000314,"Ministry of Science and Technology, Government of India, Indian Institute of Technology Madras",31,ProNAB: database for binding affinities of protein-nucleic acid complexes and their mutants.
39737565,2024-11-01,"MOE Key Laboratory of Biosystems Homeostasis & Protection, and Zhejiang Provincial Key Laboratory of Cancer Molecular Cell Biology, Life Sciences Institute, Zhejiang University, 866 Yuhangtang Road, Xihu District, Hangzhou, Zhejiang 310030, China.","Li Y, Peng C, Chi F, Huang Z, Yuan M, Zhou X, Jiang C",82341109,National Natural Science Foundation of China,1,The iPhylo suite: an interactive platform for building and annotating biological and chemical taxonomic trees.
34718746,2022-01-01,"Key Laboratory of Green Chemistry and Technology of Ministry of Education, College of Chemistry, Sichuan University, Chengdu610064, China.","Wang YH, Yang QF, Lin X, Chen D, Wang ZY, Chen B, Han HY, Chen HD, Cai KC, Li Q, Yang S, Tang YL, Li F","22074099, 22077087","National Natural Science Foundation of China, National Natural Science Foundation of China",56,G4LDB 2.2: a database for discovering and studying G-quadruplex and i-Motif ligands.
39399372,2024-09-20,"Institute of Structural and Molecular Biology, University College London, London WC1E 6BT, United Kingdom.","Guo D, Ng JC, Dunn-Walters DK, Fraternali F","BB/T002212/1, 202008440414","Biotechnology and Biological Sciences Research Council, China Scholarship Council",1,VCAb: a web-tool for structure-guided exploration of antibodies.
39722871,2024-11-12,Institute of Social Ecology University of Natural Resources and Life Sciences Vienna Austria.,"Wiedenhofer D, Streeck J, Wieland H, Grammer B, Baumgart A, Plank B, Helbig C, Pauliuk S, Haberl H, Krausmann F","741950, 101056810","HORIZON EUROPE European Innovation Council, HORIZON EUROPE European Innovation Council",2,From extraction to end-uses and waste management: Modeling economy-wide material cycles and stock dynamics around the world.
35882976,2022-07-26,"Programme in Emerging Infectious Diseases, Duke-NUS Medical School, Singapore, 169857, Singapore.","Koh CWT, Ooi JSG, Joly GLC, Chan KR",,,7,Gene Updater: a web tool that autocorrects and updates for Excel misidentified gene names.
36401317,2022-11-18,"Department of Environmental Microbiology, Helmholtz Centre for Environmental Research - UFZ GmbH, 04318, Leipzig, Saxony, Germany.","Nata'ala MK, Avila Santos AP, Coelho Kasmanas J, Bartholomäus A, Saraiva JP, Godinho Silva S, Keller-Costa T, Costa R, Gomes NCM, Ponce de Leon Ferreira de Carvalho AC, Stadler PF, Sipoli Sanches D, Nunes da Rocha U","VH-NG-1248 Micro 'Big Data', VH-NG-1248 Micro ‘Big Data’, 91759074, 91759074, 460129525","Hemlholtz Association, Helmholtz-Zentrum für Umweltforschung GmbH - UFZ, Hemlholtz Association, Deutscher Akademischer Austauschdienst, Petroleum Trust Development Fund, Nigeria, Deutsche Forschungsgemeinschaft",11,MarineMetagenomeDB: a public repository for curated and standardized metadata for marine metagenomes.
35388368,2022-03-17,"Department of Bioinformatics-BiGCaT, NUTRIM, and Maastricht University, Maastricht, The Netherlands.","Martens M, Evelo CT, Willighagen EL",,,16,Providing Adverse Outcome Pathways from the AOP-Wiki in a Semantic Web Format to Increase Usability and Accessibility of the Content.
39117342,2024-08-08,"Department of Computer Science and Engineering, Michigan State University, East Lansing, Michigan, USA.","Ding J, Li L, Lu Q, Venegas J, Wang Y, Wu L, Jin W, Wen H, Liu R, Tang W, Dai X, Li Z, Zuo W, Chang Y, Lei YL, Shang L, Danaher P, Xie Y, Tang J",,,7,SpatialCTD: A Large-Scale Tumor Microenvironment Spatial Transcriptomic Dataset to Evaluate Cell Type Deconvolution for Immuno-Oncology.
39329260,2025-01-01,"Department of Cell Biology and Molecular Genetics, University of Maryland, College Park, MD 20742, USA.","Lin V, Cheung M, Gowthaman R, Eisenberg M, Baker BM, Pierce BG","GM118166, R35 GM118166, R35 GM144083, GM144083, GM144083","National Institutes of Health, NIGMS NIH HHS, NIGMS NIH HHS, National Institutes of Health, NIH HHS",10,"TCR3d 2.0: expanding the T cell receptor structure database with new structures, tools and interactions."
37183478,2023-07-01,"Department of Computer Science, Faculty of Mathematics, Physics and Informatics, Comenius University in Bratislava, Bratislava 842 48, Slovakia.","Brejová B, Vozáriková V, Agarský I, Derková H, Fedor M, Harmanová D, Kiss L, Korman A, Pašen M, Brázdovič F, Vinař T, Nosek J, Tomáška Ľ",,"Slovak Research and Development Agency, European Regional Development Fund, Ministry of Education, Science, Research and Sport of the Slovak republic",1,y-mtPTM: Yeast mitochondrial posttranslational modification database.
39189447,2025-01-01,"Agricultural Big Data Research Center, College of Information Science and Engineering, Shandong Agricultural University, Taian 271018, China.","He S, Bing J, Zhong Y, Zheng X, Zhou Z, Wang Y, Hu J, Sun X",32070684,"National Natural Science Foundation of China, Project of Shandong Province Higher Educational Program for Introduction and Cultivation of Young Innovative Talents in 2021",8,PlantCircRNA: a comprehensive database for plant circular RNAs.
36688705,2023-01-01,"Bioinformatics and Computational Biology Program, Iowa State University, Ames, IA 50011, USA.","Joshi P, Banerjee S, Hu X, Khade PM, Friedberg I",DBI-1458359,"National Science Foundation, Iowa State University",0,GOThresher: a program to remove annotation biases from protein function annotation datasets.
39530217,2025-01-01,"McWilliams School of Biomedical Informatics, The University of Texas Health Science Center at Houston, 7000 Fannin Street, Suite 600, Houston, TX 77030, USA.","Yang Y, Kumar H, Xie Y, Li Z, Li R, Chen W, Diala CS, Ali MA, Xu Y, Wu A, Hosseini SR, Bi E, Zhao H, Kim P, Zheng WJ","R35GM138184, UL1 TR001863, UM1 TR004906, 1R01AG066749, 5R56AG069880-02, RP170668, T15 LM007093, UL1 TR003167, R01GM116876, 1UM1TR004906-01, R01 GM116876, U24 MH130988, W81XWH-22-1-0164, 1UL1TR003167, R35 GM138184, 1U24MH130988-01, 1UL1TR003167","National Institutes of Health, NCATS NIH HHS, NCATS NIH HHS, National Institutes of Health, National Institutes of Health, Cancer Prevention and Research Institute of Texas, NLM NIH HHS, NCATS NIH HHS, National Institutes of Health, National Institutes of Health, NIGMS NIH HHS, NIMH NIH HHS, Department of Defense, University of Texas Health Science Center at Houston, National Institutes of Health, NIGMS NIH HHS, National Institutes of Health, NIH HHS",2,ASpdb: an integrative knowledgebase of human protein isoforms from experimental and AI-predicted structures.
34297061,2022-01-01,"Osteoarthritis Research Program Division of Orthopedic Surgery Schroeder Arthritis Institute, and Data Science Discovery Centre for Chronic Diseases Krembil Research Institute, University Health Network, Toronto, Ontario, Canada.","Tokar T, Pastrello C, Abovsky M, Rahmati S, Jurisica I","30865, 29272, #203475, 34876, 225404","Canada Foundation for Innovation, Buchan Foundation and Schroeder Arthritis Institute via the Toronto General and Western Hospital Foundation, Canada Foundation for Innovation, Natural Sciences Research Council, Ontario Research Fund, IBM, Canada Foundation for Innovation, University Health Network",4,miRAnno-network-based functional microRNA annotation.
41020879,2025-09-13,"Laboratorio de Investigación en Bioactivos y Cáncer, Facultad de Ciencias Químico-Biológicas, Universidad Autónoma de Guerrero, Chilpancingo C.P. 39090, Mexico.","Zacapala-Gómez AE, Hernández-Galicia G, Torres-Rojas FI, Baños-Hernández CJ, Ortiz-Ortiz J, Jiménez-Wences H, Campos-Viguri GE, Antonio-Véjar V, Alarcón-Millán J, Salmerón-Bárcenas EG",,,0,Let-7c/RUNX1 Axis Promotes Cervical Cancer: A Bioinformatic Analysis.
36245702,2022-08-05,"Innovative Institute of Chinese Medicine and Pharmacy, Academy for Interdiscipline Chengdu University of Traditional Chinese Medicine Chengdu China.","Ren L, Xu Y, Ning L, Pan X, Li Y, Zhao Q, Pang B, Huang J, Deng K, Zhang Y","62071099, 81872957, 82130112","National Natural Science Foundation of China, National Natural Science Foundation of China, National Natural Science Foundation of China",24,TCM2COVID: A resource of anti-COVID-19 traditional Chinese medicine with effects and mechanisms.
37870478,2024-01-01,"CAS Key Laboratory of Genomic and Precision Medicine, Beijing Institute of Genomics, Chinese Academy of Sciences and China National Center for Bioinformation, Beijing 100101, China.","Lin S, Wu S, Zhao W, Fang Z, Kang H, Liu X, Pan S, Yu F, Bao Y, Jia P","32270706, XDB38010400, 232016009","National Natural Science Foundation of China, Strategic Priority Research Program of the Chinese Academy of Sciences, Open Biodiversity and Health Big Data Programme of IUBS, Startup Research Fund of Henan Academy of Sciences",5,TargetGene: a comprehensive database of cell-type-specific target genes for genetic variants.
35809063,2022-09-01,"Institute of Computing Science, Poznan University of Technology, 60-965 Poznan, Poland.","Wiedemann J, Kaczor J, Milostan M, Zok T, Blazewicz J, Szachniuk M, Antczak M","2019/35/B/ST6/03074, 0311/SBAD/0705","National Science Center, Poznan University of Technology, Institute of Bioorganic Chemistry",7,RNAloops: a database of RNA multiloops.
40103610,2025-02-21,"Department of Hematology, The First Affiliated Hospital of Chongqing Medical University, School of Basic Medical Sciences, Chongqing Medical University, Chongqing 400016, China.","Li Y, Gu B, Ma L, He LN, Bao X, Huang Y, Yang R, Wang L, Yang Q, Yang H, Zuo Z, Gao S, Zhao X, Chen K",2021B1515020108,Basic and Applied Basic Research Foundation of Guangdong Province,0,m6A2Circ: A comprehensive database for decoding the regulatory relationship between m6A modification and circular RNA.
38653491,2024-03-01,"National Key Laboratory of Advanced Drug Delivery and Release Systems & Zhejiang Provincial Key Laboratory of Anti-Cancer Drug Research, College of Pharmaceutical Sciences, Zhejiang University, Hangzhou 310058, China.","Zhang X, Wu J, Luo Y, Wang Y, Wu Y, Xu X, Zhang Y, Kong R, Chi Y, Sun Y, Chen S, He Q, Zhu F, Zhou Z","2022RC018, LHDMZ22H300002, 31971371, 2022RC018, LDT23H19011H19, XY2022038","K.P. Chao’s High Technology Development Foundation of Zhejiang University, Zhejiang Provincial Natural Science Foundation of China, National Natural Science Foundation of China, K.P. Chao's High Technology Development Foundation of Zhejiang University, Zhejiang Provincial Natural Science Foundation of China, Zhejiang University",1,CovEpiAb: a comprehensive database and analysis resource for immune epitopes and antibodies of human coronaviruses.
34792145,2022-01-01,"School of Life Science and Technology, Computational Biology Research Center, Harbin Institute of Technology, Harbin 150001, China.","Xing J, Zhai R, Wang C, Liu H, Zeng J, Zhou D, Zhang M, Wang L, Wu Q, Gu Y, Zhang Y","6210070817, U20A20376, GA20C018, LBH-Z20158, 31771601, 61972116","National Natural Science Foundation of China, National Natural Science Foundation of China, Applied Technology Research and Development Project of Heilongjiang, Heilongjiang Postdoctoral Fund, National Natural Science Foundation of China, National Natural Science Foundation of China",17,DiseaseMeth version 3.0: a major expansion and update of the human disease methylation database.
35094056,2022-03-01,"Department of Biophysics, University of Texas Southwestern Medical Center, Dallas, TX 75390, USA.","Medvedev KE, Pei J, Grishin NV","R35 GM127390, GM127390, I-1505","NIGMS NIH HHS, National Institutes of Health, Welch Foundation",2,DisEnrich: database of enriched regions in human dark proteome.
37855686,2024-01-01,"College of Pharmaceutical Sciences, The Second Affiliated Hospital, Zhejiang University School of Medicine, Zhejiang University, Hangzhou 310058, China.","Zhang Y, Sun H, Zhang W, Fu T, Huang S, Mou M, Zhang J, Gao J, Ge Y, Yang Q, Zhu F","2018QNA7023, 2022YFC3400501, 22220102001, 82373790, 62201289, LR21H300001, U1909208, 2020C03010, 2020C03010, 181201*194232101, 81872798, BK20210597, 181201*194232101, 81971982","Fundamental Research Funds for Central Universities, National Key Research and Development Program of China, National Natural Science Foundation of China, National Natural Science Foundation of China, National Natural Science Foundation of China, Natural Science Foundation of Zhejiang Province, National Natural Science Foundation of China, Information Technology Centers of Zhejiang University, Key R&D Programs of Zhejiang Province, Key R&amp;D Programs of Zhejiang Province, ‘Double Top-Class’ University Projects, Alibaba Cloud, Alibaba-Zhejiang University, National Natural Science Foundation of China, Natural Science Foundation of Jiangsu Province, 'Double Top-Class' University Projects, Westlake Laboratory of Life Sciences and Biomedicine, National Natural Science Foundation of China, National High-Level Talents Special Support Plan of China",9,CellSTAR: a comprehensive resource for single-cell transcriptomic annotation.
35015132,2022-01-11,"Cold Spring Harbor Laboratory, Cold Spring Harbor, NY, 11724, USA.","Gladman N, Olson A, Wei S, Chougule K, Lu Z, Tello-Ruiz M, Meijs I, Van Buren P, Jiao Y, Wang B, Kumar V, Kumari S, Zhang L, Burke J, Chen J, Burow G, Hayes C, Emendack Y, Xin Z, Ware D","S10OD028632-01, 8062-21000-041-00D, S10 OD028632, S10OD028632-01","NIH HHS, Agricultural Research Service, NIH HHS, National Institutes of Health",32,SorghumBase: a web-based portal for sorghum genetic information and community advancement.
37919434,2023-11-02,"Integrative Genomics of Ageing Group, Institute of Life Course and Medical Sciences, University of Liverpool, Liverpool, UK.","Lagger C, Ursu E, Equey A, Avelar RA, Pisco AO, Tacutu R, de Magalhães JP","BB/R014949/1, LT000741/2019-C, BB/R014949/1, 208375/Z/17/Z","Biotechnology and Biological Sciences Research Council, Human Frontier Science Program, RCUK | Biotechnology and Biological Sciences Research Council, Wellcome Trust, Wellcome Trust",20,scDiffCom: a tool for differential analysis of cell-cell interactions provides a mouse atlas of aging changes in intercellular communication.
39875867,2025-01-28,"Biology Department, University of Massachusetts Amherst, Amherst, MA, USA. gteicher@umass.edu.","Teicher G, Riffe RM, Barnaby W, Martin G, Clayton BE, Trapani JG, Downes GB","IOS 1456866, AES2017SD","National Science Foundation, American Epilepsy Society",0,Marigold: a machine learning-based web app for zebrafish pose tracking.
37526283,2023-09-01,"HudsonAlpha Institute for Biotechnology, Huntsville, AL, USA.","Sreedasyam A, Plott C, Hossain MS, Lovell JT, Grimwood J, Jenkins JW, Daum C, Barry K, Carlson J, Shu S, Phillips J, Amirebrahimi M, Zane M, Wang M, Goodstein D, Haas FB, Hiss M, Perroud PF, Jawdy SS, Yang Y, Hu R, Johnson J, Kropat J, Gallaher SD, Lipzen A, Shakirov EV, Weng X, Torres-Jerez I, Weers B, Conde D, Pappas MR, Liu L, Muchlinski A, Jiang H, Shyu C, Huang P, Sebastian J, Laiben C, Medlin A, Carey S, Carrell AA, Chen JG, Perales M, Swaminathan K, Allona I, Grattapaglia D, Cooper EA, Tholl D, Vogel JP, Weston DJ, Yang X, Brutnell TP, Kellogg EA, Baxter I, Udvardi M, Tang Y, Mockler TC, Juenger TE, Mullet J, Rensing SA, Tuskan GA, Merchant SS, Stacey G, Schmutz J","DE-SC0008834, DE-SC0021126, R24 GM092473, DE-AC02-05CH11231, DE-AC05-00OR22725, DE-SC0008769, DE-SC0008451, R24 GM092473, DE-FC02-02ER63421, DE-SC0012629, DE-SC0018277, DE-SC0018409","U.S. Department of Energy, U.S. Department of Energy Office of Science, DOE Office of Science, Genomic Science Program, DOE Office of Science, Center for Bioenergy Innovation, National Institutes of Health, Office of Science of the U.S. Department of Energy, UT-Battelle, LLC, DOE Office of Science, BioEnergy Science Center, Samuel Roberts Noble Foundation, Office of Biological and Environmental Research, DOE Office of Science, NIGMS NIH HHS, Brazilian Federal District Research Foundation, United Soybean Board, Department of Energy, Office of Biological and Environmental Research, DOE Office of Science, Great Lakes Bioenergy Research Center, DOE BER Early Career Research Program",42,JGI Plant Gene Atlas: an updateable transcriptome resource to improve functional gene descriptions across the plant kingdom.
39905665,2025-02-01,"Sudha Gopalakrishnan Brain Centre, Indian Institute of Technology, Madras, Chennai, India.","Verma R, Bota M, Ram K, Jayakumar J, Folkerth R, Pandurangan K, Ramesh JJ, Majumder M, Raveendran R, Nanda R, K S, S AD, Karthik S, Kumarasami R, S S, Lata S, Kumar EH, Rangasami R, Srinivasan C, Kumutha J, Vasudevan S, Bhat K, Sam C C, Neelakantan S, Savoia S, Mitra PP, Joseph J, Manger PR, Sivaprakasam M",,"The Pratiksha Trust, PPM is supported by the H N Mahabala Chair Professorship of the Indian Institute of Technology Madras., Premji Invest, Principal Scientific Adviser to the Government of India",0,DHARANI: A 3D Developing Human-Brain Atlas Resource to Advance Neuroscience Internationally Integrated Multimodal Imaging and High-Resolution Histology of the Second Trimester.
PMC12585543,2025-09-01,,"Dec W, Rubach P, Minor W",,,0,Integrated Platform for Assessing the Quality of Macromolecular Models
40133793,2025-02-15,"Institute for Protein Research, Osaka University, 3-2, Yamadaoka, Suita, Osaka 565-0871, Japan. Electronic address: gertjan.bekker@protein.osaka-u.ac.jp.","Bekker GJ, Nagao C, Shirota M, Nakamura T, Katayama T, Kihara D, Kinoshita K, Kurisu G","JP24ama121001, R01GM133840, JP21K17847, JP23ama121019, JP20H03229, JPMJND2205","Japan Agency for Medical Research and Development, National Institutes of Health, Japan Society for the Promotion of Science, Japan Agency for Medical Research and Development, Japan Society for the Promotion of Science, Japan Science and Technology Agency, JST National Bioscience Database Center",4,Protein Data Bank Japan: Computational Resources for Analysis of Protein Structures.
39660955,2025-01-01,"Bioinformatics Center, National Institute of Immunology, New Delhi, India.","Pal S, Pal A, Mohanty D","BT/BI/TCB/007/2021, BT/PR40267/BTIS/137/67/2023, MeitY/R&D/HPC/2(1)/2014/CORP:DG:3191, BT/PR40160/BTIS/137/64/2023, BT/PR40325/BTIS/137/1/2020","Department of Biotechnology, Ministry of Science and Technology, India, Department of Biotechnology, Ministry of Science and Technology, India, National Supercomputing Mission, MeiTY, India, Department of Biotechnology, Ministry of Science and Technology, India, Department of Biotechnology, Ministry of Science and Technology, India",0,SG-ML-PLAP: A structure-guided machine learning-based scoring function for protein-ligand binding affinity prediction.
39557706,2024-11-18,"College of Science, Mathematics and Technology, Wenzhou-Kean University, Wenzhou, 325060, China.","Cheng M, Zhu Y, Yu H, Shao L, Zhang Y, Li L, Tu H, Xie L, Chao H, Zhang P, Xin S, Feng C, Ivanisenko V, Orlov Y, Chen D, Wong A, Yang YE, Chen M","2022R52035, 32261133526; 32270709; 32070677; 32300532, 2023YFE0112300; 2018YFC0310602, GZC20232322","the Science and Technology Innovation Leading Scientist, National Natural Sciences Foundation of China, National Key Research and Development Program of China, Postdoctoral Fellowship Program of CPSF",1,"Non-coding RNA notations, regulations and interactive resources."
39498494,2025-01-01,"Institute of Pharmaceutical Sciences, Albert-Ludwigs-Universität Freiburg, Hermann-Herder-Str. 9, D-79104 Freiburg, Germany.","Feng Y, Qaseem A, Moumbock AFA, Pan S, Kirchner PA, Simoben CV, Malange YI, Babiaka SB, Gao M, Günther S","278002225, 202308080095","German Research Foundation, China Scholarship Council, University of Freiburg",5,StreptomeDB 4.0: a comprehensive database of streptomycetes natural products enriched with protein interactions and interactive spectral visualization.
39520405,2024-11-01,"National Library of Medicine, National Institutes of Health, Bethesda, MD 20894, United States.","Tian S, Chen Q, Comeau DC, Wilbur WJ, Lu Z",,NIH,0,PubMed Computed Authors in 2024: an open resource of disambiguated author names in biomedical literature.
37244568,2023-05-25,"Department of Integrative Genomics, Tohoku Medical Megabank Organization, Tohoku University, 2-1 Seiryo-machi, Aoba-ku, Sendai 980-8573, Japan; Department of System Bioinformatics, Graduate School of Information Sciences, Tohoku University, 6-3-09, Aramaki-Aza-Aoba, Aoba-ku, Sendai 980-8579, Japan.","Anzawa H, Kinoshita K",JP22ama121019,"Canon Medical Systems Corporation Tokyo CL Square, Japan Agency for Medical Research and Development",0,C4S DB: Comprehensive Collection and Comparison for ChIP-Seq Database.
40246865,2025-04-17,"Institute of Hydrobiology, Chinese Academy of Sciences, Wuhan, 430072, China.","Zou X, Wang C, He Y, Wang J",,,0,Transcriptomic profiling of three embryonic development stages in Rare Minnow (Gobiocypris rarus).
39436020,2025-01-01,"Université Paris Cité and Université des Antilles and Université de la Réunion, INSERM, BIGR, DSIMB, F-75015 Paris, France.","Gheeraert A, Bailly T, Ren Y, Hamraoui A, Te J, Vander Meersche Y, Cretin G, Leon Foun Lin R, Gelly JC, Pérez S, Guyon F, Galochkina T","A0140714131, ANR-21-CE45-0019, ANR-18-IDEX-0001","TGCC, Ministry of Research (France), Université Paris Cité, GENCI, IFB-core cluster, Université Paris Cité (France), Data Intelligence Institute of Paris (DiiP), French National Research Agency, IdEx, Data Intelligence Institute of Paris, Ministry of Research, National Institute for Health and Medical Research",4,DIONYSUS: a database of protein-carbohydrate interfaces.
35952423,2022-07-13,"Advanced Computation and Data Sciences Division, CSIR-North East Institute of Science and Technology, Jorhat, 785 006, Assam, India; Academy of Scientific and Innovative Research (AcSIR), Ghaziabad 201 002, Uttar Pradesh, India.","Kiewhuo K, Gogoi D, Mahanta HJ, Rawal RK, Das D, Sastry GN",,,6,North East India medicinal plants database (NEI-MPDB).
39240325,2024-09-01,"Department of Physics and Astronomy, Clemson University, Clemson, SC 29634, United States.","Rimal P, Panday SK, Xu W, Peng Y, Alexov E","R35GM151964, R35 GM151964","National Institute of Health, NIGMS NIH HHS",3,SAAMBE-MEM: a sequence-based method for predicting binding free energy change upon mutation in membrane protein-protein complexes.
39470732,2025-01-01,"State Key Laboratory of Molecular and Developmental Biology, Institute of Genetics and Developmental Biology, Chinese Academy of Sciences, No. 1 West Beichen Road, Chaoyang District, Beijing 100101, China.","Shi W, Jin E, Fang L, Sun Y, Fan Z, Zhu J, Liang C, Zhang YP, Zhang YQ, Wang GD, Zhao W","2022SCP001, 2023YFC2605700, XDB38050300, 2021ZD0203900, 2019YFA0707100, 202201AV070011","Spring City Plan: the High-level Talent Promotion and Training Project of Kunming, National Key Research and Development Program of China, Chinese Academy of Sciences, Scientific and Technological Innovation 2030-Major Project, National Key Research and Development Program of China, Yunnan Fundamental Research Projects",1,VDGE: a data repository of variation database for gene-edited animals across multiple species.
37819042,2024-01-01,"Key Laboratory of Systems Biology, Hangzhou Institute for Advanced Study, University of Chinese Academy of Sciences, Hangzhou 310024, China.","Zhou T, Xiao L, Zuo Z, Zhao F","32001082, 2022YFA1303900, 2022YFA1303900, 32025009, 2021YFA1301000","National Natural Science Foundation of China, National Key R&D Program of China, National Key R&amp;D Program of China, National Natural Science Foundation of China, National Key R&amp;D Program of China",4,MAMI: a comprehensive database of mother-infant microbiome and probiotic resources.
38686808,2024-07-01,"CRCM, CNRS, Inserm, Institut Paoli-Calmettes, Aix-Marseille Univ, Marseille 13273, France.","Hoffer L, Charifi-Hoareau G, Barelier S, Betzi S, Miller T, Morelli X, Roche P","R37 CA218259, ANR-22-CE18-0023, R37 CA218259, ANR-20-CE18-0025, ANR-21-CE18-0056","National Cancer Institute, Agence Nationale de la Recherche, NCI NIH HHS, Agence Nationale de la Recherche, Agence Nationale de la Recherche",0,ChemoDOTS: a web server to design chemistry-driven focused libraries.
39874782,2025-01-23,"Southwest University, Chongqing, 402460, PR China.","Huang M, Sun J, Wang J, Ye X, Chen Z, Zhao X, Zhang K, Ma L, Xue J, Luo Y, Wu X, Wang H, Wang C, Liu Z, Xie Y, Chen Y, Wang Q, Wang Y, Gao G",,Natural Science Foundation Project of Chongqing,0,Goose multi-omics database: A comprehensive multi-omics database for goose genomics.
38991851,2024-01-01,"Center for Public Health Genomics, School of Medicine, University of Virginia, Charlottesville, VA 22908, USA.","LeRoy NJ, Khoroshevskyi O, O'Brien A, Stępień R, Arslan A, Sheffield NC","R35 GM128636, R35-GM128636, R35-GM128636, R01 HG012558","NIGMS NIH HHS, NIGMS NIH HHS, National Institute of General Medical Sciences, NHGRI NIH HHS",3,"PEPhub: a database, web interface, and API for editing, sharing, and validating biological sample metadata."
37410917,2023-07-01,"Department of Bioinformatics, College of Life Sciences, Zhejiang University, Hangzhou 310058, China.","Xu J, Zhu C, Su M, Li S, Chao H, Chen M","32070677 32261133526 32270709, Y202204165","National Natural Sciences Foundation of China, SRTP Program of Zhejiang University, the 151 Talent Project, and S&amp;T Innovation Leader of Zhejiang Province, Jiangsu Collaborative Innovation Center for Modern Crop Production and Collaborative Innovation Center for Modern Crop Production co-sponsored by province and ministry",3,CropGF: a comprehensive visual platform for crop gene family mining and analysis.
36700083,2023-01-09,"HPC-and AI-driven Drug Development Platform Division, Center for Computational Science, Yokohama, Kanagawa, Japan.","Ikeda K, Maezawa Y, Yonezawa T, Shimizu Y, Tashiro T, Kanai S, Sugaya N, Masuda Y, Inoue N, Niimi T, Masuya K, Mizuguchi K, Furuya T, Osawa M",,,9,DLiP-PPI library: An integrated chemical database of small-to-medium-sized molecules targeting protein-protein interactions.
37589022,2023-05-16,"NHC Key Laboratory of Reproduction Regulation & Shanghai-MOST Key Laboratory of Health and Disease Genomics, Shanghai Institute for Biomedical and Pharmaceutical Technologies (SIBPT), Fudan University, No. 779, Old Hu Min Road, Shanghai, 200237 China.","Wu Q, Huang Y, Kong X, Jia B, Lu X, Chen Y, Huang Z, Li YY, Dai W","32000472, CX2022-02, I01 CX002022, SKY2022003, 32100531","National Natural Science Foundation of China, NHC Key Lab of Reproduction Regulation, CSRD VA, Shanghai Academy of Science&amp;Technology, National Natural Science Foundation of China",12,DBLiPro: A Database for Lipids and Proteins in Human Lipid Metabolism.
38776381,2024-05-01,"CIRAD, UMR AGAP Institut, University of Montpellier, F-34398, France.","Jenny C, Guignon V, Manyer I Ballester F, Ruas M, Rouard M",,"CGIAR Genebank initiative, Centre de Coopération Internationale en Recherche Agronomique pour le Développement, Consortium of International Agricultural Research Centers, CGIAR Research Program on Roots, Tubers, and Bananas (RTB)",0,Collecting and managing in situ banana genetic resources information (Musa spp.) using online resources and citizen science.
38395961,2024-02-23,"EXSCALATE, Dompé Farmaceutici SpA, Via Tommaso de Amicis 95, 80123, Napoli, Italy.","Manelfi C, Tazzari V, Lunghini F, Cerchia C, Fava A, Pedretti A, Stouten PFW, Vistoli G, Beccari AR",,,2,"""DompeKeys"": a set of novel substructure-based descriptors for efficient chemical space mapping, development and structural interpretation of machine learning models, and indexing of large databases."
35913976,2022-08-01,"Department of Applied Mathematics and Statistics, The State University of New York, Korea, Incheon, South Korea.","Gu W, Moon J, Chisina C, Kang B, Park T, Koh H","2013M3A9C4078158, 2021R1C1C1013861","National Research Foundation of Korea, National Research Foundation of Korea",6,MiCloud: A unified web platform for comprehensive microbiome data analysis.
40411446,2025-06-01,"Department of Animal Medicine, Production and Health, University of Padova, Padua, Italy.","Yaddehige SK, Vischioni C, Berselli M, Alberghini L, Mezzavilla M, Bobbo T, Taccioli C",,,0,GBRAP: A Comprehensive Database and Tool for Exploring Genomic Diversity Across All Domains of Life.
38865432,2024-06-01,"Key Laboratory of Industrial Fermentation Microbiology, Ministry of Education, Tianjin 300457, P. R. China.","Peng C, Liu X, Meng X, Chen C, Wu X, Bai L, Lu F, Liu F","18JCZDJC33000, 2018YFA0901700, 21576199 21878234 21908165 32001657","Tianjin Municipal Science and Technology Commission, Research and Development Program of China, National Natural Science Foundation of China",0,IPAD-DB: a manually curated database for experimentally verified inhibitors of proteins associated with Alzheimer's disease.
37460312,2023-09-20,"School of Life Sciences, Tokyo University of Pharmacy and Life Sciences.","Hijikata A, Oshima T, Yura K, Bessho Y",,,3,ThermusQ: Toward the cell simulation platform for Thermus thermophilus.
37639797,2023-08-25,"College of Life Sciences, Nankai University, Tianjin 300071, China.","Wang S, Yun Y, Tian X, Su Z, Liao Z, Li G, Ma T","2018YFA0902101, 42173079","China Postdoctoral Science Foundation, National Key Research and Development Program of China, National Key Project for Synthetic Biology, National Natural Science Foundation of China",3,HMDB: A curated database of genes involved in hydrocarbon monooxygenation reaction with homologous genes as background.
39520544,2024-11-01,"Molecular Biology, Cell Biology, & Biochemistry Department, Brown University, Providence, RI, 02912, United States.","Mahableshwarkar P, Shum J, Ray M, Larschan E","R35 GM126994, R35 GM126994, R35 GM153389, R01 DA058947, R35 GM126994","NIGMS NIH HHS, NIH, NIGMS NIH HHS, NIDA NIH HHS, NIH HHS",0,BindCompare: a novel integrated protein-nucleic acid binding analysis platform.
39436035,2025-01-01,"School of Life Science and Technology, Xidian University, Xi'an, Shaanxi 710126, PR China.","Wu S, Zhang J, Wang Y, Qin X, Zhang Z, Lu Z, Kim P, Zhou X, Huang L","62002270, R35 GM138184, 82227802","National Natural Science Foundation of China, NIGMS NIH HHS, National Natural Science Foundation of China",2,"metsDB: a knowledgebase of cancer metastasis at bulk, single-cell and spatial levels."
39441075,2025-01-01,"Department of Cell and Systems Biology/Centre for the Analysis of Genome Evolution and Function, University of Toronto, 25 Willcocks Street, Toronto, ON M5S 3B2, Canada.","Sullivan A, Lombardo MN, Pasha A, Lau V, Zhuang JY, Christendat A, Pereira B, Zhao T, Li Y, Wong R, Qureshi FZ, Provart NJ",OGI-162,"National Sciences and Engineering Research Council of Canada, Genome Canada",1,20 years of the Bio-Analytic Resource for Plant Biology.
37855672,2024-01-01,"Systems Immunity Research Institute, School of Medicine, Cardiff University, Cardiff CF14 4XN, UK.","Conroy MJ, Andrews RM, Andrews S, Cockayne L, Dennis EA, Fahy E, Gaud C, Griffiths WJ, Jukes G, Kolchin M, Mendivelso K, Lopez-Clavijo AF, Ready C, Subramaniam S, O'Donnell VB","R35 GM139641, U2CDK119886, BB/X011100/1, R35 GM139641, 203014/Z/16/Z], BB/P017193/1, 203014/Z/16/Z, U2CDK119886, BB/L005042/1, U2C DK119886","NIGMS NIH HHS, NIH HHS, Biotechnology and Biological Sciences Research Council, NIGMS, ayman Chemical, Merck and Avanti Polar Lipids, Wellcome Trust, Biotechnology and Biological Sciences Research Council, Cardiff University, Wellcome Trust, National Institutes of Health, Biotechnology and Biological Sciences Research Council, NIDDK NIH HHS, Wellcome Trust",109,LIPID MAPS: update to databases and tools for the lipidomics community.
39535036,2025-01-01,"Department of Genomic Medicine; Therapeutics Discovery Division; and The Institute for Data Science in Oncology; University of Texas MD Anderson Cancer Center, Houston, TX 77030, USA.","Gingrich PW, Chitsazi R, Biswas A, Jiang C, Zhao L, Tym JE, Brammer KM, Li J, Shu Z, Maxwell DS, Tacy JA, Mica IL, Darkoh M, di Micco P, Russell KP, Workman P, Al-Lazikani B","C309/A27413, C35696/A23187, RR210007, C9685/A26398/RG93685, C309/A11566, C309/A31322","Strategic Award, Infrastructure Award, The Lyda Hill Foundation, Cancer Prevention and Research Institute of Texas, Anderson Institute for Data Science in Oncology, Brain Tumour Centre of Excellence, Bone Cancer research Trust, Chordoma Foundation, Mark Foundation, CRUK Programme, CRUK Programme",7,canSAR 2024-an update to the public drug discovery knowledgebase.
40234091,2025-04-15,"Department of Peptide-based Immunotherapy, Institute of Immunology, University and University Hospital Tübingen, Tübingen, BW, Germany.","Lemke S, Dubbelaar ML, Zimmermann P, Bauer J, Nelde A, Hoenisch Gravel N, Scheid J, Wacker M, Jung S, Dengler A, Maringer Y, Rammensee HG, Gouttefangeas C, Fillinger S, Bilich T, Heitmann JS, Nahnsen S, Walz JS","DFG Grant WA4608/1-2, Grant 2016.177.3, Grant DJCLS 05 R/2017, EXC2180-390900677, EXC2180, Grant 2022_EKTP03, 70114948","Deutsche Forschungsgemeinschaft, Wilhelm Sander Stiftung, Ernst Jung Prize for Medicine, José Carreras Leukämie-Stiftung, Landesforschungspreis of Baden-Württemberg, Deutsche Forschungsgemeinschaft under Germany‘s Excellence Strategy, Deutsche Forschungsgemeinschaft under Germany‘s Excellence Strategy, ForTra gGmbH of the Else Kröner Fresenius Stiftung, Translatorik Programm, Zentrum für Personalisierte Medizin, Deutsche Krebshilfe, Applied Clinical Research program, German Cancer Consortium",4,PCI-DB: a novel primary tissue immunopeptidome database to guide next-generation peptide-based immunotherapy development.
36922546,2023-03-15,"Department of Pathophysiology, State Key Laboratory of Esophageal Cancer Prevention and Treatment, School of Basic Medical Sciences, Zhengzhou University, Zhengzhou, 450001, China.","Yuan Q, Chu Y, Li X, Shi Y, Chen Y, Zhao J, Lu J, Liu K, Guo Y","224200510015, 32100532, 32320442, 224200510015","Science and Technology Department of Henan Province, National Natural Science Foundation of China, Zhengzhou University | Excellent Youth Development Foundation of Zhengzhou University, Science and Technology Department, Henan Province",4,CAFrgDB: a database for cancer-associated fibroblasts related genes and their functions in cancer.
37386732,2023-06-30,"State Key Laboratory of Common Mechanism Research for Major Diseases, Haihe Laboratory of Cell Ecosystem, Institute of Basic Medical Sciences, Chinese Academy of Medical Sciences, Beijing 100005, China.","Xu J, He J, Yang J, Wang F, Huo Y, Guo Y, Si Y, Gao Y, Wang F, Cheng H, Cheng T, Yu J, Wang X, Ma Y",,,1,REDH: A database of RNA editome in hematopoietic differentiation and malignancy.
34871441,2022-01-01,"State Key Laboratory of Proteomics, Beijing Proteome Research Center, National Center for Protein Sciences (Beijing), Beijing Institute of Lifeomics, Beijing 102206, China.","Chen T, Ma J, Liu Y, Chen Z, Xiao N, Lu Y, Fu Y, Yang C, Li M, Wu S, Wang X, Li D, He F, Hermjakob H, Zhu Y","18-163-15-ZT-001-006-07, U1811461, 2020YFE0202200, 16CXZ027, 2016ZT06D211","Innovation special zone, National Natural Science Foundation of China, National Key Research Program of China, National Natural Science Foundation of China, Program for Guangdong Introducing Innovative and Entrepreneurial Teams",572,iProX in 2021: connecting proteomics data sharing with big data.
39237105,2024-09-05,"Center for Computational Biology (CBIO), Mines Paris-PSL, 75006 Paris, France.","Guichaoua G, Pinel P, Hoffmann B, Azencott CA, Stoven V","ANR-19-P3IA-0001, DIM AI4IDF","Agence Nationale de la Recherche, Conseil R?gional, ?le-de-France",1,Drug-Target Interactions Prediction at Scale: The Komet Algorithm with the LCIdb Dataset.
36162726,2022-09-23,"Department of Biomedical Engineering, Nanjing University of Aeronautics and Astronautics, Nanjing 211106, China.","Zhou S, Huang Y, Xing J, Zhou X, Chen S, Chen J, Wang L, Jiang W","81972478, 62172213, 61872183","National Natural Science Foundation of China, National Natural Science Foundation of China, National Natural Science Foundation of China",6,ncFO: A Comprehensive Resource of Curated and Predicted ncRNAs Associated with Ferroptosis.
36440758,2023-01-01,"Rice Research Institute, Guangdong Academy of Agricultural Sciences, Guangzhou 510640, China.","Liu Q, Peng X, Shen M, Qian Q, Xing J, Li C, Gregory RI","R01 CA233671, 2020B1212060047, T32 HL007574, R01CA233671, R35 CA232115, 32270698, R2021YJ-XD001, R35CA232115","NCI NIH HHS, Project of Guangdong Key Laboratory of New Technology in Rice Breeding, NHLBI NIH HHS, NIH, NCI NIH HHS, National Natural Science Foundation of China, Special Foundation for Introduction of Scientific Talents of GDAAS, NIH",22,Ribo-uORF: a comprehensive data resource of upstream open reading frames (uORFs) based on ribosome profiling.
37551911,2023-07-01,"Department of Computer Science and Engineering, Korea University, 145 Anam-ro, Seongbuk-gu, Seoul 02841, South Korea.","Yoon W, Yi S, Jackson R, Kim H, Kim S, Kang J",,,2,Biomedical relation extraction with knowledge base-refined weak supervision.
35930941,2022-07-16,"Department of Molecular and Cellular Biology, University of California, Davis, CA 95616, USA. Electronic address: kjfraga@ucdavis.edu.","Fraga KJ, Huang YJ, Ramelot TA, Swapna GVT, Lashawn Anak Kendary A, Li E, Korf I, Montelione GT","S10 OD030482, R01 GM120574, S10 OD018207, R35 GM141818, R35 GM141818, R01 GM120574","NIH HHS, National Institute of General Medical Sciences, NIH HHS, National Institute of General Medical Sciences, NIGMS NIH HHS, National Institutes of Health, NIGMS NIH HHS",3,SpecDB: A relational database for archiving biomolecular NMR spectral data.
36652461,2023-04-01,"Division of Biological Systems and Engineering, Lawrence Berkeley National Laboratory, Berkeley, CA 94720, USA.","Fisher WW, Hammonds AS, Weiszmann R, Booth BW, Gevirtzman L, Patton JEJ, Kubo CA, Waterston RH, Celniker SE","R01 GM084947, U41-HG007355, R01-GM076655, R01 GM076655, U41 HG007355","NIGMS NIH HHS, National Human Genome Research Institute, National Institutes of Health, National Institutes of Health, NIGMS NIH HHS, NHGRI NIH HHS",3,A modERN resource: identification of Drosophila transcription factor candidate target genes using RNAi.
37730114,2023-09-18,"Department of Computer Science and Technology, College of Electronic and Information Engineering, Tongji University, Shanghai 201804, China.","Pan Y, Li R, Li W, Lv L, Guan J, Zhou S","62172300, 61972100","National Natural Science Foundation of China, National Natural Science Foundation of China",4,HPC-Atlas: Computationally Constructing A Comprehensive Atlas of Human Protein Complexes.
39920771,2025-02-07,"Department of Urology, The First Affiliated Hospital of Soochow University, Suzhou, 215000, China.","Yang H, Zhang X, Jia Z, Wang H, Wu J, Wei X, Huang Y, Yan W, Lin Y","BK20241796, 32200533","Natural Science Foundation of Jiangsu Province, National Natural Science Foundation of China",2,"Targeting ferroptosis in prostate cancer management: molecular mechanisms, multidisciplinary strategies and translational perspectives."
37820365,2023-10-11,"Dr. Neher's Biophysics Laboratory for Innovative Drug Discovery, State Key Laboratory of Quality Research in Chinese Medicine, Macau Institute for Applied Research in Medicine and Health, Macau University of Science and Technology, Macao, 999078, China.","Yin X, Wang X, Li Y, Wang J, Wang Y, Deng Y, Hou T, Liu H, Luo P, Yao X","001/2020/ALC, 0015/2019/AMJ, 0056/2020/AMJ, 0114/2020/A3","State Key Laboratory of Quality Research in Chinese Medicine, Macau University of Science and Technology, Science and Technology Development Fund, Macau SAR, Science and Technology Development Fund, Macau SAR, Science and Technology Development Fund, Macau SAR",5,CODD-Pred: A Web Server for Efficient Target Identification and Bioactivity Prediction of Small Molecules.
37356903,2023-05-04,"BMLMS, College of Chemistry and Molecular Engineering, Peking University, Beijing, PR China.","Wang S, Xie J, Pei J, Lai L",,,51,CavityPlus 2022 Update: An Integrated Platform for Comprehensive Protein Cavity Detection and Property Analyses with User-friendly Tools and Cavity Databases.
39417505,2025-01-01,"Institute for Chemical Research, Kyoto University, Uji, Kyoto 611-0011, Japan.","Kanehisa M, Furumichi M, Sato Y, Matsuura Y, Ishiguro-Watanabe M",JPMJND2203,"NBDC Database Integration Coordination Program, Japan Science and Technology Agency",921,KEGG: biological systems database as a model of the real world.
39240653,2024-09-01,"Hospital Sirio-Libanes, São Paulo 01308-060, Brazil.","Conceição HB, Mercuri RLV, de Castro MPM, Ohara DT, Guardia GDA, Galante PAF",,São Paulo Research Foundation,0,RCPedia: a global resource for studying and exploring retrocopies in diverse species.
37811890,2024-01-01,"The Second Affiliated Hospital, School of Medicine, The Chinese University of Hong Kong, Shenzhen & Longgang District People's Hospital of Shenzhen, Shenzhen, Guangdong 518172, China.","Li N, Yao S, Yu G, Lu L, Wang Z","R01LM014087, DMS1916246, R01 LM014087, R01LM014087","National Institutes of Health, National Science Foundation, NLM NIH HHS, NIH HHS",8,tRFtarget 2.0: expanding the targetome landscape of transfer RNA-derived fragments.
39380491,2025-01-01,"Key Laboratory for Bio-Electromagnetic Environment and Advanced Medical Theranostics, School of Biomedical Engineering and Informatics, Nanjing Medical University, Nanjing, Jiangsu 211166, China.","Cao C, Tian M, Li Z, Zhu W, Huang P, Yang S","62471240, 62231013, 82273741","Natural Science Foundation of China, Natural Science Foundation of China, Priority Academic Program Development of Jiangsu Higher Education Institutions, Natural Science Foundation of China",6,GWAShug: a comprehensive platform for decoding the shared genetic basis between complex traits based on summary statistics.
35147037,2022-02-11,"Institute of Biomedical Sciences, Academia Sinica, Taipei 115, Taiwan.","Chen YC, Chen YH, Wright JD, Lim C","MOST-98- 2113-M-001-011, AS-IA-107-L03","Ministry of Science and Technology, Taiwan, Academia Sinica",16,PPI-Hotspot<sup>DB</sup>: Database of Protein-Protein Interaction Hot Spots.
37131131,2023-05-03,"Bioinformatics Group, Wageningen University and Research, 6708PB, Wageningen, The Netherlands.","van den Belt M, Gilchrist C, Booth TJ, Chooi YH, Medema MH, Alanjary M","2021R1C1C1012065, 2019R1A6A1A10073437, 948770-DECIPHER, VI.Veni.202.130, FT160100233, 948770","National Research Foundation of Korea, European Research Council, Dutch Research Council (NWO), Australian Research Council, European Research Council",92,CAGECAT: The CompArative GEne Cluster Analysis Toolbox for rapid search and visualisation of homologous gene clusters.
39283594,2024-09-01,"Ministry of Education Key Laboratory of Bioinformatics, Bioinformatics Division at the Beijing National Research Center for Information Science and Technology, Center for Synthetic and Systems Biology, Department of Automation, Tsinghua University, FIT 1-107, Beijing 100084, China.","Pan Y, Gao Z, Cui X, Li Z, Jiang R","62273194, 2021YFF1200902 2023YFF1204802","National Natural Science Foundation of China, National Key Research and Development Program of China",1,collectNET: a web server for integrated inference of cell-cell communication network.
PMC12141846,2025-01-01,,"Oliveira B, Bitencourt T, Santos P, Pagano A, Pessoni A, Rezende C, Piraine R, Masson A, Faça V, Campos V, Alves L, Colombo A, Almeida F",,,0,Deciphering cargo contents in extracellular vesicles of Candida haemulonii var. vulnera
36321651,2023-01-01,"Institut de Recherches Cliniques de Montréal (IRCM) Montréal, Québec, Canada.","Benoit Bouvrette LP, Wang X, Boulais J, Kong J, Syed EU, Blue SM, Zhan L, Olson S, Stanton R, Wei X, Yee B, Van Nostrand EL, Fu XD, Burge CB, Graveley BR, Yeo GW, Lécuyer E","U41HG009889, K99 HG009530, R00 HG009530, U41 HG009889","National Human Genome Research Institute, NHGRI NIH HHS, NHGRI NIH HHS, Fonds de Recherche du Québec - Santé, NHGRI NIH HHS",8,RBP Image Database: A resource for the systematic characterization of the subcellular distribution properties of human RNA binding proteins.
34918130,2022-03-01,"Metabolome Informatics Research Team, RIKEN Center for Sustainable Resource Science, 1-7-22 Suehiro, Tsurumi, Yokohama, Kanagawa 230-0045, Japan.","Fukushima A, Takahashi M, Nagasaki H, Aono Y, Kobayashi M, Kusano M, Saito K, Kobayashi N, Arita M",18062862,National Bioscience Database Center,7,Development of RIKEN Plant Metabolome MetaDatabase.
35561166,2022-05-01,"Molecular Mechanisms Unit, Department of Research, Fondazione IRCCS Istituto Nazionale dei Tumori, Milan 20133, Italy.","Carenzo A, Pistore F, Serafini MS, Lenoci D, Licata AG, De Cecco L",IG23573,Associazione Italiana per la Ricerca sul Cancro,20,hacksig: a unified and tidy R framework to easily compute gene expression signature scores.
37387152,2023-06-01,"Methods in Medical Informatics, Department of Computer Science, University of Tübingen, Tübingen 72076, Germany.","Ditz JC, Reuter B, Pfeifer N","390727645, 01IS18039A, 01-S17054","German Research Foundation, Tübingen AI Center, Training Center Machine Learning, Tübingen, German Federal Ministry of Education and Research, Deutsche Forschungsgemeinschaft",2,COmic: convolutional kernel networks for interpretable end-to-end learning on (multi-)omics data.
37870454,2024-01-01,"Department of Bioinformatics and Systems Medicine, McWilliams School of Biomedical Informatics, The University of Texas Health Science Center at Houston, Houston, TX 77030, USA.","Kumar H, Luo R, Wen J, Yang C, Zhou X, Kim P","R35GM138184, R35GM138184, R35 GM138184","NIH HHS, National Institutes of Health, University of Texas Health Science Center, NIGMS NIH HHS",10,FusionNeoAntigen: a resource of fusion gene-specific neoantigens.
38974887,2024-06-02,"Department of Clinical Laboratory, Union Hospital, Tongji Medical College, Huazhong University of Science and Technology, Wuhan 430022, China.","Zou D, Ning W, Xu L, Lei S, Wang L, Wang Z",,,0,CRCDB: A comprehensive database for integrating and analyzing multi-omics data of early-onset and late-onset colorectal cancer.
34718752,2022-01-01,"National Genomics Data Center, Beijing Institute of Genomics, Chinese Academy of Sciences / China National Center for Bioinformation, Beijing 100101, China.","Xiong Z, Yang F, Li M, Ma Y, Zhao W, Wang G, Li Z, Zheng X, Zou D, Zong W, Kang H, Jia Y, Li R, Zhang Z, Bao Y","2017YFC0907502, XDB38030200, 2016YFE0206600, 32030021, WX145XQ07-04, XDB38030400, XDA19050302, 2017YFC0908403, 31871328, ANSO-PA-2020–07","National Key Research and Development Program of China, Chinese Academy of Sciences, National Key Research and Development Program of China, National Natural Science Foundation of China, Genomics Data Center Construction of Chinese Academy of Sciences, Chinese Academy of Sciences, Chinese Academy of Sciences, The Open Biodiversity and Health Big Data Programme of IUBS, National Key Research and Development Program of China, National Natural Science Foundation of China, The Professional Association of the Alliance of International Science Organizations",89,"EWAS Open Platform: integrated data, knowledge and toolkit for epigenome-wide association study."
34534350,2022-01-01,"Department of Data Science, Dana Farber Cancer Institute, Boston, MA 02215, USA.","Zeng Z, Wong CJ, Yang L, Ouardaoui N, Li D, Zhang W, Gu S, Zhang Y, Liu Y, Wang X, Fu J, Zhou L, Zhang B, Kim S, Yates KB, Brown M, Freeman GJ, Uppaluri R, Manguso R, Liu XS","T15 LM007092, T15LM007092, U24CA224316, R01 CA234018, U24 CA224316, BCRF-20-100, R01CA234018","Sara Elizabeth O’Brien Trust, NLM NIH HHS, National Institutes of Health, National Institutes of Health, NCI NIH HHS, NCI NIH HHS, Dana-Farber Cancer Institute, Breast Cancer Research Foundation, National Institutes of Health",98,TISMO: syngeneic mouse tumor database to model tumor immunity and immunotherapy response.
36370105,2023-01-01,"Department of Molecular Life Sciences, University of Zurich, 8057 Zurich, Switzerland.","Szklarczyk D, Kirsch R, Koutrouli M, Nastou K, Mehryary F, Hachilif R, Gable AL, Fang T, Doncheva NT, Pyysalo S, Bork P, Jensen LJ, von Mering C","332844, NNF14CC0001, 101023676, PI Lars Juhl Jensen, NNF20SA0035590","Academy of Finland, Novo Nordisk Foundation, Swiss Institute of Bioinformatics, European Union&apos;s Horizon 2020, Marie Sklodowska-Curie, Novo Nordisk Foundation Center for Protein Research, Novo Nordisk Foundation, European Molecular Biology Laboratory, University of Zurich",4954,The STRING database in 2023: protein-protein association networks and functional enrichment analyses for any sequenced genome of interest.
37806555,2023-10-06,"National Genomics Data Center, Beijing Institute of Genomics, Chinese Academy of Sciences and China National Center for Bioinformation, Beijing 100101, China; CAS Key Laboratory of Genome Sciences and Information, Beijing Institute of Genomics, Chinese Academy of Sciences and China National Center for Bioinformation, Beijing 100101, China; University of Chinese Academy of Sciences, Beijing 100049, China.","Jin E, Zhao D, Wu G, Zhu J, Wang Z, Wei Z, Zhang S, Wang A, Tang B, Chen X, Sun Y, Zhang Z, Zhao W, Meng Y","XDB38050300, CAS-WX2022SDC-XK05","Chinese Academy of Sciences, Chinese Academy of Sciences Key Technology Talent Program, Chinese Academy of Sciences",5,OBIA: An Open Biomedical Imaging Archive.
37166973,2023-07-01,"Department of Pharmacological Sciences, Mount Sinai Center for Bioinformatics, Icahn School of Medicine at Mount Sinai, NY, NY, USA.","Evangelista JE, Xie Z, Marino GB, Nguyen N, Clarke DJB, Ma'ayan A","RC2DK131995, U24 CA224260, RC2 DK131995, U24 CA264250, U24CA224260, U24CA271114, OT2 OD030160, U24CA264250, OT2OD030160, R01 DK131525, R01DK131525, U24 CA271114","NIH, NCI NIH HHS, NIDDK NIH HHS, NCI NIH HHS, NIH, NIH, NIH HHS, NIH, NIH, NIDDK NIH HHS, NIH, NCI NIH HHS",129,Enrichr-KG: bridging enrichment analysis across multiple libraries.
39741412,2024-12-30,"Gachon Pain Center and Department of Physiology, Gachon University College of Medicine, Incheon, Republic of Korea.","Hwang SM, Rahman MM, Go EJ, Roh J, Park R, Lee SG, Nahm M, Berta T, Kim YH, Park CK",,"National Research Foundation of Korea, National Institutes of Health, Korea Brain Research Institute",0,Modulation of pain sensitivity by Ascl1- and Lhx6-dependent GABAergic neuronal function in streptozotocin diabetic mice.
35508965,2022-05-04,"Graduate School of Agriculture, Osaka Metropolitan University, Sakai, Osaka, 599-8531, Japan. ogatay@omu.ac.jp.","Ogata Y, Kitayama R",0203041700,Osaka Prefecture University,2,A database for retrieving information on SARS-CoV-2 S protein mutations based on correlation network analysis.
40282425,2025-04-18,"AP Division, Pathology Laboratories, Children's Hospital of Eastern Ontario, University of Ottawa, 401 Smyth Rd., Ottawa, ON K1H 8L1, Canada.",Sergi CM,,,0,"Barth Syndrome: &lt;i&gt;TAFAZZIN&lt;/i&gt; Gene, Cardiologic Aspects, and Mitochondrial Studies-A Comprehensive Narrative Review."
37965091,2023-10-30,"Department of Cardiology and Institutes for Systems Genetics, Frontiers Science Center for Disease-Related Molecular Network, West China Hospital, Sichuan University, Chengdu, China.","Zhan C, Tang T, Wu E, Zhang Y, He M, Wu R, Bi C, Wang J, Zhang Y, Shen B","32270690, 32070671",National Natural Science Foundation of China,26,From multi-omics approaches to personalized medicine in myocardial infarction.
39436255,2025-05-01,"Department of Hematology, Zhujiang Hospital, Southern Medical University, Guangzhou 510282, China.","Zhou 周炜均 W, Xiang 向文婷 W, Yu 喻瑾怡 J, Ruan 阮志涵 Z, Pan 潘逸辰 Y, Wang 王侃侃 K, Liu 刘健 J",,,12,NeoTCR: An Immunoinformatic Database of Experimentally-supported Functional Neoantigen-specific TCR Sequences.
39924294,2025-03-01,"Bioinformatics Facility, Center for Integrated BioSystems, Utah State University, Logan, Utah, USA.","Duhan N, Kaundal R",,,2,AtSubP-2.0: An integrated web server for the annotation of Arabidopsis proteome subcellular localization using deep learning.
37817115,2023-10-11,"Institute of Ecology and Evolution, University of Oregon, Eugene, OR, 97403, USA. chriscs@uoregon.edu.","Smith CCR, Kern AD","F32GM146484, R01HG010774, R35 GM148253, R35GM148253, R35GM148253, R01 HG010774","National Institutes of Health,United States, National Institutes of Health,United States, NIGMS NIH HHS, National Institutes of Health, NIH HHS, NHGRI NIH HHS",14,disperseNN2: a neural network for estimating dispersal distance from georeferenced polymorphism data.
39348154,2024-12-01,"Key Laboratory of Genetic Network Biology, Institute of Genetics and Developmental Biology, Chinese Academy of Sciences, Beijing 100101, China.","Shi Q, Dai M, Ma Y, Liu J, Liu X, Wang XJ",,,0,DRED: A Comprehensive Database of Genes Related to Repeat Expansion Diseases.
39460625,2025-01-01,"School of Life Sciences, State Key Laboratory of Oncology in South China, Cancer Center, Collaborative Innovation Center for Cancer Medicine, Sun Yat-sen University, Guangzhou 510060, China.","He Y, Bao X, Chen T, Jiang Q, Zhang L, He LN, Zheng J, Zhao A, Ren J, Zuo Z","32470709, 2021B1515020108, 2023YFF1204600","National Natural Science Foundation of China, Guangdong Basic and Applied Basic Research Foundation, National Key Research and Development Program of China",1,RPS 2.0: an updated database of RNAs involved in liquid-liquid phase separation.
37308034,2023-06-10,"Bioinformatics and Biostatistics Core, Centre of Genomic and Precision Medicine, National Taiwan University, Taipei, Taiwan.","Chattopadhyay A, Lee CY, Shen YC, Lu KC, Hsiao TH, Lin CH, Lai LC, Tsai MH, Lu TP, Chuang EY","NTU110L8810, MOST-109-2314-B-002-151-MY3, NTU-112L9004, CMU110-N-06, MOST-106-2314-B-002-134-MY2, 112KKZA3T1, MOST-108-2314-B-002-103-MY2","Ministry of Science and Technology, Taiwan, Ministry of Education, Ministry of Science and Technology, Taiwan, National Taiwan University, China Medical University, Ministry of Science and Technology, Taiwan, National Taiwan University, Ministry of Science and Technology, Taiwan, Taiwan Ministry of Science and Technology",6,Multi-ethnic Imputation System (MI-System): A genotype imputation server for high-dimensional data.
37216609,2023-07-01,"Institute of Bioorganic Chemistry, Polish Academy of Sciences, Poznan, Poland.","Ciecierski L, Stolarek I, Figlerowicz M",2014/12/W/NZ2/00466,Polish National Science Center,0,Human AGEs: an interactive spatio-temporal visualization and database of human archeogenomics.
40163697,2025-03-01,"Department of Life Science, Ewha Womans University, Seoul 03760, Republic of Korea.","Yu J, Moon J, Kim M, Han G, Jang I, Lim J, Lee S, Yoon SH, Park WY, Lee B, Lee S",2024M3H9A2044974,National Research Foundation of Korea,0,HISSTA: a human in situ single-cell transcriptome atlas.
37791883,2024-01-01,"CAS Key Laboratory of Genome Sciences and Information, Beijing Institute of Genomics, Chinese Academy of Sciences / China National Center for Bioinformation, Beijing 100101, China.","Wang G, Wu S, Xiong Z, Qu H, Fang X, Bao Y","2021YFF0703704, 82270126, 2021YFF0703701","National Key Research and Development Program of China, National Natural Science Foundation of China, National Key Research and Development Program of China",42,CROST: a comprehensive repository of spatial transcriptomics.
37697439,2024-01-01,"Fudan University Shanghai Cancer Center and Institutes of Biomedical Sciences, Shanghai Medical College, Fudan University, Shanghai 200032, China.","Shi Q, Li X, Liu Y, Chen Z, He X, He X","82121004, 82172937, 81972247, 81930123","National Natural Science Foundation of China, National Natural Science Foundation of China, National Natural Science Foundation of China, National Natural Science Foundation of China",11,FLIBase: a comprehensive repository of full-length isoforms across human cancers and tissues.
40234567,2025-04-15,"UMR7021 CNRS, University of Strasbourg, Illkirch, France.","Bernhard C, Geles K, Pawlak G, Dhifli W, Dispot A, Dusol J, Kondratova M, Martin S, Messé M, Reita D, Tulasne D, Van Seuningen I, Entz-Werle N, Ciafrè SA, Dontenwill M, Elati M","CCIR EST, SIRIC EN-HOPE SMART4CBT, PL-Bio project no. 2017-145, MITI 80 PRIME program, ANR-20-CE20-0028, ANR-20-THIA-0014, AI_PhD@Lille program","Ligue Contre le Cancer, Institut National Du Cancer, Institut National Du Cancer, Centre National de la Recherche Scientifique, Agence Nationale de la Recherche, Agence Nationale de la Recherche",0,A coregulatory influence map of glioblastoma heterogeneity and plasticity.
39227914,2024-09-03,"Bioinformatics Group, Wageningen University, Droevendaalsesteeg 1, 6708 PB, Wageningen, The Netherlands.","Terlouw BR, Biermann F, Vromans SPJM, Zamani E, Helfrich EJN, Medema MH","16440, 948770","Dutch Research Council (NWO), Deutsche Forschungsgemeinschaft, Funds of the Chemical Industry Germany, European Research Council, LOEWE Center for Translational Biodiversity Genomics",1,RAIChU: automating the visualisation of natural product biosynthesis.
37657924,2023-09-12,"Department of Environmental Toxicology, University of California, Davis, Davis, California, USA.","Michel ME, Wen CC, Yee SW, Giacomini KM, Hamdoun A, Nicklisch SCT","R01 ES027921, R01 ES021985","NIEHS NIH HHS, NIEHS NIH HHS",2,TICBase: Integrated Resource for Data on Drug and Environmental Chemical Interactions with Mammalian Drug Transporters.
40677242,2025-06-20,"Department of Genetics, Blavatnik Institute, Harvard Medical School, Harvard University, Boston, MA 02115, USA.","Qadiri M, Liu Y, Kim AR, Han M, Zhou E, Veal A, Lu TC, Li H, Hu Y, Perrimon N","RR200063, P41 GM132087","National Science Foundation, Welch Foundation, Cancer Prevention and Research Institute of Texas, National Institute of General Medical Sciences, National Institutes of Health",1,FlyPhoneDB2: A computational framework for analyzing cell-cell communication in &lt;i&gt;Drosophila&lt;/i&gt; scRNA-seq data integrating AlphaFold-multimer predictions.
36243988,2023-01-01,"CAS Key Laboratory of Genomic and Precision Medicine, Beijing Institute of Genomics, Chinese Academy of Sciences and China National Center for Bioinformation, Beijing 100101, China.","Pan S, Kang H, Liu X, Lin S, Yuan N, Zhang Z, Bao Y, Jia P","XDB38010401, XDB38010400","Chinese Academy of Sciences, Chinese Academy of Sciences",13,Brain Catalog: a comprehensive resource for the genetic landscape of brain-related traits.
36367313,2022-11-01,"Swartz Center of Computational Neuroscience, INC, UCSD, La Jolla, CA 92093-0559, USA.","Delorme A, Truong D, Youn C, Sivagnanam S, Stirm C, Yoshimoto K, Poldrack RA, Majumdar A, Makeig S","R24MH120037, U24EB029005, U24EB029005, R24MH117179, R24MH117179, U24EB029005, R24MH120037, R01EB023297, R01EB023297","NIH HHS, NIH HHS, NSF, NIH, NIH HHS, NIH, NIH, NIH, NIH HHS",14,"NEMAR: an open access data, tools and compute resource operating on neuroelectromagnetic data."
38213995,2024-01-11,"Clinical Big Data Research Center, Scientific Research Center, The Seventh Affiliated Hospital of Sun Yat-sen University, Shenzhen 518107, P.R. China.","Peng G, Liu B, Zheng M, Zhang L, Li H, Liu M, Liang Y, Chen T, Luo X, Shi X, Ren J, Zheng Y","ZSQYBRJH0025, 2021A1515011334, 32200542, JCYJ20230807110309019, 2023A1515011976, 32200538, 82170177/H0809, JCYJ20220530144815036","Sun Yat-sen University, Natural Science Foundation of Guangdong Province, National Natural Science Foundation of China, Shenzhen Science and Technology Innovation Commission, Natural Science Foundation of Guangdong Province, National Natural Science Foundation of China, National Natural Science Foundation of China, Shenzhen Science and Technology Innovation Commission",1,TSCRE: a comprehensive database for tumor-specific &lt;i&gt;cis&lt;/i&gt;-regulatory elements.
36717789,2023-01-30,"Bioinformatics Multidisciplinary Environment (BioME), Metropole Digital Institute (IMD), Federal University of Rio Grande Do Norte (UFRN), Natal, 59078-970, Brazil. dhiego@systemsbiomed.org.","Andrade DS, Terrematte P, Rennó-Costa C, Zilberberg A, Efroni S","88887.161820/2017-0, 88887.469283/2019-00 and 88887.600071/2021-0",Coordenação de Aperfeiçoamento de Pessoal de Nível Superior,2,GENTLE: a novel bioinformatics tool for generating features and building classifiers from T cell repertoire cancer data.
36350631,2023-01-01,"Consortium for Advanced Science and Engineering, University of Chicago, Chicago, IL 60637, USA.","Olson RD, Assaf R, Brettin T, Conrad N, Cucinell C, Davis JJ, Dempsey DM, Dickerman A, Dietrich EM, Kenyon RW, Kuscuoglu M, Lefkowitz EJ, Lu J, Machi D, Macken C, Mao C, Niewiadomska A, Nguyen M, Olsen GJ, Overbeek JC, Parrello B, Parrello V, Porter JS, Pusch GD, Shukla M, Singh I, Stewart L, Tan G, Thomas C, VanOeffelen M, Vonstein V, Wallace ZS, Warren AS, Wattam AR, Xia F, Yoo H, Zhang Y, Zmasek CM, Scheuermann RH, Stevens RL","75N93019C00076, U24 AI162625, U24AI162625, 75N93019C00076","NIAID NIH HHS, National Institutes of Health, NIAID NIH HHS, National Institute of Allergy and Infectious Diseases, Department of Health and Human Services, Department of Health and Human Services",738,"Introducing the Bacterial and Viral Bioinformatics Resource Center (BV-BRC): a resource combining PATRIC, IRD and ViPR."
35390003,2022-04-07,"Institute of Big Data and Artificial Intelligence in Medicine, School of Electronics & Information Engineering, Taizhou University, Taizhou, China.","Zhang HB, Ding XB, Jin J, Guo WP, Yang QL, Chen PC, Yao H, Ruan L, Tao YT, Chen X",,,0,Predicted mouse interactome and network-based interpretation of differentially expressed genes.
37879362,2023-10-25,"Virus & Immunity Unit, Institut Pasteur, Université de Paris Cité, CNRS UMR 3569, Paris, France.","Saunders N, Fernandez I, Planchais C, Michel V, Rajah MM, Baquero Salazar E, Postal J, Porrot F, Guivel-Benhassine F, Blanc C, Chauveau-Le Friec G, Martin A, Grzelak L, Oktavia RM, Meola A, Ahouzi O, Hoover-Watson H, Prot M, Delaune D, Cornelissen M, Deijs M, Meriaux V, Mouquet H, Simon-Lorière E, van der Hoek L, Lafaye P, Rey F, Buchrieser J, Schwartz O",U01 AI151758,"NIAID NIH HHS, Wellcome Trust",72,TMPRSS2 is a functional receptor for human coronavirus HKU1.
29725340,2018-04-19,"National Key Laboratory of Crop Genetic Improvement, National Engineering Research Center for Rapeseed, College of Plant Science and Technology, Huazhong Agricultural University, Wuhan, China.","Chen L, Wan H, Qian J, Guo J, Sun C, Wen J, Yi B, Ma C, Tu J, Song L, Fu T, Shen J",,,28,Genome-Wide Association Study of Cadmium Accumulation at the Seedling Stage in Rapeseed (<i>Brassica napus</i> L.).
40315246,2025-05-01,"Department of Bioinformatics, Institute of Biophysics, College of Life Sciences; Institute of Hematology, Zhejiang University School of Medicine, The First Affiliated Hospital, Zhejiang University, Hangzhou 310058, China.","Gong B, Li S, Chen Y, Liu L, Hofestädt R, Chen M",Y202304085,"SRTP Program of Zhejiang University, Zhejiang University",0,STCDB4ND: a signal transduction classification database for neurological diseases.
38054441,2023-12-06,"School of Science, Dalian Maritime University, Dalian 116026, China.","Hu F, Li W, Li Y, Hou C, Ma J, Jia C","P30 CA051008, 62071079, JSKX202203, P30 CA051008","National Cancer Institute, National Natural Science Foundation of China, Key Laboratory of Data Science and Smart Education, Hainan Normal University, Ministry of Education, NCI NIH HHS",12,O-GlcNAcPRED-DL: Prediction of Protein O-GlcNAcylation Sites Based on an Ensemble Model of Deep Learning.
38233808,2024-01-17,"University of Engineering and Technology, Vietnam National University in Hanoi, Hanoi, 84024, Vietnam.","Nguyen TH, Nguyen HN, Vu TN",,Karolinska Institute,6,CircNetVis: an interactive web application for visualizing interaction networks of circular RNAs.
36394265,2023-01-01,"Molecular Precision Oncology Program, National Center for Tumor Diseases (NCT), Heidelberg 69120, Germany.","Gu Z, Hübschmann D",,"National Center for Tumor Diseases, National Center for Tumor Diseases (NCT) Molecular Precision Oncology Program., Molecular Precision Oncology Program",103,rGREAT: an R/bioconductor package for functional enrichment on genomic regions.
38970503,2024-07-01,"Department of Infectious Diseases, The First Affiliated Hospital of Anhui Medical University, Hefei, Anhui 230027, China.","Shen F, Li Z, Wu P, Wang J","KFZZ202203, 82202868, KFZZ202203, 2022TQ0326 2023M733391, 2208085QH251","Anhui Province Key Laboratory of Translational Cancer Research (Bengbu Medical College), National Natural Science Foundation of China, Anhui Province Key Laboratory of Translational Cancer Research, China Postdoctoral Science Foundation, Natural Science Foundation of Anhui Province",1,ImmRNA: a database of RNAs associated with tumor immunity.
37784172,2023-10-02,"Genomics Institute, University of California, Santa Cruz, CA, 95064, USA. hclawson@ucsc.edu.","Clawson H, Lee BT, Raney BJ, Barber GP, Casper J, Diekhans M, Fischer C, Gonzalez JN, Hinrichs AS, Lee CM, Nassar LR, Perez G, Wick B, Schmelter D, Speir ML, Armstrong J, Zweig AS, Kuhn RM, Kirilenko BM, Hiller M, Haussler D, Kent WJ, Haeussler M","U24-HG00237, U24 HG007234, U24-HG00237, U41HG007234, 75N93019C00076, 75N93019C00076, U41HG007234, HMWK, U41 HG007234","National Human Genome Research Institute, NHGRI NIH HHS, NHGRI NIH HHS, National Human Genome Research Institute, Division of Intramural Research, National Institute of Allergy and Infectious Diseases, NIAID NIH HHS, NHGRI NIH HHS, LOEWE-Zentrum für Translationale Medizin und Pharmakologie, NHGRI NIH HHS",11,GenArk: towards a million UCSC genome browsers.
37831087,2024-01-01,"State Key Laboratory of Molecular Biology, CAS Center for Excellence in Molecular Cell Science, Shanghai Institute of Biochemistry and Cell Biology, Chinese Academy of Sciences, University of Chinese Academy of Sciences, 320 Yue Yang Road, Shanghai 200031, China.","Liang Y, Yuan Q, Zheng Q, Mei Z, Song Y, Yan H, Yang J, Wu S, Yuan J, Wu W","2022YFA1103900, SRPG22-007, SRPG22-007","National Key Research and Development Program of China, Shanghai Municipal Science and Technology Major Project, R&amp;D Programs of Guangzhou Laboratory, R&D Programs of Guangzhou Laboratory",6,DNA Damage Atlas: an atlas of DNA damage and repair.
39478454,2024-10-30,"Department of Bio and Brain Engineering, Korea Advanced Institute of Science and Technology (KAIST), Daejeon, Republic of Korea.","Son H, Lee S, Kim J, Park H, Hwang MH, Yi GS",,National Research Foundation of Korea,0,BASE: a web service for providing compound-protein binding affinity prediction datasets with reduced similarity bias.
39380204,2024-09-01,"State Key Laboratory of Reproductive Medicine and Offspring Health, School of Public Health, Nanjing Medical University, Nanjing 211166, China.","Liu Z, Yuan Z, Guo Y, Wang R, Guan Y, Wang Z, Chen Y, Wang T, Jiang M, Bian S",2020QNRC001,Young Elite Scientists,3,SMARTdb: An Integrated Database for Exploring Single-cell Multi-omics Data of Reproductive Medicine.
37207341,2023-07-01,"Center of Growth, Metabolism and Aging, Key Laboratory of Bio-Resource and Eco-Environment of Ministry of Education, College of Life Sciences, Sichuan University, Chengdu, China.","Zong F, Long C, Hu W, Chen S, Dai W, Xiao ZX, Cao Y","SKY2022003, 81973243, 32000472, KFJ-BRP-008, RC2023-01","Shanghai Academy of Science&amp;Technology, National Natural Science Foundation of China, Chinese Academy of Sciences, NHC and Shanghai Key Labs SIBPT",14,Abalign: a comprehensive multiple sequence alignment platform for B-cell receptor immune repertoires.
37638765,2024-01-01,"State Key Laboratory of Pharmaceutical Biotechnology, School of Life Sciences, Nanjing University, Nanjing 210023, China.","He Z, Luo Y, Zhou X, Zhu T, Lan Y, Chen D","32070656, KYCX23_0131, KYCX23_0131","National Natural Science Foundation of China, Postgraduate Research & Practice Innovation Program of Jiangsu Province, Postgraduate Research &amp; Practice Innovation Program of Jiangsu Province, Nanjing University Deng Feng Scholars Program",34,scPlantDB: a comprehensive database for exploring cell types and markers of plant cell atlases.
36321662,2023-01-01,"Shanghai Putuo District People's Hospital, School of Life Sciences and Technology, Tongji University, Shanghai 200092, China.","Han Y, Wang Y, Dong X, Sun D, Liu Z, Yue J, Wang H, Li T, Wang C","32222026, 21QA1408200, 21ZR1467600, 32170660, 81972551, 2022NSFSC0054, 2021QNRC001","National Natural Science Foundation of China, Shanghai Rising Star Program, Natural Science Foundation of Shanghai, National Natural Science Foundation of China, National Natural Science Foundation of China, Natural Science Foundation of Sichuan Province, CAST",366,TISCH2: expanded datasets and new tools for single-cell transcriptome analyses of the tumor microenvironment.
37225696,2023-05-24,"Faculty of Agricultural and Environmental Sciences, McGill University, Ste-Anne-de-Bellevue, Canada.","Liu P, Ewald J, Pang Z, Legrand E, Jeon YS, Sangiovanni J, Hacariz O, Zhou G, Head JA, Basu N, Xia J",,Work funded by a Bioinformatics/Computational Biology grant from Genome Canada and Genome Quebec.,65,ExpressAnalyst: A unified platform for RNA-sequencing analysis in non-model species.
37207350,2023-05-01,"Department of Epidemiology and Biostatistics, Ministry of Education Key Laboratory of Environment and Health, School of Public Health, Tongji Medical College, Huazhong University of Science and Technology, 13 Hangkong Road, Wuhan, Hubei 430030, P.R. China.","Luo ZH, Shi MW, Zhang Y, Wang DY, Tong YB, Pan XL, Cheng S","WJ2021M102, HUST: 2019kfyXJJS036","the Health Commission of Hubei Province Scientific Research Project, the Fundamental Research Funds for the Central Universities",5,CenhANCER: a comprehensive cancer enhancer database for primary tissues and cell lines.
36367312,2022-11-01,"Department of Systems Biology, College of Bioinformatics Science and Technology, Harbin Medical University, Baojian Road, Nangang District, Harbin, Heilongjiang 150086, China.","Wang C, Chen T, Mu Y, Liang X, Xiong K, Ai L, Gu Y, Fan X, Liang H","91949109, 32270710","National Natural Science Foundation of China, National Natural Science Foundation of China",1,FDRdb: a manually curated database of fibrotic disease-associated RNAome and high-throughput datasets.
38100461,2023-12-15,"Institute of Industrial Internet and Internet of Things, China Academy of Information and Communications Technology (CAICT), China.","Yao D, Mei S, Tang W, Xu X, Lu Q, Shi Z",81970414,National Natural Science Foundation of China,1,AAAKB: A manually curated database for tracking and predicting genes of Abdominal aortic aneurysm (AAA).
36304304,2022-07-25,"Department of Neuroscience, Baldwin Wallace University, Berea, OH, United States.","Castro EV, Shepherd JW, Guggenheim RS, Sengvoravong M, Hall BC, Chappell MK, Hearn JA, Caraccio ON, Bissman C, Lantow S, Buehner D, Costlow HR, Prather DM, Zonza AM, Witt M, Zahratka JA",,,3,ChanFAD: A Functional Annotation Database for Ion Channels.
39637922,2024-12-05,"Natural Products Research Institute, College of Pharmacy, Seoul National University, Seoul 08826, Republic of Korea.","Nam H, Lee W, Lee YJ, Kim JM, Jung KH, Hong SS, Kim SC, Park S","U01 IP000020, 2021IP0020-1, NRF-2021R1A5A2031612","NCIRD CDC HHS, Asan Institute for Life Sciences, Asan Medical Center, National Research Foundation of Korea, Inha University",3,Taurine Synthesis by 2-Aminoethanethiol Dioxygenase as a Vulnerable Metabolic Alteration in Pancreatic Cancer.
36765630,2023-01-21,"Department of Cranio-Maxillofacial Surgery, University Hospital Regensburg, 93053 Regensburg, Germany.","Spoerl S, Erber R, Gerken M, Taxis J, Ludwig N, Nieberle F, Biermann N, Geppert CI, Ettl T, Hartmann A, Beckhove P, Reichert TE, Spanier G, Spoerl S",,,0,A20 as a Potential New Tool in Predicting Recurrence and Patient's Survival in Oral Squamous Cell Carcinoma.
35078134,2022-01-22,"Department of Pathology, University of Alabama at Birmingham, Birmingham, AL, USA. Electronic address: dshimogachandrasheka@uabmc.edu.","Chandrashekar DS, Karthikeyan SK, Korla PK, Patel H, Shovon AR, Athar M, Netto GJ, Qin ZS, Kumar S, Manne U, Creighton CJ, Varambally S","P30 CA125123, U54 CA118948","NCI NIH HHS, NCI NIH HHS",1516,UALCAN: An update to the integrated cancer data analysis platform.
32582504,2020-06-15,"College of Horticulture, Nanjing Agricultural University, Nanjing, 210095 China.","Fang X, An Y, Zheng J, Shangguan L, Wang L",31772253,National Natural Science Foundation of China,18,Genome-wide identification and comparative analysis of GST gene family in apple (<i>Malus domestica</i>) and their expressions under ALA treatment.
36254161,2022-10-13,Genomic Medicine Institute Lerner Research Institute Cleveland Clinic Cleveland Ohio USA.,"Zhou Y, Xu J, Hou Y, Bekris L, Leverenz JB, Pieper AA, Cummings J, Cheng F","P20 GM109025, R56 AG074001, U01 AG073323, R01 AG053798, R01 AG076448, U01 NS093334, R01 AG066707, P30 AG072959, P30 AG072980, R35 AG071476","NIGMS NIH HHS, NIA NIH HHS, NIA NIH HHS, NIA NIH HHS, NIA NIH HHS, NINDS NIH HHS, NIA NIH HHS, NIA NIH HHS, NIA NIH HHS, NIA NIH HHS",33,The Alzheimer's Cell Atlas (TACA): A single-cell molecular map for translational therapeutics accelerator in Alzheimer's disease.
35654801,2022-06-02,"Ben-Gurion University of the Negev, Department of Software and Information Systems Engineering, Beer-Sheva, 8410501, Israel. shtar@post.bgu.ac.il.","Shtar G, Azulay L, Nizri O, Rokach L, Shapira B",,,19,CDCDB: A large and continuously updated drug combination database.
39999010,2025-03-01,"BigOmics Analytics, Via Serafino Balestra 12, Lugano 6900, Switzerland.","Zito A, Martinelli A, Masiero M, Akhmedov M, Kwee I",,"BigOmics Analytics, SA",0,NPM: latent batch effects correction of omics data by nearest-pair matching.
36764355,2023-02-09,"Department of Biochemistry and Biophysics, Stockholm University, Science for Life Laboratory, Box 1031, 17121 Solna, Sweden. Electronic address: https://twitter.com/eriksonnhammer.","Persson E, Sonnhammer ELL",2015-05342,"Vetenskapsrådet, Stockholms Universitet",21,InParanoiDB 9: Ortholog Groups for Protein Domains and Full-Length Proteins.
37646949,2023-01-01,"Institut Botànic de Barcelona, IBB (CSIC-Ajuntament de Barcelona), Barcelona, Catalonia, Spain.","Gutiérrez ML, Rodríguez-González R, Fuentes I, Gálvez-Prada F, Kovařík A, Garcia S",,,3,First Update to B-Chrom: A Database on B-Chromosomes.
36840614,2023-03-03,"Department of Geriatrics, Tianjin Medical University General Hospital, The Province and Ministry Co-sponsored Collaborative Innovation Center for Medical Epigenetics, Center for Reproductive Medicine of Tianjin Medical University Second Hospital, School of Basic Medical Sciences, Tianjin Medical University, Tianjin, China.","Yuan J, Tong Y, Liu X, Li MJ, Zhang Q, Yang Y","32100534, 81970085, 32200514, 92163213, 3332021061","National Natural Science Foundation of China, National Natural Science Foundation of China, National Natural Science Foundation of China, National Natural Science Foundation of China, Fundamental Research Funds for the Central Universities",1,eaQTLdb: An atlas of enhancer activity quantitative trait loci across cancer types.
37572440,2023-07-17,"Centre for Systems Biology and Molecular Medicine (CSBMM), Yenepoya Research Centre, Yenepoya (Deemed to be University), Deralakatte, Mangalore, 575 018, Karnataka, India. Electronic address: arunst@yenepoya.edu.in.","Thatai AKS, Ammankallu S, Devasahayam Arokia Balaya R, Soman SP, Nisar M, Babu S, John L, George A, Anto CK, Sanjeev D, Kandiyil MK, Raj SS, Awasthi K, Vinodchandra SS, Prasad TSK, Raju R",,,6,VirhostlncR: A comprehensive database to explore lncRNAs and their targets in viral infections.
34935889,2022-03-01,"Department of Biological Sciences, Kuwait University, 13060 Kuwait City, Kuwait.","Alameer A, Chicco D",,,21,geoCancerPrognosticDatasetsRetriever: a bioinformatics tool to easily identify cancer prognostic datasets on Gene Expression Omnibus (GEO).
37870486,2023-10-23,"Computational Biology and Clinical Informatics, Baker Heart and Diabetes Institute, Melbourne, Victoria, Australia.","Rodrigues CHM, Ascher DB",,National Health and Medical Research Council,6,CSM-Potential2: A comprehensive deep learning platform for the analysis of protein interacting interfaces.
40236778,2025-03-21,"Department of Clinical Pharmacy, The First Affiliated Hospital Zhejiang University School of Medicine, Zhejiang University Hangzhou China.","Yin J, Ma H, Qi Y, Zhao Q, Zeng S, Li F, Zhu F",32400516,National Natural Science Foundation of China,0,MDIPID: Microbiota-drug interaction and disease phenotype interrelation database.
37351774,2023-06-23,"Institute of Biological Bases of Animal Production, University of Life Sciences in Lublin, Akademicka 13 St., 20-950, Lublin, Poland.","Kowal K, Tkaczyk-Wlizło A, Jusiak M, Grzybowska-Szatkowska L, Ślaska B",2019/35/B/NZ5/00775,Narodowe Centrum Nauki,4,Canis MitoSNP database: a functional tool useful for comparative analyses of human and canine mitochondrial genomes.
36416273,2023-01-01,"Department of Chemistry, University of California, Berkeley, CA 94720, USA.","Tao XB, LaFrance S, Xing Y, Nava AA, Martin HG, Keasling JD, Backman TWH","EE0008926, Natural Products, NNF10CC1016517, DEAC02-05CH11231","Philomathia Foundation, U.S. Department of Energy, NNF Center for Biosustainability, Novo Nordisk Fonden, DOE Joint BioEnergy Institute",17,ClusterCAD 2.0: an updated computational platform for chimeric type I polyketide synthase and nonribosomal peptide synthetase design.
34747477,2022-01-01,"Ludwig Institute for Cancer Research, Lausanne Branch, and Department of Oncology, CHUV and University of Lausanne, Epalinges 1066, Switzerland.","Andreatta M, David FPA, Iseli C, Guex N, Carmona SJ",180010,Swiss National Science Foundation,8,SPICA: Swiss portal for immune cell analysis.
39540753,2025-05-01,"National Genomics Data Center, China National Center for Bioinformation, Beijing 100101, China.","Zhang 张韬 T, Liu 刘依云 Y, Guo 郭栩彤 X, Zhang 张欣然 X, Zheng 郑欣畅 X, Zhang 张陌尘 M, Bao 鲍一明 Y",,,3,VISTA: A Tool for Fast Taxonomic Assignment of Viral Genome Sequences.
36418335,2022-11-23,"Psychedelic Substances Research Group, Department of Psychiatry and Neurosciences, Berlin Institute of Health, Charité Universitätsmedizin Berlin, Corporate Member of Freie Universität Berlin, Humboldt-Universität Zu Berlin, Campus Charité Mitte, Berlin, Germany.","Prugger J, Derdiyok E, Dinkelacker J, Costines C, Schmidt TT",,,19,The Altered States Database: Psychometric data from a systematic literature review.
40224325,2025-02-06,"Guangdong Provincial Genomics Data Center, BGI Research, Beishan Road, Yantian District, Shenzhen 518120, China.","Wang W, Tan C, Li L, Li X, Zhang L, Li X, Wang J, He Z, Yang T, Ma K, Hu Q, Yang W, Li Z, Zhang M, Du W, Yang F, Xu Z, Ma X, Tong J, Cai J, Hua C, Chen F, You L, Li L, Zeng W, Wang B, Xu X, Wei X",,,2,The China National GeneBank Sequence Archive (CNSA) 2024 update.
35533187,2022-05-09,"Department of Public Health, China Medical University, Taichung, Taiwan.","Liu YY, Chen CC, Yang CH, Hsieh HY, He JX, Lin HH, Lee CC","BMRPF59, 107-2221-E-182-068-MY2, 110-2221-E-182-048, CMU110-N-09","Chang Gung Memorial Hospital, Linkou, Ministry of Science and Technology, Taiwan, China Medical University",3,LmTraceMap: A Listeria monocytogenes fast-tracing platform for global surveillance.
37547083,2023-07-22,"Hepatic Surgery Center, Tongji Hospital, Tongji Medical College, Huazhong University of Science and Technology, Wuhan, China.","Li G, Wan D, Liang J, Zhu P, Ding Z, Zhang B",,,1,IMOPAC: A web server for interactive multiomics and pharmacological analyses of patient-derived cancer cell lines.
37609633,2023-07-04,"Institute of Bioinformatics and Systems Biology, National Yang Ming Chiao Tung University, Hsinchu 30068, Taiwan.","Wu HW, Wu JD, Yeh YP, Wu TH, Chao CH, Wang W, Chen TW",,,6,DoSurvive: A webtool for investigating the prognostic power of a single or combined cancer biomarker.
35222846,2022-01-31,"Department of Organic Chemistry, Center for Research in Biological Chemistry and Molecular Materials, Santiago de Compostela University, CIQUS, Spain.","Suarez-Leston F, Calvelo M, Tolufashe GF, Muñoz A, Veleiro U, Porto C, Bastos M, Piñeiro Á, Garcia-Fandino R",,"Xunta de Galicia, Agencia Estatal de Investigación, Fundação para a Ciência e a Tecnologia",5,SuPepMem: A database of innate immune system peptides and their cell membrane interactions.
36347894,2022-11-08,"Department of Systems Biology, Columbia University, New York, New York, USA.","Smith KC, Chawla DG, Dhillon BK, Ji Z, Vita R, van der Leest EC, Weng JYJ, Tang E, Abid A, Peters B, Hancock REW, Floratos A, Kleinstein SH","U19 AI128949, U19AI089992, FDN-154287, U19 AI118626, U19AI118626, U19AI118608, U19 AI128914, U19AI128949","NIAID NIH HHS, U.S. Department of Health &amp; Human Services | NIH | National Institute of Allergy and Infectious Diseases, Gouvernement du Canada | Canadian Institutes of Health Research, NIAID NIH HHS, U.S. Department of Health &amp; Human Services | NIH | National Institute of Allergy and Infectious Diseases, U.S. Department of Health &amp; Human Services | NIH | National Institute of Allergy and Infectious Diseases, U.S. Department of Health &amp; Human Services | NIH | National Institute of Allergy and Infectious Diseases, NIAID NIH HHS, U.S. Department of Health &amp; Human Services | NIH | National Institute of Allergy and Infectious Diseases",9,A﻿ curated collection of human vaccination response signatures.
38531069,2024-05-01,"The Jackson Laboratory, Bar Harbor, ME 04609, USA.","Baldarelli RM, Smith CL, Ringwald M, Richardson JE, Bult CJ","P41 HG000330, R24 OD011190, U24 HG012212, P41 HD062499, OD011190, F31 MH067445, HD062499, HD062499, U24 HG000330","NHGRI NIH HHS, NIH HHS, NHGRI NIH HHS, NICHD NIH HHS, Office of the Director, Division of Comparative Medicine, Eunice Kennedy Shriver National Institute of Child Health and Human Development, NIMH NIH HHS, NHGRI NIH HHS, National Human Genome Research Institute, NHGRI NIH HHS",108,Mouse Genome Informatics: an integrated knowledgebase system for the laboratory mouse.
39836872,2025-01-21,"School of Computer Science and Technology, Hainan University, Haikou 570228, China.","Su Y, Fu X, Wei L, Zhang Z, Zou Q, Cui F","ZDYF2024GXJS018, 62262015, 62101100","Science and Technology special fund of Hainan Province, National Natural Science Foundation of China, National Natural Science Foundation of China",2,PROTCROWN: A Manually Curated Resource of Protein Corona Data for Unlocking the Potential of Protein-Nanoparticle Interactions.
39932865,2025-03-01,"Department of Biomedical Data Science, Stanford University, Stanford, CA 94305, United States.","Rivas MA, Chang C","R01 HG010140, R01HG010140, R01HG010140, R01MH124244","NHGRI NIH HHS, NHGRI NIH HHS, National Human Genome Research Institute, National Institutes of Mental Health",6,Efficient storage and regression computation for population-scale genome sequencing studies.
39423320,2024-10-01,"Regional Centre for Biotechnology, NCR Biotech Science Cluster, 3rd Milestone, Faridabad-Gurgaon Expressway, Faridabad 121001, India.","Pandey AD, Sharma G, Sharma A, Vrati S, Nair DT","BT/MED/32/11/2019 BT/PR40139/BTIS/137/19/2021, JCB/2021/000015","Department of Biotechnology, Ministry of Science and Technology, India, Science &amp; Engineering Research Board, Ministry of Science &amp; Technology",0,SMCVdb: a database of experimental cellular toxicity information for drug candidate molecules.
39479298,2024-10-28,"Bioinformatics Lab, National Institute of Plant Genome Research, Aruna Asaf Ali Marg, New Delhi, 110067 India.","Arya A, Arora S, Hamid F, Kumar S","EEQ/2019/000231, BT/PR40146/BTIS/137/4/2020","Science and Engineering Research Board, Department of Biotechnology, Ministry of Science and Technology, India",1,PFusionDB: a comprehensive database of plant-specific fusion transcripts.
35754095,2022-08-29,"School of Life Sciences, University of Sussex, Brighton, UK.","Balfour NJ, Castellanos MC, Goulson D, Philippides A, Johnson C",EP/S030964/1,Engineering and Physical Sciences Research Council,13,DoPI: The Database of Pollinator Interactions.
38917415,2024-07-01,"Bioinformatics and Biostatistics Hub, Département Biologie Computationnelle, Institut Pasteur, USR 3756 CNRS, 75015 Paris, France.","Mareuil F, Moine-Franel A, Kar A, Nilges M, Ciambur CB, Sperandio O",,Pasteur-Roux-Cantarini fellowship of Institut Pasteur to C.B.C,2,Protein interaction explorer (PIE): a comprehensive platform for navigating protein-protein interactions and ligand binding pockets.
36542404,2023-01-20,"Carleton Laboratory for Radiotherapy Physics (CLRP), Department of Physics, Carleton University, Ottawa, Ontario, Canada.","Safigholi H, Chamberland MJP, Taylor REP, Martinov MP, Rogers DWO, Thomson RM",,"Canada Research Chairs, Ontario Ministry of Research and Innovation, Natural Sciences and Engineering Research Council of Canada",16,Update of the CLRP Monte Carlo TG-43 parameter database for high-energy brachytherapy sources.
39329270,2025-01-01,"Department of Bioinformatics and Systems Biology, College of Life Science and Technology, Huazhong University of Science and Technology, Luoyu Road 1037, Wuhan 430074, China.","Huang X, Feng Z, Liu D, Gou Y, Chen M, Tang D, Han C, Peng J, Peng D, Xue Y","2024JCYJ013, 31930021, 32341021, 2021CFA005, 2022YFC2704304, 2021YFF0702000, 2022YFC2704304, 2023JCYJ010, 32341020","Interdisciplinary Research Program of HUST, Natural Science Foundation of China, Natural Science Foundation of China, Hubei Province Postdoctoral Outstanding Talent Tracking Support Program, Research Core Facilities for Life Science, Hubei Innovation Group Project, Research Core Facilities for Life Science (HUST), National Key R&D Program of China, National Key R&amp;D Program of China, National Key R&amp;D Program of China, Interdisciplinary Research Program of HUST, Natural Science Foundation of China",11,PTMD 2.0: an updated database of disease-associated post-translational modifications.
37666818,2023-09-04,"Laboratory of Translational Immunology, IRCCS Humanitas Research Hospital, via Manzoni 56, 20089, Rozzano, Milan, Italy. simone.puccio@humanitasresearch.it.","Puccio S, Grillo G, Alvisi G, Scirgolea C, Galletti G, Mazza EMC, Consiglio A, De Simone G, Licciulli F, Lugli E","26471, 27391, 3914, 20676","Associazione Italiana per la Ricerca sul Cancro, Associazione Italiana per la Ricerca sul Cancro, Cancer Research Institute, Associazione Italiana per la Ricerca sul Cancro",19,CRUSTY: a versatile web platform for the rapid analysis and visualization of high-dimensional flow cytometry data.
37260077,2023-07-01,"Duke Human Vaccine Institute, Duke University Medical Center; Durham, NC27710, USA.","Martin Beem JS, Venkatayogi S, Haynes BF, Wiehe K","UM1AI144371], UM1 AI144371, P01 AI131251","National Institutes of Health, NIAID NIH HHS, Helmholtz Centre for Infection Research, NIAID NIH HHS",17,ARMADiLLO: a web server for analyzing antibody mutation probabilities.
37465397,2023-07-10,"Yangtze Delta Region Institute (Quzhou), University of Electronic Science and Technology of China, Quzhou, Zhejiang 324003, China.","Hu RS, Zhang X, Wei Y",,,1,ZooPathWeb: a comprehensive web resource for zoonotic pathogens.
38331722,2024-02-08,"MARA Key Laboratory of Sustainable Crop Production in the Middle Reaches of the Yangtze River (Co-Construction By Ministry and Province), Yangtze University, Jingzhou, 434025, China.","Yu C, Wang P, Zhang S, Liu J, Cheng Y, Zhang S, Wu Z",,,2,Passionfruit Genomic Database (PGD): a comprehensive resource for passionfruit genomics.
38601265,2024-01-03,"Department of Chemistry, University of Arkansas at Little Rock, Little Rock, AR 72204, USA.","Cornell AP, Kim S, Cuadros J, Bucholtz EC, Pence HE, Potenzone R, Belford RE","2018-012-3-024, Unassigned","International Union of Pure and Applied Chemistry, National Institutes of Health, InChI Trust, U.S. National Library of Medicine",0,IUPAC International Chemical Identifier (InChI)-related education and training materials through InChI Open Education Resource (OER).
35670730,2022-06-01,"Department of Agricultural and Environmental Biology, Graduate School of Agricultural and Life Sciences, The University of Tokyo, Yayoi 1-1-1, Bunkyo-ku, Tokyo 113-8657, Japan.","Kawamoto M, Kiuchi T, Katsuma S","2005–2018, 1999–2003","JSPS, Japan, JSPS, Japan",18,SilkBase: an integrated transcriptomic and genomic database for Bombyx mori and related species.
36400569,2023-01-01,"Department of Bioinformatics, Institute of Health Service and Transfusion Medicine, Beijing 100850, China.","Wu L, Yan B, Han J, Li R, Xiao J, He S, Bo X",62103436,National Natural Science Foundation of China,42,TOXRIC: a comprehensive database of toxicological data and benchmarks.
34520557,2022-01-01,"The University of Queensland, School of Chemistry and Molecular Biosciences, Australian Centre for Ecogenomics, QLD 4072, Australia.","Parks DH, Chuvochina M, Rinke C, Mussig AJ, Chaumeil PA, Hugenholtz P","FT170100213, FL150100038","Australian Research Council, Australian Research Council, University of Queensland",1384,"GTDB: an ongoing census of bacterial and archaeal diversity through a phylogenetically consistent, rank normalized and complete genome-based taxonomy."
35385099,2022-07-01,"Boyce Thompson Institute, Ithaca, NY 14853, USA.","Morales N, Ogbonna AC, Ellerbrock BJ, Bauchet GJ, Tantikanjana T, Tecle IY, Powell AF, Lyon D, Menda N, Simoes CC, Saha S, Hosmani P, Flores M, Panitz N, Preble RS, Agbona A, Rabbi I, Kulakow P, Peteti P, Kawuki R, Esuma W, Kanaabi M, Chelangat DM, Uba E, Olojede A, Onyeka J, Shah T, Karanja M, Egesi C, Tufan H, Paterne A, Asfaw A, Jannink JL, Wolfe M, Birkett CL, Waring DJ, Hershberger JM, Gore MA, Robbins KR, Rife T, Courtney C, Poland J, Arnaud E, Laporte MA, Kulembeka H, Salum K, Mrema E, Brown A, Bayo S, Uwimana B, Akech V, Yencho C, de Boeck B, Campos H, Swennen R, Edwards JD, Mueller LA",INV-007637,"Bill &amp; Melinda Gates Foundation, Cornell University, UK’s Foreign, Commonwealth &amp; Development Office",26,Breedbase: a digital ecosystem for modern plant breeding.
39702552,2024-12-19,"Department of Medical Oncology, Dana-Farber Cancer Institute, Boston, MA, USA.","Li Z, Chen F, Chen L, Liu J, Tseng D, Hadi F, Omarjee S, Kishore K, Kent J, Kirkpatrick J, D'Santos C, Lawson M, Gertz J, Sikora MJ, McDonnell DP, Carroll JS, Polyak K, Oesterreich S, Lee AV","A20411, A31344, A29580, SAC160073, P30 CA047904, R01256161, R01CA221303, SAC180085, 20411, R01 CA256161, R01CA251621, S10 OD028483, DRCPGM\100088, SAC110021","University of Cambridge, Susan G. Komen (Susan G. Komen Breast Cancer Foundation), NCI NIH HHS, U.S. Department of Health & Human Services | NIH | National Cancer Institute (NCI), U.S. Department of Health & Human Services | NIH | National Cancer Institute (NCI), Susan G. Komen (Susan G. Komen Breast Cancer Foundation), Cancer Research UK, NCI NIH HHS, U.S. Department of Health & Human Services | NIH | National Cancer Institute (NCI), NIH HHS, Cancer Research UK, Susan G. Komen (Susan G. Komen Breast Cancer Foundation)",1,The EstroGene2.0 database for endocrine therapy response and resistance in breast cancer.
35654892,2022-06-02,"School of Chemical Engineering and Technology, Tianjin University, Tianjin, 300072, China.","Wu S, Feng J, Liu C, Wu H, Qiu Z, Ge J, Sun S, Hong X, Li Y, Wang X, Yang A, Guo F, Qiao J",,,42,Machine learning aided construction of the quorum sensing communication network for human gut microbiota.
39539268,2024-10-23,"Institute of Chemical Biology and Fundamental Medicine, Siberian Branch of the Russian Academy of Sciences, 630090, Lavrent'ev avenue 8, Novosibirsk, Russia.","Moralev AD, Zenkova MA, Markov AV",,,3,Complex Inhibitory Activity of Pentacyclic Triterpenoids against Cutaneous Melanoma In Vitro and In Vivo: A Literature Review and Reconstruction of Their Melanoma-Related Protein Interactome.
40621063,2025-06-20,"MOE Key Lab of Bioinformatics, BNRIST Bioinformatics Division, Department of Automation, Tsinghua University, Beijing, China.","Guo W, Yin Z, Mei Q, Li L, Gong Y, Li X, Zhang W, Lei W, Liu B, Hou L, Yang M, Gu J","2021YFF1200901, 2020YFA0712403, 2022M721839, 62133006, 92268104","Key Technologies Research and Development Program, Key Technologies Research and Development Program, China Postdoctoral Science Foundation, National Natural Science Foundation of China, National Natural Science Foundation of China, National Key Research and Development Program of China",0,BCMA: An integrative and versatile database for multi-scale and multi-omics molecular atlas of breast cancer.
38844475,2024-06-06,"Department of Biomedical Informatics, The Ohio State University, Columbus, OH, 43210, USA.","Wang C, Acosta D, McNutt M, Bian J, Ma A, Fu H, Ma Q","R01 GM152585, R21HG012482, R01 AG075092, R21 HG012482","NIGMS NIH HHS, U.S. Department of Health & Human Services | NIH | National Human Genome Research Institute (NHGRI), NIA NIH HHS, NHGRI NIH HHS",32,A single-cell and spatial RNA-seq database for Alzheimer's disease (ssREAD).
38462130,2024-03-09,"State Key Laboratory of Tree Genetics and Breeding, College of Biological Sciences and Technology, Beijing Forestry University, Beijing 100083, China.","Zhao Y, Zhang Y, Li S, Tan S, Cao J, Wang HL, Luo J, Guo H, Zhang Z, Li Z",,"Beijing Municipal Science and Technology Commission, National Natural Science Foundation of China",4,Leaf Senescence Database v5.0: A Comprehensive Repository for Facilitating Plant Senescence Research.
39558187,2025-01-01,"Department of Crop & Soil Sciences, University of Georgia, Athens, GA 30602, USA.","Hamilton JP, Li C, Buell CR",,"Georgia Research Alliance, Georgia Seed Development, University of Georgia",12,The rice genome annotation project: an updated database for mining the rice genome.
36084380,2022-09-02,"Department of Computational Biology, Indraprastha Institute of Information Technology, Okhla Phase 3, New Delhi, 110020, India. Electronic address: satakshi20215@iiitd.ac.in.","Gupta S, Sharma N, Naorem LD, Jain S, Raghava GPS",,"Department of Biotechnology, Ministry of Science and Technology, India, Department of Science and Technology, Ministry of Science and Technology, India",0,"Collection, compilation and analysis of bacterial vaccines."
37846051,2023-10-01,"Department of Gene Technology, KTH Royal Institute of Technology, Science for Life Laboratory, Tomtebodavägen 23, 171 65 Solna, Stockholm, Sweden.","Larsson L, Franzén L, Ståhl PL, Lundeberg J",,"European Research Council, European Union’s Horizon 2020, Swedish Research Council, Swedish Cancer Society, Swedish Foundation for Strategic Research",32,Semla: a versatile toolkit for spatially resolved transcriptomics analysis and visualization.
39498488,2025-01-01,"Department of Pharmacology, Joint Laboratory of Guangdong-Hong Kong Universities for Vascular Homeostasis and Diseases, School of Medicine, Southern University of Science and Technology, Shenzhen 518055, China.","Cai L, Qiao J, Zhou R, Wang X, Li Y, Jiang L, Zhou Q, Li G, Xu T, Feng Y","2208085MH203, 2024B1515020047, 32250710678, JCYJ20230807093514029, 82373932, 2021YFC2701201, 2023M741534, 32370630, K241141101, K241141101, YQZD2023023, 2022-zhyx-C09","Natural Science Foundation of Anhui Province, Guangdong Basic and Applied Basic Research Foundation for Distinguished Young Scholars, National Natural Science Foundation of China, Shenzhen Pengcheng Peacock Plan, Shenzhen Basic Research General Projects of Shenzhen Science and Technology Innovation Commission, National Natural Science Foundation of China, National Key Research and Development Program of China, China Postdoctoral Science Foundation, National Natural Science Foundation of China, Natural Science Foundation of China Excellent Young Scientists Fund (Overseas), Natural Science Foundation of China Excellent Young Scientists Fund, Department of Education of Anhui Province Outstanding Young Teacher Training Project, Research Fund of Anhui Institute of Translational Medicine",1,EXPRESSO: a multi-omics database to explore multi-layered 3D genomic organization.
38619046,2024-07-01,"Institute of Biotechnology, Life Sciences Center, Vilnius University, Saulėtekio av. 7, Vilnius LT-10257, Lithuania.","Dapkūnas J, Timinskas A, Olechnovič K, Tomkuvienė M, Venclovas Č","S-A-UEI-23-11, S-MIP-21-35","Lietuvos Respublikos Švietimo, mokslo ir sporto ministerija, Lietuvos Mokslo Taryba",6,"PPI3D: a web server for searching, analyzing and modeling protein-protein, protein-peptide and protein-nucleic acid interactions."
35610052,2022-07-01,"Department of Clinical and Molecular Medicine (IKOM), Norwegian University of Science and Technology (NTNU), 7028 Trondheim, Norway.","Ianevski A, Simonsen RM, Myhre V, Tenson T, Oksenych V, Bjørås M, Kainov DE","MOBTT39, 2021076, 326101","Mobilitas Pluss Project, South-Eastern Norway Regional Health Authority Open Project Fund, Research Council of Norway, European Regional Development Fund",27,DrugVirus.info 2.0: an integrative data portal for broad-spectrum antivirals (BSA) and BSA-containing drug combinations (BCCs).
40133783,2025-01-23,"Department of Life Sciences, Imperial College London, London SW7 2AZ UK.","Powell HR, Islam SA, David A, Sternberg MJE","104955, BB/T010487/1, BB/V018558/1, 218242, WT104955MA, 218242/Z/19/z","Wellcome Trust, Biotechnology and Biological Sciences Research Council, Biotechnology and Biological Sciences Research Council, Wellcome Trust, Wellcome Trust, Wellcome Trust",23,Phyre2.2: A Community Resource for Template-based Protein Structure Prediction.
36571479,2023-01-01,"SEU-ALLEN Joint Center, Institute for Brain and Intelligence, Southeast University, Nanjing, Jiangsu 210096, China.","Liu Y, Zhong Y, Zhao X, Liu L, Ding L, Peng H",2018B030331001,Development Program of Guangdong Province,5,Tracing weak neuron fibers.
34643704,2022-01-01,"CSIR Institute of Genomics and Integrative Biology (CSIR-IGIB), Mathura Road, New Delhi, India.","Rophina M, Pandhare K, Shamnath A, Imran M, Jolly B, Scaria V",,Council of Scientific and Industrial Research,18,ESC: a comprehensive resource for SARS-CoV-2 immune escape variants.
37811889,2024-01-01,"Guangdong Key Laboratory of Plant Adaptation and Molecular Design, Innovative Center of Molecular Genetics and Evolution, School of Life Sciences, Guangzhou University, Guangzhou 510405, China.","Yang Z, Luo C, Pei X, Wang S, Huang Y, Li J, Liu B, Kong F, Yang QY, Fang C","2021ZD01, 2022M710875, 32090064, 32322061, 2022YFD1201501, 2021HSZD004, 2023T160142, JBGS-B21HJ0001","Foundation of state key laboratory of sheep genetic improvement and healthy production, China Postdoctoral Science Foundation, National Natural Science Foundation of China, National Natural Science Foundation of China, National Key Research and Development Program, Hubei Hongshan Laboratory, China Postdoctoral Science Foundation, Hainan Yazhou Bay Seed Lab",23,SoyMD: a platform combining multi-omics data with various tools for soybean research and breeding.
34761257,2022-01-01,"Research Programme on Biomedical Informatics, Hospital del Mar Medical Research Institute-Department of Experimental and Health Sciences, Pompeu Fabra University, Barcelona 08003, Spain.","Torrens-Fontanals M, Peralta-García A, Talarico C, Guixà-González R, Giorgino T, Selent J","192780, DGRIS, FPU16/01209, 101003551, GSNSDr2, GSNSDr3","Swiss National Science Foundation, Government of Catalonia, Ministry of Science, Innovation and Universities, EU H2020, CINECA, CINECA",22,SCoV2-MD: a database for the dynamics of the SARS-CoV-2 proteome and variant impact predictions.
35701399,2022-06-14,"Medstar Georgetown University Hospital, Washington, DC, USA.","Sayah A, Bencheqroun C, Bhuvaneshwar K, Belouali A, Bakas S, Sako C, Davatzikos C, Alaoui A, Madhavan S, Gusev Y","R01 NS042645, P30 CA051008, U24 CA189523, UL1 TR001409, U01 CA242871, S10 OD023495","NINDS NIH HHS, NCI NIH HHS, NCI NIH HHS, NCATS NIH HHS, NCI NIH HHS, NIH HHS",5,Enhancing the REMBRANDT MRI collection with expert segmentation labels and quantitative radiomic features.
38272936,2024-01-25,"Centre for Digital Entertainment, Faculty of Media and Communication, Bournemouth University, Poole, BH12 5BB, UK. mgnacek@bournemouth.ac.uk.","Gnacek M, Quintero L, Mavridou I, Balaguer-Ballester E, Kostoulas T, Nduka C, Seiss E","EP/L016540/1, EP/L016540/1","RCUK | Engineering and Physical Sciences Research Council, RCUK | Engineering and Physical Sciences Research Council (EPSRC)",4,AVDOS-VR: Affective Video Database with Physiological Signals and Continuous Ratings Collected Remotely in VR.
39192607,2024-08-01,"Department of Biomedical Engineering, Chung-Ang University, Seoul 06974, South Korea.","Cho D, Lee HM, Kim JA, Song JG, Hwang SH, Lee B, Park J, Tran KM, Kim J, Vo PNL, Bae J, Pimt T, Lee K, Gsponer J, Kim HW, Na D","2018R1A5A1025077 2021R1I1A1A01056588 2022M3A9B6082687, 2018R1A5A1025077 2021R1I1A1A01056588 2022M3A9B6082687","National Research Foundation of Korea, National Research Foundation of Korea (NRF)",0,Autoinhibited Protein Database: a curated database of autoinhibitory domains and their autoinhibition mechanisms.
36028515,2022-08-26,"The Metabolomics Core Laboratory, Center of Genomic Medicine, National Taiwan University, No. 1, Sec. 4, Roosevelt Road, Taipei, 10617, Taiwan.","Kuo TC, Wang PH, Wang YK, Chang CI, Chang CY, Tseng YJ","MOHW110-FDA-D-114-000611, MOST109-2823-8-002-010-CV, MOST 109-2320-B-002-040-, MOST 110-2320-B-002-038-, NTU-CC-110L890803, NTU-110L8809, MOHW110-FDA-D-114-000611, MOST109-2823-8-002-010-CV, MOST 109-2320-B-002-040-, MOST 110-2320-B-002-038-, NTU-CC-110L890803, NTU-110L8809","Ministry of Health and Welfare, Taiwan | Food and Drug Administration (Taiwan Food and Drug Administration), Ministry of Science and Technology, Taiwan (Ministry of Science and Technology of Taiwan), National Taiwan University (NTU), Ministry of Health and Welfare, Taiwan | Food and Drug Administration, Ministry of Science and Technology, Taiwan, National Taiwan University",5,RSDB: A rare skin disease database to link drugs with potential drug targets for rare skin diseases.
36641216,2022-11-03,"Molecular Biophysics and Integrated Bioimaging Division, Lawrence Berkeley National Laboratory, Berkeley, CA, United States.","Murray DT, Shin DS, Classen S, Brosey CA, Hura GL","P30 GM124169, PO1 CA092584, DE-AC02-05CH11231, P01 CA092584, CA220430, P30 GM124169, R35 CA220430","National Institutes of Health, National Cancer Institute, Biological and Environmental Research, NCI NIH HHS, National Cancer Institute, Basic Energy Sciences, U.S. Department of Energy, NIGMS NIH HHS, NCI NIH HHS",6,Visualizing and accessing correlated SAXS data sets with Similarity Maps and Simple Scattering web resources.
35936325,2022-07-22,"High Level Perception Laboratory, Department of Psychology, University of California, Santa Cruz, Santa Cruz, CA, United States.","Samermit P, Young M, Allen AK, Trillo H, Shankar S, Klein A, Kay C, Mahzouni G, Reddy V, Hamilton V, Davidenko N",UCSC OSP #A20-0510,Misophonia Research Fund,12,Development and Evaluation of a Sound-Swapped Video Database for Misophonia.
40433754,2025-05-28,"National Key Laboratory of Green Pesticide, International Joint Research Center for Intelligent Biosensor Technology and Health, Central China Normal University, Wuhan, China.","Zhu Z, Shi X, Zhu Z, Yang S, Wang F, Yang G","BX20240133, 21837001","China National Postdoctoral Program for Innovative Talents, National Natural Science Foundation of China, the National Key Research and Development Program of China (2023YFD1700500)",0,Digital pesticide: a comprehensive pesticide information database with dynamic web platform for artificial intelligence applications.
39441070,2025-01-01,"College of Pharmaceutical Sciences, Zhejiang University, Hangzhou 310058, Zhejiang, China.","Du H, Zhang X, Wu Z, Zhang O, Gu S, Wang M, Zhu F, Li D, Hou T, Pan P","2021YFF1201400, 22220102001, LD22H300001","National Key Research and Development Program of China, National Natural Science Foundation of China, Natural Science Foundation of Zhejiang Province",6,CovalentInDB 2.0: an updated comprehensive database for structure-based and ligand-based covalent inhibitor design and screening.
37647638,2023-09-01,"State Key Laboratory of Microbial Metabolism, Joint International Research Laboratory of Metabolic & Developmental Sciences, Department of Bioinformatics and Biostatistics, School of Life Sciences and Biotechnology, Shanghai Jiao Tong University, Shanghai, China.","Huang D, Jiang J, Zhao T, Wu S, Li P, Lyu Y, Feng J, Wei M, Zhu Z, Gu J, Ren Y, Yu G, Lu H","31728012, 2022YFC2703103","National Natural Science Foundation of China, Neil Shen’s SJTU Medical Research Fund, National Key R&amp;D Program of China",3,diseaseGPS: auxiliary diagnostic system for genetic disorders based on genotype and phenotype.
39558172,2025-01-01,"Cancer Precision Diagnosis and Treatment and Translational Medicine Hubei Engineering Research Center, Zhongnan Hospital, Wuhan University, Wuhan 430000, China.","Zhang Y, Liu K, Xu Z, Li B, Wu X, Fan R, Yao X, Wu H, Duan C, Gong Y, Chen K, Zeng J, Li L, Xu H","2022M722464, 82203365, 20232BAB206090, 82070726, 82270803","China Postdoctoral Science Foundation, National Natural Science Foundation of China, Jiangxi Provincial Natural Science Foundation, National Natural Science Foundation of China, National Natural Science Foundation of China",2,OncoSplicing 3.0: an updated database for identifying RBPs regulating alternative splicing events in cancers.
39436017,2025-01-01,"School of Life Sciences, State Key Laboratory of Oncology in South China, Cancer Center, Collaborative Innovation Center for Cancer Medicine, Sun Yat-sen University, Guangzhou 510060, China.","Huang Y, Zhang L, Mu W, Zheng M, Bao X, Li H, Luo X, Ren J, Zuo Z","2023YFF1204600, QT-2023-045, 32200542, 32300524, 2021B1515020108, 32470709","National Key Research and Development Program of China, Young Elite Scientists Sponsorship Program by Guangzhou Association for Science and Technology, National Natural Science Foundation of China, National Natural Science Foundation of China, Guangdong Basic and Applied Basic Research Foundation, National Natural Science Foundation of China",4,RMVar 2.0: an updated database of functional variants in RNA modifications.
35037224,2022-01-01,"Department of Botany and Plant Pathology, Oregon State University, Corvallis, OR, USA.","Gupta P, Naithani S, Preece J, Kim S, Cheng T, D'Eustachio P, Elser J, Bolton EE, Jaiswal P","P41 HG003751, U54 GM114833","NHGRI NIH HHS, NIGMS NIH HHS",9,Plant Reactome and PubChem: The Plant Pathway and (Bio)Chemical Entity Knowledgebases.
38537199,2024-03-01,"Peking University Institute of Advanced Agricultural Sciences, Shandong Laboratory of Advanced Agricultural Sciences in Weifang, Weifang, Shandong 261325, China.","Meng T, Jiao H, Zhang Y, Zhou Y, Chen S, Wang X, Yang B, Sun J, Geng X, Ayhan DH, Guo L",,"National Natural Science Foundation of China, Shandong Provincial Science and Technology Innovation Fund, Taishan Scholars Program of Shandong Province",4,"FoPGDB: a pangenome database of Fusarium oxysporum, a cross-kingdom fungal pathogen."
36416261,2023-01-01,"Chongqing Key Laboratory of Translational Medical Research in Cognitive Development and Learning and Memory Disorders, Ministry of Education Key Laboratory of Child Development and Disorders, National Clinical Research Center for Child Health and Disorders, China International Science and Technology Cooperation Base of Child Development and Critical Disorders, Children's Hospital of Chongqing Medical University, Chongqing, China.","Guo S, Xu Z, Dong X, Hu D, Jiang Y, Wang Q, Zhang J, Zhou Q, Liu S, Song W","2022NSCQ-BHX0551, I01 HX000551, 81772979, CSTC2021jscx-gksb-N0027","Natural Science Foundation of Chongqing, HSRD VA, National Natural Science Foundation of China, Chongqing Science and Technology Commission, Key Laboratory of Alzheimer&apos;s Disease of Zhejiang Province, Zhejiang Provincial Clinical Research Center for Mental Disorders",31,GPSAdb: a comprehensive web resource for interactive exploration of genetic perturbation RNA-seq datasets.
36264141,2022-12-01,"Institute of Clinical Molecular Biology, Kiel University, 24105 Kiel, Germany.","Rühlemann MC, Wacker EM, Ellinghaus D, Franke A","261376515, SFB 1182","Collaborative Research Center 1182: Origin and Function of Metaorganisms, German Research Foundation, DFG Research Unit 5042, Collaborative Research Center 1182: Origin and Function of Metaorganisms",31,"MAGScoT: a fast, lightweight and accurate bin-refinement tool."
38755321,2024-05-16,"Department of Health and Human Services, National Center for Biotechnology Information, National Library of Medicine, National Institutes of Health, Bethesda, MD, USA.","Shiryev SA, Agarwala R",Z99 LM999999,"Intramural NIH HHS, This research work was supported by the National Center for Biotechnology Information of the National Library of Medicine (NLM), National Institutes of Health.",23,Indexing and searching petabase-scale nucleotide resources.
36395823,2023-01-01,"Department of Drug Design and Pharmacology, University of Copenhagen, Universitetsparken 2, 2100 Copenhagen, Denmark.","Pándy-Szekeres G, Caroli J, Mamyrbekov A, Kermani AA, Keserű GM, Kooistra AJ, Gloriam DE","NNF18OC0031226, NAP3.0, NNF18OC0031226, R313-2019-526","Novo Nordisk Foundation, Hungarian Academy of Sciences, Novo Nordisk Fonden, Lundbeck Foundation",143,GPCRdb in 2023: state-specific structure models using AlphaFold2 and new ligand resources.
37974076,2023-11-16,"Department of Population Health Science and Policy, Icahn School of Medicine at Mount Sinai, New York, USA. seungjun.ahn@mountsinai.org.","Ahn S, Datta S","P30 CA196521, T32 AA025877, NIH T32AA025877","NCI NIH HHS, NIAAA NIH HHS, NIAAA NIH HHS",0,PRANA: an R package for differential co-expression network analysis with the presence of additional covariates.
36215037,2023-01-01,"Department of Statistics, Stanford University, Stanford, CA 94305, USA.","Zeng W, Liu Q, Yin Q, Jiang R, Wong WH","61721003, 61873141, 62003178, HG010359, R01 HG010359, HG007735, P50 HG007735, 2021YFF1200902, 2021YFF1001000, RM1 HG007735","National Natural Science Foundation of China, National Natural Science Foundation of China, National Natural Science Foundation of China, NIH, NHGRI NIH HHS, NIH, NHGRI NIH HHS, National Key Research and Development Program of China, National Key Research and Development Program of China, NHGRI NIH HHS",26,HiChIPdb: a comprehensive database of HiChIP regulatory interactions.
36377945,2022-11-15,"National Food Institute, Technical University of Denmarkgrid.5170.3, Kongens Lyngby, Denmark.","Aytan-Aktug D, Grigorjev V, Szarvas J, Clausen PTLC, Munk P, Nguyen M, Davis JJ, Aarestrup FM, Lund O","75N93019C00076, NNF16OC0021856, 75N93019C00076","HHS | NIH | National Institute of Allergy and Infectious Diseases, Novo Nordisk Fonden, NIAID NIH HHS",8,"SourceFinder: a Machine-Learning-Based Tool for Identification of Chromosomal, Plasmid, and Bacteriophage Sequences from Assemblies."
36300630,2023-01-01,"State Key Laboratory of Oncology in South China, Cancer Center, Collaborative Innovation Center for Cancer Medicine, School of Life Sciences, Sun Yat-sen University, Guangzhou 510060, China.","Bao X, Zhang Y, Li H, Teng Y, Ma L, Chen Z, Luo X, Zheng J, Zhao A, Ren J, Zuo Z","2021YFA1302100, 2022M713633, 2022T150762, 32200542, 2017ZT07S096, 2021B1515020108","National Key Research and Development Program of China, China Postdoctoral Science Foundation, China Postdoctoral Science Foundation, National Natural Science Foundation of China, Program for Guangdong Introducing Innovative and Entrepreneurial Teams, Guangdong Basic and Applied Basic Research Foundation",66,"RM2Target: a comprehensive database for targets of writers, erasers and readers of RNA modifications."
36318236,2023-01-01,"Department of Oncology, Ludwig Institute for Cancer Research Lausanne, University of Lausanne, Lausanne, Switzerland.","Tadros DM, Eggenschwiler S, Racle J, Gfeller D",KFS-4104-02-2017,Swiss Cancer Research Foundation,54,The MHC Motif Atlas: a database of MHC binding specificities and ligands.
37410916,2023-07-01,"Department of Electronics, Information, and Bioengineering, Politecnico di Milano, Via Ponzio 34/5, Milan 20133, Italy.","Pinoli P, Canakoglu A, Ceri S, Chiara M, Ferrandi E, Minotti L, Bernasconi A",PNRR-PE-AI FAIR,Next Generation EU Program,5,VariantHunter: a method and tool for fast detection of emerging SARS-CoV-2 variants.
39345285,2024-09-13,"School of Life Sciences, University of Sussex, Brighton, United Kingdom.","Winchester G, Steele OG, Liu S, Maia Chagas A, Aziz W, Penn AC",,,4,Reproducible supervised learning-assisted classification of spontaneous synaptic waveforms with Eventer.
34755868,2022-01-01,"School of Biomedical Informatics, The University of Texas Health Science Center at Houston, Houston, TX 77030, USA.","Kim P, Tan H, Liu J, Lee H, Jung H, Kumar H, Zhou X","R35GM138184, R35 GM138184","National Institutes of Health, University of Texas Health Science Center at Houston, NIGMS NIH HHS",36,FusionGDB 2.0: fusion gene annotation updates aided by deep learning.
40063348,2025-03-01,"Computational Biology and Translational Bioinformatics (CBTB) Laboratory, Department of Biosciences and Bioengineering, Indian Institute of Technology Roorkee, Roorkee 247667, Uttarakhand, India.","Koul M, Kaushik S, Singh K, Sharma D","BT/2014–15/Plan/P-955, R.11013/51/2021-GIA/HR, BIO/FIG/100700, BT/2014-15/Plan/P-955, R.11017/36/2023-GIA/HR","MHRD, DHR, MHRD, MHRD, DHR",1,VITALdb: to select the best viroinformatics tools for a desired virus or application.
39754835,2024-12-27,"Bioinformatics Lab, National Institute of Plant Genome Research (NIPGR), Aruna Asaf Ali Marg, New Delhi 110067, India. Electronic address: vivek37373@nipgr.ac.in.","Vivek AT, Sahu N, Kalakoti G, Kumar S",,,1,ANNInter: A platform to explore ncRNA-ncRNA interactome of Arabidopsis thaliana.
39746417,2024-12-31,"School of Fishery, Zhejiang Ocean University, Zhoushan 316022, China.","Zhao S, Qiao D, Zhang R, Jing T, An Y","32150017, 32260790, Y202353943, 32302604, ZK[2023]453","National Natural Science Foundation of China, National Natural Science Foundation of China, Zhejiang Province Department of Education, National Natural Science Foundation of China, Guizhou Provincial Natural Science Foundation",0,CsMPDB 1.0: An interactive web application for visualizing and exploring the microRNAs and phasiRNAs of tea plant (Camellia sinensis var. sinensis 'Shuchazao').
38135744,2023-12-22,"Institute of Computing Technology, Chinese Academy of Sciences, Beijing, China.","Lin S, Zhao F, Wu Z, Yao J, Zhao Y, Yuan Z",,,10,Streamlining spatial omics data analysis with Pysodb.
38310806,2024-01-29,"State Key Laboratory of Organic Electronics and Information Displays & Institute of Advanced Materials (IAM), Nanjing University of Posts and Telecommunications, Nanjing, 210023, China.","Dou Y, Ren Y, Zhao X, Jin J, Xiong S, Luo L, Xu X, Yang X, Yu J, Guo L, Liang T",,,4,CSSLdb: Discovery of cancer-specific synthetic lethal interactions based on machine learning and statistic inference.
38043216,2023-11-29,"Department of General Microbiology, Göttingen Center for Molecular Biosciences, Georg-August University Göttingen, Göttingen, Germany.","Elfmann C, Zhu B, Stülke J, Halbedel S",,Deutsche Forschungsgemeinschaft,11,ListiWiki: A database for the foodborne pathogen Listeria monocytogenes.
40402563,2025-05-22,"The Clinical Hospital of Chengdu Brain Science Institute, School of Life Science and Technology, University of Electronic Science and Technology of China, Chengdu, China.","Zhou Y, Liu W, Huang Z, Gou Y, Liu S, Jiang L, Yang Y, Huang J","62071099, 62371112, 2024NSFSC0636","National Natural Science Foundation of China, National Natural Science Foundation of China, Sichuan Provincial Science and Technology Support Program",0,A comprehensive antigen-antibody complex database unlocking insights into interaction interface.
35849014,2022-07-01,"CIRAD, UMR AGAP Institut, Montpellier 34398, France.","Summo M, Comte A, Martin G, Perelle P, Weitz EM, Droc G, Rouard M",1504-006,Agropolis Fondation,1,GeMo: a web-based platform for the visualization and curation of genome ancestry mosaics.
37027007,2023-07-01,"National Genomics Data Center, Beijing Institute of Genomics, Chinese Academy of Sciences and China National Center for Bioinformation, Beijing, China.","Sun Y, Zheng X, Wang G, Wang Y, Chen X, Sun J, Xiong Z, Zhang S, Wang T, Fan Z, Bu C, Bao Y, Zhao W","CAS-WX2022SDC-XK05, XDB38050300","Chinese Academy of Sciences, Chinese Academy of Sciences",3,MACdb: A Curated Knowledgebase for Metabolic Associations across Human Cancers.
37580331,2023-08-15,"Medicity Research Laboratory, Faculty of Medicine, University of Turku, Tykistökatu 6, 20520, Turku, Finland.","Fontcuberta-Rigo M, Nakamura M, Puigbò P","230131, 230131","Sigrid Juséliuksen Säätiö, Sigrid Juséliuksen Säätiö (Sigrid Jusélius Foundation)",20,Phylobone: a comprehensive database of bone extracellular matrix proteins in human and model organisms.
36243967,2023-01-01,"Cancer Centre, University of Macau, Taipa 999078, Macau SAR.","Zheng Y, Chen Y, Ding X, Wong KH, Cheung E","0137/2020/A3, MYRG2018-00033-FHS, MYRG2020-00100-FHS, 0011/2019/AKP","Science and Technology Development Fund, University of Macau, University of Macau, Science and Technology Development Fund",24,Aquila: a spatial omics database and analysis platform.
34459872,2022-01-01,"Department of Biostatistics, The Center for Statistical Genetics, University of Michigan, Ann Arbor, MI 48109, USA.","Kwong A, Boughton AP, Wang M, VandeHaar P, Boehnke M, Abecasis G, Kang HM","HL137182, UM1 DK105554, BOEH15AMP, R01 HG009976, U01 HL137182, HG009976","National Institutes of Health, NIDDK NIH HHS, Foundations of National Institutes of Health, NHGRI NIH HHS, NHLBI NIH HHS, National Institutes of Health",36,FIVEx: an interactive eQTL browser across public datasets.
36947346,2023-03-22,"Institute of Informatics, School of Management, HES-SO Valais-Wallis, Sierre, Switzerland.","Abler D, Schaer R, Oreiller V, Verma H, Reichenbach J, Aidonopoulos O, Evéquoz F, Jreige M, Prior JO, Depeursinge A","EPICS, QA4IQI, IMAGINE, MSXplain, QA4IQI, 205320/179069, IMAGINE, 205320","Hasler Stiftung, Swiss Personalized Health Network, Swiss Personalized Health Network, Hasler Stiftung, Swiss Personalized Health Network (SPHN), Swiss National Science Foundation, Swiss Personalized Health Network (SPHN), Swiss National Science Foundation",7,QuantImage v2: a comprehensive and integrated physician-centered cloud platform for radiomics and machine learning research.
34664671,2022-01-01,"Department of General Microbiology, Institute of Microbiology and Genetics, Georg August University of Göttingen, Grisebachstr. 8, D-37077 Göttingen, Germany.","Pedreira T, Elfmann C, Stülke J",,,121,"The current state of SubtiWiki, the database for the model organism Bacillus subtilis."
36525367,2023-01-01,"College of Agriculture, Nanjing Agricultural University, Nanjing 210095, China.","Li Z, Zhang Y, Fang J, Xu Z, Zhang H, Mao M, Chen Y, Zhang L, Pian C","JCQY202108, ZJ22195010, 050/804009, KYCYXT2022010","Fundamental Research Funds for the Central Universities, Fundamental Research Funds for the Central Universities, Startup Foundation for Advanced Talents at Nanjing Agricultural University, Fundamental Research Funds for the Central Universities",28,NcPath: a novel platform for visualization and enrichment analysis of human non-coding RNA and KEGG signaling pathways.
40328737,2025-05-06,"Functional Microbiome Research Group, Institute of Medical Microbiology, University Hospital of RWTH Aachen, Aachen, Germany.","Hitch TCA, Masson JM, Pauvert C, Bosch J, Nüchtern S, Treichel NS, Baloh M, Razavi S, Afrizal A, Kousetzi N, Aguirre AM, Wylensek D, Coates AC, Jennings SAV, Panyot A, Viehof A, Schmitz MA, Stuhrmann M, Deis EC, Bisdorf K, Chiotelli MD, Lissin A, Schober I, Witte J, Cramer T, Riedel T, Wende M, Winter KA, Amend L, Riva A, Trinh S, Mitchell L, Hartman J, Berry D, Seitz J, Bossert LC, Grognot M, Allers T, Strowig T, Pester M, Abt B, Reimer LC, Overmann J, Clavel T","445552570, 395357507, 403224013, 460129525, 395357507, 445552570, 513892404, 403224013, 460129525, 513892404","Deutsche Forschungsgemeinschaft (German Research Foundation), Deutsche Forschungsgemeinschaft, Deutsche Forschungsgemeinschaft (German Research Foundation), Deutsche Forschungsgemeinschaft, Deutsche Forschungsgemeinschaft (German Research Foundation), Deutsche Forschungsgemeinschaft, Deutsche Forschungsgemeinschaft, Deutsche Forschungsgemeinschaft, Deutsche Forschungsgemeinschaft (German Research Foundation), Deutsche Forschungsgemeinschaft (German Research Foundation)",7,HiBC: a publicly available collection of bacterial strains isolated from the human gut.
38213899,2023-11-20,"Department of Public Health, School of Medicine & Holistic Integrative Medicine, Nanjing University of Chinese Medicine, Nanjing 210023, China.","Yang D, Zhu Z, Yao Q, Chen C, Chen F, Gu L, Jiang Y, Chen L, Zhang J, Wu J, Gao X, Wang J, Li G, Zhao Y",,,1,ccTCM: A quantitative component and compound platform for promoting the research of traditional Chinese medicine.
34999748,2022-03-01,"Department of Genome Sciences, University of Washington, Seattle, WA 98195, USA.","Noecker C, Eng A, Muller E, Borenstein E","2435/19, R01 DK095869, U19AG057377, 1R01GM124312, R01 GM124312, 1R01GM124312, U19 AG057377, R01DK095869","Israel Science Foundation, NIDDK NIH HHS, National Institutes of Health, Edmond J. Safra Center for Bioinformatics at Tel-Aviv University, National Institutes of Health, Faculty Fellow of the Edmond J. Safra Center for Bioinformatics at Tel Aviv University, NIGMS NIH HHS, NIH HHS, NIA NIH HHS, National Institutes of Health",43,MIMOSA2: a metabolic network-based tool for inferring mechanism-supported relationships in microbiome-metabolome data.
36164976,2022-09-01,"School of Information and Computer, College of Animal Science and Technology, Anhui Provincial Engineering Laboratory for Beidou Precision Agriculture Information, Anhui Agricultural University, 130 Changjiangxilu, Hefei, Anhui 230036, P. R. China.","Hu H, Lu Z, Feng H, Chen G, Wang Y, Yang C, Yue Z","2019zd12, 62102004, 2008085QF293, yj2019-32, 2008085QC136","Natural Science Young Foundation of Anhui Agricultural University, National Natural Science Foundation of China, Natural Science Young Foundation of Anhui, Introduction and Stabilization of Talent Project of Anhui Agricultural University, Natural Science Young Foundation of Anhui",3,DGPD: a knowledge database of dense granule proteins of the Apicomplexa.
36169329,2022-09-01,"Division of Bioinformatics, Bose Institute, Unified Campus Salt Lake, College More, EN Block, Sector V, Kolkata, West Bengal 700091, India.","Firdous S, Ghosh A, Saha S",,"BIC at Bose Institute, Kolkata, to S.S.",15,BCSCdb: a database of biomarkers of cancer stem cells.
37930842,2024-01-01,"State Key Laboratory of Common Mechanism Research for Major Diseases, Suzhou Institute of Systems Medicine, Chinese Academy of Medical Sciences & Peking Union Medical College, Suzhou 215123, China.","Deng Y, Lu Y, Li M, Shen J, Qin S, Zhang W, Zhang Q, Shen Z, Li C, Jia T, Chen P, Peng L, Chen Y, Zhang W, Liu H, Zhang L, Rong L, Wang X, Chen D","2022-RC416-01, 2022-I2M-2-004, 2021-I2M-1-061, ZXL2022475, BK20220279, 2021-I2M-1-061, SZS2022005","Chinese Academy of Medical Sciences, CAMS Innovation Fund for Medical Sciences, CAMS Innovation Fund for Medical Sciences, Gusu Innovation and Entrepreneurship Leading Talents Program, Natural Science Foundation of Jiangsu Province, CAMS Innovation Fund for Medical Sciences (CIFMS), Suzhou Municipal Key Laboratory",3,SCAN: Spatiotemporal Cloud Atlas for Neural cells.
36388568,2022-10-27,"State Key Laboratory for Conservation and Utilization of Subtropical Agro-Bioresources, College of Forestry, Guangxi University, Nanning, China.","Wang P, Mo Y, Wang Y, Fei Y, Huang J, Ni J, Xu ZF, Xu ZF",,,5,Macadamia germplasm and genomic database (MacadamiaGGD): A comprehensive platform for germplasm innovation and functional genomics in <i>Macadamia</i>.
39577347,2024-11-21,"School of Computer Science and Informatics, Cardiff University, Cardiff, CF24 4AG, UK; Department of Computer Science, College of Engineering and Computer Science, Jazan University, Jazan, Kingdom of Saudi Arabia. Electronic address: AlwadeeEJ@cardiff.ac.uk.","Alwadee EJ, Sun X, Qin Y, Langbein FC",,,3,LATUP-Net: A lightweight 3D attention U-Net with parallel convolutions for brain tumor segmentation.
40140564,2025-03-26,"Department of Psychiatry, Divisions of Molecular Therapeutics and Behavioral Medicine, Columbia University Irving Medical Center, New York, NY, USA.","Mosharov EV, Rosenberg AM, Monzel AS, Osto CA, Stiles L, Rosoklija GB, Dwork AJ, Bindra S, Junker A, Zhang Y, Fujita M, Mariani MB, Bakalian M, Sulzer D, De Jager PL, Menon V, Shirihai OS, Mann JJ, Underwood MD, Boldrini M, Thiebaut de Schotten M, Picard M",,,33,A human brain map of mitochondrial respiratory capacity and diversity.
38840833,2024-05-21,"Institute of Pathology, Faculty of Medicine, University of Ljubljana, Slovenia.","Hauptman N, Pižem J, Jevšinek Skok D","P3-0054, J3-3070, P4-0133, J3-2524","Javna Agencija za Raziskovalno Dejavnost RS, Javna Agencija za Raziskovalno Dejavnost RS, Javna Agencija za Raziskovalno Dejavnost RS, Javna Agencija za Raziskovalno Dejavnost RS",5,AmiCa: Atlas of miRNA-gene correlations in cancer.
40257905,2025-04-01,"Department of Systems BioMedicine, Graduate School of Medical and Dental Sciences, Institute of Science Tokyo, 1-5-45 Yushima, Bunkyo-ku, Tokyo 113-8510, Japan.","Matsushima T, Naito Y, Chiba T, Kurimoto R, Itano K, Ochiai K, Takahashi K, Goshima N, Asahara H","JP20gm0810008 JP23gm0010009, 17K15447 20H05696 26113008","Japan Agency for Medical Research and Development, Japan Society for the Promotion of Science",0,Localizatome: a database for stress-dependent subcellular localization changes in proteins.
40494643,2025-06-10,"Department of Microbiology and Immunology, The University of Melbourne at The Peter Doherty Institute for Infection and Immunity, Melbourne, Victoria, Australia.","Krause AL, Wirth W, Turner AM, Judd L, Li L, van Schaik W, Howden BP, Carter GP, Seemann T, Wick R, Stinear TP, Buultjens AH, Monk IR","GNT1185213, APP21400, GNT1194325","National Health and Medical Research Council, Biotechnology and Biological Sciences Research Council, National Health and Medical Research Council",0,Transposon-directed insertion-site sequencing (TraDIS) analysis of &lt;i&gt;Enterococcus faecium&lt;/i&gt; using nanopore sequencing and a WebAssembly analysis platform.
37522378,2024-01-01,"Department of Computational Medicine and Bioinformatics, University of Michigan, Ann Arbor, MI 48109, USA.","Zhang C, Zhang X, Freddolino L, Zhang Y","DBI2030790, R01 AI134678, GM136422, S10 OD026825, MTM2025426, GM136422, AI134678, IIS1901191, S10OD026825","National Science Foundation, NIAID NIH HHS, National Institutes of Health, NIGMS NIH HHS, NIH HHS, National Science Foundation, National Institute of General Medical Sciences, National Institute of Allergy and Infectious Diseases, National Science Foundation, National Institute of General Medical Sciences",67,BioLiP2: an updated structure database for biologically relevant ligand-protein interactions.
34933331,2022-01-01,"College of Basic Sciences, Shanxi Agricultural University, Taigu 030801, China.","Li P, Zhang H, Zhang W, Zhang Y, Zhan L, Wang N, Chen C, Fu B, Zhao J, Zhou X, Guo S, Chen J","2019 L0365, 2019 L0360, 81703945, 31800678","Science and Technology Innovation Project of Colleges and Universities in Shanxi Province, Science and Technology Innovation Project of Colleges and Universities in Shanxi Province, National Natural Science Foundation of China, National Natural Science Foundation of China",17,TMNP: a transcriptome-based multi-scale network pharmacology platform for herbal medicine.
39380205,2024-09-01,"Institute of Drug Discovery Technology, Ningbo University, Ningbo 315211, China.","Zhao MX, Ding RF, Chen Q, Meng J, Li F, Fu S, Huang B, Liu Y, Ji ZL, Zhao Y",,"Technology and Engineering Center for Space Utilization, Chinese Academy of Sciences",3,Nphos: Database and Predictor of Protein N-phosphorylation.
37956324,2024-01-01,"Department of Physical Chemistry, Faculty of Science, Palacký University, tř. 17. listopadu 12, 771 46 Olomouc, Czech Republic.","Špačková A, Vávra O, Raček T, Bazgier V, Sehnal D, Damborský J, Svobodová R, Bednář D, Berka K","IGA_PrF_2023_018, 22-30571M, LM2023055, LM2023069, LX22NPO5102","Palacky University Olomouc, European Union—Next Generation EU, European Union-Next Generation EU, Czech Republic JuniorStar, ELIXIR CZ and RECETOX RI, ELIXIR CZ and RECETOX RI, National Institute for Cancer Research",10,ChannelsDB 2.0: a comprehensive database of protein tunnels and pores in AlphaFold era.
38829853,2024-06-01,"Key Laboratory of Freshwater Fish Reproduction and Development (Ministry of Education), Southwest University School of Life Sciences, 2 Tiansheng Road, Chongqing 400715, China.","Shao F, Zeng M, Xu X, Zhang H, Peng Z","20192BCBL23028, CSTB2023NSCQ-MSX0851, 32100333 32170457, 20202ACBL215008","Jiangxi Province, Natural Science Foundation of Chongqing, National Natural Science Foundation of China, Jiangxi Youth Science Foundation",3,FishTEDB 2.0: an update fish transposable element (TE) database with new functions to facilitate TE research.
37246642,2023-07-01,"Department of Biomedical Sciences, University of Padova, via Ugo Bassi 58b, 35121Padova, Italy.","Del Conte A, Bouhraoua A, Mehdiabadi M, Clementel D, Monzon AM, Tosatto SCE, Piovesan D","823 886, 952 334, 778 247, R01 GM093123, CA21160, R01 GM089753, 2017483NH8","MSCA-RISE, University of Padova, MSCA-RISE, MSCA-RISE, NIGMS NIH HHS, ELIXIR, the research infrastructure for life-science data; COST Action ML4NGP, NIGMS NIH HHS, European Cooperation in Science and Technology, MIUR",34,CAID prediction portal: a comprehensive service for predicting intrinsic disorder and binding regions in proteins.
38628370,2024-04-02,"Department of Biomedical Data Science, Fujita Health University School of Medicine, Toyoake, Japan.","Kannon T, Murashige S, Nishioka T, Amano M, Funahashi Y, Tsuboi D, Yamahashi Y, Nagai T, Kaibuchi K, Yoshimoto J",,,1,KANPHOS: Kinase-associated neural phospho-signaling database for data-driven research.
36399495,2023-01-01,"Key Laboratory of Gene Engineering of the Ministry of Education, State Key Laboratory for Biocontrol, School of Life Sciences, Sun Yat-sen University, Guangzhou 510275, P.R. China.","Huang J, Zheng W, Zhang P, Lin Q, Chen Z, Xuan J, Liu C, Wu D, Huang Q, Zheng L, Liu S, Zhou K, Qu L, Li B, Yang J","2022YFA1300020, 31970604, 91940304, 31900903, 32225011, 2019TQ05Y181, 2019YFA0802202, 202002030351, 32100467, 31971228, 201904020041, 2021A1515010542, 31770879","National Key Research and Development Program of China, National Natural Science Foundation of China, National Natural Science Foundation of China, National Natural Science Foundation of China, National Natural Science Foundation of China, Youth science and technology innovation talent of Guangdong TeZhi plan, National Key Research and Development Program of China, Guangzhou city, National Natural Science Foundation of China, National Natural Science Foundation of China, Guangzhou city, Guangdong Province, National Natural Science Foundation of China",41,ChIPBase v3.0: the encyclopedia of transcriptional regulations of non-coding RNAs and protein-coding genes.
34581824,2022-01-01,"MOE Key Laboratory of Molecular Biophysics, Hubei Bioinformatics and Molecular Imaging Key Laboratory, Center for Artificial Intelligence Biology, College of Life Science and Technology, Huazhong University of Science and Technology, Wuhan, Hubei 430074, China.","Zhang W, Tan X, Lin S, Gou Y, Han C, Zhang C, Ning W, Wang C, Xue Y","31970633, 2019kfyRCPY043, 31930021","Natural Science Foundation of China, Fundamental Research Funds for the Central Universities, Changjiang Scholars Program of China, Natural Science Foundation of China",49,CPLM 4.0: an updated database with rich annotations for protein lysine modifications.
35134833,2022-03-01,"Max Planck Institute for Molecular Cell Biology and Genetics (MPI-CBG and CSBD), Dresden 01307, Germany.","Cunial F, Denas O, Belazzougui D",,,1,Fast and compact matching statistics analytics.
35685370,2022-05-12,"Fundación Instituto Leloir. Av. Patricias Argentinas 435, C1405BWE Buenos Aires, Argentina.","Navarro AM, Orti F, Martínez-Pérez E, Alonso M, Simonetti FL, Iserte JA, Marino-Buslje C",,Consejo Nacional de Investigaciones Científicas y Técnicas,8,DisPhaseDB: An integrative database of diseases related variations in liquid-liquid phase separation proteins.
34850133,2022-01-01,"Institute of Microbiology and Braunschweig Integrated Centre of Systems Biology (BRICS), Technische Universität Braunschweig, Rebenring 56, Braunschweig D-38106, Germany.","Dudek CA, Jahn D",,,49,PRODORIC: state-of-the-art database of prokaryotic gene regulation.
35687095,2022-07-01,"Aix-Marseille Université, Université de Toulon, IRD, CNRS, Mediterranean Institute of Oceanography (MIO) UM 110, Marseille, France.","Vernette C, Lecubin J, Sánchez P, Sunagawa S, Delmont TO, Acinas SG, Pelletier E, Hingamp P, Lescot M","ANR-11-INBS-0013, ANR-21-ESRE-0038, ANR-11-BTBR-0008, ANR-19-CE45-0008, ANR-10-INBS-09-08","Institut Français de Bioinformatique, AO-EMBRC, French Government, SeqDigger, FRANCE GENOMIQUE",61,The Ocean Gene Atlas v2.0: online exploration of the biogeography and phylogeny of plankton genes.
36806692,2023-02-16,"European Molecular Biology Laboratory, European Bioinformatics Institute (EMBL-EBI), Wellcome Genome Campus, Hinxton, UK.","Gurbich TA, Almeida A, Beracochea M, Burdett T, Burgin J, Cochrane G, Raj S, Richardson L, Rogers AB, Sakharova E, Salazar GA, Finn RD","BB/V01868X/1, BB/W002965/1, MR/W016184/1, BB/R015228/1, 862923","Biotechnology and Biological Sciences Research Council, Biotechnology and Biological Sciences Research Council, Medical Research Council, European Molecular Biology Laboratory, Horizon 2020, UK Research and Innovation, Biotechnology and Biological Sciences Research Council, Horizon 2020",49,MGnify Genomes: A Resource for Biome-specific Microbial Genome Catalogues.
26058587,2015-06-09,"Elanco Animal Health, Clinical Development, Basel, Switzerland jonathan.king@novartis.com.","King JN, King S, Budsberg SC, Lascelles BD, Bienhoff SE, Roycroft LM, Roberts ES",,,27,"Clinical safety of robenacoxib in feline osteoarthritis: results of a randomized, blinded, placebo-controlled clinical trial."
40164028,2025-03-30,"Bioinformatics Centre, School of Agricultural Biotechnology, Punjab Agricultural University, Ludhiana, India.","Sharma S, Bishnoi R, Jain R, Singla D",BT/PR40193/BTIS/137/23/2021,"Department of Biotechnology, Ministry of Science and Technology, India",0,LSDVvac: An immunoinformatics database for vaccine design against lumpy skin disease virus.
37947313,2023-11-01,"Department of Biophysics, University of Delhi South Campus, New Delhi 110021, India.","Jain A, Singhal N, Kumar M",ISRM/12(38)/2022,Indian Council of Medical Research,7,AFRbase: a database of protein mutations responsible for antifungal resistance.
39412445,2024-10-01,"Laboratory of Human Retrovirology and Immunoinformatics, Frederick National Laboratory for Cancer Research, Frederick, MD 21702, United States.","Sherman BT, Panzade G, Imamichi T, Chang W","HHSN261200800001E, HHSN261200800001E, HHSN261200800001C","NCI NIH HHS, National Cancer Institute, National Institutes of Health, CCR NIH HHS",29,DAVID Ortholog: an integrative tool to enhance functional analysis through orthologs.
37897362,2024-01-01,"School of Life Sciences, Fudan University, Shanghai, China.","Gao J, Mo S, Wang J, Zhang M, Shi Y, Zhu C, Shang Y, Tang X, Zhang S, Wu X, Xu X, Wang Y, Li Z, Zheng G, Chen Z, Wang Q, Tang K, Cao Z","32070657, 81830080, 2019YFA0905900, 2019YFA0905900","National Natural Science Foundation of China, National Natural Science Foundation of China, National Key R&D Program of China, National Key R&amp;D Program of China",6,MACC: a visual interactive knowledgebase of metabolite-associated cell communications.
35381376,2022-04-04,"Laboratory of Computational Systems Biotechnology, École Polytechnique Fédérale de Lausanne, EPFL, Lausanne, Switzerland.","Sveshnikova A, MohammadiPeyhani H, Hatzimanikatis V",,,8,ARBRE: Computational resource to predict pathways towards industrially important aromatic compounds.
39565209,2025-01-01,"Department of Pharmacological Sciences, Mount Sinai Center for Bioinformatics, Icahn School of Medicine at Mount Sinai, One Gustave L. Levy Place, Box 1603 New York, NY, USA.","Diamant I, Clarke DJB, Evangelista JE, Lingam N, Ma'ayan A","OT2OD036435, U24CA271114, RC2 DK131995, U24CA264250, OT2OD030160, U24 CA264250, R01DK131525, R01DK131525, RC2DK131995","NIH, NIH, NIDDK NIH HHS, NIH, NIH, NCI NIH HHS, NIH, NIH HHS, NIH",55,Harmonizome 3.0: integrated knowledge about genes and proteins from diverse multi-omics resources.
37114999,2023-07-01,"Integrative Science Center of Germplasm Creation in Western China (CHONGQING) Science City, Biological Science Research Center, Southwest University, Chongqing, China.","Sun J, Lu F, Luo Y, Bie L, Xu L, Wang Y","XDJK2019TJ003, U21A20248, 32000340","Fundamental Research Funds for the Central Universities, National Natural Science Foundation of China, National Natural Science Foundation of China",273,OrthoVenn3: an integrated platform for exploring and visualizing orthologous data across genomes.
37860104,2023-10-04,"Clinical Proteomics Mass Spectrometry, Department of Oncology-Pathology, Karolinska Institutet, Science for Life Laboratory, 171 65 Solna, Sweden.","Aswad L, Jafari R","PR2019-0025, PR2022-0009","Swedish Childhood Cancer Foundation, Swedish Childhood Cancer Foundation",8,FORALL: an interactive shiny/R web portal to navigate multi-omics high-throughput data of pediatric acute lymphoblastic leukemia.
39535874,2025-01-01,"State Key Laboratory of Plant Environmental Resilience, College of Life Sciences, Zhejiang University, Hangzhou 310058, China.","Li J, Ni Q, He G, Huang J, Chao H, Li S, Chen M, Hu G, Whelan J, Shou H",,,3,SoyOD: An Integrated Soybean Multi-omics Database for Mining Genes and Biological Research.
37665017,2024-01-01,"Open Longevity, 15260 Ventura Blvd, STE 2230, Sherman Oaks, CA 91403, USA.","Rafikova E, Nemirovich-Danchenko N, Ogmen A, Parfenenkova A, Velikanova A, Tikhonov S, Peshkin L, Rafikov K, Spiridonova O, Belova Y, Glinin T, Egorova A, Batin M","AG073341, R01 AG073341, R56 AG073341, AG073341","NIA NIH HHS, NIA NIH HHS, Alexey Kovalev, Open Longevity, NIA NIH HHS, NIA",13,Open Genes-a new comprehensive database of human genes associated with aging and longevity.
34755877,2022-01-01,"Osteoarthritis Research Program, Division of Orthopedic Surgery, Schroeder Arthritis Institute and Data Science Discovery Centre for Chronic Diseases, Krembil Research Institute, University Health Network, Toronto, ON M5T 0S8, Canada.","Kotlyar M, Pastrello C, Ahmed Z, Chee J, Varyova Z, Jurisica I","29272, 34876, 33536, 203475, 225404","Canada Foundation for Innovation, Ontario Research Foundation, University Health Network, Canada Foundation for Innovation, Toronto General and Western Hospital Foundation, Buchan Foundation, Schroeder Arthritis Institute, Natural Sciences Research Council, Canada Foundation for Innovation",51,"IID 2021: towards context-specific protein interaction analyses by increased coverage, enhanced annotation and enrichment analysis."
37123454,2023-04-17,"Institute of Molecular Life Sciences, University of Zurich, Winterthurerstrasse 190, Zurich, 8057, Switzerland.","Karakulak T, Szklarczyk D, Saylan CC, Moch H, von Mering C, Kahraman A",,Krebsliga Zürich,4,CanIsoNet: a database to study the functional impact of isoform switching events in diseases.
39005953,2024-07-12,"Université Clermont Auvergne, CNRS, LAPSCO, F-63001 Clermont-Ferrand, France.","Lakhzoum D, Izaute M, Ferrand L, Zeelenberg R, Pecher D",,,0,NewAbstractConcepts: A Database of 42 Normed Abstract Concepts and Exemplars.
35274687,2022-04-01,"SIB Text Mining Group, Swiss Institute of Bioinformatics, 1206 Geneva, Switzerland.","Pasche E, Mottaz A, Caucheteur D, Gobeill J, Michel PA, Ruch P",,"BioMedIT infrastructure, Swiss Personalized Health Network, SIBiLS",5,Variomes: a high recall search engine to support the curation of genomic variants.
34986600,2022-01-01,"Institute of Computing Science, Poznan University of Technology, 60-965 Poznan, Poland.","Zok T, Kraszewska N, Miskiewicz J, Pielacinska P, Zurkowski M, Szachniuk M",2019/35/B/ST6/03074,"National Science Center, Poland, Poznan University of Technology, Institute of Bioorganic Chemistry, PAS",28,ONQUADRO: a database of experimentally determined quadruplex structures.
37467208,2023-07-19,"Center for Bioinformatics, Department of Informatics, University of Oslo, Oslo, Norway.","Kalyanasundaram S, Lefol Y, Gundersen S, Rognes T, Alsøe L, Nilsen HL, Hovig E, Sandve GK, Domanska D",,,1,hGSuite HyperBrowser: A web-based toolkit for hierarchical metadata-informed analysis of genomic tracks.
35508507,2022-05-04,"Department of Knowledge Technologies, Jožef Stefan Institute, Ljubljana, Slovenia.","Kostovska A, Bogatinovski J, Džeroski S, Kocev D, Panov P",,,0,A catalogue with semantic annotations makes multilabel datasets FAIR.
36713195,2023-01-12,"Department of Biophysics, University of Delhi South Campus, New Delhi, India.","Pandey D, Singhal N, Kumar M",,,2,"β-LacFamPred: An online tool for prediction and classification of β-lactamase class, subclass, and family."
36894999,2023-03-09,"Computational Medicine Platform, Andalusian Public Foundation Progress and Health-FPS, 41013, Seville, Spain.","López-López D, Roldán G, Fernández-Rueda JL, Bostelmann G, Carmona R, Aquino V, Perez-Florido J, Ortuño F, Pita G, Núñez-Torres R, González-Neira A, Peña-Chilet M, Dopazo J","IMP/00019, PI20/01305, PID2020-117979RB-I00, IMP/00009","Instituto de Salud Carlos III, Instituto de Salud Carlos III, Ministerio de Ciencia e Innovación, Instituto de Salud Carlos III",3,A crowdsourcing database for the copy-number variation of the Spanish population.
39416656,2024-10-08,"Southern Cross University, Military Road, Lismore New South Wales 2480, Australia.","Mansueto L, McNally KL, Kretzschmar T, Mauleon R",LP210200606,"Southern Cross University, Australian Research Council",1,CannSeek? Yes we Can! An open-source single nucleotide polymorphism database and analysis portal for <i>Cannabis sativa</i>.
35156780,2022-02-01,"Donnelly Centre, University of Toronto, Toronto, ON, Canada.","Lim SH, Snider J, Birimberg-Schwartz L, Ip W, Serralha JC, Botelho HM, Lopes-Pacheco M, Pinto MC, Moutaoufik MT, Zilocchi M, Laselva O, Esmaeili M, Kotlyar M, Lyakisheva A, Tang P, López Vázquez L, Akula I, Aboualizadeh F, Wong V, Grozavu I, Opacak-Bernardi T, Yao Z, Mendoza M, Babu M, Jurisica I, Gonska T, Bear CE, Amaral MD, Stagljar I","420989, FDN-154318, CLL‐018879, 225404, 703889, MSH-130178, 203475, FDN‐154318, 30865","Canadian Institutes for Health Research, CIHR, Genentech, Canada Foundation for Innovation, Canadian Cancer Society Research Institute, CIHR, Natural Sciences and Engineering Research Council of Canada, Canadian Institutes of Health Research, Canada Foundation for Innovation",16,CFTR interactome mapping using the mammalian membrane two-hybrid high-throughput screening system.
40268234,2025-04-21,"Interuniversity Institute of Bioinformatics in Brussels, ULB-VUB, Brussels, Belgium; Structural Biology Brussels, Vrije Universiteit Brussel, Brussels, Belgium; AI Lab, Vrije Universiteit Brussel, Brussels, Belgium.","Crauwels C, Díaz A, Vranken W","I000323N, G032816N","Research Foundation Flanders, Vlaamse regering, Vlaams Supercomputer Centrum, Research Foundation Flanders",0,GPCRchimeraDB: A Database of Chimeric G Protein-Coupled Receptors (GPCRs) to Assist Their Design.
38701592,2024-04-30,"School of Pharmaceutical Sciences, Chongqing University, Chongqing, 401331, China.","Luo D, Tong Z, Wen L, Bai M, Jin X, Liu Z, Li Y, Xue W",,,1,DTNPD: A comprehensive database of drugs and targets for neurological and psychiatric disorders.
38522645,2024-03-24,"Department of Biochemistry & Biophysics, University of Rochester Medical Center, Rochester, NY 14642, USA; Center for RNA Biology, University of Rochester Medical Center, Rochester, NY 14642, USA.","Mittal A, Turner DH, Mathews DH","R35 GM145283, NIH R35 GM145283","NIGMS NIH HHS, National Institute of General Medical Sciences, National Institutes of Health",13,NNDB: An Expanded Database of Nearest Neighbor Parameters for Predicting Stability of Nucleic Acid Secondary Structures.
39240327,2024-09-01,"Interuniversity Institute of Bioinformatics in Brussels, ULB-VUB, La Plaine Campus, Triomflaan, C building, 6th floor, CP 263, 1050, Brussels, Belgium.","Gavalda-Garcia J, Díaz A, Vranken W","813239, G.0328.16N, CA21160, I000323N","Marie Skłodowska-Curie, International Research Infrastructure, COST, European Union's Horizon 2020 Research and Innovation Program, European Union’s Horizon 2020 Research and Innovation Program, COST Action ML4NGP, European Cooperation in Science and Technology, Research Foundation Flanders, International Research Infrastructure",0,bio2Byte Tools deployment as a Python package and Galaxy tool to predict protein biophysical properties.
39838450,2025-01-21,"Bioinformatics Division, Walter and Eliza Hall Institute of Medical Research, Parkville, Australia. alan.rubin@wehi.edu.au.","Rubin AF, Stone J, Bianchi AH, Capodanno BJ, Da EY, Dias M, Esposito D, Frazer J, Fu Y, Grindstaff SB, Harrington MR, Li I, McEwen AE, Min JK, Moore N, Moscatelli OG, Ong J, Polunina PV, Rollins JE, Rollins NJ, Snyder AE, Tam A, Wakefield MJ, Ye SS, Starita LM, Bryant VL, Marks DS, Fowler DM","R01 HG013025, RM1 HG010461, DP2 HD088158","NHGRI NIH HHS, NHGRI NIH HHS, NICHD NIH HHS",35,MaveDB 2024: a curated community database with over seven million variant effects from multiplexed functional assays.
37651464,2023-09-01,"Department of Biological Sciences, University of California, San Diego, San Diego, CA 92093, United States.","Smith K, Ye C, Turakhia Y","BAA 200-2021-11554, BAA 200-2021-11554","CDC HHS, Centers for Disease Control and Prevention",11,Tracking and curating putative SARS-CoV-2 recombinants with RIVET.
39362876,2024-10-03,"Department of Genetics and Genomic Sciences, Icahn Genomics Institute, Icahn School of Medicine at Mount Sinai, New York, NY, 10029, USA.","Sekar JAP, Li YC, Schlessinger A, Pandey G","U01 CA271318, U01CA271318","NCI NIH HHS, U.S. Department of Health & Human Services | National Institutes of Health (NIH)",2,A web portal for exploring kinase-substrate interactions.
36688700,2023-02-01,"Department of Biomedical Informatics, Harvard Medical School.","L'Yi S, Keller MS, Dandawate A, Taing L, Chen CH, Brown M, Meyer CA, Gehlenborg N","U24 CA237617, T32 HG002295, U24CA237617","NCI NIH HHS, NHGRI NIH HHS, National Institutes of Health",4,Cistrome Explorer: an interactive visual analysis tool for large-scale epigenomic data.
39526380,2025-01-01,"Key Laboratory for Bio-Electromagnetic Environment and Advanced Medical Theranostics, School of Biomedical Engineering and Informatics, Nanjing Medical University,101 Longmian Ave, Nanjing, Jiangsu 211166, China.","Cao C, Shao M, Wang J, Li Z, Chen H, You T, Li MJ, Ding Y, Zou Q",62471240,National Natural Science Foundation of China,4,webTWAS 2.0: update platform for identifying complex disease susceptibility genes through transcriptome-wide association study.
35662469,2022-04-26,"Department of Computer Science, Lakehead University, Thunder Bay, ON, Canada.","Helmy M, Mee M, Ranjan A, Hao T, Vidal M, Calderwood MA, Luck K, Bader GD",,NIH,9,"OpenPIP: An Open-source Platform for Hosting, Visualizing and Analyzing Protein Interaction Data."
37953365,2024-01-01,"Department of Genetics, University of Pennsylvania, Philadelphia, PA 19104, USA.","Quesnel-Vallières M, Jewell S, Lynch KW, Thomas-Tikhonenko A, Barash Y","990633, CA232563, U01 CA232563, CA232563, LM013437, R01 LM013437, R35 GM118048","Cancer Research Society, NIH HHS, NCI NIH HHS, National Institutes of Health, National Institutes of Health, NLM NIH HHS, NIGMS NIH HHS",16,MAJIQlopedia: an encyclopedia of RNA splicing variations in human tissues and cancer.
34320637,2022-01-01,"Centre for Molecular Medicine Norway (NCMM), University of Oslo, 0349 Oslo, Norway.","Osorio D, Kuijjer ML, Cai JJ","801133, 187615","Marie Sklodowska-Curie, European Union’s Horizon 2020, European Union's Horizon 2020, University of Oslo through the Centre for Molecular Medicine Norway (NCMM, Norwegian Research Council",10,rPanglaoDB: an R package to download and merge labeled single-cell RNA-seq data from the PanglaoDB database.
PMC9576473,2022-09-01,,"Choi B, Choi S, Kim N, Choi I",,,0,NBLAST: a graphical user interface-based two-way BLAST software with a dot plot viewer
36239113,2022-09-30,"Department of Botany, School of Applied Sciences, Centurion University of Technology and Management, Bhubaneswar 752050, India.","Mohanty JN, Sahoo S, Mishra P",NRF2020R1I1A3052662,National Research Foundation of Korea,4,NBLAST: a graphical user interface-based two-way BLAST software with a dot plot viewer.
36399502,2023-01-01,"DOE Joint Genome Institute, Lawrence Berkeley National Laboratory, Berkeley, CA 94720, USA.","Camargo AP, Nayfach S, Chen IA, Palaniappan K, Ratner A, Chu K, Ritter SJ, Reddy TBK, Mukherjee S, Schulz F, Call L, Neches RY, Woyke T, Ivanova NN, Eloe-Fadrosh EA, Kyrpides NC, Roux S",DE-AC02-05CH11231,"Office of Science of the U.S. Department of Energy, U.S. Department of Energy Joint Genome Institute",257,"IMG/VR v4: an expanded database of uncultivated virus genomes within a framework of extensive functional, taxonomic, and ecological metadata."
34643729,2022-01-01,"The Province and Ministry Co-sponsored Collaborative Innovation Center for Medical Epigenetics, Tianjin Key Laboratory of Inflammation Biology, Tianjin Key Laboratory of Medical Epigenetics, Department of Pharmacology, School of Basic Medical Sciences, Tianjin Medical University, Tianjin 300070, China.","Yang X, Tong Y, Liu G, Yuan J, Yang Y",32100534,"National Natural Science Foundation of China, Tianjin Medical University",10,scAPAatlas: an atlas of alternative polyadenylation across cell types in human and mouse.
40037544,2024-11-01,"Shanxi Key Lab for Modernization of TCVM, College of Basic Sciences, Shanxi Agricultural University, 1 Mingxian South Road, Taigu District, Jinzhong, 030801, China.","Wang A, Peng H, Wang Y, Zhang H, Cheng C, Zhao J, Zhang W, Chen J, Li P","20210302124129, 82274363, 2023KY322, 2022YQPYGC09","Fundamental Research Program of Shanxi Province, National Natural Science Fund of China, Postgraduate Research Innovation Project of Shanxi Province, Distinguished and Excellent Young Scholars Cultivation Project of Shanxi Agricultural University",5,NP-TCMtarget: a network pharmacology platform for exploring mechanisms of action of traditional Chinese medicine.
36266726,2022-10-20,"Frontiers Science Center for Disease-Related Molecular Network, Precision Medicine Research Center, West China Hospital, Department of Respiratory and Critical Care Medicine, Sichuan University, Chengdu, Sichuan, China.","Chen Y, Wang G, Li J, Xia L, Zhu L, Li W, Luo Q, Liao Y, Lin Y, Bi L, Chen H, Chu J, Li Y, Su J, Ye L, Jiang JJ, Liang H, Li W, An S",82160389,"National Natural Science Foundation of China, Guangxi Medical University Training Program for Distinguished Young Scholars",6,CASA: a comprehensive database resource for the COVID-19 Alternative Splicing Atlas.
36094905,2022-09-01,"Zhejiang Provincial Key Laboratory of Crop Genetic Resources, Institute of Crop Science, Plant Precision Breeding Academy, College of Agriculture and Biotechnology, Zhejiang University, Hangzhou, Zhejiang 310058, China.","Dai F, Chen J, Zhang Z, Liu F, Li J, Zhao T, Hu Y, Zhang T, Fang L","2019R01002, 226-2022-00153, 32172008","the Leading Innovative and Entrepreneur Team Introduction Program of Zhejiang, the Distinguished Discipline Support Program of Zhejiang University, National Natural Science Foundation of China",13,COTTONOMICS: a comprehensive cotton multi-omics database.
34850121,2022-01-01,"European Molecular Biology Laboratory, European Bioinformatics Institute, EMBL-EBI, Wellcome Genome Campus, Hinxton, UK.","Moreno P, Fexova S, George N, Manning JR, Miao Z, Mohammed S, Muñoz-Pomer A, Fullgrabe A, Bi Y, Bush N, Iqbal H, Kumbham U, Solovyev A, Zhao L, Prakash A, García-Seisdedos D, Kundu DJ, Wang S, Walzer M, Clarke L, Osumi-Sutherland D, Tello-Ruiz MK, Kumari S, Ware D, Eliasova J, Arends MJ, Nawijn MC, Meyer K, Burdett T, Marioni J, Teichmann S, Vizcaíno JA, Brazma A, Papatheodorou I","BB/T019670/1, 208391/Z/17/Z, IOS #1127112, BB/P024599/1, 108437/Z/15/Z, 221401/Z/20/Z, 221401/Z/20/Z , BB/T014563/1, 874656, OTAR2-043","Biotechnology and Biological Sciences Research Council, Wellcome Trust, National Science Foundation, Biotechnology and Biological Sciences Research Council, Wellcome Trust, Wellcome Trust, Wellcome Trust, Biotechnology and Biological Sciences Research Council, European Union&apos;s H2020 Research and Innovation Program, European Molecular Biology Laboratory, Wellcome Trust, Open Targets, Chan Zuckerberg Initiative",144,Expression Atlas update: gene and protein expression in multiple species.
36069936,2022-09-01,"Vegetable Crop Research Unit, USDA-ARS, Moore Hall, 1575 Linden Drive, Madison, WI 53706-1514, USA.","Rolling WR, Senalik D, Iorizzo M, Ellison S, Van Deynze A, Simon PW",2016-51181-25400,National Institute of Food and Agriculture,8,CarrotOmics: a genetics and comparative genomics database for carrot (Daucus carota).
39192052,2024-08-27,"Department of Medical Research Center, Sun Yat-Sen Memorial Hospital, Sun Yat-Sen University, 107 Yan Jiang West Road, Guangzhou, 500001, People's Republic of China.","Huang B, Fan C, Chen K, Rao J, Ou P, Tian C, Yang Y, Cooper DN, Zhao H, Zhao H","2021A1515010256, 81971190, 202007030010, 2023YFF1204900","Guangdong Key Field Research and Development Plan, Natural Science Foundation of China, Guangzhou Science and Technology Research Plan, National Key Research and Development Program of China",0,VCAT: an integrated variant function annotation tools.
37925911,2023-11-01,"School of Healthcare Technology, Chengdu Neusoft University, Chengdu, 611844, China; Innovative Institute of Chinese Medicine and Pharmacy, Academy for Interdiscipline, Chengdu University of Traditional Chinese Medicine, Chengdu, 611137, China.","Ren L, Ning L, Yang Y, Yang T, Li X, Tan S, Ge P, Li S, Luo N, Tao P, Zhang Y","2022NSFSC1610, 2023NSFSC0569, 2023M730507, 62202069, 2023NSFSC0678","Natural Science Foundation of Sichuan Province, Natural Science Foundation of Sichuan Province, China Postdoctoral Science Foundation, National Natural Science Foundation of China, Natural Science Foundation of Sichuan Province",12,MetaboliteCOVID: A manually curated database of metabolite markers for COVID-19.
39380489,2025-01-01,"Bioinformation and DDBJ Center, National Institute of Genetics, 1111 Yata, Mishima, Shizuoka 411-8540, Japan.","Kodama Y, Ara T, Fukuda A, Tokimatsu T, Mashima J, Kosuge T, Tanizawa Y, Tanjo T, Ogasawara O, Fujisawa T, Nakamura Y, Arita M","20gm1010006h0004, JPMJCR1501","Ministry of Education, Culture, Sports, Science and Technology, Japan Science and Technology Agency, Japan Agency for Medical Research and Development, Core Research for Evolutional Science and Technology, New Energy and Industrial Technology Development Organization",3,DDBJ update in 2024: the DDBJ Group Cloud service for sharing pre-publication data.
40272360,2025-04-01,"Institute for Personalized Medicine, Department of Biochemistry and Molecular Biology, The Pennsylvania State University College of Medicine, Hershey, PA 17033, United States.","Provatas K, Chantzi N, Amptazi N, Patsakis M, Nayak A, Mouratidis I, Zaravinos A, Pavlopoulos GA, Georgakopoulos-Soares I","16718-PRPFOR, R35GM155468, TAEDR-0539180, R35 GM155468, R35GM155468","Hellenic Foundation for Research and Innovation, NIH HHS, Fondation Sante, National Institute of General Medical Sciences, Greece 2.0, National Recovery and Resilience Plan, NIGMS NIH HHS, Onassis Foundation, National Institutes of Health",0,invertiaDB: a database of inverted repeats across organismal genomes.
37933860,2024-01-01,"Center for Genomic Medicine, Rigshospitalet Copenhagen University Hospital, Copenhagen DK-2200, Denmark.","Gíslason MH, Demircan GS, Prachar M, Furtwängler B, Schwaller J, Schoof EM, Porse BT, Rapin N, Bagger FO","NNF21OC0071016, 2067-00053B, NNF19SA0035442, NNF21OC0071016, R413-2022-869","Novo Nordisk Foundation, Independent Research Fund Denmark, Novo Nordisk Foundation, Novo Nordisk Fonden, Lundbeck Foundation",37,BloodSpot 3.0: a database of gene and protein expression data in normal and malignant haematopoiesis.
36005855,2022-10-01,"Biomarkers and Precision Medicine Unit, Health Research Institute-Hospital La Fe, Valencia 46026, Spain.","Alcoriza-Balaguer MI, García-Cañaveras JC, Ripoll-Esteve FJ, Roca M, Lahoz A",FI18/00224,Carlos III Health Institute of the Spanish Ministry of Economy and Competitiveness,8,LipidMS 3.0: an R-package and a web-based tool for LC-MS/MS data processing and lipid annotation.
35933489,2022-08-04,"School of Chemical Engineering and Technology, Tianjin University, Tianjin, 300072, China.","Wu S, Yang S, Wang M, Song N, Feng J, Wu H, Yang A, Liu C, Li Y, Guo F, Qiao J",,,12,"Quorum sensing-based interactions among drugs, microbes, and diseases."
39028752,2024-07-01,"Division of Biostatistics, Department of Public Health Sciences, University of Miami, Miller School of Medicine, 1120 NW 14th Street, Miami, FL 33136, USA.","Lukacsovich D, O'Shea D, Huang H, Zhang W, Young J, Chen XS, Dietrich ST, Kunkle B, Martin E, Wang L","1R61NS135587, RF1AG061127, R61 NS135587, R01AG061127 R01AG062634 RF1NS128145, R61NS135587, K12 TR004555, R01AG061127 R01AG062634 RF1NS128145, R61NS135587, R01 AG062634, RF1 NS128145","NIH HHS, NIH HHS, NINDS NIH HHS, National Institutes of Health, National Institute of Neurological Disorders and Stroke, NCATS NIH HHS, NIH HHS, NINDS NIH HHS, NIA NIH HHS, NINDS NIH HHS",8,"MIAMI-AD (Methylation in Aging and Methylation in AD): an integrative knowledgebase that facilitates explorations of DNA methylation across sex, aging, and Alzheimer's disease."
37791884,2024-01-01,"Department of Microbiology and Translational Data Analytics Institute, The Ohio State University, Columbus, OH 43210, USA.","Gumerov VM, Ulrich LE, Zhulin IB","R35GM131760, R35 GM131760, R35GM131760","NIH HHS, NIGMS NIH HHS, National Institutes of Health",38,"MiST 4.0: a new release of the microbial signal transduction database, now with a metagenomic component."
37207327,2023-07-01,"University of Paris Cité, INSERM UMR 1137 IAME, F-75018Paris, France.","Gschwind R, Ugarcina Perovic S, Weiss M, Petitjean M, Lao J, Coelho LP, Ruppé E","109304-001, ANR-19-JAMR-0004","International Development Research Centre, Agence Nationale de la Recherche",33,ResFinderFG v2.0: a database of antibiotic resistance genes obtained by functional metagenomics.
39565202,2025-01-01,"European Molecular Biology Laboratory, European Bioinformatics Institute (EMBL-EBI), Wellcome Genome Campus, Hinxton CB10 1SD, UK.","Blum M, Andreeva A, Florentino LC, Chuguransky SR, Grego T, Hobbs E, Pinto BL, Orr A, Paysan-Lafosse T, Ponamareva I, Salazar GA, Bordin N, Bork P, Bridge A, Colwell L, Gough J, Haft DH, Letunic I, Llinares-López F, Marchler-Bauer A, Meng-Papaxanthos L, Mi H, Natale DA, Orengo CA, Pandurangan AP, Piovesan D, Rivoire C, Sigrist CJA, Thanki N, Thibaud-Nissen F, Thomas PD, Tosatto SCE, Wu CH, Bateman A","BB/X012492/1, U24 HG012212, 221 320/Z/20/Z, IR0000010, BB/X018660/1, BB/S020381/1","Biotechnology and Biological Sciences Research Council, NHGRI NIH HHS, Wellcome Trust, European Molecular Biology Laboratory, National Center for Biotechnology, NIH HHS, Italiadomani-PNRR, National Library of Medicine, Biotechnology and Biological Sciences Research Council, NLM NIH HHS, National Institutes of Health, Wellcome Trust, Biotechnology and Biological Sciences Research Council",285,InterPro: the protein sequence classification resource in 2025.
38966006,2024-06-02,"Department of Organic Chemistry, Center for Research in Biological Chemistry and Molecular Materials, University of Santiago de Compostela, CIQUS, Spain.","Cabezón A, Suárez-Lestón F, Granja JR, Piñeiro Á, Garcia-Fandino R","ED431C 2021/21, PDC2022-133402-I00, ED431F 2020/05, ED431B 2022/36, IN606D_2022_2667887, PID2022-141534OB-I00, CNS2023-144353, ED481A 2022/426, 2023-2027, ED431G 2023/03, PID2019-111373RB-I00","Xunta de Galicia, European Regional Development Fund, Agencia Estatal de Investigación, Xunta de Galicia, Xunta de Galicia, Xunta de Galicia, European Regional Development Fund, European Regional Development Fund, Centro Singular de Investigación de Galicia, Centro Singular de Investigación de Galicia, Centro Singular de Investigación de Galicia, European Regional Development Fund",1,CYCLOPEp Builder: Facilitating cyclic peptide and nanotube research through a user-friendly web platform.
37962376,2024-01-01,"Centre for Molecular Medicine Norway (NCMM), Nordic EMBL Partnership, University of Oslo, 0318 Oslo, Norway.","Rauluseviciute I, Riudavets-Puig R, Blanc-Mathieu R, Castro-Mondragon JA, Ferenc K, Kumar V, Lemma RB, Lucas J, Chèneby J, Baranasic D, Khan A, Fornes O, Gundersen S, Johansen M, Hovig E, Lenhard B, Sandelin A, Wasserman WW, Parcy F, Mathelier A","197 884, 288 404, 187 615, MC_UP_1102/1, 245 890, NNF20OC0059951, PJT-16120, NNF20OC0059951, R325-A18868, 106954/Z/15/Z, 322 392, ANR-17-EURE-0003, PJT-16120, RGPIN-2017-06824","Norwegian Cancer Society, Research Council of Norway, Helse Sør-Øst, Research Council of Norway, Medical Research Council, Norwegian Cancer Society, Novo Nordisk Foundation, CIHR, Novo Nordisk Fonden, Danish Cancer Society, Wellcome Trust, Research Council of Norway, Norges Forskningsråd, Centre for Molecular Medicine Norway, CBH-EUR-GS, Canadian Institutes of Health Research, Natural Sciences and Engineering Research Council of Canada, University Grenoble Alpes graduate school",573,JASPAR 2024: 20th anniversary of the open-access database of transcription factor binding profiles.
37623730,2023-08-15,"Bioinformatics Knowledge Center (BiKC), Campus Brugge Station, Howest University of Applied Sciences, Rijselstraat 5, 8200 Bruges, Belgium.","Hermans C, De Mol ML, Mispelaere M, De Rop AS, Rombaut J, Nusayr T, Creamer R, De Maeseneire SL, Soetaert WK, Hulpiau P","MetaTec, S001422N, S001422N, MetaTec","Praktijkgericht Wetenschappelijk Onderzoek (PWO), Research Foundation - Flanders, Research Foundation—Flanders, Howest University College and the Flemish Government",2,"MariClus: Your One-Stop Platform for Information on Marine Natural Products, Their Gene Clusters and Producing Organisms."
36399488,2023-01-01,"Department of Computer Science, City University of Hong Kong, Hong Kong, China.","Wang X, Chen L, Liu W, Zhang Y, Liu D, Zhou C, Shi S, Dong J, Lai Z, Zhao B, Zhang W, Cheng H, Li S","CityU SIRG 7020005, JCYJ20200109143216036, 9229013","SIRG, The Science Technology and Innovation Committee of Shenzhen Municipality, CityU/UGC Research Matching Grant Scheme",24,TIMEDB: tumor immune micro-environment cell composition database with automatic analysis and interactive visualization.
36318258,2023-01-01,"Key Laboratory of Spine and Spinal Cord Injury Repair and Regeneration of Ministry of Education, Department of Orthopedics, Tongji Hospital, School of Life Science and Technology, Tongji University, Tongji, 200092, China.","Shi X, Yu Z, Ren P, Dong X, Ding X, Song J, Zhang J, Li T, Wang C","2021QNRC001, 2022NSFSC0054, 21ZR1467600, 81972551, 32170660, 32222026, 21QA1408200","CAST, Natural Science Foundation of Sichuan Province, Natural Science Foundation of Shanghai, National Natural Science Foundation of China, National Natural Science Foundation of China, National Natural Science Foundation of China, Shanghai Rising Star Program",13,HUSCH: an integrated single-cell transcriptome atlas for human tissue gene expression visualization and analyses.
37530436,2023-08-02,"Division of Basic Sciences, School of Medicine, University of Crete, Heraklion, Crete, Greece.","Chatzichristofi A, Sagris V, Pallaris A, Eftychiou M, Kalvari I, Price N, Theodosiou T, Iliopoulos I, Nezis IP, Promponas VJ","idLIR, EXCELLENCE/0421/0576","University of Cyprus, European Regional Development Fund and the Republic of Cyprus through the Cyprus Research and Innovation Foundation",14,LIRcentral: a manually curated online database of experimentally validated functional LIR motifs.
40996703,2025-01-01,"Tri-Institutional Computational Biology and Medicine Program, Weill Cornell Medicine, 445 East 69th Street, Room 205, New York, NY 10021, United States.","Sierra MA, Ryon K, Arikatla MR, Elshafey R, Bhaskar H, Proszynski J, Bhattacharya C, Shaaban H, Danko DC, Ambrose P, Spaulding SA, Zambrano MM, Consortium TMD, Mason CE","R01AI151059, U54AG089334, 80NSSC24K1052, U01DA053941, 80NSSC24K0728","NIH HHS, NIH HHS, NASA, NIH HHS, WorldQuant Foundation, NASA",0,The Microbe Directory: a centralized database for biological interpretation of microbiome data.
36289281,2022-10-26,"Biocomputing Group, Department of Pharmacy and Biotechnology, University of Bologna, Bologna, Italy.","Savojardo C, Baldazzi D, Babbi G, Martelli PL, Casadio R",PRIN2017 grant (project 2017483NH8_002),"Ministero dell’Istruzione, dell’Università e della Ricerca,Italy",4,Mapping human disease-associated enzymes into Reactome allows characterization of disease groups and their interactions.
36209954,2022-10-06,"Institute of Drug Metabolism and Pharmaceutical Analysis and Zhejiang Provincial Key Laboratory of Anti-Cancer Drug Research, College of Pharmaceutical Sciences, Zhejiang University, Hangzhou 310058, China.","Wu J, Chen W, Zhou Y, Chi Y, Hua X, Wu J, Gu X, Chen S, Zhou Z","31971371, U20A20409, 2020C03010, LHDMZ22H300002","National Natural Science Foundation of China, National Natural Science Foundation of China, Key R&amp;D Program of Zhejiang Province, China, Zhejiang Provincial Natural Science Foundation of China",17,TSNAdb v2.0: The Updated Version of Tumor-specific Neoantigen Database.
27527343,2016-08-15,"State Key Laboratory of Crop Stress Biology in Arid Areas, College of Agronomy and Yangling Branch of China Wheat Improvement Center, Northwest A&F University, Yangling, 712100, Shaanxi, China.","Cui L, Feng K, Wang M, Wang M, Deng P, Song W, Nie X",31401373,National Natural Science Foundation of China,38,"Genome-wide identification, phylogeny and expression analysis of AP2/ERF transcription factors family in Brachypodium distachyon."
40133788,2025-03-13,"Cheminformatics Laboratory, Department of Chemistry, Center for Exact and Natural Sciences (CCEN), Federal University of Paraiba (UFPB), Campus I Lot. Cidade Universitaria, Castelo Branco, João Pessoa, Paraiba, Brazil; Postgraduate Program in Natural and Synthetic Bioactive Products (PgPNSB), Federal University of Paraiba (UFPB), Campus I Lot. Cidade Universitaria, Castelo Branco, João Pessoa, Paraiba, Brazil. Electronic address: luisfelipe.melo@hotmail.com.","de Morais Melo LF, de Oliveira Filho LP, Ferreira UA, Pessoa Alves EH, Oliveira Costa RP, Scotti L, Scotti MT",302469/2022-2,"Coordenação de Aperfeiçoamento de Pessoal de Nível Superior, National Council for Scientific and Technological Development",1,AmIActive (AIA): A Large-scale QSAR Based Target Fishing and Polypharmacology Predictive Web Tool.
37871298,2023-10-23,"Institute of Biomedical Chemistry (IBMC), 10 Bldg. 8, Pogodinskaya Str., Moscow, 119121, Russia.","Kolodnitsky AS, Ionov NS, Rudik AV, Filimonov DA, Poroikov VV",19-15-00396,Russian Science Foundation,5,HGMMX: Host Gut Microbiota Metabolism Xenobiotics Database.
39119895,2025-01-01,"Integrative Science Center of Germplasm Creation in Western China (CHONGQING) Science City, College of Agronomy and Biotechnology, Southwest University, Beibei, Chongqing 400715, China.","Li X, Meng B, Zhang Z, Wei L, Chang W, Wang Y, Zhang K, Li T, Lu K","32272111, SWU-XDJH202322, CSTB2024NSCQ-LZX0040, 2022YFD1200400, COMAITS202304, SWU-XJPY202306","National Natural Science Foundation of China, Fundamental Research Funds for the Central Universities, Chongqing Natural Science Foundation, National Key Research and Development Program of China, Chongqing Modern Agricultural Industry Technology System, Special fund for youth team of the Southwest Universities, Germplasm Creation Special Program of Southwest University",4,qPrimerDB 2.0: an updated comprehensive gene-specific qPCR primer database for 1172 organisms.
37086947,2023-04-21,"The Key Laboratory of Mammalian Reproductive Biology and Biotechnology of the Ministry of Education, College of Life Sciences, Inner Mongolia University, Hohhot 010021, China.","Li J, He X, Gao S, Liang Y, Qi Z, Xi Q, Zuo Y, Xing Y",,,16,The Metal-binding Protein Atlas (MbPA): An Integrated Database for Curating Metalloproteins in All Aspects.
37478350,2023-08-01,"Bioinformatics and Software Engineering, AtlasXomics Inc, New Haven, CT 06519, United States.","Barnett J, Sotudeh N, Rao P, Silverman J, Jafar T, Wang L","1R43HG012526-01, R43 HG012526","NIH SBIR, NHGRI NIH HHS",3,AtlasXplore: a web platform for visualizing and sharing spatial epigenome data.
39351893,2025-01-01,"Basic Medicine Research and Innovation Center for Novel Target and Therapeutic Intervention, Ministry of Education, College of Pharmacy, and Precision Medicine Center, the Second Affiliated Hospital, Chongqing Medical University, Chongqing 400016, China.","Zheng X, Tian Z, Che X, Zhang X, Xiang Y, Ge Z, Zhai Z, Ma Q, Pan J","32470699, CSTB2023NSCQ-MSX0289, CXQT21016","National Natural Science Foundation of China, Natural Science Foundation of Chongqing, Chongqing Medical University, University Innovation Research Group Project of Chongqing",11,"DMRdb: a disease-centric Mendelian randomization database for systematically assessing causal relationships of diseases with genes, proteins, CpG sites, metabolites and other diseases."
35382564,2022-03-01,,"Roncaglioni A, Lombardo A, Benfenati E","LIFE16/ENV/IT/000167, LIFE17/GIE/IT/000461","European Commission, European Commission",27,The VEGAHUB Platform: The Philosophy and the Tools.
34415321,2022-01-01,"Division of Healthcare Quality Promotion, Centers for Disease Control and Prevention, Atlanta, GA 30329, USA.","Stanton RA, Vlachos N, Halpin AL",,,18,"GAMMA: a tool for the rapid identification, classification and annotation of translated gene matches from sequencing data."
38803273,2024-05-01,"Key Laboratory of Prevention and Control for Aquatic Invasive Alien Species, Ministry of Agriculture and Rural Affairs, Guangdong Modern Recreational Fisheries Engineering Technology Center, Pearl River Fisheries Research Institute, Chinese Academy of Fishery Sciences, No.1 Xingyu Road, Xilang, Liwan District, Guangzhou 510380, China.","Wang Y, Yang Y, Liu Y, Liu C, Xu M, Fang M, Mu X","FGRC18537, 2022SBH00001, 2023KJ134 2023KJ150, CAMC-2018F","National Freshwater Genetic Resource Center, Guangdong Rural Revitalization Strategy Special Provincial Organization, Modern Agriculture Industry Technology Innovation Team, China-ASEAN Maritime Cooperation Fund",3,CoSFISH: a comprehensive reference database of COI and 18S rRNA barcodes for fish.
36399499,2023-01-01,"Open Targets, Wellcome Genome Campus, Hinxton, Cambridgeshire CB10 1SD, UK.","Ochoa D, Hercules A, Carmona M, Suveges D, Baker J, Malangone C, Lopez I, Miranda A, Cruz-Castillo C, Fumis L, Bernal-Llinares M, Tsukanov K, Cornu H, Tsirigos K, Razuvayevskaya O, Buniello A, Schwartzentruber J, Karim M, Ariano B, Martinez Osorio RE, Ferrer J, Ge X, Machlitt-Northen S, Gonzalez-Uriarte A, Saha S, Tirunagari S, Mehta C, Roldán-Romero JM, Horswell S, Young S, Ghoussaini M, Hulcoop DG, Dunham I, McDonagh EM",206194,"Open Targets, Wellcome Trust",294,"The next-generation Open Targets Platform: reimagined, redesigned, rebuilt."
37130913,2023-05-02,"Duke-NUS Medical School, Programme in Emerging Infectious Diseases, 8 College Road, Singapore, 169857, Singapore.","Koh CWT, Ooi JSG, Ong EZ, Chan KR",MOH-000610,National Medical Research Council,6,STAGEs: A web-based tool that integrates data visualization and pathway enrichment analysis for gene expression studies.
36648443,2023-03-01,"Department of Obstetrics, Gynecology, and Reproductive Sciences, Glycobiology Research and Training Center, University of California, San Diego, CA 92093, USA.","Lewis AL, Toukach P, Bolton E, Chen X, Frank M, Lütteke T, Knirel Y, Schoenhofen I, Varki A, Vinogradov E, Woods RJ, Zachara N, Zhang J, Kamerling JP, Neelamegham S","R01 AI151371, R01 GM032373, P01 HL131474, R01 DK048247, R01 HL103411","NIAID NIH HHS, National Center for Biotechnology Information of the National Library of Medicine, NIGMS NIH HHS, National Institutes of Health, NHLBI NIH HHS, NIDDK NIH HHS, NHLBI NIH HHS, Russian Science Foundation",12,"Cataloging natural sialic acids and other nonulosonic acids (NulOs), and their representation using the Symbol Nomenclature for Glycans."
40281430,2025-04-25,"BioFrontiers Institute, University of Colorado Boulder, 3415 Colorado Ave., UCB 596, Boulder, 80309, CO, USA.","Sigauke RF, Sanford L, Maas ZL, Jones T, Stanley JT, Townsend HA, Allen MA, Dowell RD","R01 GM125871, HL156475., ABI1759949, R01 HL156475, GM125871","NIGMS NIH HHS, NIH HHS, National Science Foundation, NHLBI NIH HHS, NIH HHS",2,Atlas of nascent RNA transcripts reveals tissue-specific enhancer to gene linkages.
34791421,2022-01-01,"Technical University of Munich, Computational Mass Spectrometry, 85354 Freising, Bavaria, Germany.","Lautenbacher L, Samaras P, Muller J, Grafberger A, Shraideh M, Rank J, Fuchs ST, Schmidt TK, The M, Dallago C, Wittges H, Rost B, Krcmar H, Kuster B, Wilhelm M","031L0168, SFB924, SFB1321, SFB1309","BMBF, DFG, DFG, DFG",56,ProteomicsDB: toward a FAIR open-source resource for life-science research.
39866619,2025-01-08,"The Institute of Mathematical Sciences (IMSc), Chennai 600113, India.","Baskaran SP, Ravichandran J, Shree P, Thengumthottathil V, Karthikeyan BS, Samal A",,"Department of Atomic Energy, Government of India",0,UVREK: Development and Analysis of an Expression Profile Knowledgebase of Biomolecules Induced by Ultraviolet Radiation Exposure.
35536252,2022-07-01,"Department of Biological Sciences, University of Alberta, Edmonton, AB T6G 2E9, Canada.","Wishart DS, Tian S, Allen D, Oler E, Peters H, Lui VW, Gautam V, Djoumbou-Feunang Y, Greiner R, Metz TO","U2C ES030170, U2CES030170","NIEHS NIH HHS, Alberta Machine Intelligence Institute, Canadian Institutes of Health Research, National Institutes of Health, Natural Sciences and Engineering Research Council of Canada, National Institute of Environmental Health Sciences, Genome Canada",102,BioTransformer 3.0-a web server for accurately predicting metabolic transformation products.
36016718,2022-08-02,"School of Public Health, Xinxiang Medical University, Xinxiang, China.","Liu Z, Du J, Lin Z, Li Z, Liu B, Cui Z, Fang J, Xie L",,,0,DenovoProfiling: A webserver for <i>de novo</i> generated molecule library profiling.
35411390,2022-04-01,"Interuniversity Institute of Bioinformatics in Brussels, Université Libre de Bruxelles-Vrije Universiteit Brussel, Boulevard du Triomphe, CP 263, Brussels 1050, Belgium.","Nachtegael C, Gravel B, Dillen A, Smits G, Nowé A, Papadimitriou S, Lenaerts T","2010235 - ARIAC, ICITY-RDI.BRU project [27.002.53.01.4524], Infrastructure project [I002819N], Postdoctoral Researcher Fellowship [40005602], 40008622, Projet de Recherche [35276964], Genome4Brussels [2020 RDIR 55b]","Service Public de Wallonie Recherche, European Regional Development Fund, Fonds Wetenschappelijk Onderzoek, Fonds De La Recherche Scientifique - FNRS, Fonds pour la Formation à la Recherche dans l’Industrie et dans l’Agriculture, Fonds De La Recherche Scientifique - FNRS, Innoviris",23,Scaling up oligogenic diseases research with OLIDA: the Oligogenic Diseases Database.
36328151,2022-10-31,"State Key Laboratory of Tree Genetics and Breeding, Northeast Forestry University, Harbin 150040, China; College of Information and Computer Engineering, Northeast Forestry University, Harbin 150040, China.","Ding K, Sun S, Luo Y, Long C, Zhai J, Zhai Y, Wang G","2019A04, 2019A04, 62225109, 62001088, 2572022BD04, 2572022BD04, 62072095","Innovation Project of State Key Laboratory of Tree Genetics and Breeding, Northeast Forestry University, China, Northeast Forestry University, National Natural Science Foundation of China, National Natural Science Foundation of China, Fundamental Research Funds for the Central Universities, China, Fundamental Research Funds for the Central Universities, State Key Laboratory of Tree Genetics and Breeding, Chinese Academy of Forestry, National Natural Science Foundation of China",12,PlantCADB: A Comprehensive Plant Chromatin Accessibility Database.
35778384,2022-07-01,"Institut Pasteur, Université Paris Cité, Biodiversity and Epidemiology of Bacterial Pathogens, Paris, France.","Bridel S, Bouchez V, Brancotte B, Hauck S, Armatys N, Landier A, Mühle E, Guillot S, Toubiana J, Maiden MCJ, Jolley KA, Brisse S","ANR-10-LABX-62-IBEID, 218205, 218205/Z/19/Z","Agence Nationale de la Recherche, Wellcome Trust, Wellcome Trust",28,A comprehensive resource for Bordetella genomic epidemiology and biodiversity studies.
PMC11627200,2024-11-01,,,,,0,Abstracts from the 57th European Society of Human Genetics (ESHG) Conference: Hybrid Posters
PMC10772074,2024-01-01,,,,,0,Abstracts from the 56th European Society of Human Genetics (ESHG) Conference: Hybrid Posters
40343630,2025-05-09,"The Institute of Mathematical Sciences (IMSc), Chennai, 600113, India.","Baskaran SP, Ranganathan G, Sahoo AK, Kumar K, Amaresan J, Ramesh K, Vivek-Ananth RP, Samal A",Apex Project to IMSc Chennai,"Department of Atomic Energy, Government of India, Institute of Mathematical Sciences",0,sCentInDB: a database of essential oil chemical profiles of Indian medicinal plants.
40167918,2025-01-01,"Department of Psychiatry, University of Oxford, Oxford, UK.","Zhao H, Winchester L",,,0,High Throughput Proteomics Using the SomaLogic Platform.
38814806,2024-06-01,"Marine Earth and Atmospheric Sciences Department, North Carolina State University, Raleigh, NC 27695, United States.","Liguori-Bills N, Blinov ML","R24 GM137787, R24 GM137787, P41 EB023912, P41 EB023912","NIH, NIH HHS, NIBIB NIH HHS, NIH",0,bnglViz: online visualization of rule-based models.
39585730,2024-11-01,"Institute for Implementation Science in Population Health, City University of New York School of Public Health, New York, NY 10027, United States.","Khleborodova A, Gamboa-Tuz SD, Ramos M, Segata N, Waldron L, Oh S","R01CA230551, R01 CA230551","National Cancer Institute of the National Institutes of Health, NCI NIH HHS",12,"lefser: implementation of metagenomic biomarker discovery tool, LEfSe, in R."
39319601,2025-01-01,"State Key Laboratory of Ophthalmology, Zhongshan Ophthalmic Center, Sun Yat-sen University, Guangdong Provincial Key Laboratory of Ophthalmology and Visual Science, Guangzhou 510060, China.","Wang Y, Tang Y, Xie Z, Wang H","2024A1515010103, 2024A03J0158, 32270700","Guangdong Basic and Applied Basic Research Foundation, Guangzhou Science and Technology Program key projects, National Natural Science Foundation of China",4,RPFdb v3.0: an enhanced repository for ribosome profiling data and related content.
37291365,2023-06-08,"Department of Computational Biology, Indraprastha Institute of Information Technology, Okhla Phase 3, New Delhi, 110020, India.","Kaur D, Arora A, Patiyal S, Raghava GPS",BT/PR40158/BTIS/137/24/2021,"Department of Biotechnology, Ministry of Science and Technology, India",6,Hmrbase2: a comprehensive database of hormones and their receptors.
36736440,2023-02-02,"College of Life Science and Health, Wuhan University of Science and Technology, Wuhan 430065, China.","Yu D, Zhang C, Zhou Y, Yang H, Peng C, Zhang F, Liao X, Zhu Y, Deng W, Li B, Zhang S","62172312, BDSYS2021001","National Natural Science Foundation of China, Anhui Agricultural University",1,ncR2Met (lncR2metasta v2.0): An updated database for experimentally supported ncRNAs during cancer metastatic events.
37669275,2023-09-05,"Department of Neurosurgery and State Key Laboratory of Biotherapy and Cancer Center, West China Hospital, Sichuan University, Chengdu, Sichuan, China.","Zhang Y, Zhou R, Liu L, Chen L, Wang Y","82303975, 2022TQ0226, 2022YFA1105200, 82273117, 2023HXBH100","the National Natural Science Foundation of China, Postdoctoral Research Foundation of China, the National Key Research and Development Program of China, Stem Cell and Translational Research, the National Natural Science Foundation of China, Post-Doctor Research Project, West China Hospital, Sichuan University",13,Trackplot: A flexible toolkit for combinatorial analysis of genomic data.
38470883,2024-03-01,"Department of Biotechnology, Indian Institute of Technology Hyderabad, Kandi, Telangana 502284, India.","R K, Kumar A, Vinod Kumar K, Sengupta A, Kundal K, Sharma S, Pawar A, Krishna PS, Alfatah M, Ray S, Tiwari B, Kumar R",,,4,AagingBase: a comprehensive database of anti-aging peptides.
39470701,2025-01-01,"Department of Biomedical Sciences, University of Padova, Padua 35131, Italy.","Piovesan D, Del Conte A, Mehdiabadi M, Aspromonte MC, Blum M, Tesei G, von Bülow S, Lindorff-Larsen K, Tosatto SCE","CA21160, CN00000041, 101182949, IR0000010, 101160233, 2022W93FTW","COST Action ML4NGP, National Center for Gene Therapy and Drugs based on RNA Technology, ELIXIR, European Union, European Cooperation in Science and Technology, PNRR project ELIXIRxNextGenIT, NextGenerationEU, University of Padua, European Union, Italian Ministry of Education and Research through the NextGenerationEU fund PRIN 2022 project: PLANS",30,MOBIDB in 2025: integrating ensemble properties and function annotations for intrinsically disordered proteins.
35674373,2022-07-01,"Institute of Computing Science, Poznan University of Technology, 60-965 Poznan, Poland.","Adamczyk B, Antczak M, Szachniuk M",2019/35/B/ST6/03074,"Poznan University of Technology, National Science Centre, Institute of Bioorganic Chemistry PAS",45,RNAsolo: a repository of cleaned PDB-derived RNA 3D structures.
37819028,2024-01-01,"College of Pharmaceutical Sciences, The Second Affiliated Hospital, Zhejiang University School of Medicine, Zhejiang University, Hangzhou 310058, China.","Lian X, Zhang Y, Zhou Y, Sun X, Huang S, Dai H, Han L, Zhu F","2018QNA7023, 81872798, U1909208, 2020C03010, 2022YFC3400501, 22220102001, 181201*194232101, 2022YFC3400501, 82373790, LR21H300001, 2020C03010","Fundamental Research Funds for Central Universities, National Natural Science Foundation of China, National Natural Science Foundation of China, Key R&D Program of Zhejiang Province, National Key R&D Program of China, National Natural Science Foundation of China, Westlake Laboratory, The Double Top-Class Universities, National Key R&amp;D Program of China, National Natural Science Foundation of China, Natural Science Foundation of Zhejiang Province, Information Technology Center of Zhejiang University, Alibaba Cloud, Key R&amp;D Program of Zhejiang Province, 'Ten Thousand Plan' National High-Level Talents Special Support Plan of China, Alibaba-Zhejiang University Joint Research Center of Future Digital Healthcare, ‘Ten Thousand Plan’ National High-Level Talents Special Support Plan of China",13,SingPro: a knowledge base providing single-cell proteomic data.
36305824,2023-01-01,"Advanced Innovation Center for Human Brain Protection, and National Clinical Research Center for Geriatric Disorders, Xuanwu Hospital Capital Medical University, Beijing 100053, China.","Yan H, Wang R, Ma S, Huang D, Wang S, Ren J, Lu C, Chen X, Lu X, Zheng Z, Zhang W, Qu J, Zhou Y, Liu GH","11000022T000000461062, 2020YFA0112200, 2021-1045, 2021YFF1201005, 81861168034, 92149301, CAS-WX2022SDC-ZZX, E1CAZW0401, XDA16000000, 91949209, CAS-WX2021SF-0301, CAS-WX2022SDC-XK14, GJTD-2019-08, YSBR-076, 2021ZD0202401, 31970597, 92049116, 2022083, 82122024, 92168201, CAS-WX2021SF-0101, YESS20210002, YSBR-012, 32121001, 81921006, 92049304, GJTD-2019-06, Z190019, 2018YFA0107203, 2020YFA0804000, 82071588, 82192863, 2018YFC2000100, 2019YFA0802202, 2020YFA0803401, 82271600, 2021YFF0704200, 32000500, 82125011, CAS-WX2022GC-02, YESS20200012","Pilot Project for Public Welfare Development and Reform of Beijing-affiliated Medical Research Institutes, National Key Research and Development Program of China, Tencent Foundation, National Key Research and Development Program of China, National Natural Science Foundation of China, National Natural Science Foundation of China, Informatization Plan of Chinese Academy of Sciences, Youth Innovation Promotion Association CAS, Strategic Priority Research Program of the Chinese Academy of Sciences, National Natural Science Foundation of China, Informatization Plan of Chinese Academy of Sciences, Informatization Plan of Chinese Academy of Sciences, K. C. Wong Education Foundation, CAS Project for Young Scientists in Basic Research, National Key Research and Development Program of China, National Natural Science Foundation of China, National Natural Science Foundation of China, Youth Innovation Promotion Association CAS, National Natural Science Foundation of China, National Natural Science Foundation of China, Informatization Plan of Chinese Academy of Sciences, Young Elite Scientists Sponsorship Program by CAST, CAS Project for Young Scientists in Basic Research, National Natural Science Foundation of China, National Natural Science Foundation of China, National Natural Science Foundation of China, K. C. Wong Education Foundation, Program of the Beijing Natural Science Foundation, National Key Research and Development Program of China, National Key Research and Development Program of China, National Natural Science Foundation of China, National Natural Science Foundation of China, National Key Research and Development Program of China, National Key Research and Development Program of China, National Key Research and Development Program of China, National Natural Science Foundation of China, National Key Research and Development Program of China, National Natural Science Foundation of China, National Natural Science Foundation of China, Informatization Plan of Chinese Academy of Sciences, Young Elite Scientists Sponsorship Program by CAST",10,Lineage Landscape: a comprehensive database that records lineage commitment across species.
38809899,2024-05-29,"Department of Public Health, Arcadia University, Glenside, PA, United States of America.","Olorunsaiye CZ, Badru MA, Osborne A, Degge HM, Yaya S",,,1,Mapping the evidence on factors related to postpartum contraception among sub-Saharan African immigrant and refugee women in the United States of America: A scoping review protocol.
34762062,2022-03-15,"Department of Management Engineering and Consulting, Mayo Clinic, Rochester, MN, United States.","Turek JR, Bansal V, Tekin A, Singh S, Deo N, Sharma M, Bogojevic M, Qamar S, Singh R, Kumar V, Kashyap R",,,17,Lessons From a Rapid Project Management Exercise in the Time of Pandemic: Methodology for a Global COVID-19 VIRUS Registry Database.
39050029,2024-07-22,"Center for Genome Informatics, Joint Support-Center for Data Science Research, Research Organization of Information and Systems, Mishima, Shizuoka, 411-8540, Japan.","Kryukov K, Nakahama N, Kuraku S",2022-SRP-16,“Strategic Research Projects” grant from ROIS (Research Organization of Information and Systems) to Shigehiro Kuraku,1,Genome assembly catalog for species in the Japanese Red List: unlocking endangered biodiversity through genomic inventory.
35662458,2022-04-27,"Computational Biology Program, The University of Kansas, Lawrence, KS 66047, USA.","Malladi S, Powell HR, David A, Islam SA, Copeland MM, Kundrotas PJ, Sternberg MJE, Vakser IA","218242/Z/19/Z, BB/T010487/1, 218242, R01 GM074255, R01GM074255, DBI1917263","Wellcome Trust, Biotechnology and Biological Sciences Research Council, Wellcome Trust, NIGMS NIH HHS, National Institutes of Health, National Science Foundation",5,GWYRE: A Resource for Mapping Variants onto Experimental and Modeled Structures of Human Protein Complexes.
36265769,2022-10-17,"Institutes for Systems Genetics, Frontiers Science Centre for Disease-related Molecular Network, West China Hospital, Sichuan University, Chengdu 610041, China.","Tang T, Liu X, Wu R, Shen L, Ren S, Shen B","32070671, 2020YFQ0019","National Natural Science Foundation of China, Sichuan and Guangxi Provinces of China",4,CTRR-ncRNA: A Knowledgebase for Cancer Therapy Resistance and Recurrence Associated Non-coding RNAs.
35958127,2022-07-25,"Department of General Microbiology, Göttingen Center for Molecular Biosciences, Georg-August University Göttingen, Göttingen, Germany.","Elfmann C, Zhu B, Pedreira T, Hoßbach B, Lluch-Senar M, Serrano L, Stülke J",,,5,<i>Myco</i>Wiki: Functional annotation of the minimal model organism <i>Mycoplasma pneumoniae</i>.
36624665,2023-01-01,"The Department of Genomic Medicine & The Institute of Data Science in Oncology, MD Anderson Cancer Center, Houston, TX, USA.","di Micco P, Antolin AA, Mitsopoulos C, Villasclaras-Fernandez E, Sanfelice D, Dolciami D, Ramagiri P, Mica IL, Tym JE, Gingrich PW, Hu H, Workman P, Al-Lazikani B","212969/Z/18/Z, 22897, C309/A11566, 204735/Z/16/Z, 204735/Z/16/Z, C35696/A23187, C2739/A22897, RR210007","Wellcome Trust, Cancer Research UK, Cancer Research UK, Mark Foundation, Wellcome Trust, Chordoma Foundation, Wellcome Trust Sir Henry Wellcome Postdoctoral Fellowship, Cancer Research UK, ‘canSAR: enhancing the drug discovery knowledgebase’, Wellcome Trust, Cancer Research UK, CPRIT",25,canSAR: update to the cancer translational research and drug discovery knowledgebase.
38808472,2024-09-01,"National Key Laboratory of Wheat and Maize Crop Science, College of Agronomy, Henan Agricultural University, Zhengzhou 450046, China.","Sami A, Fu M, Yin H, Ali U, Tian L, Wang S, Zhang J, Chen X, Li H, Chen M, Yao W, Wu L","U22A20474, 2022YFD1201802, 32172073","National Natural Science Foundation of China, National Key Research and Development Program of China, National Natural Science Foundation of China",6,NCPbook: A comprehensive database of noncanonical peptides.
38868205,2024-04-18,"Developmental Therapeutics Branch, Center for Cancer Research, National Cancer Institute, NIH, Bethesda, MD 20892, USA.","Tlemsani C, Heske CM, Elloumi F, Pongor L, Khandagale P, Varma S, Luna A, Meltzer PS, Khan J, Reinhold WC, Pommier Y",,,7,Sarcoma_CellminerCDB: A tool to interrogate the genomic and functional characteristics of a comprehensive collection of sarcoma cell lines.
39441067,2025-01-01,"Department of General Microbiology, Institute of Microbiology and Genetics, Georg-August University Göttingen, Grisebachstr. 8, D-37077 Göttingen, Germany.","Elfmann C, Dumann V, van den Berg T, Stülke J",469281184,"Deutsche Forschungsgemeinschaft, Georg-August-Universität Göttingen",15,"A new framework for SubtiWiki, the database for the model organism Bacillus subtilis."
39558176,2025-01-01,"Guangzhou Women and Children's Medical Center, Guangzhou Medical University, Guangzhou, China.","Wang J, Ouyang L, You T, Yang N, Xu X, Zhang W, Yang H, Yi X, Huang D, Zhou W, Li MJ","2020YFC2006402, 32270717, 32470671, 6022310040K","National Key Research and Development Program, National Natural Science Foundation of China, National Natural Science Foundation of China, Scientific Research Startup Fund for Shenzhen High-Caliber Personnel of SZPT",3,CAUSALdb2: an updated database for causal variants of complex traits.
39237205,2024-03-16,"Computational Biology Program, The University of Kansas, Lawrence, KS 66045, USA.","Collins KW, Copeland MM, Brysbaert G, Wodak SJ, Bonvin AMJJ, Kundrotas PJ, Vakser IA, Lensink MF","DBI 2224122, R01 GM074255, R01GM074255","National Science Foundation, NIGMS NIH HHS, National Institutes of Health",25,CAPRI-Q: The CAPRI resource evaluating the quality of predicted structures of protein complexes.
37850400,2023-10-18,"American Heart Association, Dallas, TX (P.M., J.Z., V.M., J.L.H.).","Mallya P, Stevens LM, Zhao J, Hong C, Henao R, Economou-Zavlanos N, Wojdyla DM, Schibler T, Manchanda V, Pencina MJ, Hall JL","N01 HC095162, N01 HC095166, N01 HC095167, N01 HC025195, U01 NS041588, UL1 TR001881, HHSN268201500003C, HHSN268201700005C, HHSN268201700005I, N01 HC095159, N01 HC095160, HHSN268201500003I, HHSN268201700004I, N01 HC095164, HHSN268201700003I, N01 HC095165, UL1 TR001079, HHSN268201500001I, HHSN268201700001I, HHSN268201700002I, N01 HC095161, N01 HC095163, N01 HC095168, R61 NS120246, HHSN268201700001C, HHSN268201700004C, N01 HC095169, R01 HL136666, UL1 TR000040, HHSN268201500001C, HHSN268201700002C, HHSN268201700003C, P30 DK063491, R33 NS120246, UL1 TR001420","NHLBI NIH HHS, NHLBI NIH HHS, NHLBI NIH HHS, NHLBI NIH HHS, NINDS NIH HHS, NCATS NIH HHS, NHLBI NIH HHS, NHLBI NIH HHS, NHLBI NIH HHS, NHLBI NIH HHS, NHLBI NIH HHS, NHLBI NIH HHS, NHLBI NIH HHS, NHLBI NIH HHS, NHLBI NIH HHS, NHLBI NIH HHS, NCATS NIH HHS, NHLBI NIH HHS, NHLBI NIH HHS, NHLBI NIH HHS, NHLBI NIH HHS, NHLBI NIH HHS, NHLBI NIH HHS, NINDS NIH HHS, NHLBI NIH HHS, NHLBI NIH HHS, NHLBI NIH HHS, NHLBI NIH HHS, NCATS NIH HHS, NHLBI NIH HHS, NHLBI NIH HHS, NHLBI NIH HHS, NIDDK NIH HHS, NINDS NIH HHS, NCATS NIH HHS",2,"Facilitating Harmonization of Variables in Framingham, MESA, ARIC, and REGARDS Studies Through a Metadata Repository."
38015436,2024-01-01,"Laboratory of Bioinformatics and Protein Engineering, International Institute of Molecular and Cell Biology in Warsaw, ul. Ks. Trojdena 4, PL-02-109 Warsaw, Poland.","Cappannini A, Ray A, Purta E, Mukherjee S, Boccaletto P, Moafinejad SN, Lechner A, Barchet C, Klaholz BP, Stefaniak F, Bujnicki JM","FDT202304016898, 2020/39/B/NZ2/03127, 2021/43/D/NZ1/03360, PLBIO21-194, 2020/37/B/NZ2/02456, H2020-MSCA-ITN-2020, 956810","Fondation pour la Recherche Médicale, Agence Nationale pour la Recherche, National Science Centre, Poland, National Science Centre, Poland, Institut National du Cancer, National Science Centre, Poland, European Commission, Polish National Agency for Academic Exchange, European Commission",244,MODOMICS: a database of RNA modifications and related information. 2023 update.
40536815,2025-05-01,"Department of Information Engineering, University of Padova, Via Gradenigo 6/B, 35131, Padova, Italy.","Cesaro G, Nagai JS, Gnoato N, Chiodi A, Tussardi G, Klöker V, Musumarra CV, Mosca E, Costa IG, Di Camillo B, Calura E, Baruzzo G","B53C22001820006, MFAG 2019-23522, CN00000041 - CUP C93C22002780006, P20223Y5AX, 20227Z2XRB","European Union - Next Generation EU, Italian Association for Cancer Research, Department of Information Engineering, University of Padova, 'Research Grant type B junior', Ministry of University and Research (MUR) under the 'Dipartimenti di Eccellenza 2023-2027', Fondazione Ing. Aldo Gini, The MUR-PNRR NextGenerationEU and MUR, Mission 4 Component C2 part 1.4 - National Center for Gene Therapy and Drugs based on RNA Technology, Italian Ministry of Education, PRIN 2022 Project, Bundesministerium für Bildung und Forschung",5,"Advances and challenges in cell-cell communication inference: a comprehensive review of tools, resources, and future directions."
35199148,2022-04-01,"Laboratory of Structural Bioinformatics, Centre of New Technologies, University of Warsaw, 02-097 Warsaw, Poland.","Ludwiczak J, Winski A, Dunin-Horkawicz S","2017/27/N/NZ1/00716, POIR.04.04.00-00-5CF1/18-00","National Science Centre, First TEAM program of the Foundation for Polish Science co-financed by the European Union under the European Regional Development Fund",5,localpdb-a Python package to manage protein structures and their annotations.
38011719,2023-11-01,"Institut de Biotecnologia i de Biomedicina and Departament de Bioquímica i Biologia Molecular, Universitat Autònoma de Barcelona, Bellaterra, Barcelona 08193, Spain.","Pintado-Grima C, Bárcenas O, Iglesias V, Santos J, Manglano-Artuñedo Z, Pallarès I, Burdukiewicz M, Ventura S","ICREA-Academia 2020, GA 952334, PID2019-105017RB-I00, 2023 FI_3 00018","Institució Catalana de Recerca i Estudis Avançats, HORIZON EUROPE European Innovation Council, Ministerio de Ciencia e Innovación, European Union-Next Generation EU, Consell Català de Recerca i Innovació",5,aSynPEP-DB: a database of biogenic peptides for inhibiting α-synuclein aggregation.
36243973,2023-01-01,"Center for Novel Target and Therapeutic Intervention, Institute of Life Sciences, Chongqing Medical University, Chongqing 400016, China.","Zhai Z, Zhang X, Zhou L, Lin Z, Kuang N, Li Q, Ma Q, Tao H, Gao J, Ma S, Pan J","82104063, CXQT21016","National Natural Science Foundation of China, Chongqing Medical University, University Innovation Research Group Project of Chongqing",2,PertOrg 1.0: a comprehensive resource of multilevel alterations induced in model organisms by in vivo genetic perturbation.
36263826,2023-01-01,"National Genomics Data Center, Beijing Institute of Genomics, Chinese Academy of Sciences and China National Center for Bioinformation, Beijing 100101, China.","Liu X, Liu X, Tian D, Li C, Tang B, Wang Z, Zhang R, Pan Y, Wang Y, Zou D, Zhang Z, Song S","2021YFF0703703, XDA24040201, XDA19050302, 32000475, Y2021038, 31871328","National Key Research and Development Program of China, Strategic Priority Research Program of the Chinese Academy of Sciences, Strategic Priority Research Program of the Chinese Academy of Sciences, National Natural Science Foundation of China, Youth Innovation Promotion Association of the Chinese Academy of Sciences, National Natural Science Foundation of China",28,GWAS Atlas: an updated knowledgebase integrating more curated associations in plants and animals.
37953380,2024-01-01,"Steve and Cindy Rasmussen Institute for Genomic Medicine, Nationwide Children's Hospital, Columbus, OH 43205, USA.","Cannon M, Stevenson J, Stahl K, Basu R, Coffman A, Kiwala S, McMichael JF, Kuzma K, Morrissey D, Cotto K, Mardis ER, Griffith OL, Griffith M, Wagner AH","5R00HG010157, P30 CA016058, U24 CA237719, 5R00HG010157, R00 HG010157","NHGRI NIH HHS, NCI NIH HHS, NCI NIH HHS, National Human Genome Research Institute, NHGRI NIH HHS",223,DGIdb 5.0: rebuilding the drug-gene interaction database for precision medicine and drug discovery platforms.
38803518,2024-04-17,"State Key Laboratory of Oncology in South China, Guangdong Key Laboratory of Nasopharyngeal Carcinoma Diagnosis and Therapy, Guangdong Provincial Clinical Research Center for Cancer, Sun Yat-sen University Cancer Center, Guangzhou 510060, PR China.","Xie R, Cao B, Wu Z, Ouyang Y, Chen H, Zhai W, Liu ZX, Xu M, Guo G",,National Natural Science Foundation of China,1,dbEBV: A database of Epstein-Barr virus variants and their correlations with human health.
41088367,2025-10-14,"Center for Reproductive Medicine, Department of Obstetrics and Gynecology, The 900th Hospital of Joint Logistic Support Force, No. 156 West Second Ring Road North, Fuzhou, 350001, Fujian, China.","Xu H, Mao L, Huang W, Huang Q, Li L, Liu Y",#2021QH1326,"Startup Fund for Scientific Research, Fujian Medical University",0,Gene association study between polycystic ovary syndrome and metabolic syndrome: a transcriptomic analysis and machine learning approach.
37311148,2023-06-01,"The Morris Kahn Laboratory of Human Genetics at the National Institute of Biotechnology in the Negev and Faculty of Health Sciences, Ben-Gurion University of the Negev, Beer Sheva 84105, Israel.","Hadar N, Weintraub G, Gudes E, Dolev S, Birk OS",AWS Cloud Credit for Research Application,"Israeli Council for Higher Education, Amazon Web Services",4,GeniePool: genomic database with corresponding annotated samples based on a cloud data lake architecture.
38957398,2024-06-18,"School of Artificial Intelligence and Information Technology, Nanjing University of Chinese Medicine, Nanjing, China.","Yuan Y, Tang X, Li H, Lang X, Li C, Song Y, Sun S, Yang Y, Zhou Z",,,0,KLSD: a kinase database focused on ligand similarity and diversity.
35852188,2022-07-06,,"Bae KJ, Chae YJ, Jung SJ, Gong HS",,,14,Incidence and risk factors for periprosthetic joint infection: A common data model analysis.
40140942,2025-03-26,"Department of Human Genetics, University of Utah, Salt Lake City, UT, USA.","Hiatt L, Weisburd B, Dolzhenko E, Rubinetti V, Avvaru AK, VanNoy GE, Kurtas NE, Rehm HL, Quinlan AR, Dashnow H","F30 CA284847, GNT2026126, R00 HG012796, 4R00HG012796-03, U01HG011755, 1F30CA284847","NCI NIH HHS, National Health and Medical Research Council, NHGRI NIH HHS, NHGRI NIH HHS, NHGRI NIH HHS, NCI NIH HHS",4,STRchive: a dynamic resource detailing population-level and locus-specific insights at tandem repeat disease loci.
37749421,2023-09-25,"Max Planck Institute for Psycholinguistics, P.O. Box 310, Nijmegen, 6500, AH, The Netherlands. florian.hintz@uni-marburg.de.","Hintz F, Shkaravska O, Dijkhuis M, van 't Hoff V, Huijsmans M, van Dongen RCA, Voeteé LAB, Trilsbeek P, McQueen JM, Meyer AS",024.001.006,"Philipps-Universität Marburg, Dutch Research Council (NWO)",4,IDLaS-NL - A platform for running customized studies on individual differences in Dutch language skills via the Internet.
36394420,2022-11-01,"Department of Plants, Soils, and Climate, College of Agriculture and Applied Sciences, Utah State University, Logan, UT 84322, USA.","Kataria R, Kaundal R",,,0,TRustDB: A comprehensive bioinformatics resource for understanding the complete Wheat-Stem rust host-pathogen interactome.
35659449,2022-06-02,"University of Cologne, Faculty of Medicine and University Hospital Cologne, Translational Research, Cologne Excellence Cluster on Cellular Stress Responses in Aging-Associated Diseases (CECAD), Cologne, Germany; University of Cologne, Faculty of Medicine and University Hospital Cologne, Department I of Internal Medicine, Center for Integrated Oncology Aachen Bonn Cologne Duesseldorf (CIO ABCD) and Excellence Center for Medical Mycology (ECMM), Cologne, Germany.","Salmanton-García J, Stewart FA, Heringer S, Koniordou M, Álvarez-Barco E, Argyropoulos CD, Themistocleous SC, Valle-Simón P, Spivak O, Součková L, Merakou C, Amélia Mendonça M, Joanna Davis R, Maria Azzini A, Askling HH, Vene S, Van Damme P, Steinbach A, Shiamakkides G, Seidel D, Olesen OF, Noula E, Macken A, Luís C, Leckler J, Launay O, Isitt C, Hellemans M, Frías-Iniesta J, Di Marzo R, Carcas AJ, Boustras G, Borobia AM, Barta I, Albus K, Akova M, Ochando J, Cohen-Kandli M, Jane Cox R, Husa P, Jancoriene L, Mallon P, Marques L, Mellinghoff SC, Nauclér P, Tacconelli E, Tóth K, Zaoutis TE, Zeitlinger M, Cornely OA, Pana ZD","101037867, BMBF01KX2040","European Commission, Bundesministerium für Bildung und Forschung, Horizon 2020 Framework Programme",21,VACCELERATE Volunteer Registry: A European study participant database to facilitate clinical trial enrolment.
40268235,2025-04-21,"Department of Biology, University of Rome ""Tor Vergata"", Rome, Italy.","Ballesio F, Teofani A, Carrino C, Catalano M, Nicolaeasa ML, Ausiello G, Helmer-Citterich M, Gherardini PF",,,1,BEAGLE 2.0: A Web Server for RNA Secondary Structure Similarity Detection Leveraging SHAPE-directed RNA Structure Determination.
38440907,2024-03-05,"Department of Medical Genetics, Medical University of Warsaw, Warsaw, Poland.","Stawiński P, Płoski R",,,18,Genebe.net: Implementation and validation of an automatic ACMG variant pathogenicity criteria assignment.
36896476,2023-03-09,"Cells and Antibody Engineering Research Center of Guizhou Province, Key Laboratory of Biology and Medical Engineering, School of Biology and Engineering, Guizhou Medical University, Guiyang, China.","Ye YN, Liang DF, Yi JH, Jin S, Zeng Z","61803112, 32160151","National Natural Science Foundation of China, National Natural Science Foundation of China",2,IGTCM: An integrative genome database of traditional Chinese medicine plants.
40170166,2025-04-01,"Guizhou University of Traditional Chinese Medicine, Guizhou, 550025, China.","Zhang J, Pan B, Yang J, Pan Q, Zhu P, Yang J, Zhang M, Xiao Q","ZK[2022]505, GZYTDHZ[2022]003, GZYTDHZ[2024]002, 32260140, [2023]071","the Guizhou Provincial Science and Technology Projects, the National and Provincial Scientific and Technological Innovation Talent Team of the Guizhou University of Traditional Chinese Medicine, GZYTDHZ[2022]003, National Natural Science Foundation of China, the University Science and Technology Innovation Team of the Guizhou Provincial Department of Education",1,LoniComp: a platform for gene function comparison and analysis between Lonicera japonica and Lonicera macranthoides.
38709877,2024-07-01,"Department of Anatomy and Physiology, The University of Melbourne, Parkville, Victoria, 3010, Australia.","Wan CY, Davis J, Chauhan M, Gleeson J, Prawer YDJ, De Paoli-Iseppi R, Wells CA, Choi J, Clark MB","GNT1186371, GNT1196841","National Health and Medical Research Council, National Health and Medical Research Council",7,IsoVis - a webserver for visualization and annotation of alternative RNA isoforms.
36519835,2023-01-01,"Institute of Biotechnology, Life Sciences Center, Vilnius University, Vilnius 10257, Lithuania.","Dapkūnas J, Margelevičius M",01.2.2-LMT-K-718-01-0028,European Regional Development Fund,5,The COMER web server for protein analysis by homology.
36222566,2022-11-01,"Department of Biochemistry, Microbiology and Immunology, Ottawa Institute of Systems Biology, Ottawa, ON, Canada.","Hashimoto-Roth E, Surendra A, Lavallée-Adam M, Bennett SAL, Čuperlović-Culf M","RGPIN-2019-06796, AI-4D-102-3","Natural Sciences and Engineering Research Council of Canada, NSERC CREATE Matrix Metabolomics Scholarship, NSERC, NSERC CREATE Matrix Metabolomics Training, NSERC Discovery Grant, National Research Council AI for Design Challenge Program, Compute Ontario and Compute Canada",8,METAbolomics data Balancing with Over-sampling Algorithms (META-BOA): an online resource for addressing class imbalance.
35670735,2022-08-01,"School of Life Sciences, North China University of Science and Technology, Tangshan, Hebei 063210, China.","Liu Z, Li N, Yu T, Wang Z, Wang J, Ren J, He J, Huang Y, Shi K, Yang Q, Wu T, Lin H, Song X","2020M673188, 32172583, C2021209005, 2021T140097, 31801856","China Postdoctoral Science Foundation, National Natural Science Foundation of China, Natural Science Foundation of Hebei, China Postdoctoral Science Foundation, National Natural Science Foundation of China",20,The Brassicaceae genome resource (TBGR): A comprehensive genome platform for Brassicaceae plants.
35810958,2022-07-08,"School of Computer Science, Shaanxi Normal University, Xi'an 710119, China; College of Information Science and Engineering, Guilin University of Technology, Guilin 541004, China; Guangxi Key Laboratory of Embedded Technology and Intelligent System, Guilin University of Technology, Guilin 541004, China.","Wang Z, Lei X","61902230, 61972451","National Natural Science Foundation of China, Guangxi Key Laboratory of Embedded Technology and Intelligent System, Middle-aged and Young Teachers&amp;apos; Basic Ability Promotion Project of Guangxi, National Natural Science Foundation of China, Fundamental Research Funds for the Central Universities",5,A web server for identifying circRNA-RBP variable-length binding sites based on stacked generalization ensemble deep learning network.
40677986,2025-02-12,"Division of Gastroenterology, Department of Medicine, University of Alberta, Edmonton, Canada.","Patel K, Brisebois A, Davison SN, Tate J, Mirhosseini N, DeKock I, Burton-MacLeod S, Labrie M, Mitri M, Sinnarajah A, Campbell-Scherer D, Tandon P",,,1,The Development of an Online Palliative Care Toolkit for Cirrhosis.
35818996,2022-06-01,"College of Computer Science and Technology, Jilin University, Changchun, Jilin 130012, P. R. China.","Wang Q, Duan M, Fan Y, Liu S, Ren Y, Huang L, Zhou F","20210509055RQ, JJKH20200328KJ, JLU, 62072212, 20180622002JC, U19A2061","Senior and Junior Technological Innovation Team, Science and Technology Project of Education Department of Jilin Province, Fundamental Research Funds for the Central Universities, National Natural Science Foundation of China, Jilin Provincial Key Laboratory of Big Data Intelligent Computing, National Natural Science Foundation of China",0,Transforming OMIC features for classification using siamese convolutional networks.
37216585,2023-07-01,"Department of Biotechnology and Biomedicine, Technical University of Denmark, Søltofts Plads, DK-2800 Kgs. Lyngby, Denmark.","Barrett K, Hunt CJ, Lange L, Grigoriev IV, Meyer AS","NNF22OC0072911, DE-AC02-05CH11231, NNF21OC0066330","Novo Nordisk Foundation, U.S. Department of Energy Joint Genome Institute, Novo Nordisk Foundation, Technical University of Denmark",8,Conserved unique peptide patterns (CUPP) online platform 2.0: implementation of +1000 JGI fungal genomes.
39944117,2025-01-09,"MetaBioSys Lab, Department of Biological Sciences, Indian Institute of Science Education and Research, Bhopal, Madhya Pradesh, India.","Longwani U, Sharma AK, Malwe AS, Jaiswal SK, Sharma VK",,,0,GutBugDB: a web resource to predict the human gut microbiome-mediated biotransformation of biotic and xenobiotic molecules.
37069545,2023-04-17,"CAS Key Laboratory of Computational Biology, Shanghai Institute of Nutrition and Health, University of Chinese Academy of Sciences, Chinese Academy of Sciences, Shanghai, 200031, China.","Cai P, Liu S, Zhang D, Xing H, Han M, Liu D, Gong L, Hu QN","2021YFC2103001, 2019YFA0904300, 153D31KYSB20170121","National Key Research and Development Program of China, International Partnership Program of the Chinese Academy of Sciences of China",5,SynBioTools: a one-stop facility for searching and selecting synthetic biology tools.
37590326,2023-08-17,"Novo Nordisk Foundation Center for Protein Research, University of Copenhagen, Blegdamsvej 3B, Copenhagen, Denmark.","Lundgaard AT, Burdet F, Siggaard T, Westergaard D, Vagiaki D, Cantwell L, Röder T, Vistisen D, Sparsø T, Giordano GN, Ibberson M, Banasik K, Brunak S","NNF17OC0027594, 115881, PI Søren Brunak, 16.0097, NNF14CC0001, SDCC 3. B Epidemiology","Boehringer Ingelheim, Novo Nordisk Fonden, Sanofi, Innovative Medicines Initiative, Novo Nordisk Foundation Center for Protein Research, Bayer, Horizon 2020, Staatssekretariat für Bildung, Forschung und Innovation, European Federation of Pharmaceutical Industries and Associations, Novo Nordisk Fonden, Steno Diabetes Center Copenhagen (SDCC), Novo Nordisk",0,BALDR: A Web-based platform for informed comparison and prioritization of biomarker candidates for type 2 diabetes mellitus.
36350662,2023-01-01,"Department of Genetic Medicine and Development, University of Geneva Medical School, Swiss Institute of Bioinformatics, rue Michel-Servet 1, 1211 Geneva, Switzerland.","Kuznetsov D, Tegenfeldt F, Manni M, Seppey M, Berkeley M, Kriventseva EV, Zdobnov EM","310030, 310030_189062, 189062","Swiss National Science Foundation, Swiss National Science Foundation, Swiss National Science Foundation, Swiss Institute of Bioinformatics",348,OrthoDB v11: annotation of orthologs in the widest sampling of organismal diversity.
39497074,2024-11-04,"University of Chinese Academy of Sciences, Beijing, 101408, China.","Liu F, Zhou H, Li X, Zhou L, Yu C, Zhang H, Bu D, Liang X","20224BAB212028, DICP I202232, 32370657, 32271297","Jiangxi Provincial Natural Science Foundation, Innovation Program of Science and Research of DICP, CAS, National Natural Science Foundation of China, National Natural Science Foundation of China",2,GPCR-BSD: a database of binding sites of human G-protein coupled receptors under diverse states.
35881481,2022-07-01,"Department of Pharmacological Sciences, Institute for Systems Biomedicine Icahn School of Medicine at Mount Sinai, One Gustave L. Levy Place, Box 1677 New York, NY 10029, USA.","Zatorski N, Stein D, Rahman R, Iyengar R, Schlessinger A","U54 HG008098, U54 HG008098, F30 HL160179, T32 HD075735, T32 GM062754, T32 HD075735, T32 GM062754, F30 HL160179-02, T32 HD075735","NIH HHS, National Institutes of Health, NHLBI NIH HHS, National Institutes of Health, NIH HHS, NIH HHS, National Institutes of Health, National Institutes of Health, NICHD NIH HHS",2,Structural signatures: a web server for exploring a database of and generating protein structural features from human cell lines and tissues.
37484460,2023-06-26,"Plant Proteomics, Institute of Plant Genetics, Leibniz Universität Hannover, Hannover, Germany.","Schröder L, Rupp O, Senkler M, Rugen N, Hohnjec N, Goesmann A, Küster H, Braun HP",BR 1829/16-1,Deutsche Forschungsgemeinschaft,0,The <i>Viscum album</i> Gene Space database.
36852842,2023-02-01,"Research Group Environmental Economics, Centre for Environmental Sciences, Hasselt University, Martelarenlaan 42, Hasselt 3500, Belgium.","Nguyen T, Malina R, Mokas I, Papakonstantinou A, Polyzos O, Vanhove MPM",BOF20TT06,Universiteit Hasselt,1,WASP: the World Archives of Species Perception.
40323307,2025-05-01,"Samples, Phenotypes and Ontologies Team (SPOT), EMBL-EBI, Wellcome Genome Campus, Hinxton CB10 1SD, United Kingdom.","McLaughlin J, Lagrimas J, Iqbal H, Parkinson H, Harmse H","101131959, 101131959","Wellcome Trust, European Union's HORIZON program, European Union’s HORIZON program",2,OLS4: a new Ontology Lookup Service for a growing interdisciplinary knowledge ecosystem.
39265822,2024-09-10,"Hunan Key Laboratory of Molecular Precision Medicine, Department of Oncology, Xiangya Hospital, Central South University, Changsha, Hunan 410008, China; Guangxi Health Commission Key Laboratory of Medical Genetics and Genomics, The Second Affiliated Hospital of Guangxi Medical University, Nanning, Guangxi 530007, China.","Lei X, Mao S, Li Y, Huang S, Li J, Du W, Kuang C, Yuan K",,"China Hunan Provincial Science and Technology Department, National Natural Science Foundation of China",2,ERVcancer: a web resource designed for querying activation of human endogenous retroviruses across major cancer types.
39084442,2024-07-29,"NYU-ECNU Center for Computational Chemistry and Shanghai Frontiers Science Center of Artificial Intelligence and Deep Learning, NYU Shanghai, Shanghai 200062, China; Department of Chemistry, New York University, NY NY10003, USA. Electronic address: lz2826@nyu.edu.","Zheng L, Zeng Z, Zhao Y, Liu X, Huai Z, Zhang X, Sun Z, Zhang JZH",,National Natural Science Foundation of China,2,HSADab: A comprehensive database for human serum albumin.
38552697,2024-03-27,"School of Computer Science and Technology, Soochow University, Suzhou 215006, China.","Zhang G, Zhang C, Cai M, Luo C, Zhu F, Liang Z","22377089, 81821005, 92253303","National Natural Science Foundation of China, Priority Academic Program Development of Jiangsu Higher Education Institutions, National Natural Science Foundation of China, National Natural Science Foundation of China",6,FuncPhos-STR: An integrated deep neural network for functional phosphosite prediction based on AlphaFold protein structure and dynamics.
37054878,2023-04-11,"College of Life Sciences, University of Chinese Academy of Sciences, Beijing 100049, China; BGI-Qingdao, BGI-Shenzhen, Qingdao, Shandong 266555, China.","Guo L, Li Y, Qi Y, Huang Z, Han K, Liu X, Liu X, Xu M, Fan G",32170439,National Natural Science Foundation of China,11,VT3D: a visualization toolbox for 3D transcriptomic data.
39656924,2025-01-01,"Evolutionary Bioinformatics, SIB Swiss Institute of Bioinformatics, Quartier Sorge, Bâtiment Amphipôle, Lausanne, 1015, Switzerland.","Bastian FB, Cammarata AB, Carsanaro S, Detering H, Huang WT, Joye S, Niknejad A, Nyamari M, Mendes de Farias T, Moretti S, Tzivanopoulou M, Wollbrett J, Robinson-Rechavi M","PNR 407540_167149, 31003A_133011, 31003A_207853, 31003A_153341, U01 CA215010, U01CA215010, U01CA215010, 173048, 31003A_173048, 863410, 153341, CRSII3_160723","Swiss National Science Foundation, Service de la Santé Publique, Canton de Vaud, University of Lausanne, Swiss National Science Foundation, Swiss National Science Foundation, Swiss National Science Foundation, NCI NIH HHS, NIH, NIH HHS, Swiss National Science Foundation, Swiss National Science Foundation, Horizon 2020 - Research and Innovation Framework Programme, Swiss National Science Foundation, Swiss National Science Foundation, SIB Swiss Institute of Bioinformatics, swissuniversities Programme Open Science",14,"Bgee in 2024: focus on curated single-cell RNA-seq datasets, and query tools."
35504357,2022-04-30,"Department of Clinical Biochemistry and Pharmacology, Ben-Gurion University of the Negev, Be'er Sheva, Israel. Electronic address: https://twitter.com/IdanXL.","Hekselman I, Kerber L, Ziv M, Gruber G, Yeger-Lotem E",317/19,Israel Science Foundation,10,The Organ-Disease Annotations (ODiseA) Database of Hereditary Diseases and Inflicted Tissues.
35859338,2022-08-01,"Biology Department, University of Nevada, Reno, Reno, NV 89557, USA.","Subramanian K, Payne B, Feyertag F, Alvarez-Ponce D",P20 GM103440,NIGMS NIH HHS,33,The Codon Statistics Database: A Database of Codon Usage Bias.
35552640,2022-06-01,"Key Laboratory of Biorheological Science and Technology, Ministry of Education, Bioengineering College, Chongqing University, Chongqing 400044, China.","Qin D, Bo W, Zheng X, Hao Y, Li B, Zheng J, Liang G","CSTC2019JCYJ-MSXMX0527, 2107619, 31771975, 31571782, 32172196","Natural Science Foundation of Chongqing, NSF, National Natural Science Foundation of China, Faculty Research Fellowship from the University of Akron, National Natural Science Foundation of China, National Natural Science Foundation of China",35,DFBP: a comprehensive database of food-derived bioactive peptides for peptidomics research.
39565208,2025-01-01,"The First Affiliated Hospital & National Health Commission Key Laboratory of Birth Defect Research and Prevention, Hengyang Medical School, University of South China, Hengyang, Hunan 421001, China.","Yin M, Feng C, Yu Z, Zhang Y, Li Y, Wang X, Song C, Guo M, Li C","20224310NHYCG05, 2024RC3212, 62302206, 20210002-1005 USCAT-2021-01, 2024RC1062, 2023JJ40594, 62031003, 62171166, 2023JJ30536, 2023TP1047","University of South China, The Science and Technology Innovation Talent Program of Hunan Province of China, National Natural Science Foundation of China, Research Foundation of the First Affiliated Hospital of University of South China for Advanced Talents, The Science and Technology Innovation Talent Program of Hunan Province of China, Natural Science Foundation of Hunan Province, National Natural Science Foundation of China, National Natural Science Foundation of China, Natural Science Foundation of Hunan Province, Provincial Key Laboratory of Multi-omics And Artificial Intelligence of Cardiovascular Diseases",30,sc2GWAS: a comprehensive platform linking single cell and GWAS traits of human.
36655761,2023-01-01,"Bioinformatics Center, Academy for Advanced Interdisciplinary Studies, Nanjing Agricultural University, Nanjing, Jiangsu 210095, China.","Liu J, Zhang Y, Shi Y, Zheng Y, Zhu Y, Guan Z, Shen D, Dou D","32270208, CARS-21, 32230089, 32070139, KYCXJC2022003","National Natural Science Foundation of China, Technical System of Chinese Herbal Medicine Industry, National Natural Science Foundation of China, National Natural Science Foundation of China, Fundamental Research Funds for the Central Universities",4,FungiExp: a user-friendly database and analysis platform for exploring fungal gene expression and alternative splicing.
37084387,2023-04-01,"Department of Animal Science, Iowa State University, 2255 Kildee Hall, 806 Stange Road, Ames, IA 50011-3150, USA.","Hu ZL, Park CA, Reecy JM",GR-024831-00002,"National Institute of Food and Agriculture, United States Department of Agriculture",5,"A combinatorial approach implementing new database structures to facilitate practical data curation management of QTL, association, correlation and heritability data on trait variants."
35179562,2022-04-01,"Oncology Data Science (ODysSey) Group, Vall d'Hebron Institute of Oncology, Barcelona 08035, Spain.","Pedrola A, Franch-Expósito S, Lahoz S, Esteban-Fabró R, Dienstmann R, Bassaganyas L, Camps J","FI18/00221, BES-2017-081286, FI18/00221, P30 CA008748, CA17118, 2017 SGR 1035, CPII18/00026, PI17/01304, CPII18/00026, GCB13131592CAST","Instituto de Salud Carlos III and co-funded by the European Regional Development Fund (ERDF), Fundació Universitària Agustí Pedro i Pons, Instituto de Salud Carlos III, CIBEREHD and CIBERNED programs from Instituto de Salud Carlos III, Generalitat de Catalunya [2017 SGR 1035], MICINN/MINECO, COST, European Regional Development Fund, NCI NIH HHS, Agència de Gestió d'Ajuts Universitaris i de Recerca, COST Action, Instituto de Salud Carlos III, the Agència de Gestió d’Ajuts Universitaris i de Recerca, Generalitat de Catalunya, European Regional Development Fund, Instituto de Salud Carlos III and co-funded by the European Regional Development Fund (ERDF), Fundación Científica de la Asociación Española Contra el Cáncer",3,PCIG: a web-based application to explore immune-genomics interactions across cancer types.
38886186,2024-05-01,"Eight-Year Program of Clinical Medicine, Peking Union Medical College Hospital, Chinese Academy of Medical Sciences & Peking Union Medical College, Beijing 100006, China.","Jiang Z, Wu Y, Miao Y, Deng K, Yang F, Xu S, Wang Y, You R, Zhang L, Fan Y, Guo W, Lian Q, Chen L, Zhang X, Zheng Y, Gu J","2021YFF1200901, 62133006","National Key R&amp;D Program of China, National Natural Science Foundation of China",9,HCCDB v2.0: Decompose Expression Variations by Single-cell RNA-seq and Spatial Transcriptomics in HCC.
38346982,2024-02-12,"School of Information and Artificial Intelligence, Anhui Beidou Precision Agriculture Information Engineering Research Center, Anhui Agricultural University, Hefei, Anhui, 230036, China.","Gao Y, Zhou Q, Luo J, Xia C, Zhang Y, Yue Z","62102004, 62102004","National Natural Science Foundation of China, National Natural Science Foundation of China (National Science Foundation of China)",4,Crop-GPA: an integrated platform of crop gene-phenotype associations.
37956313,2024-01-01,"European Molecular Biology Laboratory, European Bioinformatics Institute, Wellcome Genome Campus, Hinxton, Cambridge CB10 1SD, UK.","Yuan D, Ahamed A, Burgin J, Cummins C, Devraj R, Gueye K, Gupta D, Gupta V, Haseeb M, Ihsan M, Ivanov E, Jayathilaka S, Kadhirvelu VB, Kumar M, Lathi A, Leinonen R, McKinnon J, Meszaros L, O'Cathail C, Ouma D, Paupério J, Pesant S, Rahman N, Rinck G, Selvakumar S, Suman S, Sunthornyotin Y, Ventouratou M, Vijayaraja S, Waheed Z, Woollard P, Zyoud A, Burdett T, Cochrane G","226458, 815668, 817923, 101059492, 10111280, 215800//Z//19//Z, 226458/Z/22/Z, 101059915, 101094227, 824087, 848158, 874735, MOORE-5257, 101046203, 215800, 824110, 862923, MOORE-8897, 817998, 871075, 101007492, 226458//Z//22//Z, 825746, 862409, BB//V01868X//1, 215800/Z/19/Z","Wellcome Trust, BovReg, Aqa-FAANG, European Union&apos;s Horizon 2020 and Horizon Europe research and innovation programmes, BGE, eDNAqua-Plan, Gordon and Betty Moore Foundation, SP3, Wellcome Trust, BioOcean5D, Blue-Cloud 2026, EOSC-Life, EarlyCause, VEO, UniEuk, BY-COVID, Wellcome Trust, EASI-Genomics, AtlantECO, Aquatic Symbiosis, European Molecular Biology Laboratory, GENE-SwitCh, ELIXIR-CONVERGE, BiCIKL, Wellcome Trust, RECODID, BlueCloud, Biotechnology and Biological Sciences Research Council, Wellcome Trust, Wellcome Trust",53,The European Nucleotide Archive in 2023.
34718715,2022-01-01,"Department of Pharmacology and Regenerative Medicine, University of Illinois at Chicago, USA.","Tang G, Cho M, Wang X","R35 GM141535, R01DE026471, R35GM141535, R01 DE026471","NIGMS NIH HHS, National Institutes of Health, National Institutes of Health, NIDCR NIH HHS",230,OncoDB: an interactive online database for analysis of gene expression and viral infection in cancer.
39246384,2024-08-16,"Laboratory of Molecular Oncology, Frontiers Science Center for Disease-related Molecular Network, State Key Laboratory of Biotherapy and Cancer Center, West China Hospital, Sichuan University, Chengdu 610064, China.","Zuo Y, Liu W, Jin Y, Pan Y, Fan T, Fu X, Guo J, Tan S, He J, Yang Y, Li Z, Yang C, Peng Y",,,3,C2CDB: an advanced platform integrating comprehensive information and analysis tools of cancer-related circRNAs.
34850161,2022-01-01,"Aix Marseille Univ, CNRS, UMR7257 AFMB, Marseille, France.","Drula E, Garron ML, Dogan S, Lombard V, Henrissat B, Terrapon N",,,1296,The carbohydrate-active enzyme database: functions and literature.
37106367,2023-04-27,"State Key Laboratory of Farm Animal Biotech Breeding, College of Biological Sciences, China Agricultural University, Beijing, 100193, China.","Guo X, Wang T, Jiang L, Qi H, Zhang Z",31970645,National Natural Science Foundation of China,7,PlaASDB: a comprehensive database of plant alternative splicing events in response to stress.
40011321,2025-02-26,"Department of Cognitive Sciences, United Arab Emirates University, Al Ain, 15551, UAE. s.boudelaa@uaeu.ac.ae.","Boudelaa S, Carreiras M, Jariya N, Perea M",,United Arab Emirates University,0,SUBTLEX-AR: Arabic word distributional characteristics based on movie subtitles.
38335248,2024-04-01,"Department of Biotechnology, Bhupat and Jyoti Mehta School of Biosciences, Indian Institute of Technology Madras, Chennai 600036, India.","Shanmugam NRS, Kulandaisamy A, Veluraja K, Gromiha MM","IF170342, BT/PR39164/BID/7/965/2020","Ministry of Education, India, Department of Biotechnology, Government of India, Department of Biotechnology and Indian Institute of Technology Madras",1,CarbDisMut: database on neutral and disease-causing mutations in human carbohydrate-binding proteins.
39373502,2025-01-01,"Department of Infectious Diseases, Shanghai Sixth People's Hospital Affiliated to Shanghai Jiao Tong University School of Medicine, Shanghai 200233, China.","Liu G, Li X, Guan J, Tai C, Weng Y, Chen X, Ou HY","GWV1-11.2-XD01, 20240818, 32070572, 2023YFC2307103, 82270630, SHDC2022CRD039","Talent Program on Public Health System Construction of Shanghai, Shanghai Jiao Tong University School of Medicine, National Natural Science Foundation of China, National Key Research and Development Program of China, National Natural Science Foundation of China, Shanghai Hospital Development Center Foundation",11,oriTDB: a database of the origin-of-transfer regions of bacterial mobile genetic elements.
39541343,2024-11-14,"Innovative Institute of Chinese Medicine and Pharmacy, Academy for Interdiscipline, Chengdu University of Traditional Chinese Medicine, Chengdu, China.","Zhang Y, Yang T, Yang Y, Xu D, Hu Y, Zhang S, Luo N, Ning L, Ren L","62471071, 62202069, 2023M730507, 2023M730507, 62071099","China Postdoctoral Science Foundation, National Natural Science Foundation of China, National Natural Science Foundation of China, the China Postdoctoral Science Foundation, Natural Science Foundation of Sichuan Province, National Natural Science Foundation of China",1,siRNAEfficacyDB: An experimentally supported small interfering RNA efficacy database.
39812795,2025-01-15,"Office of Dietary Supplements, National Institutes of Health, Bethesda, MD, USA. kuszakaj@nih.gov.","Kuszak AJ, Hosbas Coskun S, Wise SA",,National Institutes of Health,0,A new database to guide reference material selection for dietary supplement and nutrition science.
39283925,2024-09-16,"REW Hancock Laboratory, Center for Microbial Diseases and Immunity Research, Department of Microbiology and Immunology, University of British Columbia, Vancouver, British Columbia, Canada.","Blimkie TM, An A, Hancock REW",FDN 154287,"Canada Graduate Scholarships Doctoral Program, Canadian Institutes of Health Research",3,Facilitating pathway and network based analysis of RNA-Seq data with pathlinkR.
37823705,2024-01-01,"Genomics Research Center, Academia Sinica, Taipei, Taiwan.","Chiang TW, Jhong SE, Chen YC, Chen CY, Wu WS, Chuang TJ","MOST 110-2221-E-006-198-MY3, NSTC 112-2311-B-001-023-MY3, MOST 111-2221-E-006-151-MY3","Genomics Research Center, Academia Sinica, National Science and Technology Council, National Science and Technology Council, National Science and Technology Council",14,FL-circAS: an integrative resource and analysis for full-length sequences and alternative splicing of circular RNAs with nanopore sequencing.
39588754,2025-01-01,"Department of Biosciences, Biotechnologies and Environment, University of Bari Aldo Moro, via Orabona 4, 70125, Bari, Italy.","D'Addabbo P, Cohen-Fultheim R, Twersky I, Fonzino A, Silvestris DA, Prakash A, Mazzacuva PL, Vizcaino JA, Green A, Sweeney B, Yates A, Lussi Y, Luo J, Martin MJ, Eisenberg E, Levanon EY, Pesole G, Picardi E","2022-RNAediting, B53C22001800006, H33C22000680006, H93C22000660006, 1945/18, H93C22000430007, H93C22000450007","ELIXIR, ELIXIRxNextGenIT, AGE-IT, MNESYS, Israel Science Foundation, National Center for Gene Therapy and Drugs based on RNA Technology, National Centre for HPC",8,REDIportal: toward an integrated view of the A-to-I editing.
39298565,2024-09-01,"Computational Structural Biology Lab, CSIR-Institute of Genomics and Integrative Biology, Mathura Road, New Delhi 110025, India.","Neha, Castin J, Fatihi S, Gahlot D, Arun A, Thukral L",NNP project (BT/PR40265/BTIS/137/62/2023),"Department of Biotechnology, Ministry of Science and Technology, India",0,Autophagy3D: a comprehensive autophagy structure database.
35971612,2023-01-01,"Department of Biochemistry and Functional Genomics, Faculté de médecine et des sciences de la santé, Université de Sherbrooke, QC J1E 4K8, Canada.","Vannutelli A, Schell LLN, Perreault JP, Ouangraoua A","RGPIN-05552-17, NSERC RGPIN-155219-17","Natural Sciences and Engineering Research Council of Canada, Natural Sciences and Engineering Research Council of Canada, Fonds de recherche du Quebec Nature et technologies",4,GAIA: G-quadruplexes in alive creature database.
36416266,2023-01-01,"Department of Biomedical Sciences, University of Padova, Padova, Italy.","Piovesan D, Del Conte A, Clementel D, Monzon AM, Bevilacqua M, Aspromonte MC, Iserte JA, Orti FE, Marino-Buslje C, Tosatto SCE","2017483NH8, 778247","Italian Ministry of University and Research, European Union&apos;s Horizon 2020",109,MobiDB: 10 years of intrinsically disordered proteins.
37386017,2023-06-29,"Geneton Ltd., Bratislava, Slovakia.","Sládeček T, Gažiová M, Kucharík M, Zaťková A, Pös Z, Pös O, Krampl W, Tomková E, Hýblová M, Minárik G, Radvánszky J, Budiš J, Szemes T",,,2,Combination of expert guidelines-based and machine learning-based approaches leads to superior accuracy of automated prediction of clinical effect of copy number variations.
34718734,2022-01-01,"School of Life Sciences, State Key Laboratory of Oncology in South China, Cancer Center, Collaborative Innovation Center for Cancer Medicine, Sun Yat-sen University, Guangzhou 510060, China.","Liu M, Li H, Luo X, Cai J, Chen T, Xie Y, Ren J, Zuo Z","2020A1515011219, 31771462, 2017ZT07S096, U1611261, 81772614, 2021B1515020108, 31801105, 91753137","Guangdong Basic and Applied Basic Research Foundation, National Natural Science Foundation of China, Program for Guangdong Introducing Innovative and Entrepreneurial Teams, National Natural Science Foundation of China, National Natural Science Foundation of China, Guangdong Basic and Applied Basic Research Foundation, National Natural Science Foundation of China, National Natural Science Foundation of China",23,RPS: a comprehensive database of RNAs involved in liquid-liquid phase separation.
34570217,2022-01-01,"Department of Bioinformatics, The Province and Ministry Co-sponsored Collaborative Innovation Center for Medical Epigenetics, School of Basic Medical Sciences, National Clinical Research Center for Cancer, Tianjin Medical University Cancer Institute and Hospital, Tianjin Medical University, Tianjin 300070, China.","Huang D, Zhou Y, Yi X, Fan X, Wang J, Yao H, Sham PC, Hao J, Chen K, Li MJ","2018YFC1315600, 31871327, 32070675, 19JCJQJC63600","Chinese National Key Research and Development, National Natural Science Foundation of China, National Natural Science Foundation of China, Natural Science Foundation of Tianjin",44,VannoPortal: multiscale functional annotation of human genetic variants for interrogating molecular mechanism of traits and diseases.
36083565,2022-11-01,"Graduate School of Biostudies, Kyoto University, Kyoto, 606-8502 Japan.","Kawamura S, Romani F, Yagura M, Mochizuki T, Sakamoto M, Yamaoka S, Nishihama R, Nakamura Y, Yamato KT, Bowman JL, Kohchi T, Tanizawa Y","21J15550, 17H07424, 19H05675, 22H00417, 16H06279, 20K15783, DP200100225, BB/T007117/1","Grant-in-Aid for JSPS Research Fellows, Japan Society for the Promotion of Science, Grants-in-Aid for Scientific Research, Japan Society for the Promotion of Science, Grants-in-Aid for Scientific Research, Japan Society for the Promotion of Science, Grants-in-Aid for Scientific Research, Japan Society for the Promotion of Science, Grants-in-Aid for Scientific Research, Japan Society for the Promotion of Science, Grants-in-Aid for Scientific Research, Australian Research Council, Biotechnology and Biological Sciences Research Council",35,"MarpolBase Expression: A Web-Based, Comprehensive Platform for Visualization and Analysis of Transcriptomes in the Liverwort Marchantia polymorpha."
39163546,2024-08-01,"Shenzhen Key Laboratory for Systems Medicine in Inflammatory Diseases, School of Medicine, Shenzhen Campus of Sun Yat-Sen University, 66#, Gongchang Road, Shenzhen, Guangdong 518107, China.","Xu M, Fang M, Chen Q, Xiao W, Xu Z, Cai B, Zhao Z, Wang T, Zhu Z, Chen Y, Zhu Y, Dai M, Jiang T, Li X, Chun S, Zhou R, Li Y, Gou Y, He J, Luo L, You L, Jiang X","2021A1515011345, 32200927 82271899, FS0AA-KJ919-4402-0027, ZDSYS20220606100803007","Natural Science Foundation of Guangdong Province, National Natural Science Foundation of China, Technology innovation group project of Foshan 2019, Tongchuang Intelligent Medical Interdisciplinary Talent Training Fund Project and the Program of Shenzhen Key Laboratory for Systems Medicine in Inflammatory Diseases",0,GMMID: genetically modified mice information database.
37864836,2023-10-01,"Institut de Ciències del Mar (ICM-CSIC), Passeig Marítim de la Barceloneta 37-49, 08003 Barcelona, Catalonia, Spain.","Ribera-Altimir J, Llorach-Tó G, Sala-Coromina J, Company JB, Galimany E",ARP029/18/00003 ARP140/20/000006,"European Maritime and Fisheries Fund, European Regional Development Fund, Catalan General Directorate of Marine Policy and Sustainable Fisheries, Catalan Institute for Ocean Governance Research",0,Fisheries data management systems in the NW Mediterranean: from data collection to web visualization.
34792163,2022-01-01,"State Key Laboratory of Pharmaceutical Biotechnology, School of Life Sciences, Chemistry and Biomedicine Innovation Center (ChemBIC), Nanjing University, Nanjing 210023, China.","Lin R, Zhong X, Zhou Y, Geng H, Hu Q, Huang Z, Hu J, Fu XD, Chen L, Chen JY","13006002, 2020CFA017, 31970619, 14912218, 32170653, 32171289","Innovative Research Program for Overseas Returnee of Nanjing, Innovative Research Group Program of Hubei Province, National Natural Science Foundation of China, Nanjing University, National Natural Science Foundation of China, National Natural Science Foundation of China",49,R-loopBase: a knowledgebase for genome-wide R-loop formation and regulation.
37178209,2023-05-01,"Service of Wood Biology, Royal Museum for Central Africa, Leuvensesteenweg 13, Tervuren 3080, Belgium.","De Blaere R, Lievens K, Van Hassel D, Deklerck V, De Mil T, Hubau W, Van Acker J, Bourland N, Verwaeren J, Van den Bulcke J, Beeckman H","B2/202/P2 BOFSTG2018000701, BOFSTG2018000701","Belgian Science Policy Office, Special Research Fund through the BOF",4,SmartWoodID-an image collection of large end-grain surfaces to support wood identification systems.
35577067,2022-05-14,"Department of Experimental Oncology, European Institute of Oncology IRCCS, Milan, Italy; European School of Molecular Medicine (SEMM), Milan, Italy.","Massignani E, Giambruno R, Maniaci M, Nicosia L, Yadav A, Cuomo A, Raimondi F, Bonaldi T",,,6,ProMetheusDB: An In-Depth Analysis of the High-Quality Human Methyl-proteome.
38412834,2024-02-01,"Pacific Northwest National Laboratory, Seattle, WA, USA.","Feng S, Calinawan A, Pugliese P, Wang P, Ceccarelli M, Petralia F, Gosline SJC","U24 CA271114, U01 CA271412","NCI NIH HHS, NCI NIH HHS",3,Decomprolute is a benchmarking platform designed for multiomics-based tumor deconvolution.
36964722,2023-05-01,School of Computer Science and Engineering at Sun Yat-sen University.,"Yuan Q, Xie J, Xie J, Zhao H, Yang Y","202002020047, 202007030010, 12126610, 2019B020228001, 2018B0101090060, 2022YFF1203100","Guangzhou S&amp;T Research Plan, Guangzhou S&amp;T Research Plan, National Natural Science Foundation of China, Guangdong Key Field R&amp;D Plan, Guangdong Key Field R&amp;D Plan, National Key R&amp;D Program of China",66,Fast and accurate protein function prediction from sequence through pretrained language model and homology-based label diffusion.
38597606,2024-07-01,"European Molecular Biology Laboratory, European Bioinformatics Institute (EMBL-EBI), Wellcome Trust Genome Campus, Hinxton, Cambridge CB10 1SD, UK.","Madeira F, Madhusoodanan N, Lee J, Eusebi A, Niewielska A, Tivey ARN, Lopez R, Butcher S",,EMBL-EBI,834,The EMBL-EBI Job Dispatcher sequence analysis tools framework in 2024.
39271119,2025-01-01,"College of Pharmaceutical Sciences, Children's Hospital, The Second Affiliated Hospital, Zhejiang University School of Medicine, National Clinical Research Center for Child Health, Zhejiang University, Hangzhou 310058, China.","Li F, Mou M, Li X, Xu W, Yin J, Zhang Y, Zhu F","2020C03010, 2022YFC3400501, 62402416, 2018QNA7023, 81872798, 181201*194232101, 2020C03010, 2022YFC3400501, LR21H300001, 22220102001, 82373790, U1909208","Westlake Laboratory, Key R&D Program of Zhejiang, National Key R&amp;D Program of China, National Natural Science Foundation of China, Zhejiang University, Fundamental Research Funds for Central Universities, National Natural Science Foundation of China, Leading Talent of the ‘Ten Thousand Plan’ National High-Level Talents Special Support Plan of China, Double Top-Class University, Key R&amp;D Program of Zhejiang, National Key R&D Program of China, Natural Science Foundation of Zhejiang Province, National Natural Science Foundation of China, National Natural Science Foundation of China, National Natural Science Foundation of China, Alibaba-Zhejiang University Joint Research Center of Future Digital Healthcare, Leading Talent of the 'Ten Thousand Plan' National High-Level Talents Special Support Plan of China, Westlake Laboratory (Westlake Lab of Life Sciences and Biomedicine)",3,DrugMAP 2.0: molecular atlas and pharma-information of all drugs.
35753693,2022-07-01,"Institute for Computational Systems Biology, University of Hamburg, Hamburg, Germany.","Adamowicz K, Maier A, Baumbach J, Blumenthal DB","01ZX1908A, 13154, 01ZX1910D","German Federal Ministry of Education and Research, VILLUM Young Investigator, German Federal Ministry of Education and Research",9,"Online in silico validation of disease and gene sets, clusterings or subnetworks with DIGEST."
34954787,2022-03-01,"Department of Biology, University of Rome Tor Vergata, 00133 Rome, Italy.","De Marinis I, Lo Surdo P, Cesareni G, Perfetto L",20322,AIRC,13,SIGNORApp: a Cytoscape 3 application to access SIGNOR data.
35900159,2022-09-01,"Department of Biomedical Informatics, Stony Brook University, Stony Brook, NY 11794, USA.","Ruan E, Nemeth E, Moffitt R, Sandoval L, Machiela MJ, Freedman ND, Huang WY, Wong W, Chen KL, Park B, Jiang K, Hicks B, Liu J, Russ D, Minasian L, Pinsky P, Chanock SJ, Garcia-Closas M, Almeida JS",,NIH,3,"PLCOjs, a FAIR GWAS web SDK for the NCI Prostate, Lung, Colorectal and Ovarian Cancer Genetic Atlas project."
40331428,2025-07-01,"European Molecular Biology Laboratory, European Bioinformatics Institute (EMBL-EBI), Wellcome Genome Campus, Hinxton CB10 1SD, United Kingdom.","Ahmad S, Jose da Costa Gonzales L, Bowler-Barnett EH, Rice DL, Kim M, Wijerathne S, Luciani A, Kandasaamy S, Luo J, Watkins X, Turner E, Martin MJ","U24HG007822, U24HG007822, U24 HG007822","NIGMS NIH HHS, National Institute of General Medical Sciences, National Institutes of Health, NIH HHS, European Molecular Biology Laboratory, NIA NIH HHS, National Institute of Allergy and Infectious Diseases, National Human Genome Research Institute, NCI NIH HHS, NIH HHS, NHLBI NIH HHS, National Cancer Institute, EMBL, National Heart, Lung, and Blood Institute, National Institute of Diabetes and Digestive and Kidney Diseases, National Institute on Aging, State Secretariat for Education, Research and Innovation, National Institutes of Health, NIDDK NIH HHS, National Eye Institute, SERI, NHGRI NIH HHS, NEI NIH HHS",23,The UniProt website API: facilitating programmatic access to protein knowledge.
38172657,2024-01-03,"Department of Biostatistics and Bioinformatics, Roswell Park Comprehensive Cancer Center, Buffalo, NY, 14263, USA. Qian.Liu@RoswellPark.org.","Liu Q, Hu Q, Liu S, Hutson A, Morgan M","U24CA232979; U24180996; U24CA274159, U41HG004059, UL1TR0012-05, U24 CA274159, UL1TR0012-05, U41 HG004059, U24 CA232979","National Cancer Institute, United States, National Human Genome Research Institute,United States, NCATS NIH HHS, NCI NIH HHS, National Center for Advancing Translational Sciences, NHGRI NIH HHS, NCI NIH HHS",1,ReUseData: an R/Bioconductor tool for reusable and reproducible genomic data management.
39494542,2025-01-01,"Centre for Bioinformatics and Intelligent Medicine, College of Computer Science, Nankai University, No.38 Tongyan Road, 300350 Tianjin, China.","Ruan Z, Lin F, Zhang Z, Cao J, Xiang W, Wei X, Liu J","2020YFA0908702, 2020YFA0908700, 62272246","National Key Research and Development Program of China, National Key Research and Development Program of China, National Natural Science Foundation of China",2,Pairpot: a database with real-time lasso-based analysis tailored for paired single-cell and spatial transcriptomics.
39773409,2025-01-07,"Department of Genetics, School of Life Science, The Graduate University for Advanced Studies (SOKENDAI), Mishima, 411-8540, Japan.","Elmanzalawi M, Fujisawa T, Mori H, Nakamura Y, Tanizawa Y","JP23wm0225029, JPMJND2206, JP22H04925","Ohsumi Frontier Science Foundation, AMED, JST NBDC, JSPS KAKENHI",9,DFAST_QC: quality assessment and taxonomic identification tool for prokaryotic Genomes.
39162009,2024-09-01,"Developmental Therapeutics Branch, Center for Cancer Research, National Cancer Institute, National Institutes of Health, Bethesda, Maryland.","Arakawa Y, Elloumi F, Varma S, Khandagale P, Jo U, Kumar S, Roper N, Reinhold WC, Robey RW, Takebe N, Gottesman MM, Thomas CJ, Boeva V, Berruti A, Abate A, Tamburello M, Sigala S, Hantel C, Weigand I, Wierman ME, Kiseljak-Vassiliades K, Del Rivero J, Pommier Y",Z01 BC006150,Intramural NIH HHS,1,"A Database Tool Integrating Genomic and Pharmacologic Data from Adrenocortical Carcinoma Cell Lines, PDX, and Patient Samples."
36281025,2022-12-01,"Computational Biology Program, The University of Kansas, Kansas, USA.","Collins KW, Copeland MM, Kotthoff I, Singh A, Kundrotas PJ, Vakser IA","DBI1917263, R01GM074255, R01 GM074255","National Science Foundation of Sri Lanka, National Institute of General Medical Sciences, NIGMS NIH HHS",12,Dockground resource for protein recognition studies.
40626310,2025-06-20,"Department of Spleen and Stomach Diseases, The Affiliated Traditional Chinese Medicine Hospital of Southwest Medical University, Luzhou, Sichuan, China.","Zhou X, Yang Y, Liu YL, Hao WA, Ao XY, Liu JQ, Zhang Y, Li Z",,,0,Understanding the treatment of acute pancreatitis and its complications -a database for assessing traditional Chinese medicine use.
36318261,2023-01-01,"National Genomics Data Center, Beijing Institute of Genomics, Chinese Academy of Sciences and China National Center for Bioinformation, Beijing 100101, China.","Duan G, Wu G, Chen X, Tian D, Li Z, Sun Y, Du Z, Hao L, Song S, Gao Y, Xiao J, Zhang Z, Bao Y, Tang B, Zhao W","2018YFD1000505, 32100506, 32170678, CAS-WX2022SDC-XK05, XDB38050300, 32100511","National Key Research and Development Program of China, National Natural Science Foundation of China, National Natural Science Foundation of China, Genomics Data Center Operation and Maintenance of Chinese Academy of Sciences, Strategic Priority Research Program of the Chinese Academy of Sciences, National Natural Science Foundation of China",9,HGD: an integrated homologous gene database across multiple species.
34634807,2022-01-01,"BGI-Shenzhen, Shenzhen 518083, China.","Chen D, Tan C, Ding P, Luo L, Zhu J, Jiang X, Ou Z, Ding X, Lan T, Zhu Y, Jia Y, Wei Y, Li R, Qin Q, Sun C, Zhao W, Lv Z, Wang H, Wu W, Yuan Y, Pu M, Li Y, Zhang Y, Chang A, Guo G, Bai Y, Jin X, Liu H",,,14,VThunter: a database for single-cell screening of virus target cells in the animal kingdom.
38048333,2024-01-01,"School of Computer and Information Technology, Xinyang Normal University, Xinyang 464000, PR China.","Zhang J, Basu S, Kurgan L","2125218, 222102210246, 2146027","National Science Foundation, Science and Technology Department of Henan Province, National Science Foundation, Nanhu Scholars Program for Young Scholars of Xinyang Normal University, Robert J. Mattauch Endowed Chair",26,HybridDBRpred: improved sequence-based prediction of DNA-binding amino acids using annotations from structured complexes and disordered proteins.
35891797,2022-07-18,"Shanghai Institute for Advanced Immunochemical Studies, ShanghaiTech University, Shanghai 201210, China.","Mei H, Gu Q, Wang W, Meng Y, Jiang L, Liu J",,,4,CRISPR-surfaceome: An online tool for designing highly efficient sgRNAs targeting cell surface proteins.
38500042,2024-03-18,"Department of Biostatistics, University of Florida, Gainesville, FL, USA.","Ahn S, Datta S","NIH T32AA025877, T32 AA025877, NIH T32AA025877","National Institute on Alcohol Abuse and Alcoholism, NIAAA NIH HHS, NIAAA NIH HHS",1,Differential network connectivity analysis for microbiome data adjusted for clinical covariates using jackknife pseudo-values.
35735230,2022-06-01,"Sage Bionetworks, 2901 Third Ave., Suite 330, Seattle, WA 98121, USA.","Clayton A, DeFelice M, Zalmanek B, Hodgson J, Morin C, Simon S, Bletz JA, Eddy JA, Nikolov M, Banerjee J, Vinnakota K, Marasca M, Boske KJ, Hoff B, Bradic L, Kim Y, Goss JR, Allaway RJ",821001,Gilbert Family Foundation,2,Centralizing neurofibromatosis experimental tool knowledge with the NF Research Tools Database.
35614082,2022-05-25,"Alberta Children's Hospital Research Institute, University of Calgary, 28 Oki Dr NW, Calgary, AB, T3B 6A8, Canada.","Devine J, Vidal-García M, Liu W, Neves A, Lo Vercio LD, Green RM, Richbourg HA, Marchini M, Unger CM, Nickle AC, Radford B, Young NM, Gonzalez PN, Schuler RE, Bugacov A, Rolian C, Percival CJ, Williams T, Niswander L, Calof AL, Lander AD, Visel A, Jirik FR, Cheverud JM, Klein OD, Birnbaum RY, Merrill AE, Ackermann RR, Graf D, Hemberger M, Dean W, Forkert ND, Murray SA, Westerberg H, Marcucio RS, Hallgrímsson B","159920, 2R01DE019638, R01 DE028599, R56 DE029124, R01 DE012728, R01 HL138659, U01 DE028729, U54 HG006370, R01 DE019638, R35 DE026602, U01DE028729, P30 DK063720, R01 DE019843, 238992-17, R01 DE025222","Gouvernement du Canada | Canadian Institutes of Health Research, U.S. Department of Health &amp; Human Services | National Institutes of Health, NIDCR NIH HHS, NIDCR NIH HHS, NIDCR NIH HHS, NHLBI NIH HHS, NIDCR NIH HHS, Alberta Innovates | Alberta Innovates - Health Solutions, NHGRI NIH HHS, NIDCR NIH HHS, NIDCR NIH HHS, U.S. Department of Health &amp; Human Services | National Institutes of Health, NIDDK NIH HHS, NIDCR NIH HHS, U.S. Department of Health &amp; Human Services | National Institutes of Health, Gouvernement du Canada | Natural Sciences and Engineering Research Council of Canada, NIDCR NIH HHS, UCalgary | Alberta Children&amp;apos;s Hospital Research Institute",9,"MusMorph, a database of standardized mouse morphology data for morphometric meta-analyses."
39838181,2025-01-21,"College of Psychology, Liaoning Normal University, No. 850 Huanghe Road, Dalian, 116029, Liaoning, China. jzqcjj@hotmail.com.","Jiang Z, Long Y, Zhang X, Liu Y, Bai X",,,0,"CNEV: A corpus of Chinese nonverbal emotional vocalizations with a database of emotion category, valence, arousal, and gender."
37897348,2024-01-01,"Swiss-Prot group, SIB Swiss Institute of Bioinformatics, CMU, 1 Michel Servet, 1211 Geneva 4, Switzerland.","De Castro E, Hulo C, Masson P, Auchincloss A, Bridge A, Le Mercier P",,"Swiss South African Joint Research Programme (SSJRP), Swiss Federal Government through the State Secretariat for Education, Research and Innovation SERI, Swiss South African Joint Research Programme",13,ViralZone 2024 provides higher-resolution images and advanced virus-specific resources.
39494524,2025-01-01,"The First Affiliated Hospital & National Health Commission Key Laboratory of Birth Defect Research and Prevention, Hengyang Medical School, University of South China, Hengyang, Hunan 421001, China.","Li YY, Zhou LW, Qian FC, Fang QL, Yu ZM, Cui T, Dong FJ, Cai FH, Yu TT, Li LD, Wang QY, Zhu YB, Tang HF, Hu BY, Li CQ","20224310NHYCG05, 62171166, 62301246, R2023131, 20210002-1005 USCAT-2021-01, 2023JJ30536, 62272212, 20214310NHYCG03, W20241008, 2023TP1047, 2024RC1062, 2023JJ30547","University of South China, National Natural Science Foundation of China, National Natural Science Foundation of China, Hunan Provincial Health High-Level Talent Scientific Research Project, Clinical Research 4310 Program of the, Research Foundation of the First Affiliated Hospital of University of South China for Advanced Talents, Natural Science Foundation of Hunan Province, National Natural Science Foundation of China, University of South China, Health Research Project of Hunan Provincial Health Commission, Innovation Platform and Talent Program, Science and Technology Innovation Program of Hunan Province, Natural Science Foundation of Hunan Province",24,scImmOmics: a manually curated resource of single-cell multi-omics immune data.
37971299,2024-01-01,"Bioinformation and DDBJ Center, National Institute of Genetics, Mishima, Shizuoka 411-8540, Japan.","Ara T, Kodama Y, Tokimatsu T, Fukuda A, Kosuge T, Mashima J, Tanizawa Y, Tanjo T, Ogasawara O, Fujisawa T, Nakamura Y, Arita M","20gm1010006h0004, JPMJCR1501","DDBJ, Ministry of Education, Culture, Sports, Science and Technology (MEXT) of Japan, Japan Agency for Medical Research and Development, CREST program of the Japan Science and Technology Agency",11,DDBJ update in 2023: the MetaboBank for metabolomics data and associated metadata.
39693053,2024-12-01,"Department of Software Engineering, Faculty of Mathematics and Physics, Charles University, 118 00 Prague, Czech Republic.","Škrhák V, Novotný M, Feidakis CP, Krivák R, Hoksza D",23-07349S,Czech Science Foundation,2,CryptoBench: cryptic protein-ligand binding sites dataset and benchmark.
37811874,2024-01-01,"Lester and Sue Smith Breast Center and Dan L. Duncan Comprehensive Cancer Center, Baylor College of Medicine, Houston, TX 77030, USA.","Moon CI, Elizarraras JM, Lei JT, Jia B, Zhang B","RR160027, T32GM136554, T32GM136554, RP220050, T32 GM136554","Cancer Prevention and Research Institute of Texas, The Robert and Janice McNair Foundation, National Institute of General Medical Sciences, NIGMS NIH HHS, Cancer Prevention and Research Institute of Texas, NIGMS NIH HHS",9,ClinicalOmicsDB: exploring molecular associations of oncology drug responses in clinical trials.
36124670,2023-01-01,"Laboratory of RNA Regulatory Networks, Department of Cellular, Computational and Integrative Biology (CIBIO), University of Trento, 38123 Trento, Italy.","Bourdon S, Herviou P, Dumas L, Destefanis E, Zen A, Cammas A, Millevoi S, Dassi E",ANR-17-CE12-0017-01,"MENRT, FRM, ANR, University of Trento",32,QUADRatlas: the RNA G-quadruplex and RG4-binding proteins database.
37016293,2023-04-04,"Resource Institute for Chinese and Ethnic Materia Medica, Guizhou University of Traditional Chinese Medicine, Guizhou, 550025, China.","Yang J, Li P, Li Y, Xiao Q","32260140, (2020)32, (2019)141, 32160139","National Natural Science Foundation of China, Ph.D. Startup Foundation of Guizhou University of Traditional Chinese Medicine, Ph.D. Startup Foundation of Guizhou University of Traditional Chinese Medicine, National Natural Science Foundation of China",7,GelFAP v2.0: an improved platform for Gene functional analysis in Gastrodia elata.
37207333,2023-07-01,"Medicinal Chemistry Research Group and National Laboratory for Drug Researchand Development, Research Centre for Natural Sciences, Magyar tudósok krt. 2, 1117 Budapest, Hungary.","Bajusz D, Pándy-Szekeres G, Takács Á, de Araujo ED, Keserű GM","956314, K135150, RRF-2.3.1-21-2022-00015","MSCA ITN ALLODD, National Research Development and Innovation Office of Hungary, ÚNKP-22-5 New National Excellence Program, Hungarian Academy of Sciences, National Research Development and Innovation Office of Hungary",6,"SH2db, an information system for the SH2 domain."
39677536,2024-12-13,"Department of Computer Science, University of Sheffield, Sheffield S10 2TN, United Kingdom.","Zhao Z, Thomas J, Kell G, Stansfield C, Clowes M, Graziosi S, Brunton J, Marshall IJ, Stevenson M",NIHR133603,National Institute for Health Research (NIHR),0,The FAIR database: facilitating access to public health research literature.
37275273,2023-06-01,"Department of Internal Medicine, Washington University School of Medicine, St. Louis, MO 63108, USA.","Othoum G, Maher CA","R01 CA203995, R01 CA203995","NCI NIH HHS, National Institutes of Health, National Cancer Institute",5,CrypticProteinDB: an integrated database of proteome and immunopeptidome derived non-canonical cancer proteins.
34614159,2022-01-01,"State Key Laboratory of Biocatalysis and Enzyme Engineering, Environmental Microbial Technology Center of Hubei Province, and School of Life Sciences, Hubei University, Wuhan430062, China.","Zhou P, Wang L, Liu H, Li C, Li Z, Wang J, Tan X","CASKLB201802, 2018FB09, SKLBEE2019015, 31871303","Chinese Academy of Sciences, State Key Laboratory of Freshwater Ecology and Biotechnology, State Key Laboratory of Biocatalysis and Enzyme Engineering, National Natural Science Foundation of China",9,CyanoOmicsDB: an integrated omics database for functional genomic analysis of cyanobacteria.
35639517,2022-07-01,"Department of Microbiology and Immunology, University of Otago, Dunedin, New Zealand.","Payne LJ, Meaden S, Mestre MR, Palmer C, Toro N, Fineran PC, Jackson SA",,"Royal Society of New Zealand Te Apārangi (RSNZ) Marsden, University of Otago Doctoral Scholarship, University of Otago, Bioprotection Aotearoa",148,PADLOC: a web server for the identification of antiviral defence systems in microbial genomes.
35556129,2022-07-01,"Chair for Clinical Bioinformatics, Saarland University, 66123 Saarbrücken, Germany.","Aparicio-Puerta E, Gómez-Martín C, Giannoukakos S, Medina JM, Scheepbouwer C, García-Moreno A, Carmona-Saez P, Fromm B, Pegtel M, Keller A, Marchal JA, Hackenberg M","CCA2021-9-77, 20_SG_BF, AGL2017-88702-C2-2-R, 765492","Stichting Cancer Center Amsterdam, Tromsøforskningsstiftelse, Spanish Government, TKI-Health Holland, European Union",50,sRNAbench and sRNAtoolbox 2022 update: accurate miRNA and sncRNA profiling for model and non-model organisms.
39922822,2025-02-08,"Max Delbrück Center for Molecular Medicine in the Helmholtz Association, Berlin, Germany. wolfgang.giese@mdc-berlin.de.","Giese W, Albrecht JP, Oppenheim O, Akmeriç EB, Kraxner J, Schmidt D, Harrington K, Gerhardt H","17 CVD 03, 414984028, 414984028, 329389797, 329389797","Fondation Leducq, Deutsche Forschungsgemeinschaft (German Research Foundation), Deutsche Forschungsgemeinschaft, Deutsche Forschungsgemeinschaft, Deutsche Forschungsgemeinschaft (German Research Foundation)",5,"Polarity-JaM: an image analysis toolbox for cell polarity, junction and morphology quantification."
38389029,2024-02-22,"University of Turku, Turku, Finland. sami.itkonen@helsinki.fi.","Itkonen S, Häikiö T, Vainio S, Lehtonen M",,Turun Yliopisto,1,LASTU: A psycholinguistic search tool for Finnish lexical stimuli.
36146935,2022-09-22,"Cellular and Molecular Biotechnology Research Institute, National Institute of Advanced Industrial Science and Technology (AIST), Tokyo, Japan.","Sato R, Suzuki K, Yasuda Y, Suenaga A, Fukui K",,Japan Science and Technology Agency,6,RNAapt3D: RNA aptamer 3D-structural modeling database.
35523906,2022-05-06,"Natural and Medical Sciences Research Center, University of Nizwa, Nizwa, 616, Oman. nostoc.tapan@gmail.com.","Mohanta TK, Kamran MS, Omar M, Anwar W, Choi GS",,,3,PlantMWpIDB: a database for the molecular weight and isoelectric points of the plant proteomes.
35792866,2022-09-01,"The Patrick G Johnston Centre for Cancer Research, Queen's University Belfast, Belfast, United Kingdom.","Fisher NC, Byrne RM, Leslie H, Wood C, Legrini A, Cameron AJ, Ahmaderaghi B, Corry SM, Malla SB, Amirkhah R, McCooey AJ, Rogan E, Redmond KL, Sakhnevych S, Domingo E, Jackson J, Loughrey MB, Leedham S, Maughan T, Lawler M, Sansom OJ, Lamrock F, Koelzer VH, Jamieson NB, Dunne PD","A29834, MC_PC_21042, 29834, A25142, A25813,  MC_PC_21042, A28223, P2SKP3_168322/2, 206314/Z/17/Z, GEACC18004TAB, MR/V029711/1, 22795, C55370, P2SKP3_168322/1, A25142, MR/M016587/1, 168322, A26825, C55370/A25813","Cancer Research UK, MRC NMGN Cancer Cluster grant, Cancer Research UK, CRUK Glasgow Centre, CRUK Clinician Scientist Award, Medical Research Council, Cancer Research UK, Swiss National Science Foundation, Wellcome Trust, FC AECC, Medical Research Council, AIRC, CRUK Clinician Scientist Award, Swiss National Science Foundation, Cancer Research UK, Medical Research Council, Swiss National Science Foundation, Cancer Research UK, Cancer Research UK",25,Biological Misinterpretation of Transcriptional Signatures in Tumor Samples Can Unknowingly Undermine Mechanistic Understanding and Faithful Alignment with Preclinical Data.
35414795,2022-03-14,"Key Laboratory of Gene Engineering of the Ministry of Education, Institute of Healthy Aging Research, School of Life Sciences, Sun Yat-sen University, Guangzhou, 510006, China.","Zhu H, Huang L, Liu S, Dai Z, Songyang Z, Weng Z, Xiong Y",,,9,REIA: A database for cancer A-to-I RNA editing with interactive analysis.
39484850,2025-01-01,"Endocrine Unit, Massachusetts General Hospital, Harvard Medical School, Boston, MA 02114, USA.","Charoenngam N, Wattanachayakul P, Mannstadt M",,,2,CASRdb: A Publicly Accessible Comprehensive Database for Disease-Associated Calcium-Sensing Receptor Variants.
37856620,2023-10-19,"State Key Laboratory of Public Big Data, College of Computer Science and Technology, Guizhou University, 550025, Guiyang, P.R. China.","Liu Y, Gao Y, Chen M, Jin Y, Qin Y, Hao G","D20023, 32125033","The Program of Introducing Talents of Discipline to Universities of China, National Natural Science Foundation of China",0,GIFTdb: a useful gene database for plant fruit traits improving.
38246798,2023-12-29,"State Key Laboratory for Conservation and Utilization of Subtropical Agro-Bioresources, College of Horticulture, South China Agricultural University, Guangzhou 510640, China; Guangdong Laboratory for Lingnan Modern Agriculture, South China Agricultural University, Guangzhou 510640, China; Key Laboratory of Biology and Germplasm Enhancement of Horticultural Crops in South China, Ministry of Agriculture and Rural Affairs, South China Agricultural University, Guangzhou 510640, China.","Li G, Chen C, Chen P, Meyers BC, Xia R",,,17,sRNAminer: A multifunctional toolkit for next-generation sequencing small RNA data mining in plants.
37468182,2023-06-09,"Department of Computer Science and Operations Research, and the Institute for Research in Immunology and Cancer, Université de Montréal, Montreal, Quebec H3C 3J7, Canada.","Dupont MJ, Major F","MOP-93679, MOP-93679","Canadian Institutes of Health Research, CIHR, Natural Sciences and Engineering Research Council of Canada",5,D-ORB: A Web Server to Extract Structural Features of Related But Unaligned RNA Sequences.
39530225,2025-01-01,"Information Engineering Branch, National Center for Biotechnology Information (NCBI), National Library of Medicine (NLM), National Institutes of Health (NIH), Bethesda, MD 20894, USA.","Phan L, Zhang H, Wang Q, Villamarin R, Hefferon T, Ramanathan A, Kattman B",,"National Institutes of Health, NLM NIH HHS, National Center for Biotechnology Information, National Center for Biotechnology Information (NCBI), National Library of Medicine, NIH HHS",38,The evolution of dbSNP: 25 years of impact in genomic research.
35695435,2022-06-13,"Shanghai Engineering Research Center for Molecular Therapeutics and New Drug Development, School of Chemistry and Molecular Engineering, East China Normal University, Shanghai 200062, China.","Wang H, Pan X, Zhang Y, Wang X, Xiao X, Ji C","2016YFA0501700, 21933010","Ministry of Science and Technology of the People&apos;s Republic of China, National Natural Science Foundation of China",6,MolHyb: A Web Server for Structure-Based Drug Design by Molecular Hybridization.
39565203,2025-01-01,"Department of Drug Design and Pharmacology, Faculty of Health and Medical Sciences, University of Copenhagen, 2100 Copenhagen, Denmark.","Duong Nguyen TT, Tanoli Z, Hassan S, Özcan UO, Caroli J, Kooistra AJ, Gloriam DE, Hauser AS","NNF23OC0082561, R278-2018-180","Novo Nordisk Foundation, Lundbeck Foundation",5,PGxDB: an interactive web-platform for pharmacogenomics research.
39080561,2024-07-30,"Department of Computer Science, Brown University, Providence, RI, USA.","Xie H, Crawford L, Conard AM",,David &amp; Lucile Packard Fellowship for Science and Engineering,1,Multioviz: an interactive platform for in silico perturbation and interrogation of gene regulatory networks.
37897342,2024-01-01,"Structural and Computational Biology Unit, European Molecular Biology Laboratory, 69117 Heidelberg, Germany.","Schmidt TSB, Fullam A, Ferretti P, Orakov A, Maistrenko OM, Ruscheweyh HJ, Letunic I, Duan Y, Van Rossum T, Sunagawa S, Mende DR, Finn RD, Kuhn M, Pedro Coelho L, Bork P","NFDI4Microbiota, 031L0181A, LAMarCK, 22JC1410900, 51NF40_180575, NFDI4Microbiota","European Molecular Biology Laboratory, German Federal Ministry of Education and Research, German Federal Ministry of Education and Research, The Science and Technology Commission of Shanghai Municipality, NCCR Microbiomes, German Research Foundation",40,"SPIRE: a Searchable, Planetary-scale mIcrobiome REsource."
37221245,2023-05-23,"Nantes Université, CNRS, US2B, UMR 6286, 44000, Nantes, France.","Wu Y, Chaumier T, Manirakiza E, Veluchamy A, Tirichine L",,,13,PhaeoEpiView: an epigenome browser of the newly assembled genome of the model diatom Phaeodactylum tricornutum.
36350640,2023-01-01,"National Center for Biotechnology Information, National Library of Medicine, National Institutes of Health, Building 38A, 8600 Rockville Pike, Bethesda, MD 20894, USA.","Sayers EW, Cavanaugh M, Clark K, Pruitt KD, Sherry ST, Yankie L, Karsch-Mizrachi I",,National Institutes of Health,90,GenBank 2023 update.
38587201,2024-07-01,"Institute of Parasitology, McGill University,Sainte-Anne-de-Bellevue, Quebec, Canada.","Pang Z, Lu Y, Zhou G, Hui F, Xu L, Viau C, Spigelman AF, MacDonald PE, Wishart DS, Li S, Xia J","U01 CA235493, U01 CA235493","Canadian Institutes of Health Research, US National Institutes of Health, Natural Sciences and Engineering Research Council of Canada, NCI NIH HHS, Genome Canada, CFI, CIHR, Diabetes Canada, Juvenile Diabetes Research Foundation",786,"MetaboAnalyst 6.0: towards a unified platform for metabolomics data processing, analysis and interpretation."
37142846,2023-05-04,"Centre for Integrative OmicsData Science (CIODS), Yenepoya (Deemed to be University), Derlakatte, Mangalore, Karnataka, 575018, India.","Sanjeev D, Dagamajalu S, Shaji V, George M, Subbannayya Y, Prasad TSK, Raju R, Devasahayam Arokia Balaya R",,,5,A network map of macrophage-stimulating protein (MSP) signaling.
41070630,2025-10-01,"Jiangsu Engineering Research Center for Precision Diagnosis and Treatment of Polygenic Critical Diseases, Key Laboratory of Genetic Foundation and Clinical Application, Department of Genetics, Xuzhou Medical University, Xuzhou, China.","Ding X, Wu Y, Zhou D, Gu R, Zhu T, Cai W, Ren Y, Li Y, Wang C, Tan A, Li Y, Zhu Z","KC23009, BK20241953, BK20241953, RC20552315, 81701390, KC22096, KY13022407, KY13022407, RC20552339","Xuzhou Science and Technology Innovation Project, the Natural Science Foundation of Jiangsu Province, Natural Science Foundation of Jiangsu Province, the Excellent Talents Research Foundation of Xuzhou Medical University, National Natural Science Foundation of China, Xuzhou Key Research and Development Program, Natural Science Foundation of Jiangsu Province, the Natural Science Foundation of Jiangsu Province, the Excellent Talents Research Foundation of Xuzhou Medical University",0,Gut Microbial Genetic Variation Regulates Host Reproduction.
35610035,2022-07-01,"Faculty of Bioengineering and Bioinformatics, Lomonosov Moscow State University, Lomonosovsky Prospect 27, Building 10, 119991 Moscow, Russia.","Ilnitskiy IS, Zharikova AA, Mironov AA",20-04-00459A,RFBR,1,OrthoQuantum: visualizing evolutionary repertoire of eukaryotic proteins.
36130266,2023-01-01,"Institute of Environmental Medicine, Karolinska Institutet, Solna 17165, Sweden.","Pan L, Shan S, Tremmel R, Li W, Liao Z, Shi H, Chen Q, Zhang X, Li X","C24401073, ZR2021MH393, 8210100902","Karolinska Institute Network Medicine Global Alliance Collaborative, Nature Science Foundation of Shandong Province, National Natural Science Foundation of China",22,HTCA: a database with an in-depth characterization of the single-cell human transcriptome.
41171883,2025-10-31,"Departments of Molecular Physiology and Biophysics, Biochemistry, Computer Science, Vanderbilt University, Nashville, Tennessee, United States of America.",Wankowicz SA,,,0,Ten rules for a structural bioinformatic analysis.
37870473,2024-01-01,"Department of Bioinformatics and Systems Medicine, McWilliams School of Biomedical Informatics, The University of Texas Health Science Center at Houston, Houston, TX 77030, USA.","Kumar H, Tang LY, Yang C, Kim P","R35 GM138184, R35GM138184, R35GM138184","NIGMS NIH HHS, NIH HHS, National Institutes of Health, University of Texas Health Science Center at Houston",8,FusionPDB: a knowledgebase of human fusion proteins.
35536846,2022-05-10,"NASA Ames Research Center, Moffett Field, California, United States of America.","DiGiacomo J, McKay C, Davila A",,NASA Ames Research Center,14,ThermoBase: A database of the phylogeny and physiology of thermophilic and hyperthermophilic organisms.
34751388,2022-01-01,"ASRC Federal, 430 Davis Dr., Suite 400, Morrisville, NC 27560, USA.","Martini C, Liu YF, Gong H, Sayers N, Segura G, Fostel J","HHSN31620120054W, HHSN273201000063U GS06F0629Z","National Institute of Environmental Health Sciences, National Institute of Environmental Health Sciences",3,CEBS update: curated toxicology database with enhanced tools for data integration.
34755867,2022-01-01,,,"823839, BB/T01959X/1, ELIXIR-CZ LM2018131, G042518N, 104955/Z/14/Z, INBIO CZ.02.1.01/0.0/0.0/16_026/0008451, 098565/Z/12/Z, 24316, BB/P024351/1, PID2019-110167RB-I00, 218242/Z/19/Z, 288008, BB/P023959/1, 101017567, 819318, BB/K020013/1, BB/L020742/1, BB/P024351/1, G028821N, G032816N, R35 GM122517, IG 23539","European Union&apos;s Horizon 2020 Programme, Biotechnology and Biological Sciences Research Council, The Ministry of Education, Youth and Sports, Research Foundation Flanders, Wellcome Trust, The Ministry of Education, Youth and Sports, Wellcome Trust, Fondazione Cassa di Risparmio di Firenze, Biotechnology and Biological Sciences Research Council, Spanish Ministry of Science and Innovation, Wellcome Trust, Norwegian Research Council, Biotechnology and Biological Sciences Research Council, European Molecular Biology Laboratory, Wellcome Trust, European Commission, Horizon 2020, Biotechnology and Biological Sciences Research Council, Biotechnology and Biological Sciences Research Council, FunPDBe, Research Foundation Flanders, Research Foundation Flanders, NIGMS NIH HHS, AIRC, ELIXIR, European Bioinformatics Institute",62,PDBe-KB: collaboratively defining the biological context of structural data.
38650009,2024-04-22,"General Hospital of Western Theater Command, Chengdu, China.","Long SW, Li SH, Li J, He Y, Tan B, Jing HH, Zheng W, Wu J","Grant No. 2019LH02, Grant No. 2023NSFSC0705","On-site treatment and infection control strategies for blast injuries of extremities, Fund of the Science and Technology Department Project of Sichuan",9,Identification of osteoporosis ferroptosis-related markers and potential therapeutic compounds based on bioinformatics methods and molecular docking technology.
38860571,2024-03-01,"Department of Bioengineering, University of Washington, Box 355061, Seattle, 98195, WA, USA.","Jardine BE, Smith LP, Sauro HM","R01GM123032, R01 GM123032, P41 EB023912, P41EB02391","National Institute of General Medical Sciences, NIGMS NIH HHS, NIBIB NIH HHS, National Institute of Biomedical Imaging and Bioengineering",3,MakeSBML: a tool for converting between Antimony and SBML.
37737859,2023-09-01,"Macmillan Senior Lecturer, University of the West of England, Bristol.","Armoogum J, Taylor V, Cruickshank S, Donaldson J, Wyatt D, Tanay M, Holdsworth F, Cook F, McNamara J, Job C, Rees T, Pope L, Howell C, Sira-Parfitt L, Potter L",,,2,Development of online cancer resources to support pre-registration nurses and allied health professionals.
36178800,2022-09-30,"Department of Molecular Biosciences, University of Texas at Austin, Austin, Texas 78712, United States.","d'Oelsnitz S, Love JD, Diaz DJ, Ellington AD","70NANB21H100, 5R01EB026533-04, FA9550-14-1-0089, R01 EB026533, F-1654","National Institute of Standards and Technology, U.S. Department of Health and Human Services, U.S. Department of Defense, NIBIB NIH HHS, Welch Foundation",18,GroovDB: A Database of Ligand-Inducible Transcription Factors.
35799352,2022-09-01,"Sanofi, R&D, Data & In Silico Sciences, 91385 Chilly Mazarin, France.","Panei FP, Torchet R, Ménager H, Gkeka P, Bonomi M",,,29,HARIBOSS: a curated database of RNA-small molecules structures to aid rational drug design.
40080702,2025-03-01,"School of Medicine, China Medical University, Taichung 404333, Taiwan.","Lin WJ, Liu CH, Huang MS, Shen PC, Liu HC, Tsai MH, Lai YL, Wang YD, Hung MC, Chang NW, Cheng WC",113-2311-B-039-001-MY3,"National Science and Technology Council, Taiwan, Cancer Biology and Precision Therapeutics Center, China Medical University, China Medical University Hospital, Taiwan, China Medical University, Taiwan",0,LipidFun: a database of lipid functions.
39360619,2025-01-01,"School of Pharmacy, Hebei Medical University, Shijiazhuang 050017, China.","Sun X, Li H, Chen Z, Zhang Y, Wei Z, Xu H, Liao Y, Jiang W, Ge Y, Zheng L, Li T, Wu Y, Luo M, Fang L, Dong X, Xiao M, Han L, Jia Q, Zhu F","2020C03010, U1909208, LR21H300001, 2020C03010, 2022YFC3400501, 22220102001, 2018QNA7023, 81872798, 181201*194232101, 82373790, 2022YFC3400501","Key R&D Program of Zhejiang, National Natural Science Foundations of China, Natural Science Foundation of Zhejiang Province, Alibaba Cloud, Leading Talent of the ‘Ten Thousand Plan’ National High-Level Talents Special Support Plan of China, Alibaba-Zhejiang University Joint Research Center of Future Digital Healthcare, Leading Talent of the 'Ten Thousand Plan' National High-Level Talents Special Support Plan of China, Key R&amp;D Program of Zhejiang, National Key R&amp;D Program of China, National Natural Science Foundations of China, Westlake Laboratory, Fundamental Research Funds for Central Universities, National Natural Science Foundations of China, Double Top-Class University, National Natural Science Foundations of China, Zhejiang University, National Key R&D Program of China",3,PDCdb: the biological activity and pharmaceutical information of peptide-drug conjugate (PDC).
38506570,2023-11-01,"Global Oceanographic Data Center, Japan Agency for Marine-Earth Science and Technology (JAMSTEC), Showa-machi 3173-25, Kanazawa-ku, Yokohama, Kanagawa 236-0001, Japan.","Hosono T, Kitayama T, Saito H, Fujikura K",,,0,Development of marine biodiversity database (BISMaL) to enable estimations past habitat conditions for marine life in the northwestern Pacific.
39373514,2025-01-01,"College of Pharmaceutical Sciences, Department of Pharmacy, Second Affiliated Hospital, Zhejiang University School of Medicine, State Key Laboratory of Advanced Drug Delivery and Release Systems, Zhejiang University, Hangzhou 310058, China.","Zhang Y, Lian X, Xu H, Zhu S, Zhang H, Ni Z, Fu T, Liu S, Tao L, Zhou Y, Zhu F","181201*194232101, 2022YFC3400501, LR21H300001, 2020C03010, 2018QNA7023, 82373790","Double Top-Class University, National Key R&D Program of China, Natural Science Foundation of Zhejiang Province, Leading Talent of the 'Ten Thousand Plan' National High-Level Talents Special Support Plan of China, Zhejiang University, Key R&D Program of Zhejiang, Fundamental Research Funds for Central Universities, National Natural Science Foundations of China, Alibaba Cloud, Alibaba-Zhejiang University Joint Research Center of Future Digital Healthcare, Westlake Laboratory (Westlake Lab of Life Sciences and Biomedicine)",2,OrgXenomics: an integrated proteomic knowledge base for patient-derived organoid and xenograft.
36179089,2022-11-01,"School of Statistics, Capital University of Economics and Business, Beijing 100070, China.","Shan N, Lu Y, Guo H, Li D, Jiang J, Yan L, Gao J, Ren Y, Zhao X, Hou L","2020YFA0712403, 20XTZX08017, 2020YFA0712403, 2018YFE0102100, 81702966, 2018YFE0102100, 2018SHZDZX01","China&apos;s National Key R&amp;D Program, Collaborative Innovation Major Project of Zhengzhou, China's National Key R&amp;D Program, Research Fund, Vanke School of Public Health, Tsinghua University, China’s National Key R&amp;D Program, National Natural Science Foundation of China, China's National Key R&amp;D Program, UK-China Collaboration Fund, Shanghai Municipal Science and Technology Major Project",6,CITEdb: a manually curated database of cell-cell interactions in human.
36318251,2023-01-01,"LABGeM, Génomique Métabolique, CEA, Genoscope, Institut François Jacob, CNRS, Université d'Évry, Université Paris-Saclay, 91057, Evry, Ile-de-France, France.","Stam M, Lelièvre P, Hoebeke M, Corre E, Barbeyron T, Michel G","ANR-10-BTBR-04, ANR-11-INBS-0013, ANR-14-CE19-0020","ANR, Institut Français de Bioinformatique, Agence National de la Recherche",37,"SulfAtlas, the sulfatase database: state of the art and new developments."
37440307,2023-07-13,"Ardigen SA, Cracow, Poland.","Bujak J, Kłęk S, Balawejder M, Kociniak A, Wilkus K, Szatanek R, Orzeszko Z, Welanyk J, Torbicz G, Jęckowski M, Kucharczyk T, Wohadlo Ł, Borys M, Stadnik H, Wysocki M, Kayser M, Słomka ME, Kosmowska A, Horbacka K, Gach T, Markowska B, Kowalczyk T, Karoń J, Karczewski M, Szura M, Sanecka-Duin A, Blum A",,,11,Creating an Innovative Artificial Intelligence-Based Technology (TCRact) for Designing and Optimizing T Cell Receptors for Use in Cancer Immunotherapies: Protocol for an Observational Trial.
36453831,2022-12-01,"Department of Chemistry, New York University, New York, New York 10003, United States.","Guo XK, Zhang Y","R35 GM127040, R35-GM127040","NIGMS NIH HHS, National Institute of General Medical Sciences",19,CovBinderInPDB: A Structure-Based Covalent Binder Database.
35947748,2023-01-01,"Department of Environmental Genomics, Jiangsu Key Laboratory of Cancer Biomarkers, Prevention and Treatment, Collaborative Innovation Center for Cancer Personalized Medicine, Nanjing Medical University, Nanjing, China.","Xin J, Gu D, Chen S, Ben S, Li H, Zhang Z, Du M, Wang M","82173601, 82173603, MC_QA137853, MC_PC_17228","National Natural Science Foundation of China, National Natural Science Foundation of China, Jiangsu Higher Education Institutions, Medical Research Council, Medical Research Council",22,SUMMER: a Mendelian randomization interactive server to systematically evaluate the causal effects of risk factors and circulating biomarkers on pan-cancer survival.
35230423,2022-03-01,"National Center for Biotechnology Information, National Library of Medicine, National Institutes of Health, 8600 Rockville Pike, Bethesda, MD 20894, USA.","Underwood BA, Yankie L, Nawrocki EP, Palanigobu V, Gotvyanskyy S, Calhoun VC, Kornbluh M, Smith TG, Fleischmann L, Sinyakov D, Bollin CJ, Karsch-Mizrachi I",,U.S. National Library of Medicine,5,"Rapid automated validation, annotation and publication of SARS-CoV-2 sequences to GenBank."
40400345,2025-06-01,"Organismal and Evolutionary Biology Research Program, Faculty of Biological and Environmental Sciences, University of Helsinki, Helsinki, Finland.","Liu H, Laiho A, Törönen P, Holm L",357350,Research Council of Finland,1,3-D substructure search by transitive closure in AlphaFold database.
34755879,2022-01-01,"Program in Bioinformatics and Integrative Biology, UMass Chan Medical School, Worcester, MA, USA.","Pratt HE, Andrews GR, Phalke N, Huey JD, Purcaro MJ, van der Velde A, Moore JE, Weng Z","U24 HG009446, U24HG009446","NHGRI NIH HHS, NIH",35,Factorbook: an updated catalog of transcription factor motifs and candidate regulatory motif sites.
34554251,2022-01-01,"Department of Urology, Tongji Hospital, Tongji Medical College, Huazhong University of Science and Technology, Wuhan 430030, China.","Zhang Y, Yao X, Zhou H, Wu X, Tian J, Zeng J, Yan L, Duan C, Liu H, Li H, Chen K, Hu Z, Ye Z, Xu H","81874089, 82070726","National Natural Science Foundation of China, National Natural Science Foundation of China",61,OncoSplicing: an updated database for clinically relevant alternative splicing in 33 human cancers.
34403477,2022-01-01,"MOE Key Laboratory of Bioinformatics, Center for Synthetic and Systems Biology, School of Life Sciences, Tsinghua University, Beijing 100084, China.","Zhao W, Zhang S, Zhu Y, Xi X, Bao P, Ma Z, Kapral TH, Chen S, Zagrovic B, Yang YT, Lu ZJ","2018SHZDZX01, 31771461, B18015, P 30680, 81972798, P 30550, P 30680-B21, 2021-NCPSB-005, 21ZR1408100","Shanghai Municipal Science and Technology Major Project, National Natural Science Foundation of China, 111 Project, Austrian Science Fund FWF, Tsinghua-Foshan Innovation Special Fund, National Natural Science Foundation of China, Beijing National Research Center for Information Science and Technology, Fok Ying Tong Education Foundation, Austrian Science Fund FWF, Austrian Science Fund FWF, National Center for Protein Sciences, Natural Science Foundation of Shanghai, Beijing Advanced Innovation Center for Structural Biology, Tsinghua University Branch of China National Center for Protein Sciences",138,POSTAR3: an updated platform for exploring post-transcriptional regulation coordinated by RNA-binding proteins.
35481632,2022-05-01,"Department of Medicinal Chemistry, College of Pharmacy, University of Michigan, Ann Arbor, Michigan, USA.","Lomize AL, Schnitzer KA, Todd SC, Cherepanov S, Outeiral C, Deane CM, Pogozheva ID",1855425,"National Science Foundation of Sri Lanka, Division of Biological Infrastructure",30,Membranome 3.0: Database of single-pass membrane proteins with AlphaFold models.
35616100,2022-05-01,"Semanticly Ltd, London WC2H 9JQ, UK.","Matentzoglu N, Balhoff JP, Bello SM, Bizon C, Brush M, Callahan TJ, Chute CG, Duncan WD, Evelo CT, Gabriel D, Graybeal J, Gray A, Gyori BM, Haendel M, Harmse H, Harris NL, Harrow I, Hegde HB, Hoyt AL, Hoyt CT, Jiao D, Jiménez-Ruiz E, Jupp S, Kim H, Koehler S, Liener T, Long Q, Malone J, McLaughlin JA, McMurry JA, Moxon S, Munoz-Torres MC, Osumi-Sutherland D, Overton JA, Peters B, Putman T, Queralt-Rosinach N, Shefchek K, Solbrig H, Thessen A, Tudorache T, Vasilevsky N, Wagner AH, Mungall CJ","7RM1HG010860-02, 825575, IMI-JU grant no. 115191, R24-OD011883, U24 HG012212, W911NF2010255, DE-AC0205CH11231, R24 OD011883, core funds, RM1 HG010860, 824087","National Human Genome Research Institute, European Union’s Horizon 2020 research and innovation programme, Chan-Zuckerberg Initiative award for the Human Cell Atlas Data Coordination Platform, Open PHACTS, NIH Office of the Director, NHGRI NIH HHS, DARPA Young Faculty Award, U.S. Department of Energy, NIH HHS, European Bioinformatics Institute, NHGRI NIH HHS, European Union’s Horizon 2020 research and innovation programme",49,A Simple Standard for Sharing Ontological Mappings (SSSOM).
40523076,2025-06-16,"State Key Laboratory of Green Chemical Synthesis and Conversion Technology, College of Chemical Engineering, Zhejiang University of Technology, Hangzhou 310032, China.","Wang XC, Zhai M, Li SF, Lv H, Ma H, Yang C, Zheng QX, Liu PP, Lu P, Yu YJ, Fu HY, She Y","2022BEG03170, 22138011, 32122068, 22378214, 32472440, 2022MK129, 2023AAC05038, XJKF230202","Key Research and Development Program of Ningxia, National Natural Science Foundation of China, National Natural Science Foundation of China, National Natural Science Foundation of China, National Natural Science Foundation of China, Science and Technology Plan Program of State Administration for Market Regulation, Excellent Youth Fund of Ningxia Province, Ningxia Medical University",0,A New Comprehensive Platform for Profile-Mode-Based Untargeted Metabolomics for Efficient Data Mining to Improve Compound Extraction and Identification.
40601261,2025-01-01,"Institute of Science and Technology for Brain-Inspired Intelligence and MOE Frontiers Center for Brain Science, Fudan University, Shanghai, China.","Liu W, Wang Z, You R, Xie C, Wei H, Xiong Y, Yang J, Zhu S",,,0,PLMSearch and PLMAlign: Protein Language Model (PLM)-Based Homologous Protein Sequence Search and Alignment.
40140766,2025-03-26,"VIB Center for Molecular Neurology, VIB, Universiteitsplein 1, 2610, Wilrijk, Antwerp, Belgium.","Coopman E, D'Hert S, Rademakers R, De Coster W","12ASR24N, G064223N","Fonds Wetenschappelijk Onderzoek, Fonds Wetenschappelijk Onderzoek",0,Methylmap: visualization of modified nucleotides for large cohort sizes.
37861121,2023-10-01,"Department of Materials Science and Engineering, University of Illinois Urbana-Champaign, Urbana, Illinois 61801, USA.","Vita JA, Fuemmeler EG, Gupta A, Wolfe GP, Tao AQ, Elliott RS, Martiniani S, Tadmor EB","1922758, OAC-2039575","Simons Center for Computational Physical Chemistry, National Science Foundation, National Science Foundation, Minnesota Supercomputing Institute, University of Minnesota, NYU IT High Performance Computing",2,ColabFit exchange: Open-access datasets for data-driven interatomic potentials.
39563275,2024-11-20,"CEFE, Univ Montpellier, CNRS, EPHE, IRD, Montpellier, France.","Vaillant A, Beurier G, Cornet D, Rouan L, Vile D, Violle C, Vasseur F",949843,European Research Council,0,NIRSpredict: a platform for predicting plant traits from near infra-red spectroscopy.
36448715,2022-11-30,,"Wang L, Li FL, Ma XY, Cang Y, Bai F","20QA1406400, 22ZR1441400, LG202102-01-03, 2020YFA0509700, 2022YFC3400501, 82003654","Shanghai Science and Technology Development Foundation, Shanghai Science and Technology Development Foundation, ShanghaiTech University, Lingang Laboratory, Ministry of Science and Technology of the People&apos;s Republic of China, Ministry of Science and Technology of the People&apos;s Republic of China, National Natural Science Foundation of China",7,PPI-Miner: A Structure and Sequence Motif Co-Driven Protein-Protein Interaction Mining and Modeling Computational Method.
36189903,2023-01-01,"State Key Laboratory of Reproductive Regulation and Breeding of Grassland Livestock, School of Life Sciences, Inner Mongolia University, Hohhot, 010070, China.","Zheng L, Liang P, Long C, Li H, Li H, Liang Y, He X, Xi Q, Xing Y, Zuo Y","2021GG0398, 62161039, 62061034, 62171241, 2019ZD031, 61861036","key technology research program of Inner Mongolia Autonomous Region, National Nature Scientific Foundation of China, National Nature Scientific Foundation of China, National Nature Scientific Foundation of China, Science and Technology Major Project of Inner Mongolia Autonomous Region of China to the State Key Laboratory of Reproductive Regulation and Breeding of Grassland Livestock, National Nature Scientific Foundation of China",21,EmAtlas: a comprehensive atlas for exploring spatiotemporal activation in mammalian embryogenesis.
36169237,2023-01-01,"Department of Biological Sciences, North Carolina State University, Raleigh, NC 27695, USA.","Davis AP, Wiegers TC, Johnson RJ, Sciaky D, Wiegers J, Mattingly CJ","R01 ES014065, R01 ES014065, U24 ES033155, U24 ES033155","NIEHS NIH HHS, National Institute of Environmental Health Sciences, NIEHS NIH HHS, National Institutes of Health, National Institute of Environmental Health Sciences",486,Comparative Toxicogenomics Database (CTD): update 2023.
37986220,2024-01-01,"Department of Botany & Plant Pathology, Oregon State University, Corvallis, OR 97331, USA.","Gupta P, Elser J, Hooks E, D'Eustachio P, Jaiswal P, Naithani S","80NSSC22K0891, #80NSSC22K0855, U24 HG012198, U24 HG012198, 2029854, U24 HG012198, 80NSSC22K0891","NASA, National Aeronautics and Space Administration, NIH, NIH HHS, National Science Foundation, USDA-ARS, NHGRI NIH HHS, National Aeronautics and Space Administration",5,Plant Reactome Knowledgebase: empowering plant pathway exploration and OMICS data analysis.
37739405,2024-01-01,"State Key Laboratory of Common Mechanism Research for Major Diseases, Suzhou Institute of Systems Medicine, Chinese Academy of Medical Sciences & Peking Union Medical College, Suzhou 215123, China.","Deng Y, Chen P, Xiao J, Li M, Shen J, Qin S, Jia T, Li C, Chang A, Zhang W, Liu H, Xue R, Zhang N, Wang X, Huang L, Chen D","2021-I2M-1-061, 2021-I2M-1-061, 2022-I2M-2-004, 2022-RC416-01, BK20220279, SZS2022005, ZXL2022475","CAMS Innovation Fund for Medical Sciences, CAMS Innovation Fund for Medical Sciences (CIFMS), CAMS Innovation Fund for Medical Sciences, Non-profit Central Research Institute Fund of Chinese Academy of Medical Sciences, Natural Science Foundation of Jiangsu Province, Suzhou Municipal Key Laboratory, Gusu Innovation and Entrepreneurship Leading Talents Program",15,SCAR: Single-cell and Spatially-resolved Cancer Resources.
36456919,2022-12-02,"Institute of Tropical Plant Sciences and Microbiology, National Cheng Kung University, Tainan, 701, Taiwan.","Chen YY, Li CI, Hsiao YY, Ho SY, Zhang ZB, Liao CC, Lee BR, Lin ST, Wu WL, Wang JS, Zhang D, Liu KW, Liu DK, Zhao XW, Li YY, Ke SJ, Zhou Z, Huang MZ, Wu YS, Peng DH, Lan SR, Chen HH, Liu ZJ, Wu WS, Tsai WC","MOST 110-2313-B-006-002-MY3, no. 31870199","Ministry of Science and Technology, Taiwan, National Natural Science Foundation of China",4,OrchidBase 5.0: updates of the orchid genome knowledgebase.
37589496,2023-08-17,"Earlham Institute, Norwich, UK.","Csabai L, Bohár B, Türei D, Prabhu S, Földvári-Nagy L, Madgwick M, Fazekas D, Módos D, Ölbei M, Halka T, Poletti M, Kornilova P, Kadlecsik T, Demeter A, Szalay-Bekő M, Kapuy O, Lenti K, Vellai T, Gul L, Korcsmáros T","K131458, K132439, BBS/E/F/000PR10355, BBS/E/F/000PR10355, BBS/E/T/000PR9814, BBS/E/T/000PR9814, 031L0181B, BBS/E/T/000PR9817, BB/CCG1720/1, BBS/E/T/000PR9819, NKFIH FK-134267, PD131839, BBS/E/T/000PR9817, BBS/E/T/000PR9819, EI-ALL, 01062, BB/M011216/1, BB/R012490/1, BB/CSP1720/1, BB/S50743X/1, BBS/E/F/000PR10353","National Research, Development and Innovation Office, National Research, Development and Innovation Office, BBSRC ISP grant for Gut Microbes and Health, Biotechnology and Biological Sciences Research Council, BBSRC National Capability in e-Infrastructure, Biotechnology and Biological Sciences Research Council, Bundesministerium für Bildung und Forschung, Biotechnology and Biological Sciences Research Council, UKRI BBSRC Core Capability Grant, Division of Digestive Diseases at Imperial College London, National Research, Development and Innovation Office, National Research, Development and Innovation Office, Division of Digestive Diseases at Imperial College London, Biotechnology and Biological Sciences Research Council, Earlham Institute (Funder), ELKH/MTA-ELTE Genetics Research Group, BBSRC Norwich Research Park Biosciences Doctoral Training Partnership, Biotechnology and Biological Sciences Research Council, Division of Digestive Diseases at Imperial College London, BBSRC Norwich Research Park Biosciences Doctoral Training Partnership, BBSRC ISP grant for Gut Microbes and Health",5,AutophagyNet: high-resolution data source for the analysis of autophagy and its regulation.
35461097,2022-04-18,"Department of Environmental Medicine and Public Health, Institute for Exposomic Research, Icahn School of Medicine at Mount Sinai, 17 E 102nd St, CAM Building, New York 10029, USA. Electronic address: dinesh.kumar@mssm.edu.","Barupal DK, Mahajan P, Fakouri-Baygi S, Wright RO, Arora M, Teitelbaum SL","R01 ES026033, U2C ES026555, UL1 TR001433, R35 ES030435, U2C ES030859, R01 ES032831, U2C ES026561, P30 ES023515","NIEHS NIH HHS, NIEHS NIH HHS, NCATS NIH HHS, NIEHS NIH HHS, NIEHS NIH HHS, National Institute of Environmental Health Sciences, NIEHS NIH HHS, NIEHS NIH HHS, NIEHS NIH HHS",6,CCDB: A database for exploring inter-chemical correlations in metabolomics and exposomics datasets.
34865074,2022-01-01,"Institute for Protein Research, Osaka University, 3-2 Yamadaoka, Suita, Osaka 565-0871, Japan.",Kurisu G,,,3,Fifty years of Protein Data Bank in the Journal of Biochemistry.
34529036,2022-01-01,"CERN openlab, IT Department, CERN, Geneva 1211, Switzerland.","Breitwieser L, Hesam A, de Montigny J, Vavourakis V, Iosif A, Jennings J, Kaiser M, Manca M, Di Meglio A, Al-Ars Z, Rademakers F, Mutlu O, Bauer R","EP/N031962/1, EP/N031962/1, MR/N015037/1, EP/S001433/1, NS/A000026/1, EP/S001433/1, MR/T004347/1, MR/T004347/2, MR/N015037/1, 102037, EP/S001433/2, MR/T004347/1","Engineering and Physical Sciences Research Council, Engineering and Physical Sciences Research Council of the UK, Medical Research Council of the United Kingdom, Intel, Microsoft, and VMware, Engineering and Physical Sciences Research Council, Engineering and Physical Sciences Research Council of the UK, Engineering and Physical Sciences Research Council of the UK, Medical Research Council, Medical Research Council, SAFARI Research Group’s industrial partners including Huawei, UCY StartUp Grant scheme, Medical Research Council, CERN Knowledge Transfer office, Newcastle University’s School of Computing, Wellcome Trust, Research Excellence Academy from the Faculty of Medical Science of the Newcastle University, Engineering and Physical Sciences Research Council, Medical Research Council of the United Kingdom, Israeli Innovation Authority, Newcastle University's School of Computing, SAFARI Research Group's industrial partners including Huawei, Guangci Professorship Program of Ruijin Hospital",31,BioDynaMo: a modular platform for high-performance agent-based simulation.
39487448,2024-11-01,"One Health Research Group, Melbourne Veterinary School, Faculty of Science, University of Melbourne, Werribee, VIC, Australia. tiffany.kosch@gmail.com.","Kosch TA, Torres-Sánchez M, Liedtke HC, Summers K, Yun MH, Crawford AJ, Crawford AJ, Maddock ST, Ahammed MS, Araújo VLN, Bertola LV, Bucciarelli GM, Carné A, Carneiro CM, Chan KO, Chen Y, Crottini A, da Silva JM, Denton RD, Dittrich C, Espregueira Themudo G, Farquharson KA, Forsdick NJ, Gilbert E, Che J, Katzenback BA, Kotharambath R, Levis NA, Márquez R, Mazepa G, Mulder KP, Müller H, O'Connell MJ, Orozco-terWengel P, Palomar G, Petzold A, Pfennig DW, Pfennig KS, Reichert MS, Robert J, Scherz MD, Siu-Ting K, Snead AA, Stöck M, Stuckert AMM, Stynoski JL, Tarvin RD, Wollenberg Valero KC",,,4,The Amphibian Genomics Consortium: advancing genomic and genetic resources for amphibian research and conservation.
35994309,2022-08-01,"Cellular and Molecular Biotechnology Research Institute, National Institute of Advanced Industrial Science and Technology, 2-4-7, Aomi Koto-ku, Tokyo, Japan.","Kagiwada H, Motono C, Horimoto K, Fukui K",21ae0101074s0203,Japan Agency for Medical Research and Development,2,Phosprof: pathway analysis database of drug response based on phosphorylation activity measurements.
37425046,2023-03-22,"Institute of Chinese Materia Medica, China Academy of Chinese Medical Sciences, Beijing 100700, China.","Zhang Y, Li X, Shi Y, Chen T, Xu Z, Wang P, Yu M, Chen W, Li B, Jing Z, Jiang H, Fu L, Gao W, Jiang Y, Du X, Gong Z, Zhu W, Yang H, Xu H","82030122, 81830111, CI2021A04907","National Natural Science Foundation of China, National Natural Science Foundation of China, China Academy of Chinese Medical Sciences",53,ETCM v2.0: An update with comprehensive resource and rich annotations for traditional Chinese medicine.
37237065,2023-05-26,"School of Geography, Earth and Atmospheric Sciences, The University of Melbourne, Melbourne, VIC, 3010, Australia. samuel.boone@unimelb.edu.au.","Boone SC, Kohlmann F, Noble W, Theile M, Beucher R, Kohn B, Glorie S, Danišík M, Zhou R, McMillan M, Nixon A, Gleadow A, Qin X, Müller D, McInnes B",,,1,A geospatial platform for the tectonic interpretation of low-temperature thermochronology Big Data.
35849027,2022-07-01,"Graduate Institute of Data Science, Taipei Medical University, No. 172-1, Section 2, Keelung Rd, Dáan District, Taipei City 106, Taiwan.","Lin SJ, Yeh WC, Chiu YW, Chang YC, Hsu MH, Chen YS, Hsu WL",MOST 109-2410-H-038-012-MY2,"Ministry of Science and Technology, Taiwan",2,A BERT-based ensemble learning approach for the BioCreative VII challenges: full-text chemical identification and multi-label classification in PubMed articles.
40054813,2025-03-05,"University of Sciences, Pyongyang, Democratic People's Republic of Korea. Electronic address: hks1981@star-co.net.kp.","Han KS, Kim HK, Kim MH, Pak MH, Pak SJ, Choe MM, Kim CS",,,1,PredIDR2: Improving accuracy of protein intrinsic disorder prediction by updating deep convolutional neural network and supplementing DisProt data.
39809358,2025-01-12,"State Key Laboratory of Flexible Electronics (LoFE) & Institute of Advanced Materials (IAM), Nanjing University of Posts & Telecommunications, Nanjing, 210023, China.","Zhao L, Ren Y, Gong C, Xiong S, Wang W, Zheng W, Zhang J, Liu J, He Z, Yu J, Liang T, Guo L",,National Natural Science Foundation of China,0,RMethyMD: An integrated platform for exploring RNA methylation in pan-cancer via a multiomics analysis.
38864430,2024-12-01,"Department of Biotechnology, Indian Institute of Technology Hyderabad, Kandi, Telangana 502284, India.","Vinod Kumar K, Kumar A, Kundal K, Sengupta A, R K, Singh S, Korra BT, Sharma S, Suresh V, Nishana M, Kumar R",,Indian Institute of Technology Hyderabad,0,AMLdb: a comprehensive multi-omics platform to identify biomarkers and drug targets for acute myeloid leukemia.
39431411,2024-11-01,"Laboratory of Glycobiology, Department of Immunochemistry, Hirszfeld Institute of Immunology and Experimental Therapy, PAS, Weigla 12, 53-114 Wrocław, Poland.",Sobala ŁF,2020/36/C/NZ8/00081,National Science Centre of Poland,1,LukProt: A Database of Eukaryotic Predicted Proteins Designed for Investigations of Animal Origins.
38532297,2024-03-01,"Department of Computer Science, Brunel University London, Uxbridge UB8 3PH, United Kingdom.","Bibik P, Alibai S, Pandini A, Dantu SC",EP/R029407/1,"Engineering and Physical Sciences Research Council, Department of Computer Science, Brunel University London",2,PyCoM: a python library for large-scale analysis of residue-residue coevolution data.
37178003,2023-07-01,"Computational Systems Biology Group, National Center for Biotechnology (CNB-CSIC), 28049 Madrid, Spain.","Lopez-Ibañez J, Pazos F, Chagoyen M","PID2019-108096RB-C22, SEV-2017-0712, AEI/10.13039/501100011033, GP/EFSA/ENCO/2020/02","Spanish Ministry of Economy and Competitiveness with European Regional Development Fund, ‘Severo Ochoa’ Programme for Centres of Excellence in R&amp;D, Spanish State Research Agency, European Food Safety Authority",11,MBROLE3: improved functional enrichment of chemical compounds for metabolomics data analysis.
38867910,2022-08-15,"Key Laboratory of Molecular Biophysics of the Ministry of Education, Hubei Key Laboratory of Bioinformatics and Molecular-imaging, Center for Artificial Intelligence Biology, Department of Bioinformatics and Systems Biology College of Life Science and Technology, Huazhong University of Science and Technology Wuhan China.","Yang P, Lang J, Li H, Lu J, Lin H, Tian G, Bai H, Yang J, Ning K",,,19,TCM-Suite: A comprehensive and holistic platform for Traditional Chinese Medicine component identification and network pharmacology analysis.
37881887,2023-12-01,"School of Biological and Behavioural Sciences, Queen Mary University of London, London, UK.","Janes RW, Wallace BA","BB/P024106(R.W.Janes), BB/P024092/1, BB/P024092(B.A.Wallace), BB/P024106/1","Biotechnology and Biological Sciences Research Council, Royal Society, Biotechnology and Biological Sciences Research Council, Biotechnology and Biological Sciences Research Council, Biotechnology and Biological Sciences Research Council, International Union of Pure and Applied Chemistry",2,"DichroPipeline: A suite of online and downloadable tools and resources for protein circular dichroism spectroscopic data analyses, interpretations, and their interoperability with other bioinformatics tools and resources."
37889074,2024-01-01,"Nebraska Food for Health Center, Department of Food Science and Technology, University of Nebraska - Lincoln, Lincoln, NE 68588, USA.","Yan Y, Zheng J, Zhang X, Yin Y","58-8042-7-089, R01GM140370, R01 GM140370, R21 AI171952, R21AI171952, R21AI171952","Nebraska Tobacco Settlement Biomedical Research Enhancement Funds, United States Department of Agriculture, National Institutes of Health, NIGMS NIH HHS, NIAID NIH HHS, NIH HHS, National Institutes of Health",30,dbAPIS: a database of anti-prokaryotic immune system genes.
39657122,2025-01-01,"Open Targets, Wellcome Genome Campus, Hinxton, Cambridgeshire CB10 1SD, UK.","Buniello A, Suveges D, Cruz-Castillo C, Llinares MB, Cornu H, Lopez I, Tsukanov K, Roldán-Romero JM, Mehta C, Fumis L, McNeill G, Hayhurst JD, Martinez Osorio RE, Barkhordari E, Ferrer J, Carmona M, Uniyal P, Falaguera MJ, Rusina P, Smit I, Schwartzentruber J, Alegbe T, Ho VW, Considine D, Ge X, Szyszkowski S, Tsepilov Y, Ghoussaini M, Dunham I, Hulcoop DG, McDonagh EM, Ochoa D",206194,"Wellcome Trust, Open Targets, Wellcome Trust",59,Open Targets Platform: facilitating therapeutic hypotheses building in drug discovery.
36454444,2022-12-01,"Center for Systems Biology and Molecular Medicine, Yenepoya Research Centre, Yenepoya (Deemed to Be University), Mangalore, Karnataka, 575018, India. shobha_d@yenepoya.edu.in.","Dagamajalu S, Rex DAB, Suchitha GP, Rai AB, Kumar S, Joshi S, Raju R, Prasad TSK",,,9,A network map of discoidin domain receptor 1(DDR1)-mediated signaling in pathological conditions.
35474383,2022-07-01,"Division of Oncology, Department of Medicine, Stanford University School of Medicine, Stanford, CA, 94305, USA.","Pavlichin DS, Lee H, Greer SU, Grimes SM, Weissman T, Ji HP","U01HG01096, U01 HG010963, U01 HG010961, U01 HG010971","National Institutes of Health, Clayville Foundation, NHGRI NIH HHS, NHGRI NIH HHS, NHGRI NIH HHS",4,KmerKeys: a web resource for searching indexed genome assemblies and variants.
37605747,2023-08-17,"Cachet Big Data Labs, Hyderabad, Telangana, India.","Rampogu S, Balasubramaniyam T, Lee JH","2020R1A2C1006909 and 2022R1A4A1021817, SSTF-BA1701-10","National Research Foundation of Korea, Samsung Science and Technology Foundation",2,Curcumin Chalcone Derivatives Database (CCDD): a Python framework for natural compound derivatives database.
35762265,2022-07-13,"UMR 7144, ECOMAP, CNRS, Sorbonne Université, Station Biologique de Roscoff, Roscoff, France.","Vaulot D, Sim CWH, Ong D, Teo B, Biwer C, Jamy M, Lopes Dos Santos A","RG91/21, ANR‐20‐CE02‐0025, ANR-20-CE02-0025, RG26/19","Singapore Ministry of Education, Academic Research Fund Tier 1, Agence Nationale de la Recherche, Agence Nationale de la Recherche, Singapore Ministry of Education, Academic Research Fund Tier 1",42,metaPR<sup>2</sup> : A database of eukaryotic 18S rRNA metabarcodes with an emphasis on protists.
36509753,2022-12-12,"Database Center for Life Science, Joint Support-Center for Data Science Research, Research Organization of Information and Systems, University of Tokyo Kashiwanoha-campus Station Satellite 6F, 178-4-4, Wakashiba, Kashiwa, Chiba, 277-0871, Japan. mitsuhashi@dbcls.rois.ac.jp.","Mitsuhashi N, Toyo-Oka L, Katayama T, Kawashima M, Kawashima S, Miyazaki K, Takagi T",,,20,TogoVar: A comprehensive Japanese genetic variation database.
34918453,2022-01-14,"Department of Cell Biology, Harvard Medical School, Boston, MA, USA.","Navarrete-Perea J, Liu X, Rad R, Gygi JP, Gygi SP, Paulo JA","R01 GM132129, GM132129, GM67945, GM67945, K22 HG000041, R01 GM067945","NIGMS NIH HHS, National Institute of General Medical Sciences, NIGMS NIH HHS, National Institute of General Medical Sciences, NHGRI NIH HHS, NIGMS NIH HHS",12,Assessing interference in isobaric tag-based sample multiplexing using an 18-plex interference standard.
35112706,2022-03-30,"The Patrick G Johnston Centre for Cancer Research, Queen's University Belfast, Belfast BT9 7AE, UK.","Ahmaderaghi B, Amirkhah R, Jackson J, Lannagan TRM, Gilroy K, Malla SB, Redmond KL, Quinn G, McDade SS, ACRCelerate Consortium, Maughan T, Leedham S, Campbell ASD, Sansom OJ, Lawler M, Dunne PD","GEACC18004TAB, MR/M016587/1, 206314/Z/17/Z, 22795, A26825, A28223, 21139, A29834, 29834","Fundación Científica Asociación Española Contra el Cáncer, Medical Research Council, Wellcome Trust, Associazione Italiana per la Ricerca sul Cancro, Cancer Research UK, Cancer Research UK, Cancer Research UK, Cancer Research UK, Cancer Research UK",6,Molecular Subtyping Resource: a user-friendly tool for rapid biological discovery from transcriptional data.
37566336,2023-08-11,"Faculty of Education, University of Hong Kong, Pok Fu Lam, Hong Kong.","Green C, Keogh K, Sun H, O'Brien B",,Federation University Australia,5,The Children's Picture Books Lexicon (CPB-LEX): A large-scale lexical database from children's picture books.
36624664,2023-01-01,"Department of Biological Medicines & Shanghai Engineering Research Center of Immunotherapeutics, Fudan University School of Pharmacy, Shanghai 201203, China.","Zhao H, Yang Y, Wang S, Yang X, Zhou K, Xu C, Zhang X, Fan J, Hou D, Li X, Lin H, Tan Y, Wang S, Chu XY, Zhuoma D, Zhang F, Ju D, Zeng X, Chen YZ","2021M690714, 20YF1402700, 215-432094250, 2019YFA0905900, 32000479, 201901, 215-432000282","China Postdoctoral Science Foundation, Shanghai Sailing Program, Ningbo Top Talent Project, State Key Laboratory of Chemical Oncogenomics, National Key Research and Development Program of China, National Natural Science Foundation of China, Shenzhen Bay Laboratory, Scientific Research Grant of Ningbo University",40,NPASS database update 2023: quantitative natural product activity and species source database for biomedical research.
36474475,2022-01-27,"Osteoarthritis Research Program, Division of Orthopedic Surgery, Schroeder Arthritis Institute, University Health Network, Toronto, Canada.","Pastrello C, Abovsky M, Lu R, Ahmed Z, Kotlyar M, Veillette C, Jurisica I",,,7,Osteoarthritis Data Integration Portal (OsteoDIP): A web-based gene and non-coding RNA expression database.
38317909,2024-01-20,"Department of Soil Science and Agricultural Chemistry, Anand Agricultural University, Anand, Gujarat, 388110, India.","B PK, Basak BB, Patel VJ, Senapati N, Ramani VP, Gajbhiye NA, Kalola AD",,Indian Council of Agricultural Research,1,"Enriched soil amendments influenced soil fertility, herbage yield and bioactive principle of medicinal plant (<i>Cassia angustifoli</i>a Vahl.) grown in two different soils."
40378051,2025-05-16,"Shanghai Institute of Nutrition and Health, University of Chinese Academy of Sciences, Chinese Academy of Sciences, Shanghai 200031, China.","Cai P, Liu D, Xing H, Zhang D, Le Y, Wu A, Hu QN",2021YFC2103001,National Key Research and Development Program of China,0,DeepMBEnzy: An AI-Driven Database of Mycotoxin Biotransformation Enzymes.
40495324,2025-06-10,"Cellular and Molecular Biotechnology Research Institute, National Institute of Advanced Industrial Science and Technology (AIST), 1-1-1 Higashi, Tsukuba, Ibaraki 305-8565, Japan.","Nagai-Okatani C, Fujita N, Boottanun P, Tanaka M, Shiota M, Shinmachi D, Angata K, Aoki-Kinoshita K, Kuno A",,,0,LM-GlycoRepo Version 1.0: A Novel Repository System for Mouse Tissue Glycome Mapping Data.
39871596,2025-01-27,"Department of Bioinformatics, Semmelweis University, Budapest, Hungary.","Müller D, Győrffy B",RRF-2.3.1-21-2022-00015,"Semmelweis Momentum Program, National Research, Development, and Innovation Office",1,EpigenPlot: An interactive web platform for DNA methylation-based biomarker and drug target discovery in colorectal cancer.
38580076,2024-04-03,"Bioinformatics Group, Wageningen University, Wageningen, The Netherlands; Molecular Biotechnology, Institute of Biology, Leiden University, Leiden, The Netherlands.","Augustijn HE, Karapliafis D, Joosten KMM, Rigali S, van Wezel GP, Medema MH","101055020-COMMUNITY, 948770-DECIPHER","European Research Council, European Research Council, European Research Council, European Commission",9,LogoMotif: A Comprehensive Database of Transcription Factor Binding Site Profiles in Actinobacteria.
38818975,2024-05-31,"Key Laboratory of Synthetic Biology, Key Laboratory of Plant Design, CAS Center for Excellence in Molecular Plant Sciences, Institute of Plant Physiology and Ecology, Chinese Academy of Sciences, Shanghai, 200032, China.","Shi H, Zhu Y, Wu X, Jiang T, Li X, Liu J, Di Y, Chen F, Gao J, Xu X, Xiao N, Feng X, Zhang P, Wu Y, La Q, Li A, Chen P, Li X","CARS‐11, 2023ZD04073, BE2023336, 2022M713144, 32200093, 2023ZD04073, CARS-11, 31900470, 32270719, XDA24010400","Earmarked Fund for China Agriculture Research System, National Key R&D Program of China, Key R&D Program of Jiangsu Province Modern Agriculture, China Postdoctoral Science Foundation, National Natural Science Foundation of China, National Key Research and Development Program of China, Earmarked Fund for China Agriculture Research System, National Natural Science Foundation of China, National Natural Science Foundation of China, Strategic Priority Research Program of Chinese Academy of Sciences",2,CropMetabolome: a comprehensive metabolome database for major crops cross eight categories.
40037615,2025-03-01,"Department Ciències Mèdiques Bàsiques, Universitat de Lleida, Lleida 25198, Spain.","Tejada-Gutiérrez EL, Mateo Fornés J, Solsona F, Alves R",,,0,ForestForward: visualizing and accessing integrated world forest data from the last 50 years.
39558184,2025-01-01,"National Center for Biotechnology Information, National Library of Medicine, National Institutes of Health, Building 38A, 8600 Rockville Pike, Bethesda, MD 20894, USA.","Sayers EW, Cavanaugh M, Frisse L, Pruitt KD, Schneider VA, Underwood BA, Yankie L, Karsch-Mizrachi I",,"NIH HHS, National Institutes of Health",10,GenBank 2025 update.
39436012,2025-01-01,"Data Science for Health (DaScH) Lab, Fondazione Toscana Life Sciences, Siena, Italy.","Maccari G, Robinson J, Barker DJ, Yates AD, Hammond JA, Marsh SGE","BB/M011488/1, BBS/E/PI/23NB0003, BBS/E/PI/230001A","Biotechnology and Biological Sciences Research Council, Biotechnology and Biological Sciences Research Council, Veterinary Immunology Committee, European Molecular Biology Laboratories, International Society for Animal Genetics, Veterinary Immunology Committee (VIC), European Molecular Biology Laboratories, International Society for Animal Genetics (ISAG), Biotechnology and Biological Sciences Research Council, Anthony Nolan",2,The 2024 IPD-MHC database update: a comprehensive resource for major histocompatibility complex studies.
40056431,2025-03-01,"Graduate School of Integrated Sciences for Life, Hiroshima University, 3-10-23 Kagamiyama, Higashi-Hiroshima 739-0046, Japan.","Suzuki T, Bono H","JPMJFS2129, JPMJPF2010","University Fellowship Creation Project for Creating Scientific and Technological Innovation, Program on Open Innovation Platform with Enterprises, Research Institute and Academia",0,Pipeline to explore information on genome editing using large language models and genome editing meta-database.
37811871,2024-01-01,"Department of Public Health, School of Medicine & Holistic Integrative Medicine, Nanjing University of Chinese Medicine, Nanjing 210023, China.","Wang X, Zhang Y, Chen K, Liang Z, Ma J, Xia R, de Magalhães JP, Rigden DJ, Meng J, Song B","KSF-E-51, 32100519, KSF-P-02, 31671373, 013038030001","Xi'an Jiaotong-Liverpool University, XJTLU Key Program Special Fund, National Natural Science Foundation of China, XJTLU Key Program Special Fund, National Natural Science Foundation of China, Xi’an Jiaotong-Liverpool University, Scientific Research Foundation of Nanjing University of Chinese Medicine",21,m7GHub V2.0: an updated database for decoding the N7-methylguanosine (m7G) epitranscriptome.
39128019,2024-08-01,"The Key Laboratory of Advanced Interdisciplinary Studies, The First Affiliated Hospital of Guangzhou Medical University, GMU-GIBH Joint School of Life Sciences, The Guangdong-Hong Kong-Macao Joint Laboratory for Cell Fate Regulation and Diseases, Guangzhou Medical University, Guangzhou 510182, People's Republic of China.","Li D, Min Z, Guo J, Chen Y, Zhang W","32100513, SL2023A04J00291","National Natural Science Foundation of China, Basic and Applied Basic Research Foundation of Guangzhou, China",2,ExpOmics: a comprehensive web platform empowering biologists with robust multi-omics data analysis capabilities.
37941143,2024-01-01,"State Key Laboratory of Resource Insects, Institute of Sericulture and Systems Biology, Southwest University, Chongqing 400715, China.","Lu K, Pan Y, Shen J, Yang L, Zhan C, Liang S, Tai S, Wan L, Li T, Cheng T, Ma B, Pan G, He N, Lu C, Westhof E, Xiang Z, Han MJ, Tong X, Dai F","cstc2021jcyj-bshX0014, cstc2021jcyj-cxtt0005, CARS-18-ZJ0102, U20A2058, 32 202 746, 2022CQBSHTB3066, 31 830 094, CARS-18-ZJ0103","Natural Science Foundation of Chongqing, Natural Science Foundation of Chongqing, China Agriculture Research System of MOF and MARA, National Natural Science Foundation of China, National Natural Science Foundation of China, Special Funding for Postdoctoral Research of Chongqing, China, National Natural Science Foundation of China, China Agriculture Research System of MOF and MARA",10,SilkMeta: a comprehensive platform for sharing and exploiting pan-genomic and multi-omic silkworm data.
38745271,2024-05-14,"Centro Singular de Investigación en Tecnoloxías Intelixentes (CiTIUS), Universidade de Santiago de Compostela, Rúa de Jenaro de la Fuente Domínguez, E15782, Santiago de Compostela, Spain. laram.vazquez@usc.es.","Vázquez-González L, Regueira-Iglesias A, Balsa-Castro C, Vila-Blanco N, Tomás I, Carreira MJ","IN606B-2023/005, ED481A-2021","Consellería de Cultura, Educación e Ordenación Universitaria, Xunta de Galicia, Consellería de Cultura, Educación e Ordenación Universitaria, Xunta de Galicia",1,PrimerEvalPy: a tool for in-silico evaluation of primers for targeting the microbiome.
37831118,2024-01-01,"College of Pharmaceutical Sciences, The Second Affiliated Hospital, Zhejiang University School of Medicine, Zhejiang University, Hangzhou 310058, China.","Shen L, Sun X, Chen Z, Guo Y, Shen Z, Song Y, Xin W, Ding H, Ma X, Xu W, Zhou W, Che J, Tan L, Chen L, Chen S, Dong X, Fang L, Zhu F","2023C03111, 22220102001, 81973396, 2023C03111, 82373790, 82274020, 81973172, 82173660, LR21H300003, LR21H300001, U1909208","Key R&D Program of Zhejiang Province, Natural Science Foundation of China, Natural Science Foundation of China, Key R&amp;D Program of Zhejiang Province, Natural Science Foundation of China, Natural Science Foundation of China, Natural Science Foundation of China, Natural Science Foundation of China, Natural Science Fund for Distinguished Young Scholars of Zhejiang, Natural Science Fund for Distinguished Young Scholars of Zhejiang, Natural Science Foundation of China",35,ADCdb: the database of antibody-drug conjugates.
36484697,2023-01-01,"Swiss-Prot Group, SIB Swiss Institute of Bioinformatics, Centre Medical Universitaire, 1211 Geneva 4, Switzerland.","Coudert E, Gehant S, de Castro E, Pozzato M, Baratin D, Neto T, Sigrist CJA, Redaschi N, Bridge A","U24 HG012212, P20 GM103446, U41 HG002273, BB/T010541/1, G08 LM010720, U24 HG007822, R01 GM080646","NHGRI NIH HHS, NIGMS NIH HHS, NHGRI NIH HHS, National Eye Institute, National Human Genome Research Institute, Biotechnology and Biological Sciences Research Council, NLM NIH HHS, NHGRI NIH HHS, NIGMS NIH HHS",183,Annotation of biologically relevant ligands in UniProtKB using ChEBI.
34718743,2022-01-01,"Leibniz Institute DSMZ-German Collection of Microorganisms and Cell Cultures, Braunschweig, Germany.","Reimer LC, Sardà Carbasse J, Koblitz J, Ebeling C, Podstawka A, Overmann J","OV 20/20-1, de.NBI 021A539C","Deutsche Forschungsgemeinschaft, Federal Ministry of Education and Research",141,BacDive in 2022: the knowledge base for standardized bacterial and archaeal data.
34606616,2022-01-01,"Institute of Immunology and Department of Rheumatology at Sir Run Run Shaw Hospital, Zhejiang University School of Medicine, Hangzhou, Zhejiang 310058, China.","Wu L, Xue Z, Jin S, Zhang J, Guo Y, Bai Y, Jin X, Wang C, Wang L, Liu Z, Wang JQ, Lu L, Liu W","31530019, 2021QN81016, 31770954, 31930038","National Natural Science Foundation of China, Fundamental Research Funds for the Central Universities, Alibaba Cloud, National Natural Science Foundation of China, Innovative Institute of Basic Medical Sciences of Zhejiang University, National Natural Science Foundation of China",16,huARdb: human Antigen Receptor database for interactive clonotype-transcriptome analysis at the single-cell level.
34591957,2022-01-01,"National Genomics Data Center & CAS Key Laboratory of Genome Sciences and Information, Beijing Institute of Genomics, Chinese Academy of Sciences, Beijing 100101, China.","Zhang Y, Zou D, Zhu T, Xu T, Chen M, Niu G, Zong W, Pan R, Jing W, Sang J, Liu C, Xiong Y, Sun Y, Zhai S, Chen H, Zhao W, Xiao J, Bao Y, Hao L, Zhang Z","XDA19050302, 2017YFC0907502, WX145XQ07-04, 153F11KYSB20160008, XDB38030400, 2019FY100102, 2018134, 2018YFC0309805, 31871328, XDB38030200, 32030021","Chinese Academy of Sciences, National Key Research and Development Program of China, Genomics Data Center Construction of Chinese Academy of Sciences, International Partnership Program of the Chinese Academy of Sciences, Chinese Academy of Sciences, Open Biodiversity and Health Big Data Programme of IUBS, Special Investigation on Science and Technology Basic Resources of the MOST, Youth Innovation Promotion Association of Chinese Academy of Sciences, National Key Research and Development Program of China, National Natural Science Foundation of China, Chinese Academy of Sciences, National Natural Science Foundation of China",24,Gene Expression Nebulas (GEN): a comprehensive data portal integrating transcriptomic profiles across multiple species at both bulk and single-cell levels.
39820318,2025-01-16,"Princess Margaret Cancer Centre, 101 College Street, Toronto, ON, Canada.","Faust K, Chen ML, Babaei Zadeh P, Oreopoulos DG, Leon AJ, Paliwal A, Kamski-Hennekam ER, Mikhail M, Duan X, Duan X, Liu M, Ahangari N, Cotau R, Castillo VF, Nikzad N, Sugden RJ, Murphy P, Aljohani SS, Echelard P, Done SJ, Jakate K, Saeed Kamil Z, Alwelaie Y, Alyousef MJ, Alsafwani NS, Alrumeh AS, Saleeb RM, Richer M, Marins LV, Yousef GM, Diamandis P",,"Princess Margaret Cancer Foundation, Gouvernement du Canada | Canadian Institutes of Health Research, Cancer Research Society",1,PHARAOH: A collaborative crowdsourcing platform for phenotyping and regional analysis of histology.
36910986,2023-02-23,"The Institute of Mathematical Sciences (IMSc), Chennai 600113, India.","Vivek-Ananth RP, Mohanraj K, Sahoo AK, Samal A",SB/S2/RJN-006/2014,"Department of Science and Technology, Ministry of Science and Technology, Max-Planck-Gesellschaft, Department of Atomic Energy, Government of India",138,IMPPAT 2.0: An Enhanced and Expanded Phytochemical Atlas of Indian Medicinal Plants.
24245965,2013-11-18,"Faculty of Science and Literature, Department of Biology, Fatih University, Istanbul, Turkey. basalih@fatih.edu.tr.","Salih BA, Bolek BK, Yildiz MT, Arikan S",,,1,Phylogenetic analysis of Helicobacter pylori cagA gene of Turkish isolates and the association with gastric pathology.
38581840,2024-04-01,"Key Laboratory of Structure-Based Drug Design &Discovery of Ministry of Education, Shenyang Pharmaceutical University, Shenyang 110016, People's Republic of China; Key Laboratory of Intelligent Drug Design and New Drug Discovery of Liaoning Province, Shenyang Pharmaceutical University, Shenyang 110016, People's Republic of China; School of Pharmaceutical Engineering, Shenyang Pharmaceutical University, Shenyang 110016, People's Republic of China.","Liu H, Chen P, Hu B, Wang S, Wang H, Luan J, Wang J, Lin B, Cheng M","22077086, D20029","National Natural Science Foundation of China, Overseas Expertise Introduction Project for Discipline Innovation",0,FaissMolLib: An efficient and easy deployable tool for ligand-based virtual screening.
39373542,2025-01-01,"Leibniz Institute DSMZ-German Collection of Microorganisms and Cell Cultures GmbH, 38124 Braunschweig, Germany.","Rolland C, Wittmann J, Reimer LC, Sardà Carbasse J, Schober I, Dudek CA, Ebeling C, Koblitz J, Bunk B, Overmann J","WI 5350/1-1, OV 20/29-1, SPP 2330","Deutsche Forschungsgemeinschaft, Deutsche Forschungsgemeinschaft, Deutsche Forschungsgemeinschaft",5,PhageDive: the comprehensive strain database of prokaryotic viral diversity.
39351872,2025-01-01,"Department of Neurosurgery and State Key Laboratory of Biotherapy and Cancer Center, West China Hospital, Sichuan University, Chengdu, Sichuan 610041, China.","Zhang Y, Zhang T, Yang G, Pan Z, Tang M, Wen Y, He P, Wang Y, Zhou R","2022YFA1105200, 2023HXBH100, 2024NSFSC0059, 82303975, ZYYC23023, 2022YFA1105200, 92359303, 2023M742492, 2022TQ0226, 82273117, 82425037, 2023ZYD0128, 2024HXBH174","National Key R&D Program of China, West China Hospital, Sichuan Science and Technology Program, National Natural Science Foundation of China, West China Hospital, National Key R&amp;D Program of China, National Natural Science Foundation of China, China Postdoctoral Science Foundation, China Postdoctoral Science Foundation, National Natural Science Foundation of China, National Natural Science Foundation of China, Sichuan Science and Technology Program, West China Hospital",0,PerturbAtlas: a comprehensive atlas of public genetic perturbation bulk RNA-seq datasets.
36419334,2022-12-07,"INRAE, Institut Agro, SAS, 35042, Rennes, France.","Hassouna M, van der Weerden TJ, Beltran I, Amon B, Alfaro MA, Anestis V, Cinar G, Dragoni F, Hutchings NJ, Leytem A, Maeda K, Maragou A, Misselbrook T, Noble A, Rychła A, Salazar F, Simon P",BBS/E/C/000I0320,Biotechnology and Biological Sciences Research Council,7,"DATAMAN: A global database of methane, nitrous oxide, and ammonia emission factors for livestock housing and outdoor storage of manure."
39470715,2025-01-01,"State Key Laboratory of Oncology in South China, Guangdong Key Laboratory of Nasopharyngeal Carcinoma Diagnosis and Therapy, Guangdong Provincial Clinical Research Center for Cancer, Sun Yat-sen University Cancer Center, 651 Dongfeng East Road, Guangzhou 510060, China.","Miao Z, Ren Y, Tarabini A, Yang L, Li H, Ye C, Liti G, Fischer G, Li J, Yue JX","2021QN02Y168, YTP-SYSUCC-0042, YTP-SYSUCC-0040, 2022A1515011873, 2019QN01Y183, 2022A1515010717, 32000395, 32070592, 24qnpy293","Guangdong Pearl River Talents Program, Sun Yat-sen University Cancer Center, Sun Yat-sen University Cancer Center, Guangdong Basic and Applied Basic Research Foundation, Guangdong Pearl River Talents Program, Guangdong Basic and Applied Basic Research Foundation, National Natural Science Foundation of China, National Natural Science Foundation of China, Fundamental Research Funds for the Central Universities",3,ScRAPdb: an integrated pan-omics database for the Saccharomyces cerevisiae reference assembly panel.
38969708,2024-07-05,"Institute of Pharmaceutical Chemistry, Goethe University Frankfurt, Max-von-Laue-Str. 9, 60438, Frankfurt am Main, Germany.","Dopfer J, Vasta JD, Müller S, Knapp S, Robers MB, Schwalm MP",424228829,Deutsche Forschungsgemeinschaft (German Research Foundation),11,tracerDB: a crowdsourced fluorescent tracer database for target engagement analysis.
36280237,2023-01-01,"Laboratory of Bioinformatics and Protein Engineering, International Institute of Molecular and Cell Biology in Warsaw, ul. Ks. Trojdena 4, PL-02-109 Warsaw, Poland.","Cappannini A, Mosca K, Mukherjee S, Moafinejad SN, Sinden RR, Arluison V, Bujnicki J, Wien F","2020/37/B/NZ2/02456, 956810, 20200074, 20201304, 2017/26/A/NZ1/01083, 20210819, CA16120, H2020-MSCA-ITN-2020","Polish National Science Center, European Commission, IIMCB, IIMCB, Polish National Science Center, IIMCB, European Commission, European Commission",14,NACDDB: Nucleic Acid Circular Dichroism Database.
37399102,2023-07-01,"Center for Clinical Pharmacy, Cancer Center, Department of Pharmacy, Zhejiang Provincial People's Hospital, Affiliated People's Hospital, Hangzhou Medical College, Hangzhou, Zhejiang 310014, China.","Zhang S, Amahong K, Zhang Y, Hu X, Huang S, Lu M, Zeng Z, Li Z, Zhang B, Qiu Y, Dai H, Gao J, Zhu F","22220102001, U1909208, LR21H300001","National Natural Science Foundation of China, National Natural Science Foundation of China, Natural Science Foundation of Zhejiang Province",13,RNAenrich: a web server for non-coding RNA enrichment.
35411388,2022-04-01,"National Centre for Biological Sciences (TIFR), Bellary Road, Bangalore, Karnataka 560065, India.","Bhattacharyya T, Nayak S, Goswami S, Gadiyaram V, Mathew OK, Sowdhamini R","R. Sowdhamini&apos;s Bioinformatics Centre Grant (BT/PR, R. Sowdhamini&apos;s JC Bose Fellowship (SB/S2/JC-071/2, Vasundhara Gadiyaram&apos;s CSIR-RA fellowship","Department of Biotechnology, Ministry of Science and Technology, India, Science and Engineering Research Board, Council of Scientific and Industrial Research, India",3,PASS2.7: a database containing structure-based sequence alignments and associated features of protein domain superfamilies from SCOPe.
37052519,2023-05-01,"Department of Ophthalmology, Guangdong Eye Institute, Guangdong Provincial People's Hospital (Guangdong Academy of Medical Sciences), Southern Medical University, No. 106 Zhongshan Second Road, Guangzhou 510080, China.","Zhang X, Kong L, Liu S, Zhang X, Shang X, Zhu Z, Huang Y, Ma S, Jason H, Kiburg KV, Zheng C, Hu Y, Li C, Wu G, Liang Y, He M, Wang Y, Bai X, Shi D, Wang W, Zhang C, Zhao K, Yuan H, Hu G, Hu Y, Liang H, Yu H, Zhang L, He M",32200545,National Natural Science Foundation of China,5,EBD: an eye biomarker database.
37897356,2024-01-01,"Department of Laboratory Medicine and West China Biomedical Big Data Center, West China Hospital, Sichuan University, Chengdu 610041, China.","Feng Y, Yi J, Yang L, Wang Y, Wen J, Zhao W, Kim P, Zhou X","R01CA241930, 2326879, R35 GM138184, R01 GM123037, R01GM123037, R35GM138184, U01AR069395-01A1, 2022YFS0228, R01GM123037, 2023YFS0200, R01 CA241930, 139170052, 2217515, U01 AR069395","NIH, NSF, NIGMS NIH HHS, NIGMS NIH HHS, NIH, NIH, NIH, West China Hospital, Sichuan University, NIH HHS, West China Hospital, Sichuan University, NCI NIH HHS, Center of Excellence-International Collaboration Initiative, NSF, NIAMS NIH HHS",16,"COV2Var, a function annotation database of SARS-CoV-2 genetic variation."
34788843,2022-01-01,"Ontario Institute for Cancer Research, Toronto, ON M5G0A3, Canada.","Gillespie M, Jassal B, Stephan R, Milacic M, Rothfels K, Senff-Ribeiro A, Griss J, Sevilla C, Matthews L, Gong C, Deng C, Varusai T, Ragueneau E, Haider Y, May B, Shamovsky V, Weiser J, Brunson T, Sanati N, Beckman L, Shao X, Fabregat A, Sidiropoulos K, Murillo J, Viteri G, Cook J, Shorser S, Bader G, Demir E, Sander C, Haw R, Wu G, Stein L, Hermjakob H, D'Eustachio P","U01 CA239069, U41HG003751, U54 GM114833, U41 HG003751, U41HG003751, U54GM114833, U01CA239069","NCI NIH HHS, Open Targets, National Institutes of Health, University of Toronto, NIGMS NIH HHS, European Bioinformatics Institute, NHGRI NIH HHS, NHGRI NIH HHS, National Institutes of Health, National Institutes of Health",1439,The reactome pathway knowledgebase 2022.
38889117,2024-06-18,"Children's Hospital of Eastern Ontario Research Institute, Ottawa, Canada.","Kaczmarek E, Miguel OX, Bowie AC, Ducharme R, Dingwall-Harvey ALJ, Hawken S, Armour CM, Walker MC, Dick K",,,1,CAManim: Animating end-to-end network activation maps.
39401061,2024-10-01,"Department of Molecular Biology and Biochemistry, Simon Fraser University, Burnaby, BC, Canada.","Gill EE, Jia B, Murall CL, Poujol R, Anwar MZ, John NS, Richardsson J, Hobb A, Olabode AS, Lepsa A, Duggan AT, Tyler AD, N'Guessan A, Kachru A, Chan B, Yoshida C, Yung CK, Bujold D, Andric D, Su E, Griffiths EJ, Van Domselaar G, Jolly GW, Ward HKE, Feher H, Baker J, Simpson JT, Uddin J, Ragoussis J, Eubank J, Fritz JH, Gálvez JH, Fang K, Cullion K, Rivera L, Xiang L, Croxen MA, Shiell M, Prystajecky N, Quirion PO, Bajari R, Rich S, Mubareka S, Moreira S, Cain S, Sutcliffe SG, Kraemer SA, Alturmessov Y, Joly Y, Cphln Consortium, CanCOGeN Consortium, VirusSeq Data Portal Academic And Health Network, Fiume M, Snutch TP, Bell C, Lopez-Correa C, Hussin JG, Joy JB, Colijn C, Gordon PMK, Hsiao WWL, Poon AFY, Knox NC, Courtot M, Stein L, Otto SP, Bourque G, Shapiro BJ, Brinkman FSL","#CVD19-030, N/A, ACRRP-5, #286GET, N/A, N/A, N/A, #E09CMA, #OGI-201, N/A, U24 CA253529, #ARR-175622, #U24CA253529, N/A, #174924, #OGI-136, N/A","IVADO COVID19 Rapid Response, Michael Smith Health Research BC, Genome Alberta, Genome Canada, Digital Research Alliance of Canada, Fonds de Recherche du Québec - Santé, Innovation, Science and Economic Development Canada, Genome Canada, Ontario Genomics, Simon Fraser University, NCI NIH HHS, CIHR, US National Institutes of Health, Public Health Agency of Canada, CIHR, Genome Canada, CIHR",3,The Canadian VirusSeq Data Portal and Duotang: open resources for SARS-CoV-2 viral sequences and genomic epidemiology.
36200827,2023-01-01,"Luxembourg Centre for Systems Biomedicine (LCSB), University of Luxembourg, 6 Avenue du Swing, Esch-sur-Alzette, L-4367 Belvaux, Luxembourg.","Zheng M, Okawa S, Bravo M, Chen F, Martínez-Chantar ML, Del Sol A","C15/BM/10397420, C19/BM/13624979","Fonds National de la Recherche Luxembourg, Fonds National de la Recherche Luxembourg, National Research Fund",11,ChemPert: mapping between chemical perturbation and transcriptional response for non-cancer cells.
39198545,2024-08-27,"Department of Psychology, University of Amsterdam, 1001 NK, Amsterdam, The Netherlands. e.stamkou@uva.nl.","Stamkou E, Keltner D, Corona R, Aksoy E, Cowen AS",,,4,Emotional palette: a computational mapping of aesthetic experiences evoked by visual art.
39963423,2024-09-27,"Bioscience Division, Los Alamos National Laboratory, Los Alamos, NM, USA.","Kelliher JM, Xu Y, Flynn MC, Babinski M, Canon S, Cavanna E, Clum A, Corilo YE, Fujimoto G, Giberson C, Johnson LYD, Li KJ, Li PE, Li V, Lo CC, Lynch W, Piehowski P, Prime K, Purvine S, Rodriguez F, Roux S, Shakya M, Smith M, Sarrafan S, Cholia S, McCue LA, Mungall C, Hu B, Eloe-Fadrosh EA, Chain PSG","89233218CNA000001, 2138296, 2138259, 2138286, 2138307, DE-AC05-76RL01830, 2137603, DE-AC02-05CH11231","Lawrence Berkeley National Laboratory, Pacific Northwest National Laboratory, National Science Foundation, U.S. Department of Energy, National Science Foundation, National Science Foundation, National Science Foundation, Los Alamos National Laboratory, Office of Science, National Science Foundation, US Department of Energy Biological and Environmental Research",6,Standardized and accessible multi-omics bioinformatics workflows through the NMDC EDGE resource.
34986599,2022-01-01,"Dept. of Gastroenterology, Shanghai Tenth People's Hospital, School of Life Sciences and Technology, Tongji University, Shanghai 200092, China.","Yan D, Zheng G, Wang C, Chen Z, Mao T, Gao J, Yan Y, Chen X, Ji X, Yu J, Mo S, Wen H, Han W, Zhou M, Wang Y, Wang J, Tang K, Cao Z","81830080, 2017YFC1700200, 32070657, 2019YFA0905900","National Natural Science Foundation of China, National Key Research and Development Program of China, National Natural Science Foundation of China, National Key Research and Development Program of China",111,HIT 2.0: an enhanced platform for Herbal Ingredients' Targets.
35586731,2022-05-13,"Department of Biotechnology, R V College of Engineering, Bengaluru, Karnataka, India.","Padmavathi P, Chandrashekar K, Setlur AS, Niranjan V",,,2,MutaXome: A Novel Database for Identified Somatic Variations of <i>In silico</i> Analyzed Cancer Exome Datasets.
39406779,2024-10-15,"Laboratory of Experimental and Comparative Oncology, Department of Pathology, School of Veterinary Medicine and Animal Science, University of São Paulo, São Paulo, SP, Brazil. mlzdagli@usp.br.","Dagli MLZ, Nagamine MK, Ikeda TL, da Fonseca IIM, Kremer FS, Seixas FK, Hernandez CD, Leite JVP, Yasumaru CC, Massoco CO, Hsieh R, Lourenço SV, Collares TV","19/2551-0002269-7, 2019/15261-0","Fundação de Amparo à Pesquisa do Estado do Rio Grande do Sul, Fundação de Amparo à Pesquisa do Estado de São Paulo",0,Identification of mutations in canine oral mucosal melanomas by exome sequencing and comparison with human melanomas.
37503349,2023-07-12,"Division of Hematology and Oncology, Department of Pediatrics, Pennsylvania State University College of Medicine, Hershey, PA, United States.","Elcheva IA, Gowda CP, Bogush D, Gornostaeva S, Fakhardo A, Sheth N, Kokolus KM, Sharma A, Dovat S, Uzun Y, Schell TD, Spiegelman VS","R01CA243167-01A1, 4100090478, R01 CA243167","National Cancer Institute, Pennsylvania Department of Health, NCI NIH HHS",36,IGF2BP family of RNA-binding proteins regulate innate and adaptive immune responses in cancer cells and tumor microenvironment.
38299111,2024-01-05,"Department of Cell and Developmental Biology, University of Michigan Medical School, Ann Arbor, MI, USA.","Cohen E, Johnson CN, Wasikowski R, Billi AC, Tsoi LC, Kahlenberg JM, Gudjonsson JE, Coulombe PA","T32 AR007197, AR0007197, K08 AR078251, P30 AR070543, R01 AR070543, P30 AR075043","NIAMS NIH HHS, National Institutes of Health, NIAMS NIH HHS, National Institutes of Health, NIAMS NIH HHS, NIAMS NIH HHS, National Psoriasis Foundation",31,Significance of stress keratin expression in normal and diseased epithelia.
35346379,2022-03-28,"Univ Rennes, CNRS, Inria, IRISA, UMR 6074, Rennes, F-35000, France. marine.louarn@inria.fr.","Louarn M, Chatonnet F, Garnier X, Fest T, Siegel A, Faron C, Dameron O",,inserm-inria,2,Improving reusability along the data life cycle: a regulatory circuits case study.
36210831,2022-09-23,"Joint Laboratory for Translational Cancer Research of Chinese Medicine of the Ministry of Education of the People's Republic of China, Guangzhou, China.","Li SY, Wang WJ, Li QY, Yang PH, Li XL, Yan Y, Yuan Y, Feng YB, Hong M",,,3,Using omics approaches to dissect the therapeutic effects of Chinese herbal medicines on gastrointestinal cancers.
35880747,2022-07-01,"Heidelberg University, Faculty of Medicine, and Heidelberg University Hospital, Institute for Computational Biomedicine, Bioquant, Heidelberg, Germany.","Garrido-Rodriguez M, Zirngibl K, Ivanova O, Lobentanzer S, Saez-Rodriguez J",,GlaxoSmithKline,48,Integrating knowledge and omics to decipher mechanisms via large-scale models of signaling networks.
38244111,2024-01-20,"Department of Biotechnology, Indian Institute of Technology Hyderabad, Kandi, Telangana, 502284, India.","Kumar A, Kumar KV, Kundal K, Sengupta A, Sharma S, R K, Kumar R",,,1,MyeloDB: a multi-omics resource for multiple myeloma.
40625169,2025-01-01,"Department of Genomic Medicine, D.O. Ott Research Institute of Obstetrics, Gynaecology, and Reproductology, Mendeleevskaya line, 3, Saint Petersburg, 199034, Russia.","Maksiutenko EM, Bezdvornykh IV, Barbitoff YA, Nasykhova YA, Glotov AS",075-15-2021-1058,"Ministry of Science and Higher Education of the Russian Federation, Ministry of Science and Higher Education",0,PLoV: a comprehensive database of genetic variants leading to pregnancy loss.
37489036,2023-07-24,"Department of Pharmacology, Obafemi Awolowo University, Ile-Ife, Osun, Nigeria.",Daniyan MO,,,1,pyGROMODS: a Python package for the generation of input files for molecular dynamic simulation with GROMACS.
39351883,2025-01-01,"Faculty of Computing, Harbin Institute of Technology, Harbin 150001, China.","Jia Y, Dong H, Li L, Wang F, Juan L, Wang Y, Guo H, Zhao T",62202125,National Natural Science Foundation of China,3,xQTLatlas: a comprehensive resource for human cellular-resolution multi-omics genetic regulatory landscape.
37317043,2023-06-14,"Innovation Institute for Artificial Intelligence in Medicine of Zhejiang University, College of Pharmaceutical Sciences, Zhejiang University, Hangzhou 310058, Zhejiang, China.","Zhang X, Shen C, Wang T, Kang Y, Li D, Pan P, Wang J, Wang G, Deng Y, Xu L, Cao D, Hou T, Wang Z","2020QNA7003, 81973281, 2021YFE0206400, 226-2022-00220, 82204279, 22220102001, LZ19H300001","Fundamental Research Funds for the Central Universities, National Natural Science Foundation of China, National Key Research and Development Program of China, Fundamental Research Funds for the Central Universities, National Natural Science Foundation of China, National Natural Science Foundation of China, Natural Science Foundation of Zhejiang Province",1,Topology-Based and Conformation-Based Decoys Database: An Unbiased Online Database for Training and Benchmarking Machine-Learning Scoring Functions.
36495921,2022-12-07,"Department of Biotechnology, Bhupat and Jyoti Mehta School of Biosciences, Indian Institute of Technology Madras, Chennai 600036, India; TCS Research (Life Sciences division), Tata Consultancy Services, Hyderabad 500081, India.","Ramaswamy Krishnan S, Roy A, Michael Gromiha M",,,14,R-SIM: A Database of Binding Affinities for RNA-small Molecule Interactions.
39753569,2025-01-03,"Department of Chemistry-BMC, Uppsala University, SE-75123, Uppsala, Sweden.","Feng Q, De Chavez D, Kihlberg J, Poongavanam V",2021-04747,Vetenskapsrådet (Swedish Research Council),1,A membrane permeability database for nonpeptidic macrocycles.
37624923,2023-08-01,"Institute for Integrative Biology of the Cell (I2BC), CEA, CNRS, Université Paris-Saclay, 91198 Gif-sur-Yvette cedex, France.","Hepp B, Lorieux F, Degaugue A, Oberto J",,"Centre National de la Recherche Scientifique, Agence Nationale de la Recherche",0,VAPEX: an interactive web server for the deep exploration of natural virus and phage genomes.
35610420,2022-01-01,"Department of Computer Science, University of California Irvine, Irvine, CA, USA.","Samad M, Agostinelli F, Baldi P",,,2,Bioinformatics and Systems Biology of Circadian Rhythms: BIO_CYCLE and CircadiOmics.
35435220,2022-05-01,"Bioinformatics Center, College of Biology, Hunan Provincial Key Laboratory of Medical Virology, Hunan University, Changsha 410082, China.","Ye S, Lu C, Qiu Y, Zheng H, Ge X, Wu A, Xia Z, Jiang T, Zhu H, Peng Y","2016YFD0500300, 82072293, 2020SK2054, 32170651, 2020JJ3006","National Key Plan for Scientific Research and Development of China, National Natural Science Foundation of China, Key Research and Development Program of Hunan Province, National Natural Science Foundation of China, Hunan Provincial Natural Science Foundation of China",19,An atlas of human viruses provides new insights into diversity and tissue tropism of human viruses.
35201291,2022-04-01,"Independent Research Group, Molecular Genetics Department, Leibniz Institute of Plant Genetics and Crop Plant Research, Gatersleben, Germany.","Camborda S, Weder JN, Töpfer N",,,9,CobraMod: a pathway-centric curation tool for constraint-based metabolic models.
40630734,2025-06-24,"Forschungszentrum Jülich, Institute of Bio- and Geosciences, IBG-4 Bioinformatics, CEPLAS, BioSC, Jülich, Germany.","Schwacke R, Bolger ME, Usadel B",,,3,PubPlant - a continuously updated online resource for sequenced and published plant genomes.
40000636,2025-02-25,"Clinical Bioinformatics, Saarland University, 66123, Saarbrücken, Germany.","Grandke F, Fehlmann T, Kern F, Gate DM, Wolff TW, Leventhal O, Channappa D, Hirsch P, Wilson EN, Meese E, Liu C, Shi Q, Flotho M, Li Y, Chen C, Yu Y, Xu J, Junkin M, Wang Z, Wu T, Liu L, Hou Y, Andreasson KI, Gansen JS, Mass E, Poston K, Wyss-Coray T, Keller A","14446, 17047 (subc. 125491594), MJFF-021418, 466168626","Michael J. Fox Foundation for Parkinson&apos;s Research (Michael J. Fox Foundation), Michael J. Fox Foundation for Parkinson&apos;s Research (Michael J. Fox Foundation), Deutsche Forschungsgemeinschaft (German Research Foundation)",1,A single-cell atlas to map sex-specific gene-expression changes in blood upon neurodegeneration.
37991246,2023-11-01,"Xiangya School of Pharmaceutical Sciences, Central South University, Changsha, China.","Dong J, Wu Z, Xu H, Ouyang D","0108/2021/A, 2023CXQD004, 22003078, MYRG-CRG2022-00008-ICMS","Macau FDCT, Central South University Innovation-Driven Research Program, National Natural Science Foundation of China, University of Macau",23,FormulationAI: a novel web-based platform for drug formulation design driven by artificial intelligence.
37099369,2023-07-01,"Laboratory of Bioinformatics of RNA Structure and Transcriptome Regulation, Berlin Institute for Medical Systems Biology, Max Delbrück Center for Molecular Medicine, Robert-Rössle-Str. 10, 13125 Berlin, Germany.","Tsybulskyi V, Semenchenko E, Meyer IM",,Helmholtz-Gemeinschaft,2,e-RNA: a collection of web-servers for the prediction and visualisation of RNA secondary structure and their functional features.
37602392,2024-01-01,"Mendel Centre for Plant Genomics and Proteomics, Central European Institute of Technology (CEITEC), Masaryk University, BrnoCZ-62500, Czech Republic.","Lyčka M, Bubeník M, Závodník M, Peska V, Fajkus P, Demko M, Fajkus J, Fojtová M",20-01331X,"Czech Science Foundation, CzechElib",29,TeloBase: a community-curated database of telomere sequences across the tree of life.
37995323,2023-12-01,"State Key Laboratory of Crop Stress Biology for Arid Areas, Center of Bioinformatics, College of Life Sciences, Northwest A&F University, Yangling, Shaanxi 712100, China.","Huang W, Hu X, Ren Y, Song M, Ma C, Miao Z","32000410, 32170681, 32370723","National Natural Science Foundation of China, National Natural Science Foundation of China, National Natural Science Foundation of China",3,IPOP: An Integrative Plant Multi-omics Platform for Cross-species Comparison and Evolutionary Study.
36243963,2023-01-01,"State Key Laboratory of Microbial Technology, Institute of Microbial Technology, Shandong University, Qingdao 266237, China.","Liu Y, Liu S, Pan Z, Ren Y, Jiang Y, Wang F, Li DD, Li YZ, Zhang Z","2021M701987, 32070030, 2018YFA0900400, 2017FY100300, 2021M700084, 32270073, BK20190199, 2020GN113, 2018GSF121015, 2018YFA0901704","China Postdoctoral Science Foundation, National Natural Science Foundation of China, National Key Research and Development Program, Special Investigation on Scientific and Technological Basic Resources, China Postdoctoral Science Foundation, National Natural Science Foundation of China, Natural Science Foundation of Jiangsu Province, Fundamental Research Funds of Shandong University, Key Research and Development Program of Shandong Province, National Key Research and Development Program",7,PAT: a comprehensive database of prokaryotic antimicrobial toxins.
35197510,2022-02-23,"Winship Cancer Institute, Emory University, Atlanta, GA, USA.","Dwivedi B, Mumme H, Satpathy S, Bhasin SS, Bhasin M",P30 CA138292,NCI NIH HHS,56,"Survival Genie, a web platform for survival analysis across pediatric and adult cancers."
35042860,2022-01-18,"Department of Biostatistics, The University of Texas MD Anderson Cancer Center, Houston, TX, 77030, USA.","Li Z, Feng H",,"University of Texas MD Anderson Cancer Center, Case Western Reserve University",10,A neural network-based method for exhaustive cell label assignment using single cell RNA-seq data.
33036742,2020-10-06,"Institut de radiothérapie de Bobigny, rue Lautréamont, 93000 Bobigny, France. Electronic address: a.paix@ramsaygds.fr.","Paix A, Popotte H, Lévy C, Perez A, Bouillet T, Zelek L, Duchemann B",,,0,[Nomadism of patients treated by radiotherapy in Île-de-France: Does our health system have as much money to waste?]
40145964,2025-03-25,"Department of Internal Medicine, Wuhan Asia General Hospital, Wuhan University of Science and Technology, Wuhan, Hubei Province, China.","Duan T, Chu J, Li J, Pan S, Liu D, Cheng G, Luo Y, Zhou W, Wang Z, Tan W, Wu Q, Zeng Y, Hu F",,,0,RBAD: the first database dedicated alterations of blood RNA in individuals with Alzheimer's disease and their clinical relevance.
38878855,2024-06-13,"National Genomics Data Center, Beijing Institute of Genomics, Chinese Academy of Sciences and China National Center for Bioinformation, Beijing 100101, China; CAS Key Laboratory of Genome Sciences and Information, Beijing Institute of Genomics, Chinese Academy of Sciences and China National Center for Bioinformation, Beijing 100101, China; University of Chinese Academy of Sciences, Beijing 100049, China. Electronic address: niez@big.ac.cn.","Nie Z, Zhao Y, Yu S, Mai J, Gao H, Fan Z, Bao Y, Li R, Xiao J","XDB38030400, 31970634, 32170669","Chinese Academy of Sciences, National Natural Science Foundation of China, National Natural Science Foundation of China",2,NucMap 2.0: An Updated Database of Genome-wide Nucleosome Positioning Maps Across Species.
39968950,2025-02-01,"School of Medical Infand Engineering, Xuzhou Medical University, No. 209, Tongshan Road, Yunlong District, Xuzhou, Jiangsu 221004, China.","Shao Y, Gao Y, Wu LY, Ge SG, Wen PB","32100998 32201016 JSSCBS20211265, D2020040","National Natural Science Foundation of China, Initializing Fund of Xuzhou Medical University",0,TumorAgDB1.0: tumor neoantigen database platform.
39546630,2025-01-01,"MOE Key Laboratory of Bioinformatics, Center for Synthetic and Systems Biology, School of Life Sciences, Tsinghua University, Beijing 100084, China.","Mu K, Fei Y, Xu Y, Zhang QC","32 230 018, 2022YFF1203100, M23011","National Natural Science Foundation of China, Beijing Advanced Innovation Center for Structural Biology, National Key Research and Development Project of China, Beijing Natural Science Foundation, Tsinghua-Peking Center for Life Sciences",3,RASP v2.0: an updated atlas for RNA structure probing data.
39526401,2025-01-01,"City University of Hong Kong Shenzhen Research Institute, 8 Yue Xing Yi Road, Nanshan District, Shenzhen, 518057, China.","Jiang Y, Wang Y, Che L, Yang S, Zhang X, Lin Y, Shi Y, Zou N, Wang S, Zhang Y, Zhao Z, Li SC","JCYJ20220818101201004, 20220814183301001","Shenzhen Science and Technology Program, Shenzhen Science and Technology Program",2,GutMetaNet: an integrated database for exploring horizontal gene transfer and functional redundancy in the human gut microbiome.
38769057,2024-07-01,"Biodesign Center, Key Laboratory of Engineering Biology for Low-carbon Manufacturing, Tianjin Institute of Industrial Biotechnology, Chinese Academy of Sciences, Tianjin 300308, PR China.","Shi Z, Wang D, Li Y, Deng R, Lin J, Liu C, Li H, Wang R, Zhao M, Mao Z, Yuan Q, Liao X, Ma H","XDC0120201, 32201242, TSBICIP-PTJJ-007, 12326611, TSBICIP-PTJJ-012, 22HHSWSS00021, TSBICIP-PTJS-001, 32300529","Strategic Priority Research Program of the Chinese Academy of Sciences, National Natural Science Foundation of China, Tianjin Synthetic Biotechnology Innovation Capacity Improvement, National Natural Science Foundation of China, Tianjin Synthetic Biotechnology Innovation Capacity Improvement, Haihe Laboratory of Synthetic Biology, Tianjin Synthetic Biotechnology Innovation Capacity Improvement, National Natural Science Foundation of China",6,REME: an integrated platform for reaction enzyme mining and evaluation.
39392404,2024-10-01,"Key Laboratory of Drug-Targeting and Drug Delivery System of the Education Ministry and Sichuan Province, Department of Medicinal Chemistry, West China School of Pharmacy, Sichuan University, Chengdu 610041, China.","Zhou C, Cai CP, Huang XT, Wu S, Yu JL, Wu JW, Fang JS, Li GB","2023SCUH0073, 2024A1515030161, 82073698, 2022YFH0027, 2023YFF1204901, 82122065, 2023YFF1204901","Basic Research Foundation of Sichuan University, Guangdong Basic and Applied Basic Research Foundation, National Natural Science Foundation of China, Sichuan Science and Technology Program, National Key R&D Program of China, National Natural Science Foundation of China, National Key R&amp;D Program of China",2,TarKG: a comprehensive biomedical knowledge graph for target discovery.
37070190,2023-07-01,"Institute of Genetic Epidemiology, Medical University of Innsbruck, Innsbruck 6020, Austria.","Schönherr S, Weissensteiner H, Kronenberg F, Forer L",,Medical University of Innsbruck,71,Haplogrep 3 - an interactive haplogroup classification and analysis platform.
40108206,2025-03-19,"Division of Cardiology, Department of Internal Medicine, Teikyo University School of Medicine, Tokyo, Japan. knt22e@gmail.com.","Tsutsui K, Brimer SB, Ben-Moshe N, Sellal JM, Oster J, Mori H, Ikeda Y, Arai T, Nakano S, Kato R, Behar JA",,,2,SHDB-AF: a Japanese Holter ECG database of atrial fibrillation.
37925500,2023-11-04,"CAS Key Laboratory of Computational Biology, Shanghai Institute of Nutrition and Health, University of Chinese Academy of Sciences, Chinese Academy of Sciences, Shanghai, 200031, China.","Cai P, Liu S, Zhang D, Hu QN","2019YFA0904300, 153D31KYSB20170121","National Key Research and Development Program of China, International Partnership Program of the Chinese Academy of Sciences of China",3,MCF2Chem: A manually curated knowledge base of biosynthetic compound production.
36477806,2023-01-01,"National Center for Biotechnology Information, National Library of Medicine, National Institutes of Health, Bldg. 38 A, Room 8N805, 8600 Rockville Pike, Bethesda, MD 20894, USA.","Wang J, Chitsaz F, Derbyshire MK, Gonzales NR, Gwadz M, Lu S, Marchler GH, Song JS, Thanki N, Yamashita RA, Yang M, Zhang D, Zheng C, Lanczycki CJ, Marchler-Bauer A",,National Institutes of Health,633,The conserved domain database in 2023.
36243962,2023-01-01,"College of Bioinformatics Science and Technology, Harbin Medical University, Harbin, China.","Chen H, Xu J, Wei S, Jia Z, Sun C, Kang J, Guo X, Zhang N, Tao J, Dong Y, Zhang C, Ma Y, Lv W, Tian H, Bi S, Lv H, Huang C, Kong F, Tang G, Jiang Y, Zhang M","31970651, LGF20C060001, 81600403, 2021-KYYWF-0280, 81601422, 001/2020/ALC, 92046018, FRG-21-032-SKL, SKL-QRCM (MUST)-2020–2022, 0020/2021/A, 12026414","National Natural Science Foundation of China, Basic Public Welfare Research Project of Zhejiang Province, National Natural Science Foundation of China, Innovative Scientific Research-Special Scientific Research Project for Basic Medical Youth, National Natural Science Foundation of China, Science and Technology Development Fund, National Natural Science Foundation of China, Macau University of Science and Technology, Science and Technology Development Fund, Science and Technology Development Fund, Mathematical Tianyuan Fund of the National Natural Science Foundation of China",3,RABC: Rheumatoid Arthritis Bioinformatics Center.
40308064,2025-04-29,"State Key Laboratory of North China Crop Improvement and Regulation, Hebei International Research Center of Vegetable Functional Genomics, College of Horticulture, Hebei Agricultural University, Baoding 071000, China.","Yang Q, Wu T, Liu M, Zhang X, Sun X, Feng D, Lu Y, Chen X, Hong Y, Ma W, Zhao J","32330096, C2024204246, 32222076, C2023204308","National Natural Science Foundation of China, Natural Science Foundation of Hebei Province, National Natural Science Foundation of China, Natural Science Foundation of Hebei Province",0,An integrative 3D-genome database for plants.
39137906,2024-08-01,"College of Bioinformatics Science and Technology, Harbin Medical University, Harbin, Heilongjiang 150081, China.","Liu H, Zhang N, Jia Y, Wang J, Ye A, Yang S, Zhou H, Lv Y, Xu C, Wang S","LH2022C056 LH2023C102, 61801150 61803130 62272139","Natural Science Foundation of Heilongjiang Province, National Natural Science Foundation of China",0,ncStem: a comprehensive resource of curated and predicted ncRNAs in cancer stemness.
38519883,2024-03-22,"DEXL Lab, National Laboratory for Scientific Computing, Petrópolis, Brazil. quelopes@lncc.br.","Costa RL, Gadelha L, D'arc M, Ribeiro-Alves M, Robertson DL, Schwartz JM, Soares MA, Porto F",,Deutsches Krebsforschungszentrum (DKFZ),0,HIHISIV: a database of gene expression in HIV and SIV host immune response.
37867975,2023-10-05,"College of Agronomy, Qingdao Agricultural University, China.","Yan H, Liu F, Zhang G, Liu S, Ma W, Yang T, Li Y, Yang J, Cui H",,,1,PlantCHRs: A comprehensive database of plant chromatin remodeling factors.
39310281,2024-09-07,"College of Pharmaceutical Sciences, Zhejiang University, Hangzhou 310058, China.","Zhu B, Li Z, Jin Z, Zhong Y, Lv T, Ge Z, Li H, Wang T, Lin Y, Liu H, Ma T, Wang S, Liao J, Fan X",,National Natural Science Foundation of China,4,Knowledge-based in silico fragmentation and annotation of mass spectra for natural products with MassKG.
38912109,2024-06-13,"Group of Entomology, National Institute of Health, Bogotá, Colombia Group of Entomology, National Institute of Health Bogotá Colombia.","Santamaria E, Súarez MF, Ortiz Gallego R, Fuya P, Páez G, Marceló-Díaz C",,,2,"<i>Culicoides</i> Latreille (Diptera, Ceratopogonidae) of Colombia: records from the collection of insects of medical importance from National Institute of Health."
34634810,2022-01-01,"Earlham Institute, Norwich NR4 7UZ, UK.","Csabai L, Fazekas D, Kadlecsik T, Szalay-Bekő M, Bohár B, Madgwick M, Módos D, Ölbei M, Gul L, Sudhakar P, Kubisch J, Oyeyemi OJ, Liska O, Ari E, Hotzi B, Billes VA, Molnár E, Földvári-Nagy L, Csályi K, Demeter A, Pápai N, Koltai M, Varga M, Lenti K, Farkas IJ, Türei D, Csermely P, Vellai T, Korcsmáros T","01062, BB/CCG1720/1, K132439, BBS/E/F/000PR10355, BBS/E/F/000PR10353, K131458, PD131839, 2116392, 031L0181B, BB/R012490/1, BBS/E/T/000PR9817, BBS/E/T/000PR9818, 2020-4.1.1.-TKP2020, 694679, BB/CSP1720/1, BB/M011216/1, BB/S50743X/1, BBS/E/T/000PR9814, 1940961, BBS/E/T/000PR9819","ELKH/MTA-ELTE Genetics Research Group, Biotechnology and Biological Sciences Research Council, Hungarian National Research, Biotechnology and Biological Sciences Research Council, Earlham Institute, Biotechnology and Biological Sciences Research Council, Hungarian National Research, Hungarian National Research, Biotechnology and Biological Sciences Research Council, German Federal Ministry of Education and Research, Biotechnology and Biological Sciences Research Council, Biotechnology and Biological Sciences Research Council, Biotechnology and Biological Sciences Research Council, UK Research and Innovation, Ministry of Human Capacities, European Research Council, Biotechnology and Biological Sciences Research Council, Biotechnology and Biological Sciences Research Council, Biotechnology and Biological Sciences Research Council, Biotechnology and Biological Sciences Research Council, Biotechnology and Biological Sciences Research Council, Biotechnology and Biological Sciences Research Council",28,SignaLink3: a multi-layered resource to uncover tissue-specific signaling networks.
36630461,2023-01-11,"Division of Rheumatology, Feinberg School of Medicine, Northwestern University, Chicago, IL, United States of America.","Chen SY, Gadhvi G, Winter DR","R01 AI163742, 18CDA34110224, R01 AI163742","National Institute of Allergy and Infectious Diseases, American Thoracic Society, American Heart Association, American Federation for Aging Research, NIAID NIH HHS, Arthritis National Research Foundation, Scleroderma Foundation, American Heart Association, American Lung Association",2,MAGNET: A web-based application for gene set enrichment analysis using macrophage data sets.
40054149,2025-03-03,"Department of Radiology and Nuclear Medicine, Radboud University Medical Center, Nijmegen, The Netherlands.","de Grauw MJJ, Scholten ET, Smit EJ, Rutten MJCM, Prokop M, van Ginneken B, Hering A",E113829,Eurostars,3,The ULS23 challenge: A baseline model and benchmark dataset for 3D universal lesion segmentation in computed tomography.
38518981,2024-03-20,"State Key Laboratory of Hybrid Rice, Institute for Advanced Studies (IAS), Wuhan University, Wuhan, Hubei 430072, China.","Zhu S, Yuan S, Niu R, Zhou Y, Wang Z, Xu G",,,3,RNAirport: a deep neural network-based database characterizing representative gene models in plants.
38715008,2024-05-07,"Department of Neurosurgery, Neuroscience Institute, the Second Affiliated Hospital of Harbin Medical University, Heilongjiang Academy of Medical Sciences, Harbin, 150086, China.","Xuan H, Zhong J, Wang X, Song Y, Shen R, Liu Y, Zhang S, Cai J, Liu M","GJB1423224, XY202201, YJSSZKT2023-16HYD, HIGHER2023042, MJR202310029, 82073298, MJR202310029, YJSSZKT2023-16HYD, 2023B089, GJB1422780","Heilongjiang Provincial Key Project of The Educational Science 14th Five-Year Plan, Harbin Medical University Educational Science Research Project, Harbin Medical University Ideological & Political Educational Research Project, Health China·BuChang ZhiYuan Pubic Welfare Project for Heart and Brain Health, Medjaden Academy & Research Foundation for Young Scientists, National Natural Science Foundation of China, Medjaden Academy &amp; Research Foundation for Young Scientists, Harbin Medical University Ideological &amp; Political Educational Research Project, Chinese Medical Association Medical Education Research Project, Heilongjiang Provincial Key Project of The Educational Science 14th Five-Year Plan",2,GRAVEN: a database of teaching method that applies gestures to represent the neurosurgical approach's blood vessels and nerves.
36723167,2023-02-01,"Laboratory of Physical Chemistry, ETH Zurich, 8093 Zurich, Switzerland.","Klukowski P, Riek R, Güntert P",891690,European Union,20,NMRtist: an online platform for automated biomolecular NMR spectra analysis.
38661218,2024-07-01,"Interfaculty Institute of Microbiology and Infection Medicine (IMIT), University of Tübingen, Tübingen, Germany.","Grin I, Maksymenko K, Wörtwein T, ElGamacy M","031A537D, 031A537A, 031A538A, 031A535A, 500215849, 031A533B, 031A534A, 031A537B, 031A532B, 031A537C, 031A533A","Medical Library, University Hospital Tübingen, University Library, University of Tübingen, Medical Library, University Hospital Tübingen, Medical Library, University Hospital Tübingen, Medical Library, University Hospital Tübingen, Deutsche Forschungsgemeinschaft, M. Schickedanz Kinderkrebsstiftung, Medical Library, University Hospital Tübingen, Medical Library, University Hospital Tübingen, Medical Library, University Hospital Tübingen, Medical Library, University Hospital Tübingen, Medical Library, University Hospital Tübingen, Medical Library, University Hospital Tübingen, Bundesministerium für Bildung und Forschung",3,The Damietta Server: a comprehensive protein design toolkit.
36869285,2023-03-03,"Department of Human Genetics, School of Public Health, University of Pittsburgh, Public Health 3119, 130 DeSoto Street, Pittsburgh, PA, 15261, USA. law145@pitt.edu.","Heinsberg LW, Weeks DE","R01HL133040, R01HL133040, K99 HD107030","NIH HHS, National Institutes of Health, NICHD NIH HHS",0,dbGaPCheckup: pre-submission checks of dbGaP-formatted subject phenotype files.
41031637,2025-01-01,"Division of Nutrition, St. John's Research Institute, St. John's National Academy of Health Sciences, Sarjapur Road, Bengaluru, Bengaluru Urban District, Karnataka 560034, India.","Suresh NH, Kilpady CA, Kamath AA, Ahmed A, Thomas T, Kurpad AV, Sivadas A",IA/CRC/19/1/610006,"Department of Biotechnology, Wellcome Trust India Alliance Clinical, Public Health Research Centre Grant",0,CobVar-a comprehensive resource of vitamin B12-associated genomic variants.
38834718,2024-06-04,"Department of Computer Science and Engineering, Indian Institute of Technology (BHU), Varanasi, 221005, Uttar Pradesh, India. vishakhasingh.rs.cse20@iitbhu.ac.in.","Singh V, Singh SK, Sharma R",,,2,A novel framework based on explainable AI and genetic algorithms for designing neurological medicines.
36624399,2023-01-09,"Department of Bioinformatics, Smart Health Big Data Analysis and Location Services Engineering Lab of Jiangsu Province, School of Geographic and Biologic Information, Nanjing University of Posts and Telecommunications, Nanjing, 210023, China.","Guo L, Xiang Y, Dou Y, Yin Z, Xu X, Tang L, Yu J, Wang J, Liang T","22KJA180006, BE2022799, 62171236 and 61771251, SKLB2022-K03","the key projects of Natural Science Research in Universities of Jiangsu Province, the Priority Academic Program Development of Jiangsu Higher Education Institution, Qinglan Project in Jiangsu Province, funding from Shandong Provincial Key Laboratory of Biophysics, the key project of social development in Jiangsu Province, National Natural Science Foundation of China, the Open Research Fund of State Key Laboratory of Bioelectronics, Southeast University",4,GBCdb: RNA expression landscapes and ncRNA-mRNA interactions in gallbladder carcinoma.
39867820,2025-01-01,"State Key Laboratory of Environmental Aquatic Chemistry, Research Center for Eco-Environmental Sciences, Chinese Academy of Sciences, Beijing, China.","Wu J, Han Z, Ma X, Su M, Hamidian AH, Zhang Y, Yang M",,,2,A Database on Antibiotics and Antibiotic Resistance in Wastewater and Solid Waste from Pharmaceutical Industry Based on a Systematic Review.
36243972,2023-01-01,"HUGO Gene Nomenclature Committee, European Molecular Biology Laboratory, European Bioinformatics Institute, Wellcome Genome Campus, Hinxton CB10 1SD, UK.","Seal RL, Braschi B, Gray K, Jones TEM, Tweedie S, Haim-Vilmovsky L, Bruford EA","U24 HG003345, 208349/Z/17/Z, U24HG003345","NHGRI NIH HHS, Wellcome Trust, National Institutes of Health, Wellcome Trust",312,Genenames.org: the HGNC resources in 2023.
34718726,2022-01-01,"Affiliated Foshan Maternity & Child Healthcare Hospital, Southern Medical University (Foshan Maternity & Child Healthcare Hospital), Foshan 528000, China.","Kang J, Tang Q, He J, Li L, Yang N, Yu S, Wang M, Zhang Y, Lin J, Cui T, Hu Y, Tan P, Cheng J, Zheng H, Wang D, Su X, Chen W, Huang Y","XRCZX2020027, 2019YFA0801800, 81770104, 2020M682623, 62002153, 82070109, 2019A1515010784, 31771471, 2020M682785","Fujian Medical University Research Foundation of Talented Scholars, National Key Research and Development Project of China, National Natural Science Foundation of China, China Postdoctoral Science Foundation, National Natural Science Foundation of China, National Natural Science Foundation of China, Guangdong Basic and Applied Basic Research Foundation, National Natural Science Foundation of China, Postdoctoral research funding of Affiliated Foshan Maternity and Child Healthcare Hospital, China Postdoctoral Science Foundation, Foshan Medicine Dengfeng Project",165,RNAInter v4.0: RNA interactome repository with redefined confidence scoring system and improved accessibility.
34634795,2022-01-01,"NHC Key Laboratory of Systems Biology of Pathogens, Institute of Pathogen Biology, Chinese Academy of Medical Sciences & Peking Union Medical College, Beijing, P.R. China.","Zhou S, Liu B, Han Y, Wang Y, Chen L, Wu Z, Yang J","M21002, 2019PT310029, 2020-I2M-2-001","Beijing Natural Science Foundation, Non-profit Central Research Institute Fund of CAMS, CAMS Innovation Fund for Medical Sciences",41,ZOVER: the database of zoonotic and vector-borne viruses.
37897364,2024-01-01,"State Key Laboratory of Public Big Data, College of Computer Science and Technology, Guizhou University, Guiyang 550025, China.","Dong X, Zhao K, Wang Q, Wu X, Huang Y, Wu X, Zhang T, Dong Y, Gao Y, Chen P, Liu Y, Chen D, Wang S, Yang X, Yang J, Wang Y, Gao Z, Wu X, Bai Q, Li S, Hao G",32125033,National Natural Science Foundation of China,6,PlantPAD: a platform for large-scale image phenomics analysis of disease in plant science.
37950115,2023-11-10,"Department of Cognition, Emotion, and Methods in Psychology, Faculty of Psychology, University of Vienna, Liebiggasse 5, 1010, Vienna, Austria.","Krumpholz C, Quigley C, Fusani L, Leder H",10.47379/CS18021,"University of Vienna, Vienna Science and Technology Fund",0,"Vienna Talking Faces (ViTaFa): A multimodal person database with synchronized videos, images, and voices."
37229202,2023-05-09,"School of Artificial Intelligence, Institute of Computational Medicine, Hebei University of Technology, Tianjin, China.","Li J, Wang Y, Li Z, Lin H, Wu B",,,2,LM-DTI: a tool of predicting drug-target interactions using the node2vec and network path score methods.
34508353,2022-01-01,"Department of Biostatistics, Harvard School of Public Health, Boston, MA, USA.","Ben Guebila M, Lopes-Ramos CM, Weighill D, Sonawane AR, Burkholz R, Shamsaei B, Platig J, Glass K, Kuijjer ML, Quackenbush J","1T32CA236764, K25 HL133599, K25 HL133599, R35 CA220523, K25 HL140186, R01 LM008795, U24 CA231846, P01 HL132825, R01 HG011393, R35 CA220523, P50 CA062924, T32 CA236764, U24 CA231846, P50 CA127003, R35 CA220523, K25 HL140186","National Institutes of Health, NHLBI NIH HHS, National Institutes of Health, NIH HHS, Helse Sør-Øst, NHLBI NIH HHS, NLM NIH HHS, NCI NIH HHS, Norwegian Research Council, NHLBI NIH HHS, NHGRI NIH HHS, NCI NIH HHS, NCI NIH HHS, NCI NIH HHS, National Institutes of Health, National Cancer Institute, NCI NIH HHS, National Institutes of Health, University of Oslo, National Heart, Lung, and Blood Institute",55,GRAND: a database of gene regulatory network models across human conditions.
36755570,2023-01-23,"HIT Center for Life Sciences, School of Life Science and Technology, Harbin Institute of Technology, Harbin, China.","Zhou F, Yang H, Si Y, Gan R, Yu L, Chen C, Ren C, Wu J, Zhang F",31825008 31422014 61872117,National Natural Science Foundation of China,7,PhageTailFinder: A tool for phage tail module detection and annotation.
40179105,2025-04-03,"Department of Pharmacological Sciences, Windreich Department of Artificial Intelligence and Human Health, Mount Sinai Center for Bioinformatics, Icahn School of Medicine at Mount Sinai, New York, New York, United States of America.","Clarke DJB, Evangelista JE, Xie Z, Marino GB, Byrd AI, Maurya MR, Srinivasan S, Yu K, Petrosyan V, Roth ME, Milinkov M, King CH, Vora JK, Keeney J, Nemarich C, Khan W, Lachmann A, Ahmed N, Agris A, Pan J, Ramachandran S, Fahy E, Esquivel E, Mihajlovic A, Jevtic B, Milinovic V, Kim S, McNeely P, Wang T, Wenger E, Brown MA, Sickler A, Zhu Y, Jenkins SL, Blood PD, Taylor DM, Resnick AC, Mazumder R, Milosavljevic A, Subramaniam S, Ma'ayan A","U24 DK141185, U24 CA264250, R24 GM146616","NIDDK NIH HHS, NCI NIH HHS, NIGMS NIH HHS",1,Playbook workflow builder: Interactive construction of bioinformatics workflows.
37904256,2023-10-30,"Center for Computational Biology, Johns Hopkins University, Baltimore, MD, USA. ales.varabyou@jhu.edu.","Varabyou A, Sommer MJ, Erdogdu B, Shinder I, Minkin I, Chao KH, Park S, Heinz J, Pockrandt C, Shumate A, Rincon N, Puiu D, Steinegger M, Salzberg SL, Pertea M","2019R1-A6A1-A10073437, 2020M3-A9G7-103933, R35 GM130151, 2021-M3A9-I4021220, R01 HG006677, R35 GM130151, 2021-R1C1-C102065, DBI-1759518, R01 MH123567, R01 HG006677, R01 MH123567","National Research Foundation of Korea, Creative-Pioneering Researchers Program at Seoul National University, National Research Foundation of Korea, National Institute of General Medical Sciences, National Research Foundation of Korea, NHGRI NIH HHS, NIGMS NIH HHS, National Research Foundation of Korea, Directorate for Biological Sciences, NIMH NIH HHS, Samsung DS research fund, National Human Genome Research Institute, National Institute of Mental Health",49,"CHESS 3: an improved, comprehensive catalog of human genes and transcripts based on large-scale expression data, phylogenetic analysis, and protein structure."
39546087,2024-11-15,"CSIR Institute of Genomics and Integrative Biology (CSIR-IGIB), Mathura Road, Delhi, 110025, India.","Vatsyayan A, Anu RI, Mathur P, Uchil D, Joshi A, Dwivedi A, Sirohi B, Mathew A, Damodaran D, Panda SS, Kolluri S, Ayillath SK, Amalnath D, Shankar G, Pandhare K, Scaria V",,,0,BRCAIndica: a resource for ACMG/AMP classified BRCA1 and BRCA2 variants.
39404887,2024-10-15,"Department of Biotechnology, School of Interdisciplinary and Applied Sciences, Central University of Haryana, Mahendergarh, Haryana, India.","Yadav P, Priyam P, Yadav G, Yadav A, Jain R, Sunderam S, Sharma MK, Kaur I, Dhaka N","DST INSPIRE research grant IFA17-LSPA90, CRG research grant CRG/2019/001695","Department of Science and Technology, Ministry of Science and Technology, India, Science and Engineering Research Board (SERB), Government of India",1,Identification of lncRNAs regulating seed traits in Brassica juncea and development of a comprehensive seed omics database.
38530613,2024-03-26,"School of Life Science and Technology, University of Electronic Science and Technology of China, Chengdu, 611731, China.","Li W, Lin H, Huang Z, Xie S, Zhou Y, Gong R, Jiang Q, Xiang C, Huang J",62071099,National Natural Science Foundation of China,2,DOTAD: A Database of Therapeutic Antibody Developability.
40250417,2025-04-01,"Food and Feed Safety Research, Southern Regional Research Center, Agriculture Research Service, United States Department of Agriculture (USDA), 1100 Allen Toussaint Blvd, New Orleans, LA 70124, United States.","Mack BM, Lebar MD",6054-41420-009-000-D,USDA,0,"AFED, a comprehensive resource for Aspergillus flavus gene expression profiling."
38224813,2024-01-13,"Department of Biotechnology, Bhupat and Jyoti Mehta School of Biosciences, Indian Institute of Technology Madras, Chennai 600036, India.","Harini K, Sekijima M, Gromiha MM",CRG/2020/000314,Science and Engineering Research Board,6,PRA-Pred: Structure-based prediction of protein-RNA binding affinity.
40067792,2025-03-01,"PROS Research Center, VRAIN, Universitat Politècnica de València, Cami de Vera, S/N, Valencia, Valencia 46022, Spain.","Costa M, García S A, Pastor O","ACIF/2021/117 CIPROM/2021/023, PID2021-123824OB-I00","Generalitat Valenciana, Agencia Estatal de Investigación",1,VarGuideAtlas: a repository of variant interpretation guidelines.
41058930,2024-01-01,"CNR-IBIOM, Istituto di Biomembrane Bioenergetica e Biotecnologie Molecolari Consiglio Nazionale delle Ricerche, Bari, Italy, 70126, Italy.","De Leo F, Balsyte E, Petryszak R, D'Ambrosio M, Bruno C, Cook M, Mičetić I, Martin CS",,,0,"Using text-mining to measure the scientific impact and legacy of ELIXIR, a distributed research infrastructure for life science data."
34718710,2022-01-01,"Department of Chemistry, Simon Fraser University, Burnaby, British Columbia V5A 1S6, Canada.","van Santen JA, Poynton EF, Iskakova D, McMann E, Alsup TA, Clark TN, Fergusson CH, Fewer DP, Hughes AH, McCadden CA, Parra J, Soldatou S, Rudolf JD, Janssen EM, Duncan KR, Linington RG","K99 GM124461, AT008718, BB/R022054/1, R00 GM124461, 2-1-4-17-1-037, GM124461","NIGMS NIH HHS, National Institutes of Health, Biotechnology and Biological Sciences Research Council, NIGMS NIH HHS, Natural Sciences and Engineering Research Council of Canada, Ministry of Science, Technology and Telecommunications of Costa Rica, National Institutes of Health, Industrial Biotechnology Innovation Centre, Programa de Innovación y Capital Humano para la Competitividad",184,The Natural Products Atlas 2.0: a database of microbially-derived natural products.
34634797,2022-01-01,"European Molecular Biology Laboratory, European Bioinformatics Institute, Wellcome Genome Campus, Hinxton, Cambridge CB10 1SD, UK.","De Silva NH, Bhai J, Chakiachvili M, Contreras-Moreira B, Cummins C, Frankish A, Gall A, Genez T, Howe KL, Hunt SE, Martin FJ, Moore B, Ogeh D, Parker A, Parton A, Ruffier M, Sakthivel MP, Sheppard D, Tate J, Thormann A, Thybert D, Trevanion SJ, Winterbottom A, Zerbino DR, Finn RD, Flicek P, Yates AD","WT108749/Z/15/Z, WT222155/Z/20/Z","Wellcome Trust, Wellcome Trust, European Molecular Biology Laboratory",10,The Ensembl COVID-19 resource: ongoing integration of public SARS-CoV-2 data.
38181047,2024-01-05,"Institute for Informatics (I2), Washington University School of Medicine, Washington University in St. Louis, St. Louis, Missouri, United States of America.","Feng J, Goedegebuure SP, Zeng A, Bi Y, Wang T, Payne P, Ding L, DeNardo D, Hawkins W, Fields RC, Li F","R01 LM013902, R56AG065352, 1R01LM013902-01A1, 1R21AG078799-01A1, M-II-2019-802, R21 AG078799, R56 AG065352","NLM NIH HHS, National Institute on Aging, U.S. National Library of Medicine, National Institute on Aging, Children&apos;s Discovery Institute, NIA NIH HHS, NIA NIH HHS",5,sc2MeNetDrug: A computational tool to uncover inter-cell signaling targets and identify relevant drugs based on single cell RNA-seq data.
35348648,2022-03-01,"Novo Nordisk Foundation Center for Protein Research, Faculty of Health and Medical Sciences, University of Copenhagen, Copenhagen 2200, Denmark.","Grissa D, Junge A, Oprea TI, Jensen LJ",,,75,Diseases 2.0: a weekly updated database of disease-gene associations from text mining and data integration.
36453996,2023-01-01,"Department of Medical Informatics, University Medical Center Göttingen, Georg-August University, Göttingen, Lower Saxony 37075, Germany.","Hauschild AC, Pastrello C, Ekaputeri GKA, Bethune-Waddell D, Abovsky M, Ahmed Z, Kotlyar M, Lu R, Jurisica I","203475, 33536, RDI 34876, 225404","Natural Sciences Research Council, Canada Foundation for Innovation, Ontario Research Fund, Schroeder Arthritis Institute, Canada Foundation for Innovation, Buchan Foundation, Toronto General and Western Hospital Foundation",44,MirDIP 5.2: tissue context annotation and novel microRNA curation.
37296383,2023-06-09,"Computational Genomics and Bioinformatics Branch, Center for Biomedical Informatics and Information Technology, National Cancer Institute, NIH, Rockville, MD, 20852, USA. michael.sierk@nih.gov.","Sierk M, Ratnayake S, Wagle MM, Chen B, Park B, Wang J, Youkharibache P, Meerzaman D",,,0,3DVizSNP: a tool for rapidly visualizing missense mutations identified in high throughput experiments in iCn3D.
39910485,2025-02-05,"Bioinformatics and Systems Biology, Justus Liebig University Giessen, Heinrich-Buff-Ring, Giessen, 35392, Hesse, Germany. julian.hahnfeld@computational.bio.uni-giessen.de.","Hahnfeld JM, Schwengers O, Jelonek L, Diedrich S, Cemič F, Goesmann A",2020/1,"Darwin Doctoral Scholarship, Justus-Liebig-Universität Gießen",1,"sORFdb - a database for sORFs, small proteins, and small protein families in bacteria."
34755880,2022-01-01,"Swiss-Prot group, SIB Swiss Institute of Bioinformatics, Centre Medical Universitaire, CH-1211 Geneva 4, Switzerland.","Bansal P, Morgat A, Axelsen KB, Muthukrishnan V, Coudert E, Aimo L, Hyka-Nouspikel N, Gasteiger E, Kerhornou A, Neto TB, Pozzato M, Blatter MC, Ignatchenko A, Redaschi N, Bridge A",,Swiss Federal Government,135,"Rhea, the reaction knowledgebase in 2022."
39395188,2024-10-01,"Atta-ur-Rahman School of Applied Biosciences (ASAB), National University of Sciences and Technology (NUST), Sector H-12, Islamabad 44000, Pakistan.","Anwer F, Navid A, Faiz F, Haider U, Nasir S, Farooq M, Zahra M, Bano A, Bashir HH, Ahmad M, Abbas SA, Room SE, Saeed MT, Ali A",16038,"Higher Education Commission (HEC), Pakistan, under the National Research Program for Universities (NRPU) project",2,AbAMPdb: a database of Acinetobacter baumannii specific antimicrobial peptides.
39253011,2024-08-14,"Institute of Basic Research in Clinical Medicine, China Academy of Chinese Medical Sciences, Beijing, 100700, China.","Chen Z, Wang Z, Cao Y, Shi X, Xu B, Li X, Li J, Zhang Y, Qiao Y","Z0882, Z0866, 2022\u20132024, 81430094","China Academy of Chinese Medical Sciences, National Natural Science Foundation of China-China Academy of General Technology Joint Fund for Basic Research, Thousand Young Talents Program of China, National Aerospace Science Foundation of China, State Key Laboratory of Tropical Oceanography, South China Sea Institute of Oceanology, Chinese Academy of Sciences, National Natural Science Foundation of China",4,PungentDB: Bridging traditional Chinese medicine of medicine food homology and modern food flavor chemistry.
34791415,2022-01-01,"European Molecular Biology Laboratory, European Bioinformatics Institute, Wellcome Genome Campus, Hinxton, Cambridge CB10 1SD, UK.","Yates AD, Allen J, Amode RM, Azov AG, Barba M, Becerra A, Bhai J, Campbell LI, Carbajo Martinez M, Chakiachvili M, Chougule K, Christensen M, Contreras-Moreira B, Cuzick A, Da Rin Fioretto L, Davis P, De Silva NH, Diamantakis S, Dyer S, Elser J, Filippi CV, Gall A, Grigoriadis D, Guijarro-Clarke C, Gupta P, Hammond-Kosack KE, Howe KL, Jaiswal P, Kaikala V, Kumar V, Kumari S, Langridge N, Le T, Luypaert M, Maslen GL, Maurel T, Moore B, Muffato M, Mushtaq A, Naamati G, Naithani S, Olson A, Parker A, Paulini M, Pedro H, Perry E, Preece J, Quinton-Tulloch M, Rodgers F, Rosello M, Ruffier M, Seager J, Sitnik V, Szpak M, Tate J, Tello-Ruiz MK, Trevanion SJ, Urban M, Ware D, Wei S, Williams G, Winterbottom A, Zarowiecki M, Finn RD, Flicek P","BB/P024602/1, U24 HG002223, 75N93019C00077, B0436X13, BB/S020020/1, IOS-1127112, MR/S000453/1, 222155/Z/20/Z, 731060, BB/M028372/1, BB/P027849/1, BB/S020020/1, BB/S02011X/1, BB/T015691/1, BB/T015691/1, 75N93019C00077, BB/P027849/1, 654248, 108749/Z/15/Z, 201535/Z/16/Z, BB/M028372/1, BB/P016855/1, BB/S02011X/1, U24HG002223, 8062-21000-041-00D, BB/P016855/1, BBS/E/C/000I0250, BB/P024602/","Biotechnology and Biological Sciences Research Council, NHGRI NIH HHS, National Institute of Allergy and Infectious Diseases, NIAID NIH HHS, Bill and Melinda Gates Foundation, UK Biosciences and Biotechnology Research Council, National Science Foundation, Medical Research Council, Wellcome Connecting Science Enabling Fund, Wellcome Trust, European Union&apos;s Horizon 2020 Research and Innovation Programme, Biotechnology and Biological Sciences Research Council, Biotechnology and Biological Sciences Research Council, Biotechnology and Biological Sciences Research Council, UK Biosciences and Biotechnology Research Council, Biotechnology and Biological Sciences Research Council, UK Biosciences and Biotechnology Research Council, ELIXIR, European Molecular Biology Laboratory, Department of Health and Human Services, UK Biosciences and Biotechnology Research Council, European Union&apos;s Horizon 2020 Research and Innovation Programme, Wellcome Trust, Wellcome Trust, UK Biosciences and Biotechnology Research Council, UK Biosciences and Biotechnology Research Council, Biotechnology and Biological Sciences Research Council, National Institutes of Health, United States Department of Agriculture, Biotechnology and Biological Sciences Research Council, Biotechnology and Biological Sciences Research Council, UK Biosciences and Biotechnology Research Council",274,Ensembl Genomes 2022: an expanding genome resource for non-vertebrates.
39137905,2024-08-01,"Department of Biochemistry & Molecular Medicine, The George Washington University School of Medicine and Health Sciences, 2300 I St. NW, Washington, DC 20052, United States.","Martinez K, Agirre J, Akune Y, Aoki-Kinoshita KF, Arighi C, Axelsen KB, Bolton E, Bordeleau E, Edwards NJ, Fadda E, Feizi T, Hayes C, Ives CM, Joshi HJ, Krishna Prasad K, Kossida S, Lisacek F, Liu Y, Lütteke T, Ma J, Malik A, Martin M, Mehta AY, Neelamegham S, Panneerselvam K, Ranzinger R, Ricard-Blum S, Sanou G, Shanker V, Thomas PD, Tiemeyer M, Urban J, Vita R, Vora J, Yamamoto Y, Mazumder R","1R24GM146616, R24 GM146616, NNF22OC0076899, U24 HG012212, 1R24GM146616, R01 HL103411","Society for Glycobiology, NIH HHS, NIGMS NIH HHS, Novo Nordisk Fonden, NHGRI NIH HHS, Nih, NHLBI NIH HHS",3,"Functional implications of glycans and their curation: insights from the workshop held at the 16th Annual International Biocuration Conference in Padua, Italy."
36621552,2023-01-05,"Simons Initiative for the Developing Brain, University of Edinburgh, Edinburgh EH8 9XD, UK; Centre for Discovery Brain Sciences and Patrick Wild Centre, Edinburgh Medical School: Biomedical Sciences, University of Edinburgh, Edinburgh EH8 9XD, UK. Electronic address: Constantinos.Eleftheriou@ed.ac.uk.","Eleftheriou C, Clarke T, Poon V, Zechner M, Duguid I","MR/W004577/1, 110131/Z/15/Z","Medical Research Council, Wellcome Trust, Wellcome Trust",1,Visiomode: An open-source platform for building rodent touchscreen-based behavioral assays.
36271888,2022-10-01,"Cancer Research Program, Research Institute of the McGill University Health Centre, Montreal, Quebec, Canada.","Tsering T, Li M, Chen Y, Nadeau A, Laskaris A, Abdouh M, Bustamante P, Burnier JV",,,28,"EV-ADD, a database for EV-associated DNA in human liquid biopsy samples."
36049666,2022-08-29,"State Key Laboratory of Oncology in South China, Cancer Center, Collaborative Innovation Center for Cancer Medicine, School of Life Sciences, Sun Yat-sen University, Guangzhou 510060, China.","Chen Z, Luo Z, Zhang D, Li H, Liu X, Zhu K, Zhang H, Wang Z, Zhou P, Ren J, Zhao A, Zuo Z","2017YFA0106700, 2017ZT07S096, QJD1602025, 2021B1515020108, 81772614","National Key R&amp;D Program of China, Guangdong Introducing Innovative and Entrepreneurial Teams, Zhejiang Qianjiang Talent Project, Guangdong Basic and Applied Basic Research Foundation, National Natural Science Foundation of China",76,TIGER: A Web Portal of Tumor Immunotherapy Gene Expression Resource.
40133792,2025-02-19,"CNRS and Université Paris-Cité, Laboratoire de Biochimie Théorique (UPR9080), Institut de Biologie Physico-Chimique, 13 rue Pierre et Marie Curie, Paris 75005, France.","Santuz H, Laurent B, Robert CH, Prévost C",,Centre National de la Recherche Scientifique,2,"Heligeom: A web resource to generate, analyze, and visualize filament architectures based on pairwise association geometries of biological macromolecules."
38556628,2024-03-31,"European Molecular Biology Laboratory, European Bioinformatics Institute (EMBL-EBI), Wellcome Trust Genome Campus, Hinxton, Cambridge, UK.","Bai J, Kamatchinathan S, Kundu DJ, Bandla C, Vizcaíno JA, Perez-Riverol Y","223745/Z/21/Z, BB/S01781X/1","Wellcome Trust, Biotechnology and Biological Sciences Research Council",8,Open-source large language models in action: A bioinformatics chatbot for PRIDE database.
38335311,2024-02-09,"ZBH - Center for Bioinformatics, Universität Hamburg, Hamburg, Germany.","Reim T, Ehrt C, Graef J, Günther S, Meents A, Rarey M","SFragX, HIDSS-0002, HIR3X(InternLabs-0011), FISCOV","Helmholtz Association, Data Science in Hamburg - Helmholtz Graduate School for the Structure of Matter, Helmholtz Association, Helmholtz Association",4,SiteMine: Large-scale binding site similarity searching in protein structure databases.
37833838,2023-09-01,"Universität Hamburg, ZBH - Center for Bioinformatics, Bundesstraße 43, 20146 Hamburg, Germany.","Sieg J, Rarey M","031B0405B, 031L0105","German Federal Ministry of Education and Research, German Federal Ministry of Education and Research",4,Searching similar local 3D micro-environments in protein structure databases with MicroMiner.
37828369,2023-10-12,"Department of Cell and Molecular Biology & Microbiology, Faculty of Biological Science and Technology, University of Isfahan, Isfahan, Iran.","Arabi-Jeshvaghani F, Javadi-Zarnaghi F, Löchel HF, Martin R, Heider D",,,1,"LAMPPrimerBank, a manually curated database of experimentally validated loop-mediated isothermal amplification primers for detection of respiratory pathogens."
39657135,2025-01-01,"Sanya Institute of Nanjing Agricultural University, Sanya 572054, China.","Jiang Z, Yan Z, Hou Y, Tang J, Zheng M, Lu M, Ji X, Gangavarapu K, Li X, Su S","2024YFF1000100, SCKJ-JYRC-2022-08","National Key Research and Development Program of China, Sanya Yazhou Bay Science and Technology City, Agricultural Science and Technology Innovation Program, Nanjing Agricultural University",0,The RodentGPOmics Atlas: a comprehensive database of rodent biology for genomes and pathogens.
35980167,2022-09-01,"European Genome-Phenome Archive (EGA) in the Centre for Genomic Regulation (CRG), The Barcelona Institute of Science and Technology, Barcelona 08003, Spain.","Rueda M, Ariosa R, Moldes M, Rambla J",MC_PC_19024,"Medical Research Council, ELIXIR, ELIXIR Beacon Implementation Studies 2019-2021 and 2022-2023",16,Beacon v2 Reference Implementation: a toolkit to enable federated sharing of genomic and phenotypic data.
39794695,2025-01-10,"Department of Medical Microbiology and Infectious Diseases, Erasmus University Medical Centre (Erasmus MC), Rotterdam, The Netherlands.","Strepis N, Dollee D, Vrins D, Vanneste K, Bogaerts B, Carrillo C, Bharat A, Horan K, Sherry NL, Seemann T, Howden BP, Hiltemann S, Chindelevitch L, Stubbs AP, Hays JP","MR/X036936/1, 549010001","Medical Research Council, ZonMw",1,BenchAMRking: a Galaxy-based platform for illustrating the major issues associated with current antimicrobial resistance (AMR) gene prediction workflows.
36596370,2022-12-31,"Institute of Intelligence Informatics Technology, Sangmyung University, Seoul 03016, Republic of Korea.","Malik A, Shoombuatong W, Kim CB, Manavalan B","2021R1A2C1014338, 2021R1I1A1A01056363","National Research Foundation of Korea, Ministry of Science, ICT and Future Planning, Ministry of Science, ICT and Future Planning",9,GPApred: The first computational predictor for identifying proteins with LPXTG-like motif using sequence-based optimal features.
39470706,2025-01-01,"State Key Laboratory of Digital Medical Engineering, School of Biological Science and Medical Engineering, Southeast University, Nanjing 210096, China.","Fu J, He S, Yang Y, Chen Z, Qiao Y, Lu N, Lu Z, Tu J","2242023K5005, 62371128, BE2022804","Fundamental Research Funds for the Central Universities, National Natural Science Foundation of China, Key Research and Development Project of Jiangsu Province",1,HSCGD: a comprehensive database of single-cell whole-genome data and metadata.
37971316,2024-01-01,"Oxford Protein Informatics Group, Department of Statistics, University of Oxford, 24-29 St Giles', Oxford OX1 3LB, UK.","Abanades B, Olsen TH, Raybould MIJ, Aguilar-Sanjuan B, Wong WK, Georges G, Bujotzek A, Deane CM",EP/S024093/1,"University of Oxford, Engineering and Physical Sciences Research Council, F. Hoffmann-La Roche, GlaxoSmithKline",29,"The Patent and Literature Antibody Database (PLAbDab): an evolving reference set of functionally diverse, literature-annotated antibody sequences and structures."
37953384,2024-01-01,"Key Laboratory for Bio-Electromagnetic Environment and Advanced Medical Theranostics, School of Biomedical Engineering and Informatics, Nanjing Medical University, Nanjing, Jiangsu 211166, China.","Cao C, Zhang S, Wang J, Tian M, Ji X, Huang D, Yang S, Gu N","22KJB330007, 62231013, 62102068, 82273741","Natural Science Foundation of Jiangsu Higher Education Institutions of China, National Natural Science Foundation of China, Priority Academic Program Development of Jiangsu Higher Education Institutions, National Natural Science Foundation of China, National Natural Science Foundation of China",11,PGS-Depot: a comprehensive resource for polygenic scores constructed by summary statistics based methods.
37531635,2023-09-01,"Division of Biomedical Informatics, Cincinnati Children's Hospital, Cincinnati, OH 45229, USA.","Dexheimer PJ, Pujato M, Roskin KM, Weirauch MT","U01 AI130830, U01 AI150748, U01AI130830, R01 GM055479, P01 AI150585, R01 AI024717, R01 AI148276, P01AI150585, R01 NS099068, R01HG010730, R01NS099068, U01AI150748, R01GM055479, R01 HG010730, P30 AR070549, R01AI024717, R01AI148276","NIAID NIH HHS, NIAID NIH HHS, National Institutes of Health, NIGMS NIH HHS, NIAID NIH HHS, NIAID NIH HHS, NIAID NIH HHS, National Institutes of Health, NINDS NIH HHS, National Institutes of Health, National Institutes of Health, National Institutes of Health, National Institutes of Health, NHGRI NIH HHS, NIAMS NIH HHS, National Institutes of Health, National Institutes of Health",3,VExD: a curated resource for human gene expression alterations following viral infection.
37930866,2024-01-01,"DOE Joint Genome Institute, Lawrence Berkeley National Laboratory, Berkeley, CA 94720, USA.","Camargo AP, Call L, Roux S, Nayfach S, Huntemann M, Palaniappan K, Ratner A, Chu K, Mukherjeep S, Reddy TBK, Chen IA, Ivanova NN, Eloe-Fadrosh EA, Woyke T, Baltrus DA, Castañeda-Barba S, de la Cruz F, Funnell BE, Hall JPJ, Mukhopadhyay A, Rocha EPC, Stalder T, Top E, Kyrpides NC","17-SC-20-SC, MR/W02666X/1, MR/W02666X/1, DE-AC02-05CH11231","Exascale Computing Project, MRC Career Development Award, U.S. Department of Energy, U.S. Department of Energy Office of Science, Medical Research Council, Office of Science of the US Department of Science, DOE Office of Science User Facilities, Joint Genome Institute, National Nuclear Security Administration",56,IMG/PR: a database of plasmids from genomes and metagenomes with rich annotations and metadata.
35462956,2022-04-07,"Bioinformatics Laboratory, National Institute of Plant Genome Research (NIPGR), Aruna Asaf Ali Marg, New Delhi, 110067 India.","Zahra S, Bhardwaj R, Sharma S, Singh A, Kumar S","BT/PR40146/BTIS/137/4/2020, SRG/2019/000097","Department of Biotechnology, Government of West Bengal, Science and Engineering Research Board (SERB), Department of Science and Technology, Government of India",4,PtncRNAdb: plant transfer RNA-derived non-coding RNAs (tncRNAs) database.
38549946,2024-03-02,"College of Information Engineering, Northwest A&F University, Yangling, Shaanxi 712100, China.","He Z, Wang C, Guo X, Sun H, Bi Y, Pitt ME, Li C, Song J, Coin LJM, Li F","2022YFF1000100, 62202388, Z1090222021","Monash University, National Key Research and Development Program of China, Qin Chuangyuan Innovation and Entrepreneurship, National Natural Science Foundation of China, Talent Research Funding at Northwest A&amp;F University",1,MERITS: a web-based integrated <i>Mycobacterial</i> PE/PPE protein database.
39883249,2024-09-03,"MOE Key Laboratory of Gene Function and Regulation, Guangdong Province Key Laboratory of Pharmaceutical Functional Genes, State Key Laboratory of Biocontrol, School of Life Sciences, Sun Yat-Sen University, Guangzhou, Guangdong, 510275, China.","Zhang C, Chen T, Li Z, Lu Q, Luo X, Cai S, Zhou J, Ren J, Cui J",,,0,DSCI: a database of synthetic biology components for innate immunity and cell engineering decision-making processes.
38028612,2023-11-10,"Department of Thoracic Surgery and West China Biomedical Big Data Center, West China Hospital, Sichuan University, Chengdu, China.","Chen Y, Kuang Y, Luan S, Yang Y, Ying Z, Li C, Gao J, Yuan Y, Yu H",,,1,DASES: a database of alternative splicing for esophageal squamous cell carcinoma.
34850907,2022-01-01,"Centre for Molecular Medicine Norway (NCMM), Nordic EMBL Partnership, University of Oslo, 0318 Oslo, Norway.","Castro-Mondragon JA, Riudavets-Puig R, Rauluseviciute I, Lemma RB, Turchi L, Blanc-Mathieu R, Lucas J, Boddie P, Khan A, Manosalva Pérez N, Fornes O, Leung TY, Aguirre A, Hammal F, Schmelter D, Baranasic D, Ballester B, Sandelin A, Lenhard B, Vandepoele K, Wasserman WW, Parcy F, Mathelier A","NNF20OC0059951, PJT-162120, R204-A12359, UD99999945, RGPIN-2017-06824, U41 HG002371, ANR-17-EURE-0003, MC_EX_MR/S300007/1, NNF20OC0059951, PJT-162120, 106954/Z/15/Z, 197884, 5U41HG002371-20, 7014-00120B, BB/L00741X/1, ANR-10-LABX-49-01, BB/N023358/1, MC_UP_1102/1, BOF24Y2019001901, 187615, 288404, 6110-00207B, NNF19OC0058262","Novo Nordisk Foundation, CIHR, Danish Cancer Foundation, Medical Research Council, Natural Sciences and Engineering Research Council of Canada, NHGRI NIH HHS, CBH-EUR-GS, Medical Research Council, Novo Nordisk Fonden, Canadian Institutes of Health Research, Wellcome Trust, Norwegian Cancer Society, NHGRI, Danish Independent Research Fund, Biotechnology and Biological Sciences Research Council, GRAL program, Biotechnology and Biological Sciences Research Council, Medical Research Council, Carlsberg Foundation, Helse Sør-Øst, Ghent University, Norwegian Research Council, BC Children&apos;s Hospital Foundation and Research Institute, CNRS Prime80, European Research Council, Institut National de la Santé et de la Recherche Médicale, Norwegian Research Council, Danish Independent Research Fund, Novo Nordisk Foundation, Provence-Alpes-Côte d’Azur Regional Council, University of Oslo",1487,JASPAR 2022: the 9th release of the open-access database of transcription factor binding profiles.
37877723,2023-10-25,"International Agency for Research on Cancer (IARC), World Health Organization, Lyon, France.","Ceraolo MG, Romero-Medina MC, Gobbato S, Melita G, Krynska H, Sirand C, Gupta P, Viarisio D, Robitaille A, Marvel J, Tommasino M, Venuti A, Gheit T","001, UV-HPV-INFLA","World Health Organization, Ligue Nationale Contre le Cancer",1,HPV38 impairs UV-induced transcriptional activation of the IL-18 pro-inflammatory cytokine.
PPR722293,2023-09-08,,"Malik S, Biswas J, Sarkar P, Nag S, Gain C, Roy SG, Bhattacharya B, Ghosh D, Saha A",,,0,Differential Carbonic Anhydrase Activities Control EBV-Induced B-Cell Transformation and Lytic Cycle Reactivation
35703370,2022-06-15,"Department of Psychological Sciences, University of Liverpool, Liverpool, United Kingdom.","Makin ADJ, Tyson-Carr J, Rampone G, Derpsch Y, Wright D, Bertamini M",ES/S014691/1,Economic and Social Research Council,12,Lessons from a catalogue of 6674 brain recordings.
12163395,2002-08-01,"Department of Pathology, University of Washington, Seattle, Washington, USA. ltrue@u.washington.edu","True LD, Buhler K, Quinn J, Williams E, Nelson PS, Clegg N, Macoska JA, Norwood T, Liu A, Ellis W, Lange P, Vessella R","R01CA09468, P050DK47656","NCI NIH HHS, NIDDK NIH HHS",41,A neuroendocrine/small cell prostate carcinoma xenograft-LuCaP 49.
40133784,2025-02-11,"School of Computation, Information, and Technology (CIT), Faculty of Informatics, Chair of Bioinformatics & Computational Biology, TUM (Technical University of Munich), 85748 Garching/Munich, Germany. Electronic address: service+tmvisdb@rostlab.org.","Olenyi T, Marquet C, Grekova A, Houri L, Heinzinger M, Dallago C, Rost B",,Bavarian State Ministry of Education and Cultural Affairs,2,TMVisDB: Annotation and 3D-visualization of Transmembrane Proteins.
37340239,2023-06-20,"Department of Cognitive Science, Vassar College, Poughkeepsie, NY, USA. jdeleeuw@vassar.edu.",de Leeuw JR,,,2,DataPipe: Born-open data collection for online experiments.
37681739,2023-09-08,"Department of Plant Biotechnology and Bioinformatics, Ghent University, 9052, Ghent, Belgium.","Almeida-Silva F, Pedrosa-Silva F, Venancio TM","E‐26/203.014/2018, E-26/201.117/2022, E-26/203.014/2018, E‐26/201.117/2022","Fundação Carlos Chagas Filho de Amparo à Pesquisa do Estado do Rio de Janeiro, Coordenação de Aperfeiçoamento de Pessoal de Nível Superior, Conselho Nacional de Desenvolvimento Científico e Tecnológico, Fundação Carlos Chagas Filho de Amparo à Pesquisa do Estado do Rio de Janeiro, Fundação Carlos Chagas Filho de Amparo à Pesquisa do Estado do Rio de Janeiro, Fundação Carlos Chagas Filho de Amparo à Pesquisa do Estado do Rio de Janeiro",20,The Soybean Expression Atlas v2: A comprehensive database of over 5000 RNA-seq samples.
39968379,2025-02-05,"Nucleic Acid Chemistry and Engineering Unit, Okinawa Institute of Science and Technology Graduate University, Onna, Okinawa 9040495, Japan.","Sellés Vidal L, Noma T, Yokobayashi Y",,"Japan Society for the Promotion of Science, Okinawa Institute of Science and Technology",2,"Accurate, comprehensive database of group I introns and their homing endonucleases."
39460620,2025-01-01,"Microbial Resource and Big Data Center, Institute of Microbiology, Chinese Academy of Sciences, Beijing 100101, China.","Zhu Q, Chen Q, Gao S, Li Z, Zhou H, Cui Z, Fan G, Liu X, Wu X, Ma J, Kan B, Hu S, Wu L, Lu X","XDB0830000, 2022YFC2303900, 2021YFC2302002, 2021YFF0703805, 2021YFF0703800, 2022YFC2602301, 22193064, SRPG22007","Chinese Academy of Sciences, National Key Research and Development Program of China, National Key Research and Development Program of China, National Key Research and Development Program of China, National Key Research and Development Program of China, National Key Research and Development Program of China, National Natural Science Foundation of China, Self-supporting Program of Guangzhou National Laboratory",3,PIPdb: a comprehensive plasmid sequence resource for tracking the horizontal transfer of pathogenic factors and antimicrobial resistance genes.
35962986,2022-09-01,"College of Information Engineering, Zhejiang University of Technology, Hangzhou 310023, China.","Peng CX, Zhou XG, Xia YH, Liu J, Hou MH, Zhang GJ","LZ20F030002, 61773346, 62173304, 2021ZD0150100, 2021ZD0150100","Key Project of Zhejiang Provincial Natural Science Foundation of China, National Nature Science Foundation of China, National Nature Science Foundation of China, New Generation Artificial Intelligence' major project of Science and Technology Innovation 2030 of the Ministry of Science and Technology of the People's Republic of China, New Generation Artificial Intelligence’ major project of Science and Technology Innovation 2030 of the Ministry of Science and Technology of the People’s Republic of China",17,Structural analogue-based protein structure domain assembly assisted by deep learning.
38204360,2024-01-01,,"Kiran A, Hanachi M, Alsayed N, Fassatoui M, Oduaran OH, Allali I, Maslamoney S, Meintjes A, Zass L, Rocha JD, Kefi R, Benkahla A, Ghedira K, Panji S, Mulder N, Fadlelmola FM, Souiai O","H3ABioNet U24HG006941, U24 HG006941","The National Human Genome Research Institute of the National Institutes of Health, NHGRI NIH HHS",3,The African Human Microbiome Portal: a public web portal of curated metagenomic metadata.
37897352,2024-01-01,"State Key Laboratory of Microbial Metabolism, Joint International Laboratory on Metabolic & Developmental Sciences, School of Life Sciences & Biotechnology, Shanghai Jiao Tong University, Shanghai 200240, China.","Guan J, Chen Y, Goh YX, Wang M, Tai C, Deng Z, Song J, Ou HY","19JC1413000, 32070572","Science and Technology Commission of Shanghai Municipality, National Natural Science Foundation of China",41,TADB 3.0: an updated database of bacterial toxin-antitoxin loci and associated mobile genetic elements.
35871305,2023-01-01,"College of Life Sciences, University of Chinese Academy of Sciences, Beijing100049, China.","Li Z, Jiang X, Fang M, Bai Y, Liu S, Huang S, Jin X","2017A030306026, 32000398, 31900487, 2019B121205005","Natural Science Foundation of Guangdong Province, National Natural Science Foundation of China, National Natural Science Foundation of China, Guangdong-Hong Kong Joint Laboratory on Immunological and Genetic Kidney Diseases",8,CMDB: the comprehensive population genome variation database of China.
38783079,2024-07-01,"Bioinformatics Core, La Jolla Institute for Immunology, La Jolla, CA 92037, USA.","Yan Z, Kim K, Kim H, Ha B, Gambiez A, Bennett J, de Almeida Mendes MF, Trevizani R, Mahita J, Richardson E, Marrama D, Blazeska N, Koşaloğlu-Yalçın Z, Nielsen M, Sette A, Peters B, Greenbaum JA","75N93019C00001, U24CA248138, U24 CA248138, 75N93019C00001","National Institutes of Health, National Institutes of Health, NCI NIH HHS, CEDAR, NIH HHS, IEDB",17,Next-generation IEDB tools: a platform for epitope prediction and analysis.
39724366,2024-12-26,"Graduate School of Green-Bio Science and Crop Biotech Institute, Kyung Hee University, Yongin, 17104, Republic of Korea.","Hwang W, Hong WJ, Kim EJ, Kim J, Moon S, Jung KH","2021R1A5A1032428, RS-2024-00322278, 2021R1C1C2091377","National Research Foundation of Korea, Rural Development Administration, National Research Foundation of Korea",2,The Rice Online Expression Profiles Array Database Version 2 (ROADv2): An Interactive Atlas for Rice Functional Genomics.
36347537,2022-11-01,"Shanghai Key Laboratory of New Drug Design, School of Pharmacy, East China University of Science and Technology, Shanghai 200237, China.","Feng Z, Shen Z, Li H, Li S","LG-QS-202206-02, 82150208, 81825020, 82173690","National Program for Support of Top-Notch Young Professionals, Lingang Laboratory, National Program for Special Supports of Eminent Professionals, National Natural Science Foundation of China, National Natural Science Foundation of China, Fundamental Research Funds for the Central Universities, National Natural Science Foundation of China",2,e-TSN: an interactive visual exploration platform for target-disease knowledge mapping from literature.
38719747,2024-05-07,"Center for Systems Biology and Molecular Medicine, Yenepoya Research Centre, Yenepoya (Deemed to be University), Mangalore, India.","Aravind A, Nandakumar R, Ahmed M, Nisar M, Palollathil A, Kanichery A, Sreelan S, Sinan KM, Balaya RDA, Vijayakumar M, Prasad TSK, Raju R",RSPD2024R984,King Saud University,1,"REMEMProt: a resource of membrane-enriched proteome profiles, their disease associations, and biomarker status."
38411627,2024-03-01,"Plant Physiology, Department of Organisms and Systems Biology, Faculty of Biology and Biotechnology Institute of Asturias, University of Oviedo, Asturias, Spain.","Roces V, Guerrero S, Álvarez A, Pascual J, Meijón M","IJC-2019-040330-I, PID2020-113896GB-I00, BP19-145, FPU18/02953, FPU19/01142","Juan de la Cierva Incoporación Programme, Spanish Ministry of Science and Innovation, Severo Ochoa Predoctoral Program, Spanish Ministry of Universities, Spanish Ministry of Universities",3,PlantFUNCO: Integrative Functional Genomics Database Reveals Clues into Duplicates Divergence Evolution.
37672022,2023-09-01,"Department of Computer Science, University of Crete, Heraklion, Greece.","Lakiotaki K, Papadovasilakis Z, Lagani V, Fafalios S, Charonyktakis P, Tsagris M, Tsamardinos I","085475, 076113, 090355","Wellcome Trust, Wellcome Trust, European Research Council, Wellcome Trust, Wellcome Trust",7,Automated machine learning for genome wide association studies.
36441743,2022-11-28,"NeuroPoly Lab, Institute of Biomedical Engineering, Polytechnique Montréal, Montréal, Quebec, Canada.","D'Astous A, Cereza G, Papp D, Gilbert KM, Stockmann JP, Alonso-Ortiz E, Cohen-Adad J","34824, CIHR FDN‐143263, 5886, CIHR FDN-143263, 32454, R00EB021349, RGPIN‐2019‐07244, U24 EB028984, 950‐230815, U24 EB028984, 35450, R01EB028797","Canada Foundation for Innovation, Canadian Institutes of Health Research, Canada First Research Excellence Fund, CIHR, Canada Foundation for Innovation, Mila-Tech Transfer Funding Program, Natural Sciences and Engineering Research Council of Canada, NIBIB NIH HHS, Canada Research Chairs, National Institute of Biomedical Imaging and Bioengineering, Canada First Research Excellence Fund, Mila-Tech Transfer Funding Program",20,Shimming toolbox: An open-source software toolbox for B0 and B1 shimming in MRI.
36373969,2023-01-01,"Division of Preclinical Innovation, National Center for Advancing Translational Sciences, Rockville, MD 20850, USA.","Braisted J, Patt A, Tindall C, Sheils T, Neyra J, Spencer K, Eicher T, Mathé EA","ZIC TR000410, ZIC TR000410-03","National Institutes of Health, Intramural NIH HHS, National Center for Advancing Translational Sciences",37,"RaMP-DB 2.0: a renovated knowledgebase for deriving biological and chemical insight from metabolites, proteins, and genes."
34747489,2022-01-01,"European Molecular Biology Laboratory, European Bioinformatics Institute, Wellcome Genome Campus, Hinxton, UK.","Courtot M, Gupta D, Liyanage I, Xu F, Burdett T","802750, 802750, 201535/Z/16/Z","EMBL-EBI, FAIRplus, ELIXIR, Wellcome Trust, Wellcome Trust",33,BioSamples database: FAIRer samples metadata to accelerate research data management.
35659771,2022-06-04,"Key Laboratory of Medicinal Chemistry for Natural Resource, Ministry of Education; Yunnan Provincial Center for Research & Development of Natural Products, School of Chemical Science and Technology, and School of Software, Yunnan University, Kunming, 650091, China.","Zhang R, Ren S, Dai Q, Shen T, Li X, Li J, Xiao W","201901BB050052, 2018FY001, 81903541, 202005AE160005, 2019FD127","Applied Basic Research Foundation of Yunnan Province, Applied Basic Research Foundation of Yunnan Province, National Natural Science Foundation of China, Yunnan Provincial Science and Technology Department, Applied Basic Research Foundation of Yunnan Province",9,InflamNat: web-based database and predictor of anti-inflammatory natural products.
35561185,2022-05-01,"Center for Applied Statistics, School of Statistics, Statistical Consulting Center, and RSS and China-Re Life Joint Lab on Public Health and Risk Management, Renmin University of China, Beijing 100872, China.","Li Y, Xu S, Ma S, Wu M","12071273, CA204120, R01 CA204120","National Natural Science Foundation of China, Renmin University of China, Major Innovation &amp; Planning Interdisciplinary Platform for the ‘Double-First Class’ Initiative, Platform of Public Health &amp; Disease Control and Prevention, National Institutes of Health, NCI NIH HHS, Shanghai Research Center for Data Science and Decision Technology",5,Network-based cancer heterogeneity analysis incorporating multi-view of prior information.
22953191,2011-03-31,"Department of Community Medicine, Faculty of Medicine & Health Sciences, United Arab Emirates University, Al-Ain, United Arab Emirates.","Shah SM, Aw TC, Blair I, Hashmey R, Sheek-Hussein M",,,1,"Personal, Occupational, and Public Health Perspectives on Dealing with the First Case of Influenza A (H1N1) in the United Arab Emirates."
40185904,2025-04-04,"Department of Neurology, NHC Key Laboratory of Diagnosis and Treatment on Brain Functional Diseases, The First Affiliated Hospital of Chongqing Medical University, Chongqing, 400016, China.","Wang D, Gui S, Pu J, Zhong X, Yan L, Li Z, Tao X, Yang D, Zhou H, Qiao R, Zhang H, Cheng X, Ren Y, Chen W, Chen X, Tao W, Chen Y, Chen X, Liu Y, Xie P","CSTB2024NSCQ-QCXMX0033, 82371526, CSTB2024NSCQ-MSX1027","Natural Science Foundation of Chongqing (Natural Science Foundation of Chongqing Municipality), National Natural Science Foundation of China (National Science Foundation of China), Natural Science Foundation of Chongqing (Natural Science Foundation of Chongqing Municipality)",0,PsycGM: a comprehensive database for associations between gut microbiota and psychiatric disorders.
38063081,2024-01-01,"Leloir Institute/IIBBA, Buenos Aires, Argentina.","Orti F, Fernández ML, Marino-Buslje C",,Consejo Nacional de Investigaciones Científicas y Técnicas,12,"MLOsMetaDB, a meta-database to centralize the information on liquid-liquid phase separation proteins and membraneless organelles."
39514415,2024-11-01,"Bioinformatics Laboratory, National Institute of Plant Genome Research (NIPGR), Aruna Asaf Ali Marg, New Delhi 110067, India.","Vivek AT, Arya A, Swain SP, Kumar S","BT/PR40160/BTIS/137/64/2023, BT/PR40160/BTIS/137/64/2023 BT/PR40169/BTIS/137/71/2023 BT/PR40261/ BTIS/137/55/2023 PR40146/BTIS/137/4/2020, BT/PR40146/BTIS/137/4/2020, BT/PR40169/BTIS/137/71/2023, BT/PR40261/BTIS/137/55/2023","DBT, Government of India, and NIPGR, laboratory of S.K., Department of Biotechnology, Ministry of Science and Technology, India, DBT, Government of India, and NIPGR, laboratory of S.K., DBT, Government of India, and NIPGR, laboratory of S.K., DBT, Government of India, and NIPGR, laboratory of S.K.",0,athisomiRDB: A comprehensive database of Arabidopsis isomiRs.
38443821,2024-03-05,"Institute of Pathology, RWTH Aachen University Clinic, Aachen, Germany.","Hölscher DL, Goedertier M, Klinkhammer BM, Droste P, Costa IG, Boor P, Bülow RD","01VSF21048, 322900939, 101001791, STOP-FSGS-01GM1901A, ZMVI1-2520DAT111, 148/21, 01MK2002A","Innovation Fund of the Federal Joint Committee, Deutsche Forschungsgemeinschaft, European Research Council, Bundesministerium für Bildung und Forschung, Universitätsklinikum RWTH Aachen, Bundesministerium für Gesundheit, Faculty of Medicine of the RWTH Aachen University, Bundesministerium für Wirtschaft und Energie",2,tRigon: an R package and Shiny App for integrative (path-)omics data analysis.
34983060,2022-03-01,"Department of Artificial Intelligence and Informatics, Mayo Clinic, Rochester, MN 55901, USA.","He H, Fu S, Wang L, Liu S, Wen A, Liu H","U01TR002062, R01 LM011934, U01 TR002062","National Institutes of Health, National Center for Advancing Translational Sciences, NLM NIH HHS, NCATS NIH HHS",8,MedTator: a serverless annotation tool for corpus development.
37850657,2024-01-01,"Precision Medicine Center, The Second Affiliated Hospital of Chongqing Medical University, Chongqing 400010, China.","Ma Q, Li Q, Zheng X, Pan J","CXQT21016, BJRC202214, CSTB2023NSCQ-MSX0289, W0056","University Innovation Research Group Project of Chongqing, Natural Science Foundation of Chongqing, Chongqing Medical University, Chongqing Medical University, Chongqing Medical University",14,CellCommuNet: an atlas of cell-cell communication networks from single-cell RNA sequencing of human and mouse tissues in normal and disease states.
38267891,2024-01-25,"Department of Oncohematopediatrics, University Hospital of Angers, University of Angers, Angers, France. charlotte.demoorgoldschmidt@chu-angers.fr.","Demoor-Goldschmidt C, Veillon P, Esvan M, Leonard M, Chauvet S, Bertrand A, Carausu L, Delehaye F, Lejeune J, Rouger J, Schneider P, Thomas C, Millot F, Claude L, Leseur J, Missohou F, Supiot S, Bihannic N, Debroise I, Jeanneaud C, Lebreton E, Roumy M, Aguerris L, Chrétien JM, Gandemer V, Pellier I",,,5,A software tool to support follow-up care in a French childhood cancer cohort: construction and feasibility.
34551437,2022-01-01,"School of Computer Science, Wuhan University, Wuhan430072, China.","Feng J, Chen W, Dong X, Wang J, Mei X, Deng J, Yang S, Zhuo C, Huang X, Shao L, Zhang R, Guo J, Ma R, Liu J, Li F, Wu Y, Han L, He C","82170170, 2019YFA0904303, 2019010701011381, 2019AEA170, 81870129, ZNJC201919","National Natural Science Foundation of China, National Key Research and Development Program of China, Frontier Projects of Wuhan for Application Foundation, Major Projects of Technological Innovation in Hubei Province, National Natural Science Foundation of China, Translational Medicine and Interdisciplinary Research Joint Fund of Zhongnan Hospital of Wuhan University",62,CSCD2: an integrated interactional database of cancer-specific circular RNAs.
34723317,2022-01-01,"Beijing Institute of Radiation Medicine, State Key Laboratory of Proteomics, Beijing 100850, China.","Quan C, Ping J, Lu H, Zhou G, Lu Y","20180059, 31771397, 2017YFA0504301, 2018ZX10732202","Beijing Nova Program, Natural Science Foundation of China, National Key Research and Development Program of China, Chinese Key Project for Infectious Diseases",41,3DSNP 2.0: update and expansion of the noncoding genomic variant annotation database.
28691135,2017-07-09,"Federal University of Bahia, Salvador, BA, 40170100, Brazil.","de Oliveira RL, de Carvalho GGP, Oliveira RL, Tosto MSL, Santos EM, Ribeiro RDX, Silva TM, Correia BR, de Rufino LMA",,,10,Palm kernel cake obtained from biodiesel production in diets for goats: feeding behavior and physiological parameters.
36484479,2022-12-01,"Biotechnology Center (BIOTEC), Center for Molecular and Cellular Bioengineering (CMCB), Technische Universität Dresden, Tatzberg 47-49, Dresden 01307, Germany.","Kart Ö, Mestiashvili A, Lachmann K, Kwasnicki R, Schroeder M",,Bundesministerium für Bildung und Forschung,2,Emati: a recommender system for biomedical literature based on supervised learning.
37042467,2023-04-01,"Faculty of Basic Sciences, University of Medellin, Cra. 87 No. 30-65, Medellin 050026, Colombia.","Valdés-Tresanco MS, Valdés-Tresanco ME, Molina-Abad E, Moreno E",FP44842-211-2018,"MINCIENCIAS, MINEDUCACIÓN, MINCIT and ICETEX, through the Program NanoBioCáncer",19,NbThermo: a new thermostability database for nanobodies.
40170100,2025-04-01,"Atmosphere and Ocean Research Institute, University of Tokyo, 5-1-5 Kashiwanoha, Kashiwa City, Chiba Prefecture, 277-8564, Japan. katsu@aori.u-tokyo.ac.jp.","Sato K, Watanabe S, Noda T, Koizumi T, Yoda K, Watanabe YY, Sakamoto KQ, Isokawa T, Yoshida MA, Aoki K, Takahashi A, Iwata T, Nishizawa H, Maekawa T, Kawabe R, Watanuki Y",,"Biologging Support Fund, the Programme for the Development of Technology for the Promotion of Marine Resource Utilization – Advancement of Technology for the Use of Big Data on Marine Organisms",0,"Biologging intelligent Platform (BiP): an integrated and standardized platform for sharing, visualizing, and analyzing biologging data."
35289353,2022-05-01,"Key Laboratory of DGHD, MOE, School of Life Science and Technology, Southeast University, Nanjing, China.","Li X, Lin X, Mei X, Chen P, Liu A, Liang W, Chang S, Li J","2242017 K41041, 31900473, 31871322, 2242017K3DN23","Fundamental Research Funds for the Central Universities, National Natural Science Foundation of China, National Natural Science Foundation of China, Fundamental Research Funds for the Central Universities",4,HLA3D: an integrated structure-based computational toolkit for immunotherapy.
38255924,2024-01-10,"Ministry of Education Frontiers Science Center for Precision Oncology, Faculty of Health Sciences, University of Macau, Macau SAR, China.","Tam B, Qin Z, Zhao B, Sinha S, Lei CL, Wang SM","FHS-CC-041-001-2023, Startup fund, UMMTP-FDCT/0027/APD/2021, 0077/2019/AMJ, 085/2017/A2, 2020-00094-FHS, SRG2017-00097-FHS, 085/2017/A2, FHS-CC-041-001-2023, MYRG2019-00018-FHS, MYRG2022-00023-FHS, 0032-2022-A1, MYRG2019-00018-FHS, FHSIG/SW/0007/2020P, UMMTP-FDCT/0027/APD/2021, 0032-2022-A1, 0077/2019/AMJ, 2020-00094-FHS, SRG2017-00097-FHS, FHS Innovation grant, FHSIG/SW/0007/2020P, MYRG2022-00023-FHS","Faculty of Health Sciences of University of Macau, The Faculty of Health Sciences of University of Macau, Postdoctoral Fellowship of Macau Science and Technology Development Fund, the Macau Science and Technology Development Fund, Macau Science and Technology Development Fund, University of Macau, The University of Macau, University of Macau, the Macau Science and Technology Development Fund, The Faculty of Health Sciences of University of Macau, University of Macau, University of Macau, the Macau Science and Technology Development Fund, The University of Macau, The Faculty of Health Sciences of University of Macau, University of Macau Postdoctoral Fellowship Class A of the Macao Talent Program and Postdoctoral Fellowship of Macau Science and Technology Development Fund, Macau Science and Technology Development Fund, Macau Science and Technology Development Fund, The University of Macau, University of Macau, The Faculty of Health Sciences of University of Macau, Faculty of Health Sciences of University of Macau, the University of Macau",3,Classification of MLH1 Missense VUS Using Protein Structure-Based Deep Learning-Ramachandran Plot-Molecular Dynamics Simulations Method.
36320030,2022-11-01,"Innovation Institute for Artificial Intelligence in Medicine of Zhejiang University, Zhejiang University, Hangzhou, 310058, Zhejiang, China.","Wang G, Yu J, Du H, Shen C, Zhang X, Liu Y, Zhang Y, Cao D, Pan P, Hou T","2021YFF1201400, 22220102001, LD22H300001, LZ19H300001","National Key Research and Development Program of China, National Natural Science Foundation of China, Natural Science Foundation of Zhejiang Province, Natural Science Foundation of Zhejiang Province",2,VGSC-DB: an online database of voltage-gated sodium channels.
39253058,2024-08-12,"Center for Functional Protein Assemblies, Technical University of Munich, Ernst-Otto-Fischer-Straße 8, Garching, Germany.","Santini BL, Wendel S, Halbwedl N, Knipp A, Zacharias M",,"Max Planck Society, Bundesministerium für Bildung und Forschung, German Research Foundation",2,cPEPmatch Webserver: A comprehensive tool and database to aid rational design of cyclic peptides for drug discovery.
35697698,2022-06-13,"Medical College, Guizhou University, Guiyang, 550025, China.","Zhang Q, Chen X, Li B, Lu C, Yang S, Long J, Chen H, Huang J, He B","61901129, (2018)54, 61901130, 62071099, (2018)55,[2020]5","National Natural Science Foundation of China (National Science Foundation of China), Guizhou University (GZU), National Natural Science Foundation of China (National Science Foundation of China), National Natural Science Foundation of China (National Science Foundation of China), Guizhou University (GZU)",17,A database of anti-coronavirus peptides.
35962028,2022-08-12,"Laboratory of Immunomedicine, Department of Immunology, Faculty of Medicine, University Complutense of Madrid, Pza Ramón y Cajal, s/n, 28040, Madrid, Spain.","Ras-Carmona A, Lehmann AA, Lehmann PV, Reche PA",,,22,Prediction of B cell epitopes in proteins using a novel sequence similarity-based method.
35318332,2022-03-22,"AHU Holding Research, Nootdorp, Netherlands. bert@hubertnet.nl.",Hubert B,,,12,"SkewDB, a comprehensive database of GC and 10 other skews for over 30,000 chromosomes and plasmids."
38491365,2024-03-15,"Janelia Research Campus, Howard Hughes Medical Institute, Ashburn, USA.","Clements J, Goina C, Hubbard PM, Kawase T, Olbris DJ, Otsuna H, Svirskas R, Rokicki K",,Howard Hughes Medical Institute,35,NeuronBridge: an intuitive web application for neuronal morphology search across large data sets.
37448872,2023-06-28,"Division of Genomic Resources, ICAR-National Bureau of Plant Genetic Resources, New Delhi, India.","Singh A, Mahato AK, Maurya A, Rajkumar S, Singh AK, Bhardwaj R, Kaushik SK, Kumar S, Gupta V, Singh K, Singh R",,"Department of Biotechnology, Ministry of Science and Technology, India",5,Amaranth Genomic Resource Database: an integrated database resource of Amaranth genes and genomics.
38843230,2024-06-06,"School of Dentistry, College of Health Sciences, Faculty of Medicine & Dentistry, University of Alberta, Edmonton, Canada.","Chow AK, Low R, Yuan J, Yee KK, Dhaliwal JK, Govia S, Sharmin N",SDERF 2022-02,"School of Dentistry Education Research Fund (SDERF), University of Alberta",2,Bioinformatics for Dentistry: A secondary database for the genetics of tooth development.
37572442,2023-08-07,"CNR - Institute of Crystallography, Via Amendola 122/o, 70126, Bari, Italy.","Delre P, Contino M, Alberga D, Saviano M, Corriero N, Mangiatordi GF","6B, CB1R-sel, CB2R-sel, 0.60","Masonic Cancer Center, University of Minnesota, Masonic Cancer Center, University of Minnesota, Masonic Cancer Center, University of Minnesota, American University in Cairo, Masonic Cancer Center, University of Minnesota",3,ALPACA: A machine Learning Platform for Affinity and selectivity profiling of CAnnabinoids receptors modulators.
38801081,2024-07-01,"Department of Medical Bioinformatics, University Medical Center Göttingen, Goldschmidtstr. 1, 37077 Göttingen, Germany.","Kornrumpf K, Kurz NS, Drofenik K, Krauß L, Schneider C, Koch R, Beißbarth T, Dönitz J","01NVF20006, 70114018, 70113602, 11-76251-12-1/19","Gemeinsame Bundesausschuss, Deutsche Krebshilfe, Deutsche Krebshilfe, Volkswagen Foundation",3,SeqCAT: Sequence Conversion and Analysis Toolbox.
37646935,2023-01-01,"Department of Computer Science, Universidad Autónoma de Manizales, Manizales, Caldas, Colombia.","Orozco-Arias S, Gaviria-Orrego S, Tabares-Soto R, Isaza G, Guyot R",,,0,InpactorDB: A Plant LTR Retrotransposon Reference Library.
39420631,2025-01-01,"National Genomics Data Center, China National Center for Bioinformation, Beijing 100101, China.","Mai J, Qian Q, Gao H, Fan Z, Zeng J, Xiao J","32300542, XDB38030400, 2020YFA0907001, 2022098, 32170669","National Natural Science Foundation of China, Chinese Academy of Sciences, National Key Research Program of China, Youth Innovation Promotion Association of the Chinese Academy of Sciences, National Natural Science Foundation of China",2,scTWAS Atlas: an integrative knowledgebase of single-cell transcriptome-wide association studies.
38709879,2024-07-01,"Institute of Genetic Epidemiology, Medical University of Innsbruck, Innsbruck, Austria.","Forer L, Taliun D, LeFaive J, Smith AV, Boughton AP, Coassin S, Lamina C, Kronenberg F, Fuchsberger C, Schönherr S",,Medical University of Innsbruck,9,Imputation Server PGS: an automated approach to calculate polygenic risk scores on imputation servers.
36426870,2023-01-01,"Department of Anesthesia, Pain and Perioperative Medicine, Stanford University School of Medicine, Stanford, CA 94305, USA.","Fang Z, Liu X, Peltz G",5U01DA04439902,"National Institute of Health, National Institute for Drug Addiction",649,GSEApy: a comprehensive package for performing gene set enrichment analysis in Python.
39475723,2024-10-01,"Bioinformatics and Systems Biology, Justus Liebig University Giessen, Giessen, Germany.","Fenske L, Jelonek L, Goesmann A, Schwengers O","031A532B, 031A533A, 031A533B, 031A534A, 031A535A, 031A537A, 031A537B, 031A537C, 031A537D, 031A538A",German Network for Bioinformatics Infrastructure,4,"BakRep - a searchable large-scale web repository for bacterial genomes, characterizations and metadata."
38337024,2024-02-01,"USDA-ARS, Corn Insects and Crop Genetics Research Unit, Ames, IA 50011, United States.","Andorf CM, Haley OC, Hayford RK, Portwood JL 2nd, Harding S, Sen S, Cannon EK, Gardiner JM, Kim HS, Woodhouse MR",,"Agricultural Research Service, U.S. Department of Agriculture",2,PanEffect: a pan-genome visualization tool for variant effects in maize.
40606149,2025-06-18,"Ocean College, Zhejiang University, Zhoushan, Zhejiang, China.","Zuo Z, Hu J, Zhang C, Wang Z, Chen L, Li F, Xiao X",,,0,AlgicideDB: a comprehensive database enhanced by large language models for algicide management and discovery.
35389344,2022-02-18,"School of Biological Sciences, Nanyang Technological University, 60 Nanyang Drive, Singapore 637551, Singapore.","Villanueva EMF, Lim PK, Lim JJJ, Lim SC, Lau PY, Koh KTS, Tan E, Kairon RS, See WA, Liao JX, Hee KM, Vijay V, Maitra I, Boon CJ, Fo K, Wang YT, Jaya R, Hew LA, Lim YY, Lee WQ, Lee ZQ, Foo H, Dos Santos AL, Mutwil M",,,7,Protist.guru: A Comparative Transcriptomics Database for Protists.
37823598,2024-01-01,"State Key Laboratory of Microbial Technology, Institute of Microbial Technology, Shandong University, Qingdao 266237, China.","Pan Z, Li DD, Li P, Geng Y, Jiang Y, Liu Y, Li YZ, Zhang Z","32301333, ZR2022QC001, SDCX-ZG-202203032, 2022FY101100, 2018GSF121015, 2021M700084, 2022FY101100, 32070030, 32270073, ZR2023QC225, SBK2023041239","National Natural Science Foundation of China, Shandong Provincial NaturalScience Foundation, Shandong Postdoctoral Science Foundation, National Key Research and Development Program, Science &amp; Technology Fundamental Resources Investigation Program, Key Research and Development Program of Shandong Province, China Postdoctoral Science Foundation, Science & Technology Fundamental Resources Investigation Program, National Natural Science Foundation of China, National Natural Science Foundation of China, Shandong Provincial NaturalScience Foundation, Shandong Provincial NaturalScience Foundation",1,GDPF: a data resource for the distribution of prokaryotic protein families across the global biosphere.
37855663,2024-01-01,"Division of Life Sciences and Medicine, University of Science and Technology of China, Hefei 230027, China.","Bu F, Lin X, Liao W, Lu Z, He Y, Luo Y, Peng X, Li M, Huang Y, Chen X, Xiao B, Jiang J, Deng J, Huang J, Lin T, Miao Z, Huang L","23ptpy41, 2022A1515010328, 32171191, 32270707, SRPG22-007, 2023B1212060013, 2021YFF1200900, 2021YFF1200903, YW-YFYJ0102, SRPG22-003, SRPG22-006, 2020B1212030004, 2021YFF1200900, SRPG22-003","Fundamental Research Funds for the Central Universities, Guangdong Science and Technology Department, National Natural Science Foundation of China, Natural Science Foundation of China, R&amp;D Programs of Guangzhou Laboratory, Guangdong Science and Technology Department, National Key R&D Program of China, National Key R&amp;D Program of China, R&amp;D Programs of Guangzhou Laboratory, R&amp;D Programs of Guangzhou Laboratory, R&amp;D Programs of Guangzhou Laboratory, Guangdong Science and Technology Department, National Key R&amp;D Program of China, R&D Programs of Guangzhou Laboratory, Sun Yat-sen University",19,Ribocentre-switch: a database of riboswitches.
39588778,2025-01-01,"Institute for Inorganic and Analytical Chemistry, Friedrich Schiller University Jena, Lessingstr 8, 07743, Jena, Germany.","Chandrasekhar V, Rajan K, Kanakam SRS, Sharma N, Weißenborn V, Schaub J, Steinbeck C","239748522, 03ZU1214OA","German Research Foundation, Federal Ministry of Education and Research",20,COCONUT 2.0: a comprehensive overhaul and curation of the collection of open natural products database.
36271795,2023-01-01,"Interdisciplinary Program in Bioinformatics, Seoul National University, Seoul 08826, Republic of Korea.","Kim D, Gilchrist CLM, Chun J, Steinegger M","2020M3A9G7103933, 2019R1A6A1A10073437, 2021R1C1C102065, 2021M3A9I4021220","Seoul National University, National Research Foundation of Korea, National Research Foundation of Korea, National Research Foundation of Korea, National Research Foundation of Korea",27,UFCG: database of universal fungal core genes and pipeline for genome-wide phylogenetic analysis of fungi.
35061087,2022-01-21,"School of Life Sciences, University of Essex, Wivenhoe Park, Colchester, CO4 3SQ, UK.","Shtumpf M, Piroeva KV, Agrawal SP, Jacob DR, Teif VB",,,19,NucPosDB: a database of nucleosome positioning in vivo and nucleosomics of cell-free DNA.
40393975,2025-05-20,"Institute of Pathology, University Hospital Halle, Martin Luther University Halle-Wittenberg, Halle (Saale), Germany. marcus.bauer@uk-halle.de.","Bauer M, Santos P, Wilfer A, van den Berg E, Zietsman A, Vetter M, Kaufhold S, Wickenhauser C, Dos-Santos-Silva I, Chen WC, Cubasch H, Murugan N, McCormack V, Joffe M, Seliger B, Kantelhardt E","R01 CA244559, 001","NCI NIH HHS, World Health Organization",1,HIV status alters immune cell infiltration and activation profile in women with breast cancer.
34643709,2022-01-01,"Institute for Cancer Research, Fox Chase Cancer Center, Philadelphia, PA 19148, USA.","Modi V, Dunbrack RL","R35 GM122517, R35 GM122517","NIGMS NIH HHS, National Institutes of Health",62,Kincore: a web resource for structural classification of protein kinases and their inhibitors.
36029479,2022-08-01,"Department of Bioinformatics, Smart Health Big Data Analysis and Location Services Engineering Lab of Jiangsu Province, School of Geographic and Biologic Information, Nanjing University of Posts and Telecommunications, No. 9, Wenyuan Road, Qixia District, Nanjing, Jiangsu 210023, China.","Guo L, Dou Y, Xia D, Yin Z, Xiang Y, Luo L, Zhang Y, Wang J, Liang T","61771251, 22KJA180006, NY220041, SKLB2022-K03, 62171236, BE2022799","National Natural Science Foundation of China, the key projects of Natural Science Research in Universities of Jiangsu Province, NUPTSF, State Key Laboratory of Bioelectronics, Southeast University, National Natural Science Foundation of China, the Priority Academic Program Development of Jiangsu Higher Education Institution, the key project of social development in Jiangsu Province, Qinglan Project",8,SLOAD: a comprehensive database of cancer-specific synthetic lethal interactions for precision cancer therapy via multi-omics analysis.
35561186,2022-05-01,"Bioscience Division, Los Alamos National Laboratory, Los Alamos, NM 87545, USA.","Lo CC, Shakya M, Connor R, Davenport K, Flynn M, Gutiérrez AMY, Hu B, Li PE, Jackson EP, Xu Y, Chain PSG","20200732ER, MCB180107, ACI-1548562, CB10152, CB10623, KP160101, 4000150817","Los Alamos National Laboratory LDRD, National Institutes of Health, National Science Foundation, Hosting of edge-covid19.edgebioinformatics.orgis provided by the Extreme Science and Engineering Discovery Environment, National Science Foundation, DTRA, DTRA, DOE, National Center for Biotechnology Information of the National Library of Medicine, DOE",18,EDGE COVID-19: a web platform to generate submission-ready genomes from SARS-CoV-2 sequencing efforts.
37554180,2023-02-03,"Department of Spinal Surgery, The University of Hong Kong-Shenzhen Hospital, Shenzhen, Guangdong 518000, China.","Qiu X, Wang HY, Yang ZY, Sun LM, Liu SN, Fan CQ, Zhu F","SZSM201612055, JCYJ20180306173518936","Sanming Project of Medicine in Shenzen Municipality, Shenzhen Fundamental Research Program",10,Uncovering the prominent role of satellite cells in paravertebral muscle development and aging by single-nucleus RNA sequencing.
38841284,2024-05-22,"College of Bioscience and Engineering, Jiangxi Agricultural University, Nanchang, Jiangxi, China.","Li T, Cai S, Cai Z, Fu Y, Liu W, Zhu X, Lai C, Cui L, Pan W, Li Y",,,1,TriticeaeSSRdb: a comprehensive database of simple sequence repeats in <i>Triticeae</i>.
38872612,2024-05-01,"Institute of Systems and Physical Biology, Shenzhen Bay Laboratory, Shenzhen 518055, China.","Chen K, Litfin T, Singh J, Zhan J, Zhou Y",,,12,MARS and RNAcmap3: The Master Database of All Possible RNA Sequences Integrated with RNAcmap for RNA Homology Search.
38995543,2024-01-01,"Department of Physical Chemistry, Faculty of Science, Palacký University Olomouc, Olomouc, Czech Republic.","Špačková A, Bazgier V, Raček T, Sehnal D, Svobodová R, Berka K",,,0,"Analysis and Visualization of Protein Channels, Tunnels, and Pores with MOLEonline and ChannelsDB 2.0."
39047941,2024-07-22,"Center for Systems Biology and Molecular Medicine, Yenepoya Research Centre, Yenepoya (Deemed to be University), Mangalore 575018, India. Electronic address: poornima.devadhar@gmail.com.","Ramesh P, Nisar M, Neha, Ammankallu S, Babu S, Nandakumar R, Abhinand CS, Prasad TSK, Codi JAK, Raju R",,,4,Delineating protein biomarkers for gastric cancers: A catalogue of mass spectrometry-based markers and assessment of their suitability for targeted proteomics applications.
40181386,2025-04-03,"Shanghai Key Laboratory for Molecular Engineering of Chiral Drugs, Frontiers Science Center for Transformative Molecules, School of Chemistry and Chemical Engineering, Shanghai Jiao Tong University, Shanghai, 200240, China.","Yu G, Yu K, Wang X, Zhang C, Luo Y, Huo X, Yang Y","No. 2023YFC2811500, No. 2018YFE0126800, Nos. 62272300, Nos. 21831005","National Key Research and Development Program of China, National Key Research and Development Program of China, National Natural Science Foundation of China, National Natural Science Foundation of China",2,Clc-db: an open-source online database of chiral ligands and catalysts.
39259175,2024-09-01,"Loschmidt Laboratories, Department of Experimental Biology and RECETOX, Faculty of Science, Masaryk University, 625 00 Brno, Czech Republic.","Velecký J, Berezný M, Musil M, Damborsky J, Bednar D, Mazurenko S",LM2023069,RECETOX Research Infrastructure,2,BenchStab: a tool for automated querying of web-based stability predictors.
40444783,2025-06-01,"Division of Biostatistics and Health Data Science, School of Public Health, University of Minnesota, Minneapolis, MN 55455, United States.","Zhang L, Yang L, Ren Y, Zhang S, Guan W, Chen J","R01 GM144351, R01 GM144351, 1U54AG079754, R01 GM144351, U54 AG079754, 1U54AG079754","NIGMS NIH HHS, NIH HHS, NIH HHS, National Institutes of Health, NIA NIH HHS, National Institutes of Health",0,DiSC: a statistical tool for fast differential expression analysis of individual-level single-cell RNA-seq data.
39413165,2025-01-01,"Chongqing Key Laboratory of Natural Product Synthesis and Drug Research, School of Pharmaceutical Sciences, Chongqing University, No. 55 South University Town Road, High-tech Zone, Chongqing 401331, China.","Li Y, Li F, Duan Z, Liu R, Jiao W, Wu H, Zhu F, Xue W","2023NSCQ-MSX0140, cstc2018jscx-msybX0287, cx2020127","Natural Science Foundation of Chongqing, Technology Innovation and Application Demonstration Project of Chongqing, Entrepreneurship and Innovation Support Plan for Chinese Overseas Students of Chongqing",6,"SYNBIP 2.0: epitopes mapping, sequence expansion and scaffolds discovery for synthetic binding protein innovation."
40272881,2025-01-01,"Ontario Institute for Cancer Research (OICR), Ontario, Canada, M5G 1M1.","Shiell M, Bajari R, Andric D, Eubank J, Chan BF, Richardsson AJ, Ali A, Allabadi B, Alturmessov Y, Baker J, Catton A, Cullion K, DeMaria D, Dos Santos P, Feher H, Gerthoffert F, Ha M, Haw RA, Kachru A, Lepsa A, Li A, Mistry RN, Nahal-Bose HK, Pejovic A, Rich S, Rivera L, Schütte C, Su E, Tisma R, Uddin J, Wang C, Wilmer AN, Xiang L, Zhang J, Stein LD, Ferretti V, Courtot M, Yung CK","#U24CA253529, HGA-190675, #U24CA253529, #496447, HGA-190675, CFI#32586, U24 CA253529","NCI NIH HHS, CIHR, National Cancer Institute, Canada Foundation for Innovation, Canadian Institutes of Health Research, Canada Foundation for Innovation, NCI NIH HHS",0,Overture: an open-source genomics data platform.
40221859,2025-05-01,"Department of Clinical Laboratory, Sichuan Clinical Research Center for Cancer, Sichuan Cancer Hospital & Institute, Sichuan Cancer Center, University of Electronic Science and Technology of China, Chengdu 610041, China.","Luo H, Wu C, Yu S, Ren H, Yin X, Zu R, Rao L, Zhang P, Zhang X, Wu R, Leng P, Zhang K, Peng Q, Cao B, Qin R, Wei H, Qiao J, Xu S, Yi Q, Zhang Y, Huang J, Wang D",,,2,PlateletBase: A Comprehensive Knowledgebase for Platelet Research and Disease Insights.
36243964,2023-01-01,"Clinical Bioinformatics, Saarland University, 66123 Saarbrücken, Germany.","Aparicio-Puerta E, Hirsch P, Schmartz GP, Fehlmann T, Keller V, Engel A, Kern F, Hackenberg M, Keller A",,Saarland University,17,isomiRdb: microRNA expression at isoform resolution.
37170752,2023-05-01,"National Genomics Data Center, Beijing Institute of Genomics, Chinese Academy of Sciences and China National Center for Bioinformation, Beijing 100101, China.","Li L, Xu B, Tian D, Wang A, Zhu J, Li C, Li N, Zhao W, Shi L, Xue Y, Zhang Z, Bao Y, Zhao W, Song S","2017141, 2021YFF0703703, XDB38060100, 32270718, ANSO-CR-KP-2022-09, 2021YFC0863300, 32170678, Z211100002121006","Youth Innovation Promotion Association of CAS, National Key Research and Development Program of China, Strategic Priority Research Program of the Chinese Academy of Sciences, National Natural Science Foundation of China, Key Collaborative Research Program of the Alliance of International Science Organizations, National Key Research and Development Program of China, National Natural Science Foundation of China, Beijing Nova Program",5,McAN: a novel computational algorithm and platform for constructing and visualizing haplotype networks.
38018911,2023-11-01,"Loschmidt Laboratories, Department of Experimental Biology and RECETOX, Masaryk University, Brno, Czech Republic.","Musil M, Jezik A, Horackova J, Borko S, Kabourek P, Damborsky J, Bednar D","857560, LM2018140, LM2023069, TEAMING-CZ.02.1.01/0.0/0.0/17_043/0009632, TN02000122, FIT-S-23-8209, FW03010208, LM2023055, LX22NPO5107","European Union, Czech Ministry of Education, Czech Ministry of Education, Czech Ministry of Education, Technology Agency of the Czech Republic, Brno University of Technology, Technology Agency of the Czech Republic, Czech Ministry of Education, National Institute for Neurology Research",28,FireProt 2.0: web-based platform for the fully automated design of thermostable proteins.
37870448,2024-01-01,"State Key Laboratory of Medical Genomics, National Research Center for Translational Medicine at Shanghai, Ruijin Hospital, Shanghai Jiao Tong University School of Medicine, Shanghai, China.","He J, Liu X, Zhu C, Zha J, Li Q, Zhao M, Wei J, Li M, Wu C, Wang J, Jiao Y, Ning S, Zhou J, Hong Y, Liu Y, He H, Zhang M, Chen F, Li Y, He X, Wu J, Lu S, Song K, Lu X, Zhang J","2022YFF1203005, 21YF1422500, KF-202204, 2022YFF1203005, 22237005, 32300531, 81925034, SHSMU-ZDCX20212700, SN-ZJU-SIAS-007, 2022AAC02029, 2019-01-07-00-01-E00036, 2021AAC03139, 2022CMG01002","National Key R&D Program of China, Shanghai Sailing Program, Pharmaceutical Biotechnology, Nanjing University, China, National Key R&amp;D Program of China, National Natural Science Foundation of China, National Natural Science Foundation of China, National Natural Science Foundation of China, innovative research team of high-level local universities in Shanghai, Starry Night Science Fund of Zhejiang University Shanghai Institute for Advanced Study, Natural Science Foundation of Ningxia, Innovation Program of Shanghai Municipal Education Commission, China, Natural Science Foundation of Ningxia, Key Research and Development Program of Ningxia Hui Autonomous Region",30,ASD2023: towards the integrating landscapes of allosteric knowledgebase.
34792170,2022-01-01,"Institut de Biologie de l'ENS (IBENS), Département de biologie, École normale supérieure, CNRS, INSERM, Université PSL, 75005 Paris, France.","Nguyen NTT, Vincens P, Dufayard JF, Roest Crollius H, Louis A","ANR-11-INSB-0013, ANR-10-LABX-54 MEMOLIFE, ANR-10-IDEX-0001-02","RENABI-IFB, CNRS, ANR, ANR",58,Genomicus in 2022: comparative tools for thousands of genomes and reconstructed ancestors.
34570216,2022-01-01,"School of Life Sciences, Precision Medicine Institute, The First Affiliated Hospital, Sun Yat-sen University, Guangzhou 510080, China.","Luo X, Huang Y, Li H, Luo Y, Zuo Z, Ren J, Xie Y","2021B1515020108, 81772614, 2020A1515010220, U1611261, 81802438, 2017YFA0106700, 2017ZT07S096, 31771462, 31801105","Guangdong Basic and Applied Basic Research Foundation, National Natural Science Foundation of China, Guangdong Basic and Applied Basic Research Foundation, National Natural Science Foundation of China, National Natural Science Foundation of China, National Key Research and Development Program of China, Program for Guangdong Introducing Innovative and Entrepreneurial Teams, National Natural Science Foundation of China, National Natural Science Foundation of China",44,SPENCER: a comprehensive database for small peptides encoded by noncoding RNAs in cancer patients.
38204924,2024-01-09,"College of Literature, Science, and the Arts, University of Michigan, Ann Arbor, MI 48109, USA.","Asfaw E, Lin AY, Huffman A, Li S, George M, Darancou C, Kalter M, Wehbi N, Bartels D, Fleck E, Tran N, Faghihnia D, Berke K, Sutariya R, Reyal F, Tammam Y, Zhao B, Ong E, Xiang Z, He V, Song J, Seleznev AI, Guo J, Pan Y, Zheng J, He Y","U24 AI171008, R01 AI081062, R01AI081062, U24AI171008","NIAID NIH HHS, NIAID NIH HHS, National Institute of Allergy and Infectious Diseases, National Institute of Allergy and Infectious Diseases, Undergraduate Research Opportunity Program, University of Michigan",5,CanVaxKB: a web-based cancer vaccine knowledgebase.
35234849,2022-01-01,"Microbiology Laboratory, Department of Genetic Engineering and Biotechnology, University of Rajshahi, Rajshahi 6205, Bangladesh.","Mahmud S, Paul GK, Biswas S, Kazi T, Mahbub S, Mita MA, Afrose S, Islam A, Ahaduzzaman S, Hasan R, Shimu SS, Promi MM, Shehab MN, Rahman E, Sujon KM, Alom W, Modak A, Zaman S, Uddin S, Emran TB, Islam S, Saleh A",,,15,phytochemdb: a platform for virtual screening and computer-aided drug designing.
35230424,2022-03-01,"National Centre for Biological Sciences, Tata Institute of Fundamental Research (TIFR), GKVK Campus, Bellary Road, Bengaluru, Karnataka 560065, India.","Kalmankar NV, Pavalam M, Indrakumar S, Srinivasan N, Sowdhamini R","JC Bose Fellowship (SB/S2/JC-071/2015), Bioinformatics Centre Grant (BT/PR40187/BTIS/137/9","Science and Engineering Research Board, India, Department of Biotechnology , Ministry of Science and Technology, India",5,"DSDBASE 2.0: updated version of DiSulphide dataBASE, a database on disulphide bonds in proteins."
35891351,2022-06-23,"CAS Key Laboratory of Molecular Virology & Immunology, Institute Pasteur of Shanghai, Center for Biosafety Mega-Science, Chinese Academy of Sciences, Shanghai 200031, China.","Li Y, Zhang G, Cui J","31970176, 00025900","National Natural Science Foundation of China, Villum Fonden",15,Origin and Deep Evolution of Human Endogenous Retroviruses in Pan-Primates.
34570230,2022-01-01,"State Key Laboratory of Proteomics, Beijing Proteome Research Center, National Center for Protein Sciences (Beijing), Beijing Institute of Lifeomics, Beijing 102206, China.","Liu Z, Liu J, Liu X, Wang X, Xie Q, Zhang X, Kong X, He M, Yang Y, Deng X, Yang L, Qi Y, Li J, Liu Y, Yuan L, Diao L, He F, Li D","2017YFC1700105, 31871341, 32088101, 2020YFE0202200, SKLPO202010","National Key Research and Development Program of China, National Natural Science Foundation of China, National Natural Science Foundation of China, Beijing Talents foundation, National Key Research and Development Program of China, State Key Laboratory of Proteomics of China",43,"CTR-DB, an omnibus for patient-derived gene expression signatures correlated with cancer drug response."
40645675,2025-06-10,"Department of Biotechnology, National Institute of Technology, Raipur, CG, India.","Agrawal P, Upadhyay A, Chauhan RK, Kumar A",,,0,MDDB: A public databank of host microRNAs in Tuberculosis diagnosis.
40419450,2025-05-26,"Guangdong Provincial Key Laboratory of Fermentation and Enzyme Engineering, Joint International Research Laboratory of Synthetic Biology and Medicine, Ministry of Education, Guangdong Provincial Engineering and Technology Research Center of Biopharmaceuticals, School of Biology and Biological Engineering, South China University of Technology, Guangzhou 510006, China.","Luo H, Ran T, Wang L, Chen H","YW-YWYM0205, GZNL2023A01005, WGZJ22-001, 2023B1515020042, GZNL2023A01008, 2023YFF1204902, 81973241","Research and Developmen Program of Guangzhou National Laboratory, Research and Developmen Program of Guangzhou National Laboratory, Overseas Experts Supporting Programs under National Research Platform, Natural Science Foundation of Guangdong Province, Research and Developmen Program of Guangzhou National Laboratory, National Key Research and Development Program of China, National Natural Science Foundation of China",0,NA-DB: An Online Database of Nucleoside Analogues.
38718922,2024-05-06,"Biocomputing Group, Dept. of Pharmacy and Biotechnology, University of Bologna, Italy.","Manfredi M, Savojardo C, Iardukhin G, Salomoni D, Costantini A, Martelli PL, Casadio R",,"European Commission, Ministero dell&apos;Istruzione dell&apos;Universita e della Ricerca",9,Alpha&ESMhFolds: A Web Server for Comparing AlphaFold2 and ESMFold Models of the Human Reference Proteome.
38157107,2023-12-20,"School of Life Sciences, State Key Laboratory of Oncology in South China, Cancer Center, Guangdong Provincial Clinical Research Center for Cancer, Sun Yat-sen University, Guangzhou, 510060, China.","Zhao Q, Zhou X, Wu J, Cai J, Bao X, Tang L, Wang C, Liu C, Wang Y, Teng Y, Zheng M, Mu W, Zuo Z, Xie Y, Luo X, Ren J",,,4,BioTreasury: a community-based repository enabling indexing and rating of bioinformatics tools.
39470721,2025-01-01,"School of Life Sciences, State Key Laboratory of Oncology in South China, Cancer Center, Collaborative Innovation Center for Cancer Medicine, Sun Yat-sen University, Guangzhou 510060, China.","Jiang S, Li H, Zhang L, Mu W, Zhang Y, Chen T, Wu J, Tang H, Zheng S, Liu Y, Wu Y, Luo X, Xie Y, Ren J","2024B1515040009, 2023YFC2705900, 32470709","Guangdong Province Excellent Youth Team Project, National Key Research and Development Program of China, National Natural Science Foundation of China",250,Generic Diagramming Platform (GDP): a comprehensive database of high-quality biomedical graphics.
39231258,2024-09-01,"College of Biological Sciences and Technology, Beijing Forestry University, Beijing 100083, China.","Xu Y, Ma Z, Wang Y, Zhang L, Ye J, Chen Y, Yuan Z, Yuan Z",,,0,CuPCA: a web server for pan-cancer association analysis of large-scale cuproptosis-related genes.
37462540,2023-07-01,"Olivia Newton-John Cancer Research Institute, Heidelberg, Victoria 3084, Australia.","Liao Y, Raghu D, Pal B, Mielke LA, Shi W","1185513, 2011558","Victorian Government Department of Health, Australian National Health and Medical Research Council, Australian National Health and Medical Research Council",9,cellCounts: an R function for quantifying 10x Chromium single-cell RNA sequencing data.
37953323,2024-01-01,"Fujian Key Laboratory of Precision Medicine for Cancer, the First Affiliated Hospital, Fujian Medical University, Fuzhou 350005, China.","Cao X, Zhou X, Hou F, Huang YE, Yuan M, Long M, Chen S, Lei W, Zhu J, Chen J, Zhang T, Guo AY, Jiang W","62172213, 61872183","National Natural Science Foundation of China, National Natural Science Foundation of China",21,ncRNADrug: a database for validated and predicted ncRNAs associated with drug resistance and targeted by drugs.
36412325,2022-11-01,"Vrije Universiteit Brussel (VUB), Center for Structural Biology, Pleinlaan 2, Building E-3, Brussels 1050, Belgium.","Valcek A, Collier J, Botzki A, Van der Henst C",,Vlaams Instituut voor Biotechnologie,8,Acinetobase: the comprehensive database and repository of Acinetobacter strains.
37843152,2024-01-01,"National Genomics Data Center & CAS Key Laboratory of Genome Sciences and Information, Beijing Institute of Genomics, Chinese Academy of Sciences and China National Center for Bioinformation, Beijing 100101, China.","Kang H, Huang T, Duan G, Meng Y, Chen X, He S, Xia Z, Zhou X, Chao J, Tang B, Wang Z, Zhu J, Du Z, Sun Y, Zhang S, Xiao J, Tian W, Wang W, Zhao W","32170678, XDB38050300, 2018YFD1000505, B21HJ0001, 32100511, CAS-WX2022SDC-XK05, 2018YFD1000500, 2018YFD1000505, 32100506","National Natural Science Foundation of China, Strategic Priority Research Program of the Chinese Academy of Sciences, National Key R&D Program of China, Developing Bioinformatics Platform in Hainan Yazhou Bay Seed Lab, National Natural Science Foundation of China, Genomics Data Center Operation and Maintenance of Chinese Academy of Sciences, National Key R&amp;D Program of China, National Key R&amp;D Program of China, National Natural Science Foundation of China",4,TCOD: an integrated resource for tropical crops.
35452518,2022-04-01,"Department of Bioinformatics and Genomics, The University of North Carolina at Charlotte, 9201 University City Boulevard, Charlotte, NC 28223, USA.","Ni P, Su Z",DBI-1661332,US National Science Foundation,5,PCRMS: a database of predicted cis-regulatory modules and constituent transcription factor binding sites in genomes.
34469540,2022-01-01,"DIANA-Lab, Dept. of Computer Science and Biomedical Informatics, Univ. of Thessaly, 35131 Lamia, Greece.","Kavakiotis I, Alexiou A, Tastsoglou S, Vlachos IS, Hatzigeorgiou AG",,"University of Thessaly, Stavros Niarchos Foundation",82,DIANA-miTED: a microRNA tissue expression database.
34669946,2022-01-01,"Yangtze Delta Region Institute (Quzhou), University of Electronic Science and Technology of China, Quzhou, China.","Cao C, Wang J, Kwok D, Cui F, Zhang Z, Zhao D, Li MJ, Zou Q","62102068, 2020D004, 61771331, 61922020","National Natural Science Foundation of China, Special Science Foundation of Quzhou, National Natural Science Foundation of China, National Natural Science Foundation of China",140,webTWAS: a resource for disease candidate susceptibility genes identified by transcriptome-wide association study.
34850127,2022-01-01,"The Arctic University Museum of Norway, UiT- The Arctic University of Norway, Tromsø, Norway.","Fromm B, Høye E, Domanska D, Zhong X, Aparicio-Puerta E, Ovchinnikov V, Umu SU, Chabot PJ, Chabot PJ, Kang W, Aslanzadeh M, Tarbier M, Mármol-Sánchez E, Urgese G, Johansen M, Hovig E, Hackenberg M, Friedländer MR, Peterson KJ","A-BIO-481-UGR18, 758397, AGL2017-88702-C2-2-R, 20_SG_BF, FEDER 18, 2018014","University of Granada, European Research Council, School of Life Sciences University of Nottingham, Spanish Government, Tromsø forskningsstiftelse, NASA Ames, National Science Foundation, University of Granada, Dartmouth College, Swedish Research Council, South-Eastern Norway Regional Health Authority",122,MirGeneDB 2.1: toward a complete sampling of all major animal phyla.
35788654,2022-07-01,"Department of Bioinformatics, College of Life Sciences, Zhejiang University, Hangzhou 310058, China.","Tan B, Xin S, Hu Y, Feng C, Chen M",32070677,National Natural Sciences Foundation of China,2,LBD: a manually curated database of experimentally validated lymphoma biomarkers.
39019041,2024-07-16,"Department of Neurology, Barrow Neurological Institute, Phoenix, AZ 85013, USA; Department of Translational Neuroscience, Barrow Neurological Institute, Phoenix, AZ 85013, USA; Department of Neurosurgery, Barrow Neurological Institute, Phoenix, AZ 85013, USA; Safar Center for Resuscitation-Research, University of Pittsburgh, Pittsburgh, PA 15224, USA; Department of Critical Care Medicine, University of Pittsburgh, Pittsburgh, PA 15213, USA. Electronic address: ruchira.jha@barrowneuro.org.","Jha RM, Rajasundaram D, Sneiderman C, Schlegel BT, O'Brien C, Xiong Z, Janesko-Feldman K, Trivedi R, Vagni V, Zusman BE, Catapano JS, Eberle A, Desai SM, Jadhav AP, Mihaljevic S, Miller M, Raikwar S, Rani A, Rulney J, Shahjouie S, Raphael I, Kumar A, Phuah CL, Winkler EA, Simon DW, Kochanek PM, Kohanbash G","S10 OD028483, R21 NS115173, R01 NS115815, R01 NS127372, R21 NS131689","NIH HHS, NINDS NIH HHS, NINDS, NINDS NIH HHS, NINDS NIH HHS, NIH, Barrow Neurological Foundation, Chuck Noll Foundation for Brain Injury Research, NINDS NIH HHS",29,A single-cell atlas deconstructs heterogeneity across multiple models in murine traumatic brain injury and identifies novel cell-specific targets.
39341494,2024-09-26,"School of Information Engineering, Yangzhou University, Yangzhou 225127, China; CAS Key Laboratory of Genome Sciences and Information, Beijing Institute of Genomics, Chinese Academy of Sciences, and China National Center for Bioinformation, Beijing 100101, China.","Sun L, Luan J, Wang J, Li X, Zhang W, Ji X, Liu L, Wang R, Xu B","2020YFA0803800, 32271226, 32200515","National Key Research and Development Program of China, University of Chinese Academy of Sciences, National Natural Science Foundation of China, National Natural Science Foundation of China, Fudan University",0,GEPREP: A comprehensive data atlas of RNA-seq-based gene expression profiles of exercise responses.
38680873,2024-04-15,"Peng Cheng Laboratory, Shenzhen, 518055, Guangdong Province, China.","Ren Z, Ren Y, Li Z, Xu H",,National Natural Science Foundation of China,4,TCMM: A unified database for traditional Chinese medicine modernization and therapeutic innovations.
34791419,2022-01-01,"West China Biomedical Big Data Center, West China Hospital, Sichuan University, Chengdu 610041, China.","Yang M, Lu H, Liu J, Wu S, Kim P, Zhou X","2019HXFH022, ZYJC18010, R01 GM123037, R35 GM138184","Clinical Research Incubation, disciplines of excellence, NIGMS NIH HHS, NIGMS NIH HHS",101,lncRNAfunc: a knowledgebase of lncRNA function in human cancer.
35141219,2022-01-24,"Precision Research Center for Refractory Diseases, Institute for Clinical Research, Shanghai General Hospital, Shanghai Jiao Tong University School of Medicine, Shanghai, China.","Liu T, Wu J, Wu Y, Hu W, Fang Z, Wang Z, Jiang C, Li S",,,19,LncPep: A Resource of Translational Evidences for lncRNAs.
39993325,2025-02-24,"Institute of Chemistry, University of Tartu, Tartu, Estonia.","Laasfeld T, Wunsch F, Apostolakou AE, García-Recio A, Pándy-Szekeres G, Filipek S, Niv MY, Selent J, Gloriam DE, Bermudez M","2022/45/B/NZ7/04246, PSG912, 1129/19, AC18/00030, PI18/00094","National Science Centre, Poland, Estonian Research Council, Ministry of Innovation, Science & Technology, Ministry of Agriculture, Joachim Herz Foundation, Israel Science Foundation, ERA-NET NEURON & Ministry of Economy, Industry, and Competitiveness, GFI Israel, Instituto de Salud Carlos III, European Union, Next Generation EU",1,A bio. tools collection of online resources for GPCR research.
39985446,2025-03-01,"Department Functional Genomics, Interfaculty Institute of Genetics and Functional Genomics, University Medicine Greifswald, Greifswald, MV 17475, Germany.","Michalik S, Hammer E, Steil L, Salazar MG, Hentschker C, Surmann K, Busch LM, Sura T, Völker U",,Computational Life Sciences,7,SpectroPipeR-a streamlining post Spectronaut® DIA-MS data analysis R package.
39700425,2024-12-01,"Department of Biochemistry and Biophysics, Stockholm University, Science for Life Laboratory, 171 21 Solna, Sweden.","Buzzao D, Steininger L, Guala D, Sonnhammer ELL",2019-04095,Swedish Research Council,0,The FunCoup Cytoscape App: multi-species network analysis and visualization.
37676599,2024-01-01,"Institut de Biotecnologia i de Biomedicina and Departament de Bioquímica i Biologia Molecular, Universitat Autònoma de Barcelona, Barcelona, Spain.","Pintado-Grima C, Bárcenas O, Ventura S",,,1,Expanding the Landscape of Amyloid Sequences with CARs-DB: A Database of Polar Amyloidogenic Peptides from Disordered Proteins.
38806182,2024-06-01,"Department of Dermatology, Medical University of Vienna, Vienna 1090, Austria.","Grentner A, Ragueneau E, Gong C, Prinz A, Gansberger S, Oyarzun I, Hermjakob H, Griss J","U24HG011851, U24 HG012198, U41HG003751, P35937, U01 CA239069, U54GM114833, U01CA239069, U24 HG011851, U41HG003751, U54 GM114833, U24HG012198","National Institutes of Health, European Bioinformatics Institute, NHGRI NIH HHS, NIH HHS, Austrian Science Fund FWF, NCI NIH HHS, National Institutes of Health, National Institutes of Health, NHGRI NIH HHS, National Institutes of Health, NIGMS NIH HHS, National Institutes of Health",8,ReactomeGSA: new features to simplify public data reuse.
37356898,2022-12-14,"Department of Biosciences and Bioengineering, Indian Institute of Technology Guwahati, Guwahati 781039, Assam, India.","Tomar TS, Dasgupta P, Kanaujia SP",,"Indian Institute of Technology Guwahati, Ministry of Education, India",5,Operon Finder: A Deep Learning-based Web Server for Accurate Prediction of Prokaryotic Operons.
38685101,2024-04-29,"State Key Laboratory of NBC Protection for Civilian, Beijing, People's Republic of China.","Yang Z, Huang T, Pan L, Wang J, Wang L, Ding J, Xiao J",,,5,QuanDB: a quantum chemical property database towards enhancing 3D molecular representation learning.
38832633,2024-07-01,"State Key Laboratory of Green Pesticide, Key Laboratory of Green Pesticide and Agricultural Bioengineering, Ministry of Education, Center for Research and Development of Fine Chemicals, Guizhou University, Guiyang 550025, P. R. China.","Chen D, Liu Y, Liu Y, Zhao K, Zhang T, Gao Y, Wang Q, Song B, Hao G","32125033, D20023, 111Program, Qiankehezhongyindi (2023)001","National Natural Science Foundation of China, Program of Introducing Talents of Discipline to Universities of China, Program of Introducing Talents of Discipline to Universities of China, Central Government Guides Local Science and Technology Development Fund Projects",5,ChemFREE: a one-stop comprehensive platform for ecological and environmental risk evaluation of chemicals in one health world.
35639733,2022-07-01,"Institute of Parasitology, McGill University, Quebec, Canada.","Zhou G, Pang Z, Lu Y, Ewald J, Xia J",,"Genome Canada, Genome Quebec, Canada Research Chairs, Natural Sciences and Engineering Research Council of Canada",109,OmicsNet 2.0: a web-based platform for multi-omics integration and network visual analytics.
38557635,2024-04-01,"College of Life Sciences, University of Chinese Academy of Sciences, Beijing 100049, China.","Zhou W, Yang T, Zeng L, Chen J, Wang Y, Guo X, You L, Liu Y, Du W, Yang F, Hua C, Cai J, van Hintum T, Liu H, Gu Y, Wei X, Wei T",,"CNGB, Circular and Climate Neutral, funded by the Dutch Ministry of Agriculture, Nature and Food Quality, Guangdong Genomics Data Center, Shenzhen Engineering laboratory, Guangdong Provincial Key Laboratory, Ministry of Agriculture, National Key Research and Development Program of China, Key Laboratory of Genomics",3,LettuceDB: an integrated multi-omics database for cultivated lettuce.
38835776,2024-05-21,"Department of Clinical Cancer Prevention, The University of Texas MD Anderson Cancer Center, Houston, TX, United States.","Deng N, Sinha KM, Vilar E","R01 CA122959, R01 CA257375, U01 CA233056, R01 CA257559, R01 CA260761, P30 CA016672, P50 CA221707","NCI NIH HHS, NCI NIH HHS, NCI NIH HHS, NCI NIH HHS, NCI NIH HHS, NCI NIH HHS, NCI NIH HHS",1,MONET: a database for prediction of neoantigens derived from microsatellite loci.
39582892,2024-11-05,"Research Center, The Affiliated Brain Hospital, Guangzhou Medical University, Guangzhou 510370, China.","Zhou N, Peng L, Zhang Z, Luo Q, Sun H, Bao J, Ning Y, Yuan X",,,1,ECGA: A web server to explore and analyze extrachromosomal gene in cancer.
38747440,2024-06-01,"Department of Pharmaceutical Chemistry, Chemistry & Chemical Biology Program and the Institute for Neurodegenerative Diseases, University of California San Francisco, San Francisco, California, USA.","Wu T, Gale-Day ZJ, Gestwicki JE","GM141299, AR081704, R21 EY035366, GM141299, R01 GM141299, 1000259744, AR081704, T32 GM145460","NIH HHS, National Institutes of Health, NEI NIH HHS, National Institutes of Health, NIGMS NIH HHS, National Science Foundation, NIH HHS, NIGMS NIH HHS",21,DSFworld: A flexible and precise tool to analyze differential scanning fluorimetry data.
36477791,2023-01-01,"The First Affiliated Hospital, Department of Cardiology, Hengyang Medical School, University of South China, Hengyang 421001, China.","Zhao J, Qian F, Li X, Yu Z, Zhu J, Yu R, Zhao Y, Ding K, Li Y, Yang Y, Pan Q, Chen J, Song C, Wang Q, Zhang J, Wang G, Li C","62171166, 62225109, 62272212, 62072095","National Natural Science Foundation of China, National Natural Science Foundation of China, National Natural Science Foundation of China, National Natural Science Foundation of China",3,CanMethdb: a database for genome-wide DNA methylation annotation in cancers.
34571541,2022-01-01,"Laboratory of Structural Bioinformatics, Centre of New Technologies, University of Warsaw, 02-097 Warsaw, Poland.","Kamiński K, Ludwiczak J, Jasiński M, Bukala A, Madaj R, Szczepaniak K, Dunin-Horkawicz S","POIR.04.04.00-00-5CF1/18-00, 2017/27/N/NZ1/00716","European Regional Development Fund, Polish National Science Centre",20,Rossmann-toolbox: a deep learning-based protocol for the prediction and design of cofactor specificity in Rossmann fold proteins.
35368340,2022-03-29,"Department of Complex Systems, Rzeszow University of Technology, Rzeszow, Subcarpathian, Poland.","Czmil A, Wronski M, Czmil S, Sochacka-Pietal M, Cmil M, Gawor J, Wołkowicz T, Plewczynski D, Strzalka D, Pietal M","05/PRZ/1/DG/PCI/2019, 2019/35/O/ST6/02484, 2018/02/X/NZ2/00622","Subcarpathian Center of Innovation, Polish National Science Centre, Oxford Nanopore technology: optimization of enzymes and analysis of genomic data for commercial applications, National Science Center, Identification of structural variants in the human genome using long fragments from next generation sequencing, based on Oxford Nanopore technology, Foundation for Polish Science co-financed by the European Union under the European Regional Development Fund, Three-dimensional Human Genome structure at the population scale: computational algorithm and experimental validation for lymphoblastoid cell lines of selected families from 1000 Genomes Project",10,"NanoForms: an integrated server for processing, analysis and assembly of raw sequencing data of microbial genomes, from Oxford Nanopore technology."
35659285,2022-06-04,"Boston University School of Public Health, 715 Albany Street, MB, 02118, Boston, USA. skinnera@bu.edu.","Skinner A, Flannery K, Nocka K, Bor J, Dean LT, Jay J, Lipson SK, Cole MB, Benfer EA, Scheckman R, Raderman W, Jones DK, Raifman J","K01 MH116817, R25 MH083620","NIMH NIH HHS, NIMH NIH HHS",18,A database of US state policies to mitigate COVID-19 and its economic consequences.
36170113,2022-09-01,"Institute of Biomedical Sciences, Academia Sinica, Taipei 115, Taiwan, R.O.C.","Tung KF, Lin WC",109-2311-B-001-013-MY3,"Academia Sinica, National Science and Technology Council",2,TEx-MST: tissue expression profiles of MANE select transcripts.
36367311,2022-11-01,"School of Biotechnology and Biomolecular Sciences, University of New South Wales, New South Wales 2052, Australia.","Kaur S, Payne M, Luo L, Octavia S, Tanaka MM, Sintchenko V, Lan R","1129713, 211806","National Health and Medical Research Council, National Health and Medical Research Council",9,MGTdb: a web service and database for studying the global and local genomic epidemiology of bacterial pathogens.
35263335,2022-03-09,"Division of Infectious Diseases, Stanford University School of Medicine, Stanford, CA, United States of America.","Tzou PL, Tao K, Pond SLK, Shafer RW","1R24AI136618, R24 AI136618","National Institute of Allergy and Infectious Diseases, NIAID NIH HHS",100,"Coronavirus Resistance Database (CoV-RDB): SARS-CoV-2 susceptibility to monoclonal antibodies, convalescent plasma, and plasma from vaccinated persons."
39977983,2025-02-14,"Guangdong Key Laboratory of Food Intelligent Manufacturing, Foshan University, Foshan 528000, China; School of Food Science and Engineering, Foshan University, Foshan 528000, China.","Zhao HY, Xu SM, Xie SN, Ye WL, Li J, Wang LH, Cao SL, Cheng JH, Zeng XA, Ma J",,Ministry of Science and Technology of the People&apos;s Republic of China,0,Atomevo-odor: A database for understanding olfactory receptor-odorant pairs with multi-artificial intelligence methods.
38860632,2024-06-11,"Centre for Ecology and Conservation, University of Exeter, Penryn, Cornwall, UK.","Langley LP, Lang SDJ, Ozsanlav-Harris L, Trevail AM","821959, NE/H5081500","Fondation Bertarelli, Natural Environment Research Council",4,ExMove: An open-source toolkit for processing and exploring animal-tracking data in R.
36719094,2023-03-01,"School of Pharmacy, Second Military Medical University, Shanghai, 200433, China.","Tian S, Zhang J, Yuan S, Wang Q, Lv C, Wang J, Fang J, Fu L, Yang J, Zu X, Zhao J, Zhang W","ZYYCXTD-D-202004, 2022YFC3502000, 82004003, 20YF1459000, 82004215, 82141203, 2021YFE0200900, ZY(2021-2023)-0401, 20204Y0326","Innovation Team and Talents Cultivation Program of National Administration of Traditional Chinese Medicine, National Key Research and Development Program of China, National Natural Science Foundation of China, Sailing Program of Naval Medical University, Shanghai Sailing Program, National Natural Science Foundation of China, National Natural Science Foundation of China, National Key Research and Development Program of China, Three-year Action Plan for Shanghai TCM Development and Inheritance Program, Shanghai Frontiers Science Center of TCM Chemical Biology, Shanghai Municipal Health Commission Project",63,Exploring pharmacological active ingredients of traditional Chinese medicine by pharmacotranscriptomic map in ITCM.
38686803,2024-07-01,"Molecular Modeling Group, SIB Swiss Institute of Bioinformatics, CH-1015 Lausanne, Switzerland.","Bugnon M, Röhrig UF, Goullieux M, Perez MAS, Daina A, Michielin O, Zoete V",,SIB,181,SwissDock 2024: major enhancements for small-molecule docking with Attracting Cavities and AutoDock Vina.
35690280,2022-06-08,"Shanghai YangZhi Rehabilitation Hospital (Shanghai Sunshine Rehabilitation Center), School of Medicine, Tongji University, Shanghai, China.","Zhao L, Ning Q, Zheng G, Luo J, Dong D","D2019027, 20KJA320007, TD202008","Xuzhou Medical University, Natural Science Foundation of Jiangsu Province, Natural Science Foundation of Jiangsu Province",5,exRNAdisease: An extracellular RNA transcriptome atlas in human diseases.
38783339,2024-07-01,"Department of Biological Sciences, University of Pittsburgh, Pittsburgh, PA, USA.","Kochnev Y, Ahmed M, Maldonado AM, Durrant JD","R01 GM132353, R01GM132353, R01GM132353","NIGMS NIH HHS, NIH HHS, National Institutes of Health",11,MolModa: accessible and secure molecular docking in a web browser.
35908389,2022-07-14,"University of North Texas Health Science Center, 3500 Camp Bowie Blvd, Fort Worth, TX 76107, USA; People and Communities Program, Natural Resources Defense Council, 111 Sutter Street, Floor 21, San Francisco, CA, USA. Electronic address: kpelch@nrdc.org.","Pelch KE, Reade A, Kwiatkowski CF, Merced-Nieves FM, Cavalier H, Schultz K, Wolffe T, Varshavsky J","P30 ES025128, T32 HD049311, R00 ES023846, T32 HS026120, P01 ES022841","NIEHS NIH HHS, NICHD NIH HHS, NIEHS NIH HHS, AHRQ HHS, NIEHS NIH HHS",52,The PFAS-Tox Database: A systematic evidence map of health studies on 29 per- and polyfluoroalkyl substances.
38658835,2024-04-24,"Department of Bioinformatics and Biostatistics, School of Life Sciences and Biotechnology, Shanghai Jiao Tong University, 800 Dongchuan Road, Shanghai, 200240, China.","Liu M, Zhang F, Lu H, Xue H, Dong X, Li Z, Xu J, Wang W, Wei C","20ZR1428200, B23CJ0208, YBXM, 2022ZD0401703, 32170643, SQ2023YFF1000094","Natural Science Foundation of Shanghai Municipality, the Hainan Yazhou Bay Seed Lab Project, Innovation Program of Chinese Academy of Agriculctural Sciences, Institute of Crop Sciences, Chinese Academy of Agricultural Sciences, Scientific Innovation 2030 Program, National Natural Science Foundation of China, National Key Research and Development Program of China, Nanfan special project, Alibaba Foundation",2,PPanG: a precision pangenome browser enabling nucleotide-level analysis of genomic variations in individual genomes and their graph-based pangenome.
40106419,2025-05-01,"State Key Laboratory of Membrane Biology, Institute of Zoology, Chinese Academy of Sciences, Beijing 100101, China.","Kang Z, Zhu T, Zou D, Liu M, Zhang Y, Wang L, Zhang Z, Liu F",,,1,HemAtlas: A Multi-omics Hematopoiesis Database.
40860433,2025-05-25,"National Local Joint Engineering Research Center for Precision Surgery & Regenerative Medicine, Shaanxi Provincial Center for Regenerative Medicine and Surgical Engineering The First Affiliated Hospital of Xi'an Jiaotong University, Xi'an Jiaotong University Xi'an China.","Dai X, Wang M, Liu Y",,,0,A Hiplot-based web service for cold atmospheric plasma high-throughput data integration and analysis on breast cancer.
35580059,2022-07-01,"Interfaculty Institute of Microbiology and Infection Medicine Tübingen (IMIT), University of Tübingen, Auf der Morgenstelle 28, 72076 Tübingen, Germany.","Mungan MD, Harbig TA, Perez NH, Edenhart S, Stegmann E, Nieselt K, Ziemert N","TRR261, DZIF TTU09.716, 031 A535A, 390838134, INST 37/935-1 FUGG","German Research Foundation, German Center for Infection Research, Zentrum für Datenverarbeitung of the University of Tübingen, Federal Ministry of Education and Research, Germany’s Excellence Strategy, German Research Foundation",9,"Secondary Metabolite Transcriptomic Pipeline (SeMa-Trap), an expression-based exploration tool for increased secondary metabolite production in bacteria."
34893873,2022-01-01,"Laboratory of Bioinformatics and Protein Engineering, International Institute of Molecular and Cell Biology in Warsaw, ul. Ks. Trojdena 4, PL-02-109 Warsaw, Poland.","Boccaletto P, Stefaniak F, Ray A, Cappannini A, Mukherjee S, Purta E, Kurkowska M, Shirvanizadeh N, Destefanis E, Groza P, Avşar G, Romitelli A, Pir P, Dassi E, Conticello SG, Aguilo F, Bujnicki JM","190337, 2020/37/B/NZ2/02456, CA16120, PPN/SEL/2020/1/00003/U/00001, 956810, H2020-MSCA-ITN-2020, AMP 21-1030","Cancerfonden, Polish National Science Center, Knut and Alice Wallenberg Foundation, European Commission, Polish National Agency for Academic Exchange, IIMCB, European Commission, European Commission, Cancer Research Foundation in Northern Sweden",576,MODOMICS: a database of RNA modification pathways. 2021 update.
34591960,2022-01-01,"State Key Laboratory of Membrane Biology, Institute of Zoology, Chinese Academy of Sciences, Beijing 100101, China.","Kang W, Jin T, Zhang T, Ma S, Yan H, Liu Z, Ji Z, Cai Y, Wang S, Song M, Ren J, Hu B, Zhou Q, Zhang W, Qu J, Bao Y, Liu GH",,,20,Regeneration Roadmap: database resources for regenerative biology.
35609987,2022-07-01,"Centre of New Technologies, University of Warsaw, Banacha 2c, Warsaw, Poland.","Niemyska W, Rubach P, Gren BA, Nguyen ML, Garstka W, Bruno da Silva F, Rawdon EJ, Sulkowska JI","UMO-2018/31/B/NZ1/04016, 1720342, 2057","National Science Centre, National Science Foundation, European Biology Organization",20,AlphaKnot: server to analyze entanglement in structures predicted by AlphaFold methods.
34551435,2022-01-01,"School of Computer Science and Information Security, Guilin University of Electronic Technology, Guilin 541004, China.","Dai W, Li J, Li Q, Cai J, Su J, Stubenrauch C, Wang J","LR19C060001, WIBEZD2017009-05","Zhejiang Provincial Natural Science Foundation of China, Chinese Academy of Sciences",6,PncsHub: a platform for annotating and analyzing non-classically secreted proteins in Gram-positive bacteria.
39731018,2024-12-27,"Institute of Biochemistry and Biophysics, Polish Academy of Sciences, Warsaw, 02-106, Poland. joannazl@ibb.waw.pl.","Ziemska-Legiecka J, Jarnot P, Szymańska S, Błaszczyk D, Staśczak A, Langer-Macioł H, Lucińska K, Widzisz K, Janas A, Słowik H, Śliwińska W, Gruca A, Grynberg M","2020/39/B/ST6/03447, SBM - 08/07/2021","Narodowym Centrum Nauki, IBB PAS minigrant",1,LCRAnnotationsDB: a database of low complexity regions functional and structural annotations.
35148171,2022-02-01,"Marie-Josée and Henry R. Kravis Center for Molecular Oncology, Memorial Sloan Kettering Cancer Center, New York, NY.","de Bruijn I, Li X, Sumer SO, Gross B, Sheridan R, Ochoa A, Wilson M, Wang A, Zhang H, Lisman A, Abeshouse A, Zhang E, Thum A, Sadagopan A, Heins Z, Kandoth C, Rodenburg S, Tan S, Lukasse P, van Hagen S, Fijneman RJA, Meijer GA, Schultz N, Gao J",P30 CA008748,NCI NIH HHS,8,Genome Nexus: A Comprehensive Resource for the Annotation and Interpretation of Genomic Variants in Cancer.
34850110,2022-01-01,"R&D Digital Technologies Department, Bayer AG, Berlin 13353, Germany.","Kamburov A, Herwig R","161L0242A, 811034","Federal Ministry of Education and Research, European Commission Horizon 2020 Framework Programme, Max Planck Society",63,ConsensusPathDB 2022: molecular interactions update as a resource for network biology.
35013825,2022-01-10,"Nowinski Brain Foundation, Warsaw West County, P.O. Box 56, 05-092, Lomianki, Poland. info@nowinbrain.org.",Nowinski WL,,,7,"NOWinBRAIN: a Large, Systematic, and Extendable Repository of 3D Reconstructed Images of a Living Human Brain Cum Head and Neck."
34669962,2022-01-01,"State Key Laboratory of Proteomics, Beijing Proteome Research Center, National Center for Protein Sciences (Beijing), Beijing Institute of Lifeomics, Beijing 102206, China.","Wang X, Li Y, He M, Kong X, Jiang P, Liu X, Diao L, Zhang X, Li H, Ling X, Xia S, Liu Z, Liu Y, Cui CP, Wang Y, Tang L, Zhang L, He F, Li D","2020YFE0202200, 32088101, 31871341","Beijing Talents Foundation, National Key Research and Development Program of China, National Natural Science Foundation of China, National Natural Science Foundation of China",130,UbiBrowser 2.0: a comprehensive resource for proteome-wide known and predicted ubiquitin ligase/deubiquitinase-substrate interactions in eukaryotic species.
29973294,2018-07-04,"Department of Translational Research in Psychiatry, Max Planck Institute of Psychiatry, Kraepelinstr. 2-10, 80804, Munich, Germany.","Roeh S, Wiechmann T, Sauer S, Ködel M, Binder EB, Provençal N","Fellowship, FKZ 01KR1301B, 281338, Fellowship","Canadian Institutes of Health Research, Bundesministerium für Bildung und Forschung, European Research Council, CIHR",24,HAM-TBS: high-accuracy methylation measurements via targeted bisulfite sequencing.
40073641,2025-03-07,"Department of Chemistry, University of Memphis, Memphis, TN, 38152, USA. Electronic address: bldrdge1@memphis.edu.","Eldridge BK, Baker DTA, Wang Y",,,0,PolyCrit: An Online Collaborative Platform for Polymer Characterization.
39935019,2025-03-01,"Department of Applied Sciences, Indian Institute of Information Technology, Allahabad (IIIT-A), Prayagraj, Uttar Pradesh, India.","Mondal RK, Tripathi P, Mondal RP, Sen D, Arya A, Karmakar D, Pal O, Dey A, Samanta SK",,,0,IAMPDB: A Knowledgebase of Manually Curated Insects-Derived Antimicrobial Peptides.
39427574,2024-10-16,"Department of Chemistry, Faculty of Science, University of British Columbia, Vancouver Campus, 2036 Main Mall, Vancouver V6T 1Z1, BC, Canada.","Chen Y, Wang Y, Hidalgo Delgado D, Yu H, Zhao T, Fang M, Huan T",,"Natural Sciences and Engineering Research Council of Canada, Canada Foundation for Innovation, The University of British Columbia",0,Constructing HairDB to facilitate exposome research using human hair.
38868513,2023-12-04,"Medical Research Institute, Guangdong Provincial People's Hospital (Guangdong Academy of Medical Sciences) Southern Medical University Guangzhou China.","Zhang X, Li M, Ye S, Shen K, Yuan H, Bakhtyar S, Peng Q, Liu Y, Wang Y, Li M, Zhang C, Wang Y, Bai X, Liu S, Zhao K, Shen B, Repsilber D, Hu G, Zhang H, Sun XF",,,4,CBD2: A functional biomarker database for colorectal cancer.
36988160,2023-05-01,"National Institute of Immunology, Aruna Asaf Ali Marg, New Delhi 110067, India.","Khanduja A, Kumar M, Mohanty D","3191, BT/PR40325/BTIS/137/1/2020, MeitY/R&amp;D/HPC/2(1)/2014/","National Institute of Immunology, Department of Biotechnology, Government of India, National Supercomputing Mission, MeiTY, India, Department of Biotechnology, National Supercomputing Mission, MeiTY, India, Senior Research Fellowship from CSIR, India",7,ProsmORF-pred: a machine learning-based method for the identification of small ORFs in prokaryotic genomes.
38954836,2024-07-01,"Research and Development Department, Coyote Bioscience (Beijing) Co., Ltd., Building 22, Zone 3, Gaolizhang Road, Haidian District, Beijing, 10095, China.","Zhang Z, Ren J, Ren L, Zhang L, Ai Q, Long H, Ren Y, Yang K, Feng H, Li S, Li X",2022YFC2602400,National key research and development program of China,0,MiPRIME: an integrated and intelligent platform for mining primer and probe sequences of microbial species.
36409390,2022-11-18,"Department of Biology, School of Life Sciences, Southern University of Science and Technology, Shenzhen, 518055, China.","Zhang H, Jia J, Zhai J",,,9,"Plant Intron-Splicing Efficiency Database (PISE): exploring splicing of ∼1,650,000 introns in Arabidopsis, maize, rice, and soybean from ∼57,000 public RNA-seq libraries."
35266505,2022-04-01,"Computer Science Department, IBISC, Université Paris-Saclay (Univ. Évry), Évry-Courcouronnes 91020, France.","Bourgeais V, Zehraoui F, Hanczar B",,,8,GraphGONet: a self-explaining neural network encapsulating the Gene Ontology graph for phenotype prediction on gene expression.
40123802,2025-02-27,"College of Computer Science and Engineering, Guilin University of Technology, Guilin, China.","Shi K, He Q, Zhao P, Li L, Liu Q, Wu Z, Wang Y, Dong H, Yu J","62162019, YCSW2024357, ZY22096025","National Natural Science Foundation of China, Guangxi Innovation-Driven Development Project, Scientific Research and Technology Development Program of Guangxi, Guangxi Key Laboratory of Embedded Technology and Intelligent System",1,BGMDB: A curated database linking gut microbiota dysbiosis to brain disorders.
39932005,2025-03-01,"Division of Oncology and Center for Childhood Cancer Research, Children's Hospital of Philadelphia, Philadelphia, PA 19104, United States.","Shraim R, Mooney B, Conkrite KL, Hamilton AK, Morin GB, Sorensen PH, Maris JM, Diskin SJ, Sacan A","U54-CA232568, R01-CA237562, U54-CA232568, R35-CA220500, R35 CA220500","National Institutes of Health, National Institutes of Health, NIH HHS, National Institutes of Health, NCI NIH HHS",1,ImmunoTar-integrative prioritization of cell surface targets for cancer immunotherapy.
37851409,2023-11-01,"European Molecular Biology Laboratory, Genome Biology Unit, Heidelberg, Germany.","Weber T, Cosenza MR, Korbel J","336045, 773026","European Research Council, European Research Council",4,MosaiCatcher v2: a single-cell structural variations detection and analysis reference framework based on Strand-seq.
40996715,2025-01-01,"Department of Agricultural Sciences, University of Naples Federico II, piazza Carlo di Borbone 1, 80055 Portici, Napoli, Italy.","Fruggiero I, Maisto A, Passaro S, Gentile D, Nunziata A, D'Agostino N",,"Italian Ministry of Agriculture, Italy-Rural Development Programme",0,"A new database of chestnut DNA fingerprints for genetic diversity assessment, precise varietal identification, and traceability."
39530242,2025-01-01,"Fang Zongxi Center for Marine Evo-Devo & MOE Key Laboratory of Marine Genetics and Breeding, College of Marine Life Sciences, Ocean University of China, Qingdao 266003, China.","Liu F, Cai B, Lian S, Chang X, Chen D, Pu Z, Bao L, Wang J, Lv J, Zheng H, Bao Z, Zhang L, Wang S, Li Y","GML20220018, LSKJ202202804, LSKJ202202804, 2022YFD2400301, 32222085, 842341005, 32130107, 2022YFD2400301, GML20220018, 2021ZLGX03","Southern Marine Science and Engineering Guangdong Laboratory (Guangzhou), Science &amp; Technology Innovation Project of Laoshan Laboratory, Science & Technology Innovation Project of Laoshan Laboratory, National Key R&D Program of China, National Natural Science Foundation of China, Fundamental Research Funds for the Central Universities, Taishan Scholar Project of Shandong Province, National Natural Science Foundation of China, National Key R&amp;D Program of China, Southern Marine Science and Engineering Guangdong Laboratory, Key Research and Development Program of Shandong Province",7,MolluscDB 2.0: a comprehensive functional and evolutionary genomics database for over 1400 molluscan species.
35524573,2022-07-01,"Exploratory Diagnostic Sciences, Berliner Institut für Gesundheitsforschung, Berlin 10117, Germany.","Steinhaus R, Proft S, Seelow E, Schalau T, Robinson PN, Seelow D","RM1 HG010860, TP09, RM1HG010860, FOR2841 TP05, R24 OD011883","NHGRI NIH HHS, Deutsche Forschungsgemeinschaft, NIH NHGRI, Deutsche Forschungsgemeinschaft, NIH HHS",9,Deep phenotyping: symptom annotation made simple with SAMS.
38262680,2024-05-01,"Department of Biological Sciences, Carnegie Mellon University, Pittsburgh, PA 15213, USA.","Telmer CA, Karimi K, Chess MM, Agalakov S, Arshinoff BI, Lotay V, Wang DZ, Chu S, Pells TJ, Vize PD, Hinman VF, Ettensohn CA","P41 HD095831, P41 HD095831","NICHD, NICHD NIH HHS",24,Echinobase: a resource to support the echinoderm research community.
39155985,2024-08-02,"Department of Plants, Soils, and Climate, College of Agriculture and Applied Sciences, Logan, UT, United States.","Kataria R, Duhan N, Kaundal R",,,0,Navigating the human-monkeypox virus interactome: HuPoxNET atlas reveals functional insights.
36177882,2023-01-01,"Guangdong Provincial Key Laboratory of Malignant Tumor Epigenetics and Gene Regulation, Guangdong-Hong Kong Joint Laboratory for RNA Medicine, Sun Yat-Sen Memorial Hospital, Sun Yat-Sen University, Guangzhou 510120, China.","Deng J, Shi Y, Peng X, He Y, Chen X, Li M, Lin X, Liao W, Huang Y, Jiang T, Lilley DMJ, Miao Z, Huang L","2020B1212060018, 2021YFF1200903, 32171191, A18604, 11722, 2022A1515010328, 2020B1212030004, 2021YFF1200900, 32270707, 18604","Guangdong Science and Technology Department, National Key Research and Development Program of China, National Natural Science Foundation of China, Cancer Research UK, Cancer Research UK, Guangdong Science and Technology Department, Guangdong Science and Technology Department, National Key Research and Development Program of China, National Natural Science Foundation of China, Guangzhou Laboratory, Cancer Research UK",23,Ribocentre: a database of ribozymes.
38585015,2024-01-10,"School of Life Sciences/Library, North China University of Science and Technology, Tangshan, Hebei 063210, China.","Wu T, Liu Z, Yu T, Zhou R, Yang Q, Cao R, Nie F, Ma X, Bai Y, Song X",,,16,"Flowering genes identification, network analysis, and database construction for 837 plants."
35264663,2022-03-09,"Computational Biology Research Lab, Department of Computer Science, National University of Computer & Emerging Sciences (NUCES-FAST), Islamabad, 44800, Pakistan.","Kamran AB, Naveed H",,,7,GOntoSim: a semantic similarity measure based on LCA and common descendants.
38646468,2024-03-30,"NovaMechanics MIKE, Piraeus 18545, Greece.","Varsou DD, Kolokathis PD, Antoniou M, Sidiropoulos NK, Tsoumanis A, Papadiamantis AG, Melagraki G, Lynch I, Afantitis A",,"H2020, Horizon Europe",11,In silico assessment of nanoparticle toxicity powered by the Enalos Cloud Platform: Integrating automated machine learning and synthetic data for enhanced nanosafety evaluation.
36201535,2022-10-06,"Novo Nordisk Foundation Center for Protein Research, University of Copenhagen, Denmark.","Locard-Paulet M, Palasca O, Jensen LJ","PI Lars Juhl Jensen, NNF14CC0001","Novo Nordisk Foundation Center for Protein Research, Novo Nordisk Fonden",29,Identifying the genes impacted by cell proliferation in proteomics and transcriptomics studies.
35839778,2022-07-14,"Wellcome Sanger Institute, Wellcome Genome Campus, Cambridge CB10 1SA, UK; Instituto Superior Técnico (IST), Universidade de Lisboa, 1049-001 Lisboa, Portugal; INESC-ID, 1000-029 Lisboa, Portugal.","Gonçalves E, Poulos RC, Cai Z, Barthorpe S, Manda SS, Lucas N, Beck A, Bucio-Noble D, Dausmann M, Hall C, Hecker M, Koh J, Lightfoot H, Mahboob S, Mali I, Morris J, Richardson L, Seneviratne AJ, Shepherd R, Sykes E, Thomas F, Valentini S, Williams SG, Wu Y, Xavier D, MacKenzie KL, Hains PG, Tully B, Robinson PJ, Zhong Q, Garnett MJ, Reddel RR",206194,"Wellcome Trust, Wellcome Trust",138,Pan-cancer proteomic map of 949 human cell lines.
40035691,2025-03-04,"Department of Grain Science and Industry, Kansas State University, Manhattan, Kansas 66506, United States.","Du Z, Fu W, Guo X, Caragea D, Li Y",2419880,"National Science Foundation, Plant Protein Innovation Center",1,FusionESP: Improved Enzyme-Substrate Pair Prediction by Fusing Protein and Chemical Knowledge.
39591252,2024-11-18,"Toxicology Research Center, Medical Basic Sciences Research Institute, Ahvaz Jundishapur University of Medical Sciences, Ahvaz 61357-15794, Iran.","Baradaran M, Salabi F, Mahdavinia M, Mohammadi E, Vazirianzadeh B, Avella I, Kazemi SM, Lüddecke T",TRC-0113,Ahvaz Jundishapur University of Medical Sciences,5,ScorpDb: A Novel Open-Access Database for Integrative Scorpion Toxinology.
39470730,2025-01-01,"Translational Genome Mining for Natural Products, Interfaculty Institute of Microbiology and Infection Medicine Tübingen (IMIT), Interfaculty Institute for Biomedical Informatics (IBMI), University of Tübingen, Auf der Morgenstelle 28, 72076 Tübingen, Germany.","Bağcı C, Nuhamunada M, Goyat H, Ladanyi C, Sehnal L, Blin K, Kautsar SA, Tagirdzhanov A, Gurevich A, Mantri S, von Mering C, Udwary D, Medema MH, Weber T, Ziemert N","NNF20SA0035588, 161L0284C, 161L0284C, NNF20CC0035580, Natural Products, 101064285, TTU09.716, 101064285, DE-AC02-05CH11231, TTU09.716","Saarland University, Novo Nordisk Foundation, Federal Ministry of Research and Education, Federal Ministry of Research and Education (BMBF), Novo Nordisk Foundation, NNF Center for Biosustainability, Office of Science, Horizon Europe—Research and Innovation Framework Programme, German Centre for Infection Research (DZIF), National Agri-Food Biotechnology Institute, Horizon Europe-Research and Innovation Framework Programme, Department of Energy, German Centre for Infection Research",17,BGC Atlas: a web resource for exploring the global chemical diversity encoded in bacterial genomes.
36707995,2023-02-01,"Department of Computer Science and Engineering, University of Minnesota, Minneapolis, MN 55455, USA.","Chang D, Gupta VK, Hur B, Cunningham KY, Sung J","UL1TR002494, UL1 TR002377, UL1 TR002494, UL1TR002377","National Institutes of Health, NCATS NIH HHS, NCATS NIH HHS, National Institutes of Health",4,GMWI-webtool: a user-friendly browser application for assessing health through metagenomic gut microbiome profiling.
36453866,2023-01-01,"Vrije Universiteit Brussel (VUB), Universitair Ziekenhuis Brussel (UZ Brussel), Clinical Sciences, Research Group Reproduction and Genetics, Centre for Medical Genetics, Brussels 1090, Belgium.","Vo Ngoc LDT, Osei R, Dohr K, Olsen C, Seneca S, Gheldof A",,"Universitair Ziekenhuis Brussel, Wetenschappelijk Fonds Willy Gepts",0,EDIR: exome database of interspersed repeats.
35641682,2022-05-31,"School of Nursing, Peking University Health Science Center, Room 510, 38 Xueyuan Road, Haidian District, Beijing, 100191, China.","Gong B, Li N, Li Q, Yan X, Chen J, Li L, Wu X, Wu C",7202086,"Excellent Doctoral Innovation Fund of Peking University Health Science Center, Beijing Natural Science Foundation",7,The Mandarin Chinese auditory emotions stimulus database: A validated set of Chinese pseudo-sentences.
36539202,2023-01-01,"Department of Plant Biotechnology and Bioinformatics, Ghent University, 9052 Ghent, Belgium.","Almeida-Silva F, Zhao T, Ullrich KK, Schranz ME, Van de Peer Y","833522, 833522, 833522","European Research Council, European Union’s Horizon 2020 Research and Innovation Program, European Union's Horizon 2020 Research and Innovation Program",11,syntenet: an R/Bioconductor package for the inference and analysis of synteny networks.
37986218,2024-01-01,"Signalling Research Centres BIOSS and CIBSS, University of Freiburg, Schänzlestr. 18, 79104, Freiburg, Germany.","Icking LS, Riedlberger AM, Krause F, Widder J, Frederiksen AS, Stockert F, Spädt M, Edel N, Armbruster D, Forlani G, Franchini S, Kaas P, Kırpat Konak BM, Krier F, Lefebvre M, Mazraeh D, Ranniger J, Gerstenecker J, Gescher P, Voigt K, Salavei P, Gensch N, Di Ventura B, Öztürk MA","101002044, 390939984, 390939984, EXC2189","European Research Council, Centre for Integrative Biological Signalling Studies, Project ID, CIBSS–Centre for Integrative Biological Signalling Studies, Deutsche Forschungsgemeinschaft",21,iNClusive: a database collecting useful information on non-canonical amino acids and their incorporation into proteins for easier genetic code expansion implementation.
36408909,2023-01-01,"MOE Key Laboratory of Gene Function and Regulation, State Key Laboratory of Biocontrol, School of Life Sciences, Sun Yat-sen University, Guangzhou 510275, P.R. China.","Lei HT, Wang ZH, Li B, Sun Y, Mei SQ, Yang JH, Qu LH, Zheng LL","2021A1515010542, 2022A1515011321, 2022YFC3400400, 32270604, 31900903","Guangdong Province, Guangdong Province, National Key Research and Development Program of China, National Natural Science Foundation of China, Guangdong Province Key Laboratory of Computational Science, National Natural Science Foundation of China, Guangdong Province Computational Science Innovative Research Team",22,tModBase: deciphering the landscape of tRNA modifications and their dynamic changes from epitranscriptome data.
35227770,2022-02-25,"National Center for Biotechnology Information, National Library of Medicine, National Institutes of Health, Bethesda, MD 20894, USA.","Kim S, Cheng T, He S, Thiessen PA, Li Q, Gindulyte A, Bolton EE",Z99 LM999999,"U.S. National Library of Medicine, Intramural NIH HHS, National Institutes of Health",44,"PubChem Protein, Gene, Pathway, and Taxonomy Data Collections: Bridging Biology and Chemistry through Target-Centric Views of PubChem Data."
38066711,2023-11-01,"Loschmidt Laboratories, Department of Experimental Biology, Faculty of Science, Masaryk University, Brno, Czech Republic.","Stourac J, Borko S, Khan RT, Pokorna P, Dobias A, Planas-Iglesias J, Mazurenko S, Pinto G, Szotkowska V, Sterba J, Slaby O, Damborsky J, Bednar D","TEAMING-CZ.02.1.01/0.0/0.0/17_043/0009632, FIT-S-23-8209, LX22NPO5102, NU20-03-00240, TN02000109, 857560, CZECRIN LM2023049","Czech Ministry of Education, Brno University of Technology, National Institute for Cancer Research, Czech Ministry of Health, Technology Agency of the Czech Republic, European Union, Czech Ministry of Education",3,PredictONCO: a web tool supporting decision-making in precision oncology by extending the bioinformatics predictions with advanced computing and machine learning.
40580317,2025-06-28,"Institute of Physiology of the Czech Academy of Sciences, Videnska 1083, Prague, 14200, Czech Republic.","Rudl Kulhava L, Houdek P, Novakova M, Hricko J, Paucova M, Kuda O, Sladek M, Fiehn O, Sumova A, Cajka T",,,1,"Circadian ontogenetic metabolomics atlas: an interactive resource with insights from rat plasma, tissues, and feces."
34751403,2022-01-01,"National Center for Biotechnology Information, National Library of Medicine, National Institutes Health, Bethesda, MD 20894, USA.","Lee BD, Neri U, Oh CJ, Simmonds P, Koonin EV","787514, ERC-AdG 787514","European Research Council, Edmond J. Safra Center for Bioinformatics at Tel-Aviv University, European Research Council, National Institutes of Health",15,ViroidDB: a database of viroids and viroid-like circular RNAs.
37387129,2023-06-01,"Department of Computer Science and Engineering, University at Buffalo, Buffalo, NY 14260, United States.","Mikalsen AJ, Zola J",CNS-1910193,National Science Foundation,5,Coriolis: enabling metagenomic classification on lightweight mobile devices.
38150626,2023-12-01,"Department of Computer Science and Engineering, Shanghai Jiao Tong University, No. 800 Dong Chuan Road, Shanghai 200240, China.","Qian H, Zhou J, Tu S, Xu L","62172273, 2021SHZDZX0102","National Natural Science Foundation of China, Shanghai Municipal Science and Technology Major Project",1,DrugGen: a database of de novo-generated molecular binders for specified target proteins.
38659008,2024-04-25,"Genomics and Bioinformatics Unit, Department of Infectious Diseases, National Institute of Health Doutor Ricardo Jorge (INSA), Lisbon, Portugal.","Santos JD, Sobral D, Pinheiro M, Isidro J, Bogaardt C, Pinto M, Eusébio R, Santos A, Mamede R, Horton DL, Gomes JP, Borges V","101102733, 101102733, 773830, 773830, EU4H-2022-DGA-MS-IBA-1, EU4H-2022-DGA-MS-IBA-1","EU4Health Programme, EU4Health Programme (DURABLE), European Union’s Horizon 2020 Research and Innovation program, European Union's Horizon 2020 Research and Innovation program, EU4H programme, EU4H programme (GENEO)",9,INSaFLU-TELEVIR: an open web-based bioinformatics suite for viral metagenomic detection and routine genomic surveillance.
35183229,2022-02-19,"Institute for Integrative Biology of the Cell (I2BC), CEA, CNRS, Université Paris-Saclay, 91198, Gif-sur-Yvette, France.","Poinsignon T, Gallopin M, Camadro JM, Poulain P, Lelandais G",,,1,Additional insights into the organization of transcriptional regulatory modules based on a 3D model of the Saccharomyces cerevisiae genome.
39050757,2024-07-09,"Department of Pharmaceutical Sciences, University of Vienna, Vienna, Austria.","Digles D, Ingles-Prieto A, Dvorak V, Mocking TAM, Goldmann U, Garofoli A, Homan EJ, Di Silvio A, Azzollini L, Sassone F, Fogazza M, Bärenz F, Pommereau A, Zuschlag Y, Ooms JF, Tranberg-Jensen J, Hansen JS, Stanka J, Sijben HJ, Batoulis H, Bender E, Martini R, IJzerman AP, Sauer DB, Heitman LH, Manolova V, Reinhardt J, Ehrmann A, Leippe P, Ecker GF, Huber KVM, Licher T, Scarabottolo L, Wiedmer T, Superti-Furga G",,,5,Advancing drug discovery through assay development: a survey of tool compounds within the human solute carrier superfamily.
39250076,2024-01-01,"Department of Ecology and Evolution, University of Lausanne, 1015 Lausanne, Switzerland.","Zancolli G, von Reumont BM, Anderluh G, Caliskan F, Chiusano ML, Fröhlich J, Hapeshi E, Hempel BF, Ikonomopoulou MP, Jungo F, Marchot P, de Farias TM, Modica MV, Moran Y, Nalbantsoy A, Procházka J, Tarallo A, Tonello F, Vitorino R, Zammit ML, Antunes A",,"European Cooperation in Science and Technology, Fundação para a Ciência e a Tecnologia",3,Web of venom: exploration of big data resources in animal toxin research.
36549590,2022-12-20,"Centre for Cancer Drug Discovery, The Institute of Cancer Research, London, United Kingdom; Signalling Programme, The Babraham Institute, Cambridge, United Kingdom. Electronic address: rahul.samant@babraham.ac.uk.","Samant RS, Batista S, Larance M, Ozer B, Milton CI, Bludau I, Wu E, Biggins L, Andrews S, Hervieu A, Johnston HE, Al-Lazikhani B, Lamond AI, Clarke PA, Workman P","BBS/E/B/000C0433, BB/P013384/1, C35696/A23187, C309/A11566, C309/A31322, 22897, BB/V010948/1, C309/A10705","Biotechnology and Biological Sciences Research Council, Biotechnology and Biological Sciences Research Council, Cancer Research UK, Cancer Research UK, Cancer Research UK, Cancer Research UK, Wellcome Trust, Cancer Research UK, Biotechnology and Biological Sciences Research Council, Cancer Research UK, Biotechnology and Biological Sciences Research Council",4,Native Size-Exclusion Chromatography-Based Mass Spectrometry Reveals New Components of the Early Heat Shock Protein 90 Inhibition Response Among Limited Global Changes.
37202885,2024-01-01,"Department of Bioinformatics, Alagappa University, Karaikudi, 630003, Tamil Nadu, India.","Loganathan L, Jeyaraman J, Muthusamy K","BT/PR40154/BTIS/137/34/2021, SR/FST/LSI-667/2016(C)","Bioinformatics Institute, Department of Education and Skills",1,HTNpedia: A Knowledge Base for Hypertension Research.
39413200,2025-01-01,"Laboratoire Léon Brillouin, UMR 12 CEA/CNRS, Bâtiment 563, Site de Saclay, 91191 Gif-sur-Yvette, France.","Balduzzi E, Geinguenaud F, Sordyl D, Maiti S, Farsani MA, Nikolaev G, Arluison V, Bujnicki JM","2020/37/B/NZ2/02456, ANR-18-IDEX-0001","National Science Centre, Poland, Université de Paris, IIMCB",5,NAIRDB: a database of Fourier transform infrared (FTIR) data for nucleic acids.
40160219,2025-03-29,"Institute for Research in Biomedicine (IRB Barcelona), The Barcelona Institute for Science and Technology (BIST), 08028 Barcelona, Catalonia, Spain.",Pons C,,,0,Qarles: a web server for the quick characterization of large sets of genes.
35771624,2022-08-01,"Protein Bioinformatics Lab, Department of Biotechnology, Bhupat and Jyoti Mehta School of Biosciences, Indian Institute of Technology Madras, Chennai, Tamil Nadu 600036, India.","Rawat P, Sharma D, Prabakaran R, Ridha F, Mohkhedkar M, Janakiraman V, Gromiha MM",CR1718CSE001RBEIBRAV,"Indian Institute of Technology Madras, Robert Bosch Center for Data Science and Artificial Intelligence, Robert Bosch Center for Data Science and Artificial Intelligence (RBCDSAI)",3,Ab-CoV: a curated database for binding affinity and neutralization profiles of coronavirus-related antibodies.
35662455,2022-03-12,"Department of Clinical Biochemistry and Pharmacology, Faculty of Health Sciences, Ben-Gurion University of the Negev, Beer-Sheva, Israel.","Ziv M, Gruber G, Sharon M, Vinogradov E, Yeger-Lotem E",317/19,Israel Science Foundation,11,The TissueNet v.3 Database: Protein-protein Interactions in Adult and Embryonic Human Tissue contexts.
40317650,2025-05-02,"Computer Network Information Center, Chinese Academy of Sciences, Beijing, 100083, China.","Wang P, Liu W, Wang J, Liu Y, Li P, Xu P, Cui W, Zhang R, Long Q, Hu Z, Fang C, Dong J, Zhang C, Chen Y, Wang C, Liu G, Xie H, Zhang Y, Xiao M, Chen S, Jiang H, Chen Y, Yang G, Zhang S, Meng Z, Wang X, Feng G, Li X, Zhou Y","YSBR-076, E129L111, 2024YFF0729201, 2024YFF0729200, 2023IOZ0102，2024IOZ0101, XDA0460305toG.F., 92470204","CAS Project for Young Scientists in Basic Research, Pilot Project for Enhancing Original Innovation Capability of the Chinese Academy of Sciences, National Key Research and Development Program of China, National Key Research and Development Program of China, Initiative Scientific Research Program, Institute of Zoology, Chinese Academy of Sciences, Strategic Priority Research Program of the Chinese Academy of Sciences, National Natural Science Foundation of China",4,scCompass: An Integrated Multi-Species scRNA-seq Database for AI-Ready.
35916725,2022-09-01,"CIRAD, UMR ASTRE, F-97170 Petit-Bourg, France.","Dereeper A, Summo M, Meyer DF",2018-FED-1084,"European Research and Development Funds, European Union on the Guadeloupe Region",39,PanExplorer: a web-based tool for exploratory analysis and visualization of bacterial pan-genomes.
39959838,2025-02-12,"School of Mathematics, Hangzhou Normal University, Hangzhou, Zhejiang, China.","Zhang Z, Zhou J, Cao T, Huang Y, Huang C, Xia Y",,,0,pandasPGS: a Python package for easy retrieval of Polygenic Score Catalog data.
37953328,2024-01-01,"China National GeneBank, BGI Research, Shenzhen 518120, China.","Xu Z, Wang W, Yang T, Li L, Ma X, Chen J, Wang J, Huang Y, Huang Y, Gould J, Lu H, Du W, Sahu SK, Yang F, Li Z, Hu Q, Hua C, Hu S, Liu Y, Cai J, You L, Zhang Y, Li Y, Zeng W, Chen A, Wang B, Liu L, Chen F, Ma K, Xu X, Wei X","2021B1212100001, 2017B030301011","Guangdong Provincial Genomics Data Center, Guangdong Provincial Key Laboratory of Genome Read and Write",85,"STOmicsDB: a comprehensive database for spatial transcriptomics data sharing, analysis and visualization."
37870463,2024-01-01,"Brown Center for Immunotherapy, School of Medicine, Indiana University, Indianapolis, IN 46202, USA.","Chen C, Liu Y, Luo M, Yang J, Chen Y, Wang R, Zhou J, Zang Y, Diao L, Han L","R01HG011633, R01HG011633, R01 CA262623, R01CA262623, R01 HG011633","NIH HHS, National Institutes of Health, NCI NIH HHS, National Institutes of Health, NHGRI NIH HHS",5,PancanQTLv2.0: a comprehensive resource for expression quantitative trait loci across human cancers.
39724337,2025-05-01,"State Key Laboratory of Experimental Hematology, National Clinical Research Center for Blood Diseases, Haihe Laboratory of Cell Ecosystem, Institute of Hematology & Blood Diseases Hospital, Chinese Academy of Medical Sciences & Peking Union Medical College, Tianjin 300020, China.","Cai 蔡信平 X, Zhang 张倩茹 Q, Liu 刘博琳 B, Sun 孙露 L, Liu 刘宇璇 Y",,,0,HemaCisDB: An Interactive Database for Analyzing Cis-regulatory Elements Across Hematopoietic Malignancies.
37716955,2023-09-16,"Institut de Biotecnologia i de Biomedicina (IBB) and Departament de Bioquímica i Biologia Molecular, Universitat Autònoma de Barcelona, Bellaterra, Barcelona, 08193, Spain.","Garcia-Pardo J, Badaczewska-Dawid AE, Pintado-Grima C, Iglesias V, Kuriata A, Kmiecik S, Ventura S","COST Action ML4NGP CA21160, ICREA-Academia 2020, 2021/40/Q/NZ2/00078, 2023 FI_3 00018, Juan de la Cierva Incorporacion IJC2019-041039-I, NextGenerationEU, PhasAge H2020-WIDESPREAD-2020-5, PID2019-105017RB-I00","European Cooperation in Science and Technology, Institució Catalana de Recerca i Estudis Avançats, National Science Centre, Sheng, Secretariat of Universities and Research of the Catalan Government and the European Social Fund, Spanish Ministry of Science and Innovation, European Commission, European Commission, Ministerio de Ciencia e Innovación",5,A3DyDB: exploring structural aggregation propensities in the yeast proteome.
36879236,2023-03-06,"Institute for Computational Genomics, Medical Faculty, RWTH Aachen University, 52074, Aachen, Germany. zhijian.li@rwth-aachen.de.","Li Z, Kuo CC, Ticconi F, Shaigan M, Gehrmann J, Gusmao EG, Allhoff M, Manolov M, Zenke M, Costa IG",,RWTH Aachen University,16,RGT: a toolbox for the integrative analysis of high throughput regulatory genomics data.
37871773,2023-10-21,"Innovative Institute of Chinese Medicine and Pharmacy, Academy for Interdiscipline, Chengdu University of Traditional Chinese Medicine, Chengdu 611137, China.","Zhang Y, Pan X, Shi T, Gu Z, Yang Z, Liu M, Xu Y, Yang Y, Ren L, Song X, Lin H, Deng K",,,33,P450Rdb: A manually curated database of reactions catalyzed by cytochrome P450 enzymes.
40037809,2025-05-01,"Department of Biochemistry and Molecular Biology, School of Basic Medical Sciences, Peking University Health Science Center, Beijing 100191, China.","Chen 陈韬宇 T, Tang 唐果菓 G, Li 李天昊 T, Yanghong 杨宏芷宁 Z, Hou 侯超 C, Du 杜泽州 Z, You 游铠强 K, Ma 马利伟 L, Li 李婷婷 T",,,2,PhaSeDis: A Manually Curated Database of Phase Separation-disease Associations and Corresponding Small Molecules.
39074139,2024-07-29,"Department of Computational Medicine and Bioinformatics, University of Michigan, Ann Arbor, Michigan, United States of America.","Zhang C, Freddolino L","2138259, 2138286, 2138307, 2137603, and 2138296, R01 AI134678, R01 AI134678","National Science Foundation, NIAID NIH HHS, NIAID",1,FURNA: A database for functional annotations of RNA structures.
37843156,2024-01-01,"National Genomics Data Center, Beijing Institute of Genomics, Chinese Academy of Sciences and China National Center for Bioinformation, Beijing 100101, China.","Wang Y, Lin Y, Wu S, Sun J, Meng Y, Jin E, Kong D, Duan G, Bei S, Fan Z, Wu G, Hao L, Song S, Tang B, Zhao W","32100506, 32170678, 32100511","National Natural Science Foundation of China, National Natural Science Foundation of China, National Natural Science Foundation of China",7,BioKA: a curated and integrated biomarker knowledgebase for animals.
36382409,2023-01-01,"Key Laboratory of Ministry of Education for Gastrointestinal Cancer, School of Basic Medical Sciences, Fujian Medical University, Fuzhou, Fujian 350004, China.","Zhang Y, Jiang J, Ma J, Wei Z, Wang Y, Song B, Meng J, Jia G, de Magalhães JP, Rigden DJ, Hang D, Chen K","XRCZX202109, 31671373, KSF-E-51, 32100519, KSF-P-02","Scientific Research Foundation for Advanced Talents of Fujian Medical University, National Natural Science Foundation of China, XJTLU Key Program Special Fund, National Natural Science Foundation of China, XJTLU Key Program Special Fund",64,DirectRMDB: a database of post-transcriptional RNA modifications unveiled from direct RNA sequencing technology.
39097091,2024-08-07,"Department of Electrical Engineering and Computer Science, University of Missouri-Columbia, Columbia, MO, USA; Christopher S. Bond Life Sciences Center, University of Missouri-Columbia, Columbia, MO, USA.","Jiang Y, Immadi MS, Wang D, Zeng S, On Chan Y, Zhou J, Xu D, Joshi T",,"Missouri Department of Health and Senior Services, National Institutes of Health, National Science Foundation",3,IRnet: Immunotherapy response prediction using pathway knowledge-informed graph neural network.
35821017,2022-07-11,"Bielefeld University, Bioinformatics/Medical Informatics Department, Bielefeld, 33615, Germany. c.koenigs@uni-bielefeld.de.","Königs C, Friedrichs M, Dietrich T",,,11,The heterogeneous pharmacological medical biochemical network PharMeBINet.
40471992,2025-05-01,"Department of Bioinformatics and Systems Medicine, McWilliams School of Biomedical Informatics, The University of Texas Health Science Center at Houston, 7000 Fannin St., Houston, TX 77030, United States.","Kumar H, Chen Z, Adegunlehin A, Trowbridge L, Aguilar L, Kim P",R35GM138184,NIH HHS,0,KinaseFusionDB: an integrative knowledge of kinase fusion proteins in multi-scales.
38285683,2024-01-29,"Department of Biological Sciences, Birla Institute of Technology and Science, Hyderabad, India.","Diptiman D, Jalan A, Pal R, Dodwani S, Bandyopadhyay D",,,0,&lt;i&gt;Hist-i-fy&lt;/i&gt;-a multiple histidine post-translational-modification (PTM) prediction server based on protein sequences using convolution neural network: a case study on mass spectroscopy data.
40351053,2025-05-12,"Center for Computational Life Sciences, Cleveland Clinic Research, Cleveland, Ohio, USA.","Joshi J, Bhutada S, Martin DR, Guzowski J, Blankenberg D, Apte SS","U24HG006620, Not available, R21 AR078498, AR078498, Not available, U24HG006620, U24 HG006620, AR078498","National Human Genome Research Institute, Arthritis Foundation, NIAMS NIH HHS, National Institute of Arthritis and Musculoskeletal and Skin Diseases, ARTHFN, NHGRI NIH HHS, NHGRI NIH HHS, NIAMS NIH HHS",1,DICED (Database of Identified Cleavage Sites Endemic to Diseases States): A Searchable Web Interface for Terminomics/Degradomics.
41311736,2025-11-08,"Collaborative Innovation Center for Molecular Imaging of Precision Medicine, Shanxi Medical University, Taiyuan 030001, China.","Zan C, Ji T, Zhang X, Yang MF, Wu Z, Li S","XD2236, 202303021212139, SD2334, U22A6008","Shanxi Medical University, Natural Science Foundation for Young Scientists of Shanxi Province, Shanxi Medical University, National Natural Science Foundation of China",0,Integrated proteomics and metabolomics analyses reveal potential molecular signatures of rabbit atherosclerotic plaques.
37030102,2023-04-05,"Indian Institute of Science Education and Research (IISER) Mohali, Punjab, India.","Natarajan A, Chivukula N, Dhanakoti GB, Sahoo AK, Ravichandran J, Samal A",,"Max-Planck-Gesellschaft, Department of Atomic Energy, Government of India",0,EPEK: Creation and analysis of an Ectopic Pregnancy Expression Knowledgebase.
36548962,2023-03-01,"School of Life Sciences, and Hubei Key Laboratory of Genetic Regulation and Integrative Biology, Central China Normal University, Wuhan 430079, Hubei, People's Republic of China.","Peng Z, Li J, Jiang X, Wan C","31800647, 61872157, 91951210, KJ02502022-0450","Natural Science Foundation of China, Natural Science Foundation of China, Natural Science Foundation of China, Fundamental Research Funds for Central Universities",1,CyanoMapDB: a database integrating experimentally validated protein-protein interactions in cyanobacteria.
39747337,2025-01-02,"College of Animal Science and Technology, Qingdao Agricultural University, Qingdao, Shandong, China.","Wang J, Feng Y, Xu S, Tenzin N, Han H, Gong D, Liu F, Sun Y, Liu S","2024YFD12007000, SDAIT-27, ZR2022QC091, 19211183, SD2019 XM 008","The National Key R&amp;D Program of China, Modern Agricultural Technology Industry System of Shandong province,China, Shandong Provincial Natural Science Foundation, Accurate Identification Project of livestock and poultry germplasm resources of Ministry of Agriculture and Rural Affairs ""Phenotypic identification of donkey skin and meat traits"", Major Agricultural Application Technology Innovation Projects of Shandong Province",1,Non-targeted LC-MS metabolomics reveals serum metabolites for high-altitude adaptation in Tibetan donkeys.
40460909,2025-06-01,"Amity Institute of Molecular Medicine and Stem Cell Research, Amity University Noida, Uttar Pradesh 201303, India.","Jaiswal S, Mishra V, Majumder S, Wangikar PP, Sengupta S","IA/E/17/1/503663, CRG/2023/001776","DBT/Wellcome Trust India Alliance, Wellcome Trust, Department of Science and Technology, Government of Rajasthan, Science and Engineering Research Board, Department of Biotechnology, Ministry of Science and Technology, India",0,Metabolomic profiling reveals grade-specific niacinamide accumulation and its therapeutic potential via SIRT1-CD38-EMT axis modulation in cervical cancer progression.
38738618,2024-07-01,"Institut de Biotecnologia i de Biomedicina and Departament de Bioquímica i Biologia Molecular, Universitat Autònoma de Barcelona, 08193 Bellaterra, Barcelona, Spain.","Bárcenas O, Kuriata A, Zalewski M, Iglesias V, Pintado-Grima C, Firlik G, Burdukiewicz M, Kmiecik S, Ventura S","Sheng 2021/40/Q/NZ2/00078, 02/07/2021, FPU22/03656, PID2022-137963OB-I00, 2023 FI_3 00018","ICREA, ICREA, Secretariat of Universities and Research of the Catalan Government, Spanish Ministry of Universities, European Union-Next Generation EU, Spanish Ministry of Science and Innovation, Spanish Ministry of Science and Innovation, European Social Fund, European Union-NextGenerationEU",16,Aggrescan4D: structure-informed analysis of pH-dependent protein aggregation.
35696018,2022-06-10,"iHuman Institute, ShanghaiTech University, Shanghai, 201210, China.","Han W, Wu Y, Zeng L, Zhao S",,,8,"Building the Chordata Olfactory Receptor Database using more than 400,000 receptors annotated by Genome2OR."
39373530,2025-01-01,"College of Pharmaceutical Sciences, The Second Affiliated Hospital, Zhejiang University School of Medicine, State Key Laboratory of Advanced Drug Delivery and Release Systems, Zhejiang University, Hangzhou 310058, China.","Ge Y, Yang M, Yu X, Zhou Y, Zhang Y, Mou M, Chen Z, Sun X, Ni F, Fu T, Liu S, Han L, Zhu F","LR21H300001, 2022YFC3400501, 181201*194232101, 2020C03010, 2018QNA7023, 82373790","Natural Science Foundation of Zhejiang Province, National Key R&D Program of China, Alibaba Cloud, Double Top-Class University, The Information Technology Center of Zhejiang University, Leading Talent of the 'Ten Thousand Plan' National High-Level Talents Special Support Plan of China, Key R&D Program of Zhejiang, Westlake Laboratory (Westlake Lab of Life Sciences and Biomedicine), Fundamental Research Funds for Central Universities, National Natural Science Foundations of China, Alibaba-Zhejiang University Joint Research Center of Future Digital Healthcare",1,MolBiC: the cell-based landscape illustrating molecular bioactivities.
PPR956867,2024-12-20,,"Jaiswal S, Mishra V, Majumder S, Wangikar PP, Sengupta S",,,0,Metabolomic profiling reveals grade-specific niacinamide accumulation and its therapeutic Potential via SIRT1-CD38-EMT axis modulation in cervical cancer progression
41053365,2025-10-06,"Beijing Key Laboratory for Drug Resistance Tuberculosis Research, Beijing Tuberculosis and Thoracic Tumor Research Institute, Beijing Chest Hospital, Capital Medical University, Beijing, China.","Zhang LY, Yin H, Wang YC, Yan MY, Wang CL, Shang XT, Liu WY, Li ZH, Jia HY, Zhang ZD, Zhu CZ, Pan LP, Sun YC",82402641,National Natural Science Foundation of China (National Science Foundation of China),0,The acetyltransferase CysE modulates virulence and drug resistance of Mycobacterium tuberculosis by interfering with oxidative stress responses.
39265616,2025-11-01,"Center of Edaphology and Applied Biology of Segura (CEBAS-CSIC), Department of Plant Nutrition, Campus Universitario Espinardo, Ed 25 30100, Murcia, Spain.","Pardo-Hernández M, García-Pérez P, Lucini L, Rivero RM",PGC2018-09573-B-100,"Ministry of Economy, Romeo ed Enrica Invernizzi Foundation",8,Multi-omics exploration of the involvement of ABA in identifying unique molecular markers for single and combined stresses in tomato plants.
39087852,2024-08-01,"Department of Plant Biotechnology and Bioinformatics, Ghent University, Ghent, 9000, Belgium.","Wu T, Bafort Q, Mortier F, Almeida-Silva F, Natran A, Van de Peer Y",833522,European Research Council,3,"The immediate metabolomic effects of whole-genome duplication in the greater duckweed, Spirodela polyrhiza."
37941147,2024-01-01,"Helmholtz-Institute for Pharmaceutical Research Saarland (HIPS), Helmholtz Centre for Infection Research, Saarland University Campus, 66123 Saarbrücken, Germany.","Flotho M, Amand J, Hirsch P, Grandke F, Wyss-Coray T, Keller A, Kern F","14446, MJFF-021418, 466168626, 17047, 466168626, MJFF-021418","Michael J. Fox Foundation for Parkinson&apos;s Research, Michael J. Fox Foundation for Parkinson&apos;s Research, Saarland University, Schaller-Nikolich Foundation, state of Saarland, Deutsche Forschungsgemeinschaft, Michael J. Fox Foundation for Parkinson&apos;s Research, DFG, Michael J. Fox Foundation for Parkinson's Research",7,ZEBRA: a hierarchically integrated gene expression atlas of the murine and human brain at single-cell resolution.
37244984,2023-05-27,"Translational Disease Systems Biology, Novo Nordisk Foundation Center for Protein Research, Faculty of Health and Medical Sciences, University of Copenhagen, Blegdamsvej 3B, DK-2200, Copenhagen N, Denmark. karina.banasik@cpr.ku.dk.","Banasik K, Møller PL, Techlo TR, Holm PC, Walters GB, Ingason A, Rosengren A, Rohde PD, Kogelman LJA, Westergaard D, Siggaard T, Chmura PJ, Chalmer MA, Magnússon ÓÞ, Þórisson GÁ, Stefánsson H, Guðbjartsson DF, Stefánsson K, Olesen J, Winther S, Bøttcher M, Brunak S, Werge T, Nyegaard M, Hansen TF","NNF17OC0027594, NNF21OC0066981, NNF21OC0071050, PI Søren Brunak, CEHEAD, NNF14CC0001","Novo Nordisk Fonden, Novo Nordisk Fonden, Novo Nordisk Fonden, Novo Nordisk Foundation Center for Protein Research, Candys Foundation, Novo Nordisk Fonden, Royal Library, Copenhagen University Library",10,"DanMAC5: a browser of aggregated sequence variants from 8,671 whole genome sequenced Danish individuals."
39974716,2024-10-05,"Institute of Animal Husbandry and Veterinary, Zhejiang, Academy of Agricultural Sciences, Hangzhou 310021, China.","Zheng K, Guo L, Cao Y, Yin Y, Gao H, Zhang X, Jiang J, Li J, Huang X, Li K, He S",,,0,High-concentrate diet decreases lamb fatty acid contents by regulating bile acid composition.
39337519,2024-09-18,"College of Life Sciences, Inner Mongolia Agricultural University, Hohhot 010018, China.","Su R, Chang L, Zhou T, Meng F, Zhang D","YLXKZX-NND-023, NJZZ21014, NJZZ21014, YLXKZX-NND-023","The First-Class Scientific Research Program of the Education Department of Inner Mongolia Autonomous Region, DEPARTMENT OF EDUCATION OF INNER MONGOLIA AUTONOMOUS REGION, Department of Education of Inner Mongolia Autonomous Region, THE FIRST-CLASS SCIENTIFIC RESEARCH PROGRAM OF THE EDUCATION DEPARTMENT OF INNER MONGOLIA AUTONOMOUS REGION",3,Effects of GABA on Oxidative Stress and Metabolism in High-Glucose Cultured Mongolian Sheep Kidney Cells.
38544959,2024-03-12,"Yunnan Key Laboratory of Dai and Yi Medicines, Yunnan University of Chinese Medicine, Kunming, Yunnan 650500, P.R. China.","Cheng J, Li G, Yang L, Chen P, Duan X",,,4,Alcohol extract of <i>Rubia yunnanensis</i>: Metabolic alterations and preventive effects against OGD/R‑induced oxidative damage in HT22 cells.
40122128,2025-03-28,"The Second School of Clinical Medicine, Hainan Medical University, Haikou, China.","Zhang D, Wang Q, Li D, Chen S, Chen J, Zhu X, Bai F","202330, Qhyb2022–133, WSJK2024MS150, 2021818, YSPTZX202313, hnjg2024–67","the National Clinical Key Speciality Capacity Building Project, Hainan Provincial Postgraduate Innovation Research Project, Joint Project on Health Science and Technology Innovation in Hainan Province, Hainan Province Clinical Medical Center, the specific research fund of The Innovation Platform for Academicians of Hainan Province, Hainan Province Education Reform Project",5,Gut microbiome composition and metabolic activity in metabolic-associated fatty liver disease.
37843123,2024-01-01,"Computational Medicine Center, Thomas Jefferson University, Philadelphia, PA 19107, USA.","Pliatsika V, Cherlin T, Loher P, Vlantis P, Nagarkar P, Nersisyan S, Rigoutsos I","R01HG012784, R01 HG012784, R01HG012784","NIH HHS, NHGRI NIH HHS, NIH, NHGRI, Thomas Jefferson University Funds",8,MINRbase: a comprehensive database of nuclear- and mitochondrial-ribosomal-RNA-derived fragments (rRFs).
37112801,2023-03-23,"School of Life Science and Technology, China Pharmaceutical University, 24 Tongjiaxiang, Nanjing 210009, China.","Liu Y, Zhu Y, Sun X, Ma T, Lao X, Zheng H","82073767, PAPD2014-65, 82273834","National Natural Science Foundation of China, Priority Academic Program Development of Jiangsu Higher Education Institutions, National Natural Science Foundation of China",22,DRAVP: A Comprehensive Database of Antiviral Peptides and Proteins.
35639770,2022-07-01,"Centro de Biotecnología y Genómica de Plantas, Universidad Politécnica de Madrid (UPM) - Instituto Nacional de Investigación y Tecnología Agraria y Alimentaria (INIA-CSIC), Campus de Montegancedo-UPM, Madrid, 28223, Spain.","Botas J, Rodríguez Del Río Á, Giner-Lamia J, Huerta-Cepas J","PGC2018-098073-A-I00, 100010434, 713673","National Programme for Fostering Excellence in Scientific and Technical Research, European Union&apos;s Horizon 2020, ‘la Caixa’ Foundation, Marie Skłodowska-Curie",16,GeCoViz: genomic context visualisation of prokaryotic genes from a functional and evolutionary perspective.
37971328,2024-01-01,"European Molecular Biology Laboratory, European Bioinformatics Institute (EMBL-EBI), Wellcome Genome Campus, Hinxton, Cambridge CB10 1SD, UK.","Yurekten O, Payne T, Tejera N, Amaladoss FX, Martin C, Williams M, O'Donovan C","825575, BB/T007389/1, 202952/Z/16/Z, EP/Y529138/1, 2U2CES026555, MR/S010483/1, 2U2CES026555, BB/W000156/1, U2C ES026555","ELIXIR Mature Communities, 2022 Food and Nutrition, European Union’s Horizon 2020, Research and Innovation Programme, Biotechnology and Biological Sciences Research Council, Wellcome Trust, European Molecular Biology Laboratory and Open Access Block, NIEHS NIH HHS, Medical Research Council, European Molecular Biology Laboratory, Wellcome Trust, National Institute of Environmental Health Sciences, Biotechnology and Biological Sciences Research Council, NIEHS NIH HHS",174,MetaboLights: open data repository for metabolomics.
38751987,2024-05-01,"Department of Chemical Ecology, Bielefeld University, Bielefeld, Germany.","Barber A, Friedrichs J, Müller C",,,2,Gregarines impact consumption and development but not glucosinolate metabolism in the mustard leaf beetle.
35639735,2022-07-01,"Institute for Research in Biomedicine (IRB Barcelona). The Barcelona Institute of Science and Technology. Baldiri Reixac 10-12, 08028 Barcelona, Spain.","Bayarri G, Andrio P, Hospital A, Orozco M, Gelpí JL","2017SGR1110, PT17/0009/0007, 823830, RTI2018-096704-B-100, 001-P-001682, PT17/0008/0001","Catalan SGR, Biomolecular and Bioinformatics Resources Platform, European Union&apos;s Horizon 2020, Spanish Ministry of Science, SIFECAT Ris3Cat Clúster Emergente del Cerebro Humano, Fondo Europeo de Desarrollo Regional, Instituto Nacional de Bioinformática, Biomolecular and Bioinformatics Resources Platform, MINECO Severo Ochoa Award of Excellence",9,"BioExcel Building Blocks Workflows (BioBB-Wfs), an integrated web-based platform for biomolecular simulations."
39636109,2024-12-05,"Department of Civil and Environmental Engineering, Utah State University, Logan, Utah, USA.","Hou L, Cortez R, Hagerman M, Hu Z, Majumder EL-W",,,2,Co-occurrence of direct and indirect extracellular electron transfer mechanisms during electroactive respiration in a dissimilatory sulfate reducing bacterium.
38840037,2024-06-05,"The College of Veterinary Medicine, Northwest A and F University, Yangling, 712100, Shaanxi, China.","Dai P, Wu Y, Gao Y, Li M, Zhu M, Xu H, Feng X, Jin Y, Zhang X",,,3,Multiomics analysis of platelet-rich plasma promoting biological performance of mesenchymal stem cells.
39813205,2025-01-15,"Department of Veterinary Medicine and Animal Production, University of Naples Federico II, Naples, Italy.","Sacchettino L, Costanzo M, Veneruso I, D'Argenio V, Mayer M, Napolitano F, d'Angelo D",,,3,Altered microbiome and metabolome profiling in fearful companion dogs: An exploratory study.
36305818,2023-01-01,"Institute of Systems Medicine, Chinese Academy of Medical Sciences & Peking Union Medical College, Beijing 100005, China.","Chen Y, Zhang X, Peng X, Jin Y, Ding P, Xiao J, Li C, Wang F, Chang A, Yue Q, Pu M, Chen P, Shen J, Li M, Jia T, Wang H, Huang L, Guo G, Zhang W, Liu H, Wang X, Chen D","JCYJ20210324125413036, 2022-RC416-01, BK20220279, ZXL2022475, 2021-I2M-1-061","Shenzhen Science and Technology, Chinese Academy of Medical Sciences, Natural Science Foundation of Jiangsu Province, Gusu Innovation and Entrepreneurship, CAMS Innovation Fund for Medical Sciences",21,SPEED: Single-cell Pan-species atlas in the light of Ecology and Evolution for Development and Diseases.
39769326,2024-12-18,"Institute of Biomedical Engineering, College of Life Sciences, Qingdao University, Qingdao 266071, China.","Fu S, Wang L, Li C, Zhao Y, Zhang N, Yan L, Li CM, Niu Y","32300636, ZR2021MD094, ZR2023QC315, 23-2-1-51-zyyd-jch, 2024HWYQ-068","National Natural Science Foundation of China, Natural Science Foundation of Shandong Province, Natural Science Foundation of Shandong Province, Natural Science Foundation of Qingdao, Natural Science Foundation of Shandong Province",4,"Integrated Transcriptomic, Proteomic, and Metabolomic Analyses Revealed Molecular Mechanism for Salt Resistance in Soybean (<i>Glycine max</i> L.) Seedlings."
39534537,2024-02-19,"Tree of Life, Wellcome Sanger Institute, Hinxton, England, UK.","Blaxter ML, Leech C, Lunt DH","206194, 220540, 218328","Wellcome Trust, Wellcome Trust, Wellcome Trust, Wellcome Trust",0,A catalogue of chromosome counts for Phylum Nematoda.
39796145,2024-12-31,"Crop Research Institute, Sichuan Academy of Agricultural Sciences, Chengdu 610066, China.","Fan Y, Hussain S, Wang X, Yang M, Zhong X, Tao L, Li J, Zhou Y, Xiang C","2023NSFSC1176, 1+3 ZYGG001, 1+3 ZYGG001, 111821301354052034, 51000023T000009852064, 51000024Y000010717763, 1+9 KJGG001, 1+9KJGG001","Natural Science Foundation of Sichuan, The Accurate Identification Project of Crop Germplasm from Sichuan Provincial Finance De-partment, The Accurate Identification Project of Crop Germplasm from Sichuan Provincial Finance Department, The Third National Campaign of Crop Germplasm Census and Collection, Crop Germplasm Census, Research and application of key technologies for high quality and efficient potato and soybeans, Sichuan Academy of Agricultural Sciences project “1-9 unveiling the list”, Sichuan Academy of Agricultural Sciences project ""1-9 unveiling the list""",1,Metabolomic and Transcriptomic Analyses of Flavonoid Biosynthesis in Different Colors of Soybean Seed Coats.
36164975,2022-09-01,"Structural Genomics Consortium, University of Toronto, MaRS South Tower, Suite 700, 101 College Street, Toronto, Ontario M5G 1L7, Canada.","Liu L, Rovers E, Schapira M","RGPIN-2019-04416, Quantum Leap-176, IT13051","NSERC, Québec Consortium for Drug Discovery, Mitacs",6,"ChemBioPort: an online portal to navigate the structure, function and chemical inhibition of the human proteome."
39738118,2024-12-30,"Department of Medical and Surgical Sciences, Institute of Hematology ""L. and A. Seràgnoli"", University of Bologna, Bologna, Italy.","Forte D, Pellegrino RM, Falvo P, Garcia-Gonzalez P, Alabed HBR, Maltoni F, Lombardi D, Bruno S, Barone M, Pasini F, Fabbri F, Vannini I, Donati B, Cristiano G, Sartor C, Ronzoni S, Ciarrocchi A, Buratta S, Urbanelli L, Emiliani C, Soverini S, Catani L, Bertolini F, Argüello RJ, Cavo M, Curti A","RC-2023-2778890, 20654, 20654, RC-2023-2778890","Ministry of Health, Italy | Agenzia Italiana del Farmaco, Ministero della Salute (Italian Medicines Agency), Associazione Italiana per la Ricerca sul Cancro (Italian Association for Cancer Research), Associazione Italiana per la Ricerca sul Cancro, Ministry of Health, Italy | Agenzia Italiana del Farmaco, Ministero della Salute",3,Parallel single-cell metabolic analysis and extracellular vesicle profiling reveal vulnerabilities with prognostic significance in acute myeloid leukemia.
35484563,2022-04-28,"Environmental Genomics and Systems Biology and Molecular Biophysics and Integrated Bioimaging Divisions, Lawrence Berkeley National Laboratory, Berkeley, CA, 94720, USA.","Sutter M, Kerfeld CA","5R01AI114975-07, R01 AI114975","National Institutes of Health, NIAID NIH HHS",15,BMC Caller: a webtool to identify and analyze bacterial microcompartment types in sequence data.
39167490,2024-08-20,"Department of Medicine, University of Wisconsin-Madison, Madison, WI, USA; William S. Middleton Memorial Veterans Hospital, Madison, WI, USA; Interdepartmental Graduate Program in Nutritional Sciences, University of Wisconsin-Madison, Madison, WI, USA.","Pak HH, Grossberg AN, Sanderfoot RR, Babygirija R, Green CL, Koller M, Dzieciatkowska M, Paredes DA, Lamming DW","R01 AG056771, R01 AG062328, R01 AG084156, IS1 BX005524, RF1 AG056771, I01 BX004031, F31 AG066311, F31 AG081115, U01 AG081482, R01 DK125859, R56 AG056771","NIA NIH HHS, National Institute on Aging, NIA NIH HHS, National Institute of Diabetes and Digestive and Kidney Diseases, NIA NIH HHS, BLRD VA, NIA NIH HHS, BLRD VA, NIA NIH HHS, NIA NIH HHS, NIA NIH HHS, US Department of Veterans Affairs, NIDDK NIH HHS, NIA NIH HHS",9,Non-canonical metabolic and molecular effects of calorie restriction are revealed by varying temporal conditions.
36458799,2022-12-01,"National Library of Medicine, National Institutes of Health, 8600 Rockville Pike, Bethesda, MD 20894, USA.","Islamaj R, Leaman R, Cissel D, Coss C, Denicola J, Fisher C, Guzman R, Kochar PG, Miliaras N, Punske Z, Sekiya K, Trinh D, Whitman D, Schmidt S, Lu Z",,"the NIH Intramural Research Program, National Library of Medicine",6,NLM-Chem-BC7: manually annotated full-text resources for chemical entity annotation and indexing in biomedical articles.
39847910,2025-01-18,"Institute of Parasitology, Vetsuisse Faculty, University of Bern, Bern, Switzerland; Graduate School for Cellular and Biomedical Sciences, University of Bern, Bern, Switzerland.","Kaethner M, Zumstein P, Müller J, Preza M, Grossenbacher P, Bartetzko A, Vetter L, Lochner M, Schürch S, Regnault C, Ramírez DV, Lundström-Stadelmann B",,Swiss National Science Foundation,2,Investigation of the threonine metabolism of Echinococcus multilocularis: The threonine dehydrogenase as a potential drug target in alveolar echinococcosis.
38306039,2024-01-01,"Department of Neurology, Massachusetts General Hospital, Boston, MA, USA.","Noori A, Jayakumar R, Moturi V, Li Z, Liu R, Serrano-Pozo A, Hyman BT, Das S",,,2,Alzheimer DataLENS: An Open Data Analytics Portal for Alzheimer's Disease Research.
37979962,2024-03-21,"Aix Marseille Univ, APHM, INSERM, MMG, U1251, GEnOPé Departement, M2GM, Timone Hospital, Marseille, France.","Mougel G, Mohamed A, Burnichon N, Giraud S, Pigny P, Bressac-de Paillerets B, Mirebeau-Prunier D, Buffet A, Savagner F, Romanet P, Arlot Y, Gardie B, Gimenez-Roqueplo AP, Beroud C, Richard S, Barlier A",70000,Institut National Du Cancer,2,Update of the UMD-VHL database: classification of 164 challenging variants based on genotype-phenotype correlation among 605 entries.
37145977,2023-05-05,"State Key Laboratory of Food Science and Technology, School of Food Science and Technology, National Engineering Research Center for Functional Food, Synergetic Innovation Center of Food Safety and Quality Control, Jiangnan University, Wuxi, Jiangsu 214122, P. R. China.","Ji J, Zhang D, Ye J, Zheng Y, Cui J, Sun X",,,4,MycotoxinDB: A Data-Driven Platform for Investigating Masked Forms of Mycotoxins.
39198917,2024-08-28,"Department of Molecular and Cell Biology, University of California, Berkeley, CA, 94720, USA.","Lin YJ, Menon AS, Hu Z, Brenner SE","U24 HG007346, U24 HG007346","NIH HHS, NHGRI NIH HHS",9,"Variant Impact Predictor database (VIPdb), version 2: trends from three decades of genetic variant impact predictors."
36169223,2023-01-01,"Department of Biology and Biological Engineering, Chalmers University of Technology, Gothenburg SE-412 96, Sweden.","Li F, Chen Y, Anton M, Nielsen J","686070, NNF10CC1016517, NNF10CC1016517, Natural Products","Knut and Alice Wallenberg Foundation, European Union&apos;s Horizon 2020, Novo Nordisk Fonden, Novo Nordisk Foundation, NNF Center for Biosustainability, Chalmers University of Technology",45,GotEnzymes: an extensive database of enzyme parameter predictions.
40254830,2025-03-01,"Flinders Health and Medical Research Institute, University Drive, Flinders University, Bedford Park, SA 5042, Australia.","Pham CM, Rankin TJ, Stinear TP, Walsh CJ, Ryan FJ","APP2017404, GNT1194325","National Health and Medical Research Council of Australia, National Health and Medical Research Council of Australia",0,TaxSEA: rapid interpretation of microbiome alterations using taxon set enrichment analysis and public databases.
35610055,2022-07-01,"Institute of Biotechnology, Helsinki Institute of Life Sciences, and Organismal and Evolutionary Biology Research Program, Faculty of Biosciences, University of Helsinki, Finland.",Holm L,,Novo Nordisk Foundation,678,Dali server: structural unification of protein families.
41171289,2025-01-01,"Department of Nanobiotechnology, Faculty of Biological Sciences, Tarbiat Modares University, Jalal Al Ahmad Highway, Tehran, 14115-154, Iran.","Mousazadeh M, Khorsand B, Modarres Mousavi SM, Mahmoudi Aznaveh H, Fouani MH, Mousazadeh F, Rad-Faraji M, Golestanipour A, Mohammadi S, Zarein F, Dantism A, Zahiri J, Nikkhah M",,Tarbiat Modares University,0,Liposomal Cancer Drug Database (LCDD): a comprehensive resource for liposome research in cancer therapy and diagnosis.
38775680,2024-06-01,"Department of Econometrics and Operations Research, Tilburg University, Tilburg 5037AB, The Netherlands.","Taş G, Westerdijk T, Postma E, Veldink JH, Schönhuth A, Balvert M","AV20190010, VI.Veni.192.043","Dutch ALS Foundation, Dutch Research Council (NWO)",0,Computing linkage disequilibrium aware genome embeddings using autoencoders.
34718696,2022-01-01,"Institute of Informatics, Faculty of Mathematics, Informatics, and Mechanics, University of Warsaw, Warsaw, Mazovian Voivodeship 02-097, Poland.",Kozlowski LP,2018/29/B/NZ2/01403,"National Science Centre, Poland",23,Proteome-pI 2.0: proteome isoelectric point database update.
40599243,2025-06-14,"Institute for Fundamental Biomedical Research, BSRC ""Alexander Fleming"", Athens, Greece.","Baltoumas FA, Karatzas E, Venetsianou NK, Aplakidou E, Giatras K, Chasapi MN, Chasapi IN, Iliopoulos I, Iconomidou VA, Trougakos IP, Psomopoulos F, Giannakakis A, Georgakopoulos-Soares I, Kontou P, Bagos PG, Pavlopoulos GA",,BSRC Alexander Fleming,0,Darling (v2.0): Mining disease-related databases for the detection of biomedical entity associations.
36271794,2023-01-01,"Boyce Thompson Institute, Ithaca, NY 14853, USA.","Yu J, Wu S, Sun H, Wang X, Tang X, Guo S, Zhang Z, Zhang Z, Huang S, Xu Y, Weng Y, Mazourek M, McGregor C, Renner SS, Branham S, Kousik C, Wechter WP, Levi A, Grumet R, Zheng Y, Fei Z","2015-51181-24285, 2020-51181-32139","National Institute of Food and Agriculture, National Institute of Food and Agriculture",65,CuGenDBv2: an updated database for cucurbit genomics.
34718740,2022-01-01,"Department of Intelligent Medical Engineering, School of Medical Technology and Engineering, Fujian Medical University, Fuzhou 350122, China.","Zhu H, Fu H, Cui T, Ning L, Shao H, Guo Y, Ke Y, Zheng J, Lin H, Wu X, Liu G, He J, Han X, Li W, Zhao X, Lu H, Wang D, Wang D, Hu K, Shen X","82070109, 2017YFA0105001, 82074580, 2019YFA0801800, 62002153, 2019A1515010784, 2020M682623, 2020M682785, 81770104, XRCZX2020021","National Natural Science Foundation of China, National Key Research and Development Project of China, National Natural Science Foundation of China, National Key Research and Development Project of China, National Natural Science Foundation of China, Guangdong Basic and Applied Basic Research Foundation, China Postdoctoral Science Foundation, China Postdoctoral Science Foundation, National Natural Science Foundation of China, Fujian Medical University Research Foundation of Talented Scholars",20,RNAPhaSep: a resource of RNAs undergoing phase separation.
39963994,2025-05-01,"Center of Intelligent Medicine, School of Control Science and Engineering, Shandong University, Jinan 250061, China.","Zhang W, Zhang X, Liu Q, Wei L, Qiao X, Gao R, Liu Z, Wang X",K99 HG013661,NHGRI NIH HHS,3,Deconer: An Evaluation Toolkit for Reference-based Deconvolution Methods Using Gene Expression Data.
37448726,2023-06-10,"Bioinformatics Section, School of Basic Medical Sciences, Southern Medical University, Guangzhou 510515, China.","Tang J, Zhang H, Zhang H, Zhu H",31771456,National Natural Science Foundation of China,2,"PopTradeOff: A database for exploring population-specificity of adaptive evolution, disease susceptibility, and drug responsiveness."
36008829,2022-08-26,"Department of Biological Sciences, University of Pittsburgh, 15260, Pittsburgh, PA, USA.","Kochnev Y, Durrant JD","R01GM132353, R01GM132353, R01 GM132353","National Institute of General Medical Sciences, NIGMS NIH HHS, NIGMS NIH HHS",20,FPocketWeb: protein pocket hunting in a web browser.
35685362,2022-05-23,"College of Intelligence and Computing, Tianjin University, Tianjin 300350, China.","Zhang YY, Zhang WY, Xin XH, Du PF","61872268, 2018YFC0910405","National Natural Science Foundation of China, National Key Research and Development Program of China",8,dbEssLnc: A manually curated database of human and mouse essential lncRNA genes.
39658207,2024-11-01,"DataBionics Research Group, University of Marburg, Hans - Meerwein - Straße, 35032 Marburg, Germany.","Ultsch A, Lötsch J",DFG LO 612/16-1,Deutsche Forschungsgemeinschaft,1,Augmenting small biomedical datasets using generative AI methods based on self-organizing neural networks.
35464838,2022-04-08,"State Key Laboratory for Conservation and Utilization of Subtropical Agro-Bioresources, Guangxi Research Center for Microbial and Enzyme Engineering Technology, College of Life Science and Technology, Guangxi University, Nanning, China.","Li J, Sang Y, Zeng S, Mo S, Zhang Z, He S, Li X, Su G, Liao J, Jiang C",,,2,MicrobioSee: A Web-Based Visualization Toolkit for Multi-Omics of Microbiology.
37222701,2023-05-24,"Department of Cell and Developmental Biology, Biocentre, University of Würzburg, Wuerzburg, Germany.","Engstler M, Beneke T","GRK2157, NUM Organostrat, EN305, ALTF 727-2021, SPP1726, I-473-416.13/2018, SPP2332","Deutsche Forschungsgemeinschaft, Bundesministerium für Bildung und Forschung, Deutsche Forschungsgemeinschaft, European Molecular Biology Organization, Deutsche Forschungsgemeinschaft, German-Israeli Foundation for Scientific Research and Development, Deutsche Forschungsgemeinschaft",15,Gene editing and scalable functional genomic screening in <i>Leishmania</i> species using the CRISPR/Cas9 cytosine base editor toolbox LeishBASEedit.
40728615,2025-01-01,"School of Computer Science and Engineering, Sun Yat-sen University, Guangzhou, Guangdong, China.","Zou J, Yuan Q, Yang Y",,,0,An Online Server for Geometry-Aware Protein Function Annotations Through Predicted Structure.
39874126,2025-01-01,"College of Big Data, Yunnan Agricultural University, 452 Fengyuan Road, Panlong District, Kunming, Yunnan 650201, China.","He C, Chen L, Cao J, Zhong Y, Gao Z, Deng W, Zhang J","202005AF150096, 202102AE090019, 2017FG001-033,202301BD070001-114","Academician and Expert Workstation project, Yunnan Important Science &amp; Technology Specific Project, Agricultural Basic Research of Yunnan Province",0,BbGSD: Black-boned Sheep Genome SNP Database.
37904617,2024-01-01,"The Novo Nordisk Foundation Center for Biosustainability, Technical University of Denmark, Lyngby 2800, Denmark.","Blin K, Shaw S, Medema MH, Weber T","NNF16OC0021746, 948770-DECIPHER, Natural Products, NNF16OC0021746, 948770, DNRF137, NNF10CC1016517, NNF20CC0035580","Novo Nordisk Fonden, European Research Council, NNF Center for Biosustainability, Novo Nordisk Foundation, European Research Council, Danish National Research Foundation, Novo Nordisk Fonden, Novo Nordisk Foundation",65,"The antiSMASH database version 4: additional genomes and BGCs, new sequence-based searches and more."
39633021,2024-12-04,"School of Chemistry and Biochemistry, Georgia Institute of Technology, Atlanta, GA, 30332, USA.","Yang LY, Ping K, Luo Y, McShan AC",R35 GM150890,NIGMS NIH HHS,1,BioDolphin as a comprehensive database of lipid-protein binding interactions.
35037201,2022-01-01,"National Center for Genome Resources, Santa Fe, NM, USA.","Redsun S, Hokin S, Cameron CT, Cleary AM, Berendzen J, Dash S, Brown AV, Wilkey A, Campbell JD, Huang W, Kalberer SR, Weeks NT, Cannon SB, Farmer AD",,,9,Doing Genetic and Genomic Biology Using the Legume Information System and Associated Resources.
39377396,2025-01-01,"State Key Laboratory of Cardiology and Medical Innovation Center, Shanghai East Hospital, Frontier Science Center for Stem Cell Research, Bioinformatics Department, School of Life Sciences and Technology, Tongji University, 1239 Siping Road, Shanghai 200092, China.","Wei Z, Si D, Duan B, Gao Y, Yu Q, Zhang Z, Guo L, Liu Q","2022M722418, 2023T160485, 2021YFF1201200, T24250193, 2021SHZDZX0100, 2341008, 2021YFF1200900, 23YF1450200","China Postdoctoral Science Foundation, Shanghai Science and Technology Innovation Action Plan-Key Specialization in Computational Biology, Shanghai Excellent Academic Leader Project, China Postdoctoral Science Foundation, National Key Research and Development Program of China, Shanghai Pilot Program for Basic Research, National Natural Science Foundation of China, Shanghai Municipal Science and Technology Major Project, National Natural Science Foundation of China, Shanghai Science and Technology Innovation Action Plan—Key Specialization in Computational Biology, National Key Research and Development Program of China, Shanghai Rising-Star Program, Fundamental Research Funds for the Central Universities, Shanghai Shuguang Scholars Project",8,PerturBase: a comprehensive database for single-cell perturbation data analysis and visualization.
40366734,2025-05-01,"Department of Biosciences, Faculty of Sciences and Technology, University of Vic-Central University of Catalonia, Vic, Barcelona 08500, Spain.","Ruiz-Alías G, Soldevila S, Altafaj X, Cordomí A, Olivella M",,"European Union, Instituto de Salud Carlos III",0,Missense variants pathogenicity annotation from homologous proteins.
39493756,2024-10-17,"Department of Respiratory, Children's Hospital of Chongqing Medical University, Chongqing, China.","Peng B, Luo T, Fu X, Zhou Y, Fu Z, Wang T",,,1,Idbview: a database and interactive platform for respiratory-associated disease.
36330927,2023-01-01,"Wuxi School of Medicine, Jiangnan University, Wuxi, China.","Huang D, Feng X, Yang H, Wang J, Zhang W, Fan X, Dong X, Chen K, Yu Y, Ma X, Yi X, Li MJ","19JCQNJC09000, 2021YFC2500403, 81622007, 19JCJQJC63600, 32270717","Natural Science Foundation of Tianjin, Chinese National Key Research and Development Project, National Natural Science Foundation of China, Natural Science Foundation of Tianjin, National Natural Science Foundation of China",24,QTLbase2: an enhanced catalog of human quantitative trait loci on extensive molecular phenotypes.
38483315,2024-03-14,"Department of Computer Science, University of California, Irvine, Irvine, California 92697, United States.","Tavakoli M, Miller RJ, Angel MC, Pfeiffer MA, Gutman ES, Mood AD, Van Vranken D, Baldi P",195811,National Science Foundation,3,PMechDB: A Public Database of Elementary Polar Reaction Steps.
36864624,2023-03-01,"Department of Algorithmics and Software, Faculty of Automatic Control, Electronics and Computer Science, Silesian University of Technology, Akademicka 16, Gliwice 44-100, Poland.","Deorowicz S, Danek A, Li H","U01 HG010961, U01 HG010971, R01 HG010040","NHGRI NIH HHS, NHGRI NIH HHS, NHGRI NIH HHS, National Science Centre",17,AGC: compact representation of assembled genomes with fast queries and updates.
36932341,2023-03-17,"Thünen Institute of Fisheries Ecology, Herwigstraße 31, 27572, Bremerhaven, Germany. yassine.kasmi@thuenen.de.","Kasmi Y, Eschbach E, Hanel R",EMFF/2018/015,"Johann Heinrich von Thünen-Institut, Bundesforschungsinstitut für Ländliche Räume, Wald und Fischerei, EMFF",2,Mare-MAGE curated reference database of fish mitochondrial genes.
40100137,2025-04-01,"Protein Data Bank in Europe, European Molecular Biology Laboratory, European Bioinformatics Institute (EMBL-EBI), Cambridge, UK.","Choudhary P, Kunnakkattu IR, Nair S, Lawal DK, Pidruchna I, Afonso MQL, Fleming JR, Velankar S",BB/T01959X/1,UKRI-Biotechnology and Biological Sciences Research Council,6,PDBe tools for an in-depth analysis of small molecules in the Protein Data Bank.
34718719,2022-01-01,"College of Information Management, Nanjing Agricultural University, Nanjing, Jiangsu 210095, China.","Liu J, Yin F, Lang K, Jie W, Tan S, Duan R, Huang S, Huang W","MICL02560, KYXK2021006","USDA, Michigan State University, Fundamental Research Funds for the Central Universities",8,MetazExp: a database for gene expression and alternative splicing profiles and their analyses based on 53 615 public RNA-seq samples in 72 metazoan species.
40144382,2025-02-01,"Institute of Cytology and Genetics of the Siberian Branch of the Russian Academy of Sciences, Novosibirsk, Russia.","Podkolodnaya OA, Chadaeva IV, Filonov SV, Podkolodnyy NL, Rasskazov DA, Tverdokhleb NN, Zolotareva KA, Bogomolov AG, Kondratyuk EY, Oshchepkov DY, Ponomarenko MP",,,0,MiceDEGdb: a knowledge base on differentially expressed mouse genes as a model object in biomedical research.
34996997,2022-01-07,"School of Computer Science, McGill University and Quebec AI Institute (MILA), Montreal, Canada. bogdan.mazoure@mail.mcgill.ca.","Mazoure B, Mazoure A, Bédard J, Makarenkov V","271273, 271273","Fonds de recherche du Québec – Nature et technologies, Fonds de recherche du Québec - Nature et technologies",20,DUNEScan: a web server for uncertainty estimation in skin cancer detection with deep neural networks.
35713762,2022-06-17,"Departament de Psicologia and CRAMC, Universitat Rovira i Virgili, Carretera de Valls, s.n, 43007, Tarragona, Spain. mariadelpilar.ferre@urv.cat.","Ferré P, Haro J, Pérez-Sánchez MÁ, Moreno I, Hinojosa JA",,Universitat Rovira i Virgili,5,"Emoji-SP, the Spanish emoji database: Visual complexity, familiarity, frequency of use, clarity, and emotional valence and arousal norms for 1031 emojis."
38022524,2023-11-01,"Luxembourg Centre for Systems Biomedicine, University of Luxembourg, Esch-sur-Alzette, Luxembourg.","Acencio ML, Ostaszewski M, Mazein A, Rosenstiel P, Aden K, Mishra N, Andersen V, Sidiropoulos P, Banos A, Filia A, Rahmouni S, Finckh A, Gu W, Schneider R, Satagopam V",,,1,"The SYSCID map: a graphical and computational resource of molecular mechanisms across rheumatoid arthritis, systemic lupus erythematosus and inflammatory bowel disease."
37971715,2023-11-01,"Department of Statistics and Department of Food Science and Technology, University of Nebraska-Lincoln, 340 Hardin Hall North Wing, Lincoln, NE 68583, USA.","Clarke JL, Cooper LD, Poelchau MF, Berardini TZ, Elser J, Farmer AD, Ficklin S, Kumari S, Laporte MA, Nelson RT, Sadohara R, Selby P, Thessen AE, Whitehead B, Sen TZ","1340112 1940330 2126334, 2021-77039-35992","National Science Foundation, U.S. Department of Agriculture, New Zealand’s Ministry of Business Innovation and Employment, NIFA, CGIAR Research Initiative on Digital Innovation, New Zealand's Ministry of Business Innovation and Employment (MBIE)",4,"Data sharing and ontology use among agricultural genetics, genomics, and breeding databases and resources of the Agbiodata Consortium."
35701419,2022-06-14,"State Key Laboratory of Pharmaceutical Biotechnology, School of Life Sciences, Nanjing University, Nanjing, 210023, China.","Fu LY, Zhu T, Zhou X, Yu R, He Z, Zhang P, Wu Z, Chen M, Kaufmann K, Chen D",32070656,National Natural Science Foundation of China,64,ChIP-Hub provides an integrative platform for exploring plant regulome.
40494646,2025-06-10,"Department of Medicinal Chemistry, School of Pharmacy, Fudan University, 826 Zhangheng Road, Shanghai 201203, People's Republic of China.","Chen Z, Wang H, Wang R, Qi Y",,,0,ThermoSeek: An Integrated Web Resource for Sequence and Structural Analysis of Proteins from Thermophilic Species.
37750380,2023-09-26,"School of Computer Science and Technology, Beijing Institute of Technology, Beijing, China.","Chen S, Yan K, Liu B","2022YCXZ008, 62102030, 62271049, U22A2039, 62250028","BIT Research and Innovation Promoting Project, National Natural Science Foundation of China, National Natural Science Foundation of China, National Natural Science Foundation of China, National Natural Science Foundation of China",3,PDB-BRE: A ligand-protein interaction binding residue extractor based on Protein Data Bank.
37184712,2023-01-01,"Université de Lille, CNRS, Centrale Lille, UMR 9189 CRIStAL, Lille, France. areski.flissi@univ-lille.fr.","Flissi A, Duban M, Jacques P, Leclère V, Pupin M",,,1,Norine: Bioinformatics Methods and Tools for the Characterization of Newly Discovered Nonribosomal Peptides.
39695922,2024-12-18,"College of Biomedical Information and Engineering, Hainan Affiliated Hospital, Hainan General Hospital, Hainan Medical University, Haikou, 571199, China.","Xu D, Shen Y, Zhang N, Deng G, Zheng D, Li P, Cai J, Tian G, Wei Q, Jiang H, Xu J, Wang B, Li K","ZDKJ2021040, 32160152, 32460161, Qhys2023-489, Qhys2023-447, HYYB2023A36, HYYB2023A06","Major Science and Technology Program of Hainan Province, National Natural Science Foundation of China, Innovative research project for Graduate students in Hainan Province",0,Aging2Cancer: an integrated resource for linking aging to tumor multi-omics data.
36520016,2022-12-15,"Dipartimento di Farmacia-Scienze del Farmaco, Università degli Studi di Bari Aldo Moro, 70125Bari, Italy.","Togo MV, Mastrolorito F, Ciriaco F, Trisciuzzi D, Tondo AR, Gambacorta N, Bellantuono L, Monaco A, Leonetti F, Bellotti R, Altomare CD, Amoroso N, Nicolotti O","CCI 2014IT16M2OP005, CUP H99J21017390006, DOT19C9KX4","Comune di Bovino, Programma Operativo Nazionale Ricerca e Innovazione, Universita degli Studi di Bari Aldo Moro, Casa Sollievo della Sofferenza, European Social Fund, PIANO STRALCIO",23,TIRESIA: An eXplainable Artificial Intelligence Platform for Predicting Developmental Toxicity.
35275211,2022-05-01,"Higher Chemical College, D. Mendeleev University of Chemical Technology of Russia, Miusskaya square 9, Moscow 125047, Russia.","Scherbinina SI, Frank M, Toukach PV",18-14-00098-P,Russian Science Foundation,4,Carbohydrate Structure Database oligosaccharide conformation tool.
38978014,2024-07-08,"Guangdong Provincial Key Laboratory of Tumor Interventional Diagnosis and Treatment, Zhuhai Institute of Translational Medicine, Zhuhai People's Hospital (Zhuhai Clinical Medical College of Jinan University), Jinan University, Zhuhai, Guangdong, China.","Zhang Y, Yang Y, Ren L, Zhan M, Sun T, Zou Q, Zhang Y","TB2023012, 2023NSFSC0678, 62202069, 2023NSFSC0569, 2023M730507, 2022NSFSC1610, 62131004","Sichuan Province Postdoctoral Research Project Special Support Foundation, Natural Science Foundation of Sichuan Province, National Natural Science Foundation of China, Natural Science Foundation of Sichuan Province, China Postdoctoral Science Foundation, Natural Science Foundation of Sichuan Province, National Natural Science Foundation of China",23,Predicting intercellular communication based on metabolite-related ligand-receptor interactions with MRCLinkdb.
38738624,2024-07-01,"Chongqing Key Laboratory of Natural Product Synthesis and Drug Research, School of Pharmaceutical Sciences, Chongqing University, Chongqing 401331, China.","Wang X, Zhang Y, Li Z, Duan Z, Guo M, Wang Z, Zhu F, Xue W","2023NSCQ-MSX0140, cx2020127, 230012-01SZ, cstc2018jscx-msybX0287","Natural Science Foundation of Chongqing, Entrepreneurship and Innovation Support Plan for Chinese Overseas Students of Chongqing, Central Nervous System Drug Key Laboratory of Sichuan Province, Technology Innovation and Application Demonstration Project of Chongqing",5,PROSCA: an online platform for humanized scaffold mining facilitating rational protein engineering.
40996714,2025-01-01,"Department of Biological Sciences, Simon Fraser University, 8888 University Drive Burnaby, BC V5A 1S6, Canada.","Hutter H, Moosavi M, Mafi N",RGPIN-2023-05210,National Sciences and Engineering Research Council,0,GExplore 1.5: a comprehensive Caenorhabditis elegans database for the analysis of gene function with a new user-friendly web interface.
35274672,2022-04-01,"SenseTime Research, Shanghai 200233, China.","Wu Y, Gao M, Zeng M, Zhang J, Li M","2021RC4008, 2019CB1007, 61832019","Human Provincial Science and Technology Program, Human Provincial Science and Technology Program, National Natural Science Foundation of China",54,BridgeDPI: a novel Graph Neural Network for predicting drug-protein interactions.
38644519,2024-04-01,"Xiamen Key Laboratory of Indoor Air and Health, Key Lab of Urban Environment and Health, Institute of Urban Environment, Chinese Academy of Sciences, Xiamen, China.","Chen J, Lin JJ, Wang W, Huang H, Pan Z, Ye G, Dong S, Lin Y, Lin C, Huang Q","2021J06037, 32161143016, 2022T3063, CAS‐WX2021SF‐0302, 42177362, NO. NBSDC-DB-21, 42250410328, CAS-WX2021SF-0302","Fujian Provincial Department of Science and Technology, National Natural Science Foundation of China, Fujian Provincial Department of Science and Technology, Chinese Academy of Sciences, National Natural Science Foundation of China, National Basic Science Data Center ""Environment Health DataBase"", National Natural Science Foundation of China, Chinese Academy of Sciences",4,EV-COMM: A database of interspecies and intercellular interactions mediated by extracellular vesicles.
34985769,2022-02-05,"Key Laboratory of Gene Engineering of the Ministry of Education, State Key Laboratory of Biocontrol, School of Life Sciences, Sun Yat-Sen University, Guangzhou, China.","Huang L, Zhu H, Luo Z, Luo C, Luo L, Nong B, Zhang S, Wan C, Wang Y, Songyang Z, Xiong Y","31930058, 31871323","National Natural Science Foundation of China, National Natural Science Foundation of China",4,FPIA: A database for gene fusion profiling and interactive analyses.
37956338,2024-01-01,"Cancer Biology and Precision Therapeutics Center, China Medical University, Taichung 404328, Taiwan.","Liu CH, Lai YL, Shen PC, Liu HC, Tsai MH, Wang YD, Lin WJ, Chen FH, Li CY, Wang SC, Hung MC, Cheng WC","CMU111-MF-72, CMU112-MF-25, DMR-112-056, NSTC 111-2622-E-039-004, CMU111-IP-04, DMR-111-075, DMR-112-237, NSTC 112-2311-B-039-001","China Medical University, China Medical University, China Medical University Hospital, China Medical University, National Science and Technology Council, China Medical University, China Medical University Hospital, China Medical University Hospital, National Science and Technology Council",17,DriverDBv4: a multi-omics integration database for cancer driver gene research.
37889037,2024-01-01,"Department of Biomedical Informatics, College of Medicine, The Ohio State University, Columbus, OH 43210, USA.","Gökbağ B, Tang S, Fan K, Cheng L, Yu L, Zhao Y, Li L",P30 CA016058,"NCI NIH HHS, Ohio State University",7,SLKB: synthetic lethality knowledge base.
37953362,2024-01-01,"Institute for Research in Biomedicine (IRB Barcelona). The Barcelona Institute of Science and Technology, Barcelona, Spain.","Beltrán D, Hospital A, Gelpí JL, Orozco M","101093290, 823830, European and national (Spanish) projects, 101094651","BioExcel Centre of Excellence for Computational Biomolecular Research, BioExcel Centre of Excellence for Computational Biomolecular Research, BioExcel Centre of Excellence for Computational Biomolecular Research, European Union",19,"A new paradigm for molecular dynamics databases: the COVID-19 database, the legacy of a titanic community effort."
37530223,2023-08-02,"College of Grassland Science and Technology, Sichuan Agricultural University, Chengdu, China.","Sun M, Yan H, Zhang A, Jin Y, Lin C, Luo L, Wu B, Fan Y, Tian S, Cao X, Wang Z, Luo J, Yang Y, Jia J, Zhou P, Tang Q, Jones CS, Varshney RK, Srivastava RK, He M, Xie Z, Wang X, Feng G, Nie G, Huang D, Zhang X, Zhu F, Huang L","31771866, 32071867, CARS‐34","National Natural Science Foundation of China, National Natural Science Foundation of China, China Agricultural Research System",29,Milletdb: a multi-omics database to accelerate the research of functional genomics and molecular breeding of millets.
36464767,2023-01-01,"Department of Molecular Physiology and Biological Physics, University of Virginia, Charlottesville, Virginia, USA.","Gucwa M, Lenkiewicz J, Zheng H, Cymborowski M, Cooper DR, Murzyn K, Minor W","R01 GM117325, GM117325, GM132595, R01 GM132595","NIGMS NIH HHS, National Institutes of Health, National Institutes of Health, NIGMS NIH HHS",66,CMM-An enhanced platform for interactive validation of metal binding sites.
37391755,2023-06-30,"Pragmatic Evidence Lab, Research Center for Clinical Neuroimmunology and Neuroscience Basel (RC2NB), University Hospital Basel and University of Basel, Spitalstrasse 2, Basel, CH-4031, Switzerland.","Hirt J, Janiaud P, Düblin P, Hemkens LG",188675,"Swiss National Science Foundation, University of Basel",4,Meta-research on pragmatism of randomized trials: rationale and design of the PragMeta database.
36969452,2023-03-06,"Cooperative Innovation Center of Industrial Fermentation (Ministry of Education & Hubei Province) & Key Laboratory of Fermentation Engineering (Ministry of Education), Hubei University of Technology, Wuhan 430068, China.","Song Q, Zeng L, Zheng Q, Liu S","31971150, 2019CFA069","National Natural Science Foundation of China, Department of Science and Technology, Hubei Provincial People&apos;s Government, Hubei University of Technology",7,SCARdock: A Web Server and Manually Curated Resource for Discovering Covalent Ligands.
34500462,2022-01-01,"Research Center for Translational Medicine, Shanghai East Hospital, School of Life Sciences and Technology, Tongji University, Shanghai 200092, China.","Wang Y, Tong Y, Zhang Z, Zheng R, Huang D, Yang J, Zong H, Tan F, Xie Y, Huang H, Zhang X","81972914, 81573023, 2016YFC1303200, 22120200014, 2019-72","National Natural Science Foundation of China, National Natural Science Foundation of China, National Key Research and Development Program of China, Fundamental Research Funds for the Central Universities, Shanghai ‘Rising Stars of Medical Talent’ Youth Development Program",27,"ViMIC: a database of human disease-related virus mutations, integration sites and cis-effects."
40067093,2025-03-01,"Evolution & Ecology Research Centre, School of Biological, Earth, Environmental Sciences, UNSW Sydney, Sydney, NSW 2052, Australia.","Zhang G, Ristola P, Su H, Kumar B, Zhang B, Hu Y, Elliot MG, Drobot V, Zhu J, Staal J, Larralde M, Wang S, Yi Y, Yu H",,,1,BioArchLinux: community-driven fresh reproducible software repository for life sciences.
39033257,2024-07-21,"Department of Biotechnology and Bioinformatics, Jaypee University of Information Technology, Solan- 173234, Himachal Pradesh, India.","Yadav AK, Gupta PK, Singh TR",,,4,PMTPred: machine-learning-based prediction of protein methyltransferases using the composition of k-spaced amino acid pairs.
39571792,2024-11-19,"Center for Reproductive Medicine of the Second Affiliated Hospital, Center for Regeneration and Cell Therapy of Zhejiang University-University of Edinburgh Institute (ZJU-UoE Institute), Zhejiang University School of Medicine, Zhejiang University, Hangzhou, Zhejiang 310003, China; Edinburgh Medical School: Biomedical Sciences, College of Medicine and Veterinary Medicine, The University of Edinburgh, Edinburgh, UK.","Gu Y, Chen J, Wang Z, Shao Q, Li Z, Ye Y, Xiao X, Xiao Y, Liu W, Xie S, Tong L, Jiang J, Xiao X, Yu Y, Jin M, Wei Y, Young RS, Hou L, Chen D","Z22C129553, 32270835","Natural Science Foundation of Zhejiang Province, Zhejiang University, National Natural Science Foundation of China",3,Integrated analysis and systematic characterization of the regulatory network for human germline development.
39073878,2024-08-01,"Institut Pasteur, CNRS UMR 3525, Université Paris Cité, Unité Régulation Spatiale des Génomes, Paris 75015, France.","Serizay J, Koszul R","771813, 771813","European Research Council, European Research Council under the Horizon 2020 Program grant agreement",3,Epigenomics coverage data extraction and aggregation in R with tidyCoverage.
37925080,2023-11-02,"The Francis Crick Institute, Cortical Circuits Laboratory, London NW1 1AT, UK; The Francis Crick Institute, Making Science and Technology Platform, London NW1 1AT, UK.","Cano-Ferrer X, Tran-Van-Minh A, Rancz E","104285/B/14/Z, CC1077, FC001153, 747902, CC2036","Cancer Research UK, Wellcome Trust, Francis Crick Institute, The Francis Crick Institute, UKRI Medical Research Council, Horizon 2020, Horizon 2020 Marie Skłodowska-Curie Actions, The Francis Crick Institute, Horizon 2020 Framework Programme",4,RPM: An open-source Rotation Platform for open- and closed-loop vestibular stimulation in head-fixed Mice.
39806295,2025-01-13,"Solu Healthcare Oy, Kalevankatu 31 A 13, 00100, Helsinki, Finland. timo@solugenomics.com.","Saratto T, Visuri K, Lehtinen J, Ortega-Sanz I, Steenwyk JL, Sihvonen S",,,10,Solu: a cloud platform for real-time genomic pathogen surveillance.
36196656,2022-10-17,"Institut de biologie moléculaire des plantes-CNRS, Université de Strasbourg, 12 rue du Général Zimmer, F-67084, Strasbourg, France.","Cognat V, Pawlak G, Pflieger D, Drouard L",ANR‐17‐EURE‐0023,Agence Nationale de la Recherche,16,PlantRNA 2.0: an updated database dedicated to tRNAs of photosynthetic eukaryotes.
35039845,2022-03-01,"Shanghai Frontiers Science Center of Optogenetic Techniques for Cell Metabolism, School of Pharmacy, East China University of Science and Technology, 130 Meilong Road, Shanghai 200237, China.","Yu Z, Wu Z, Li W, Liu G, Tang Y","2019M661413, 82104066, 2016YFA 0502304, 19YF1412700, 2019YFA0904800, 82173746, BP0719034, 81872800, 2018199","China Postdoctoral Science Foundation, National Natural Science Foundation of China, Shanghai Municipal Education Commission, National Key Research and Development Program of China, Shanghai Sailing Program, National Key Research and Development Program of China, National Natural Science Foundation of China, 111 Project, National Natural Science Foundation of China, Shanghai Post-doctoral Excellence Program",7,ADENet: a novel network-based inference method for prediction of drug adverse events.
34657153,2022-01-01,"State Key Laboratory of Microbial Metabolism, Joint International Laboratory on Metabolic & Developmental Sciences, School of Life Sciences & Biotechnology, Shanghai Jiao Tong University, Shanghai 200030, China.","Zhang Y, Zhang Y, Xiong Y, Wang H, Deng Z, Song J, Ou HY","19X190020171, 32070572, 19430750600, 19JC1413000","Medicine and Engineering Interdisciplinary Research Fund of Shanghai Jiao Tong University, National Natural Science Foundation of China, Science and Technology Commission of Shanghai Municipality, Science and Technology Commission of Shanghai Municipality",17,T4SEfinder: a bioinformatics tool for genome-scale prediction of bacterial type IV secreted effectors using pre-trained protein language model.
39247978,2024-09-09,"Department of Physics, University of Auckland, New Zealand.","Douglas J, Cui H, Perona JJ, Vargas-Rodriguez O, Tyynismaa H, Carreño CA, Ling J, Ribas de Pouplana L, Yang XL, Ibba M, Becker H, Fischer F, Sissler M, Carter CW Jr, Wills PR","G-2021-16944, R35 GM139627, G‐2021‐16944","Alfred P. Sloan Foundation, Academy of Finland, Sigrid Juselius Foundation, Royal Society, Natural Sciences and Engineering Research Council of Canada, NIGMS NIH HHS, Alfred P. Sloan Foundation, CIHR, Canadian Institutes of Health Research",11,"AARS Online: A collaborative database on the structure, function, and evolution of the aminoacyl-tRNA synthetases."
37246709,2023-07-01,"Broad Institute of MIT and Harvard, Cambridge, MA, USA.","Mendelsohn S, Froelicher D, Loginov D, Bernick D, Berger B, Cho H","R01 HG010959, R01 HG010959, R01 HG010959, DP5 OD029574, RM1 HG011558, R35 GM141861, RM1 HG011558, DP5 OD029574","NHGRI NIH HHS, NIH, NIH HHS, Broad Institute’s Schmidt Fellowship, NIH, NIH, NIGMS NIH HHS, NHGRI NIH HHS, NIH HHS",8,sfkit: a web-based toolkit for secure and federated genomic analysis.
38958433,2024-07-01,"School of Bio-Sciences and Technology, Vellore Institute of Technology, Vellore Campus, Tiruvalam Road, Katpadi, Vellore, Tamil Nadu 632 014, India.","Swetha RG, Arakal BS, Rajendran S, Sekar K, Whitworth DE, Ramaiah S, James PE, Livingstone PG, Anbarasu A",Adhoc/290/2022-ECD-II,Indian Council of Medical Research,2,MyxoPortal: a database of myxobacterial genomic features.
39592652,2024-11-26,"Hannover Medical School, Institute of Virology, Hanover, Germany.","Soh TK, Ognibene S, Sanders S, Schäper R, Kaufer BB, Bosse JB","FOR5200 DEEP-DV (443644894) project KA 3492/12-1, Leibniz ScienceCampus InterACt, Leibniz ScienceCampus InterACt, Collaborative Award (209250/Z/17/Z), FOR5200 DEEP-DV (443644894) project KA 3492/12-1, 101087480, 209250/Z/17/Z, W75/2022 InterACt, W75/2022 InterACt","Wellcome Trust, Deutsche Forschungsgemeinschaft (German Research Foundation), Bundesministerium für Bildung und Forschung, Bundesministerium für Bildung und Forschung (Federal Ministry of Education and Research), Wellcome Trust, Deutsche Forschungsgemeinschaft, European Research Council, Wellcome Trust, Leibniz-Gemeinschaft, Leibniz-Gemeinschaft (Leibniz Association)",6,A proteome-wide structural systems approach reveals insights into protein families of all human herpesviruses.
39395186,2024-10-01,"Center for Supercomputing Application, Korea Institute of Science and Technology Information (KISTI), 245 Daehak-ro, Daejeon 34141, South Korea.","Paik H, Oh C, Hussain S, Seo S, Park SW, Ko TL, Lee A","KHIDI HI22C1318, K-23-L02-C04-S01, KSC-2023-CRE-0526, N-23-NT-CA01-S01,  N-23-NM-CA01-S01, NRF-2021M3H9A2030520, HI22C1318 N-23-NM-CA01-S01 N-23-NT-CA01-S01, K-23-L02-C04-S01","Health Industry Development Institute, Korea Institute of Science and Technology Information, National Supercomputing Center, Health Industry Development Institute, Korea-Bio Data Station, Korea-Bio Data Station, KHIDI, Korea Institute of Science and Technology Information (KISTI)",2,ELiAH: the atlas of E3 ligases in human tissues for targeted protein degradation with reduced off-target effect.
35234850,2022-03-01,"Faculty of Information Technology and Bionics, Pázmány Péter Catholic University, Práter u. 50/A, Budapest 1083, Hungary.","Kalman ZE, Dudola D, Mészáros B, Gáspári Z, Dobson L","TKP2020-NKA-11, NN124363, 842490","Thematic Excellence Programme, National Research, Development and Innovation Office, H2020 Marie Sklodowska-Curie Actions",4,PSINDB: the postsynaptic protein-protein interaction database.
36169225,2023-01-01,"National Genomics Data Center, Beijing Institute of Genomics, Chinese Academy of Sciences and China National Center for Bioinformation, Beijing 100101, China.","Zhang Y, Zhang H, Zhang Z, Qian Q, Zhang Z, Xiao J","32170669, 202044, 2020YFA0907001, 2021M693109, XDB38030400","National Natural Science Foundation of China, Specialized Research Assistant Program of the Chinese Academy of Sciences, National Key Research Program of China, China Postdoctoral Science Foundation, Strategic Priority Research Program of the Chinese Academy of Sciences",15,ProPan: a comprehensive database for profiling prokaryotic pan-genome dynamics.
36732606,2023-02-02,"Nutrition and Metabolism Branch, International Agency for Research on Cancer (IARC), 25 avenue Tony Garnier, CS 90627, 69366, Lyon Cedex 07, France.","Neveu V, Nicolas G, Amara A, Salek RM, Scalbert A","874627, project N0 ANR-19-CE45-0021-02, project N0 ANR-19-CE45-0021-02, 001, project N0 ANR-18-CE92-0060-01, project N0 ANR-18-CE92-0060-01, grant ID# 874627","European Research Council, Agence Nationale de la Recherche,France, Deutsche Forschungsgemeinschaft, World Health Organization, Agence Nationale de la Recherche, Deutsche Forschungsgemeinschaft, European Research Council",24,The human microbial exposome: expanding the Exposome-Explorer database with gut microbial metabolites.
37181487,2023-04-27,"Department of Intelligent Systems Engineering, Luddy School of Informatics, Computing, and Engineering, Indiana University, Bloomington, IN, United States.","Bueckle A, Qing C, Luley S, Kumar Y, Pandey N, Börner K","U24 CA268108, OT2OD026671 OT2OD033756 1U24CA268108-01 OT2 OD030545 U2CDK114886 1U01DK133090-01","NCI NIH HHS, National Institutes of Health",8,The HRA Organ Gallery affords immersive superpowers for building and exploring the Human Reference Atlas with virtual reality.
35501320,2022-05-02,"Department of Biomedical Informatics, Harvard Medical School, Boston, MA, 02115, USA.","Reiff SB, Schroeder AJ, Kırlı K, Cosolo A, Bakker C, Mercado L, Lee S, Veit AD, Balashov AK, Vitzthum C, Ronchetti W, Pitman KM, Johnson J, Ehmsen SR, Kerpedjiev P, Abdennur N, Imakaev M, Öztürk SU, Çamoğlu U, Mirny LA, Gehlenborg N, Alver BH, Park PJ","U01CA200059, U01 CA200059","U.S. Department of Health &amp; Human Services | National Institutes of Health, NCI NIH HHS",137,The 4D Nucleome Data Portal as a resource for searching and visualizing curated nucleomics data.
35536198,2022-07-01,"Department of Biological Sciences, Vanderbilt University, Nashville, TN 37235, USA.","Steenwyk JL, Buida TJ, Gonçalves C, Goltz DC, Morales G, Mead ME, LaBella AL, Chavez CM, Schmitz JE, Hadjifrangiskou M, Li Y, Rokas A","R01 AI153356, DEB-1442113, DEB-2110404, R56 AI146096, R56 AI146096, R01 AI153356","NIAID NIH HHS, Research in AR’s lab is supported by grants from the National Science Foundation, Research in AR’s lab is supported by grants from the National Science Foundation, National Institutes of Health/National Institute of Allergy and Infectious Diseases, NIAID NIH HHS, Burroughs Wellcome Fund, National Institutes of Health/National Institute of Allergy and Infectious Diseases, Howard Hughes Medical Institute through the James H. Gilliam Fellowships",24,BioKIT: a versatile toolkit for processing and analyzing diverse types of sequence data.
39402285,2024-10-15,"Biochemistry and Bioinformatics Laboratory, Department of Applied Sciences, Indian Institute of Information Technology, Allahabad, (IIIT-A), Devghat, Jhalwa, Prayagraj, Uttar Pradesh, 211012, India.","Mondal RK, Karmakar D, Pal O, Samanta SK",,,1,"AVR/I/SSAPDB: a comprehensive & specialised knowledgebase of antimicrobial peptides to combat VRSA, VISA, and VSSA."
39546046,2024-11-15,"Translational Bioinformatics Group, International Centre for Genetic Engineering and Biotechnology, New Delhi, 110067, India.","Kumar S, Shanker A, Gupta D","GoI [SR/FST/LS-1/2023/1176], grant F.No BT/PR40151/BTIS/137/5/2021, GoI [SR/FST/LS-1/2023/1176]","Fund for Improvement of S&amp;T Infrastructure (FIST) of the Department of Science &amp; Technology (DST), India, Department of Biotechnology, Ministry of Science and Technology, India, Fund for Improvement of S&T Infrastructure (FIST) of the Department of Science & Technology (DST), India",0,"pSATdb 2.0: a database of organellar common, polymorphic, and unique microsatellites."
38967205,2024-07-05,"State Key Laboratory of Medical Proteomics, Beijing Proteome Research Center, National Center for Protein Sciences (Beijing), Beijing Institute of Lifeomics, Beijing, 102206, China.","Zhang X, Ma J, Li H, Zhai Y, He F, Wang X, Li Y","32088101, 31900666, SKLP-Y202204, 2021YFA1301603","National Natural Science Foundation of China, National Natural Science Foundation of China, Independent Research Project of the State Key Laboratory of Proteomics, National Key Research and Development Program of China",0,OrganogenesisDB: A Comprehensive Database Exploring the Cell-Type Identities and Gene Expression Dynamics during Organogenesis.
38498357,2024-06-01,"Department of Urology, West China Hospital, Sichuan University.","Li J, Tang T, Wu E, Zhao J, Zong H, Wu R, Feng W, Zhang K, Wang D, Qin Y, Shen Z, Qin Y, Ren S, Zhan C, Yang L, Wei Q, Shen B",,,6,RARPKB: a knowledge-guide decision support platform for personalized robot-assisted surgery in prostate cancer.
39565917,2024-11-01,"Wellcome Sanger Institute, Hinxton, CB10 1SA, United Kingdom.","Lee C, Ünlü ES, White NFD, Almagro-Garcia J, Ariani C, Pearson RD","INV-001927, INV-068808, INV-001927","Bill &amp; Melinda Gates Foundation, Bill &amp; Melinda Gates Foundation, Bill & Melinda Gates Foundation",1,Pf-HaploAtlas: an interactive web app for spatiotemporal analysis of Plasmodium falciparum genes.
39363510,2025-05-01,"Central Laboratory, The Affiliated Panyu Central Hospital of Guangzhou Medical University, Guangzhou 511400, China.","He J, Luo 罗海涛 H, Wang 王伟 W, Bu 卜德超 D, Zou 邹正楷 Z, Wang 王浩霖 H, Tang H, Han Z, Luo W, Luo W, Shen J, Xie F, Zhao 赵屹 Y, Xiang Z",,,0,CIEC: Cross-tissue Immune Cell Type Enrichment and Expression Map Visualization for Cancer.
38630617,2024-07-01,"Department of Quantitative and Computational Biology, University of Southern California, Los Angeles, CA 90089, USA.","Mitra R, Cohen AS, Rohs R","R35GM130376, R35GM130376, R35 GM130376","National Institutes of Health, Andrew J. Viterbi Fellowship in Computational Biology and Bioinformatics, NIH HHS, NIGMS NIH HHS",4,RNAscape: geometric mapping and customizable visualization of RNA structure.
37285317,2023-06-01,"Department of Molecular and Human Genetics, Baylor College of Medicine, Houston, TX 77030, United States.","Arce JE, Welsh JA, Cook S, Tigges J, Ghiran I, Jones JC, Jackson A, Roth M, Milosavljevic A","UH3 TR002881, U54 DA049098","NCATS NIH HHS, National Institutes of Health, NIDA NIH HHS",3,The NanoFlow Repository.
36350677,2023-01-01,"TRACTION, The University of Texas MD Anderson Cancer Center, Houston, TX, USA.","Novak LC, Chou J, Colic M, Bristow CA, Hart T","P30CA16672, R35 GM130119, P30 CA016672, R35GM130119","NCI Cancer Center, NIGMS NIH HHS, NCI NIH HHS, NIGMS",7,PICKLES v3: the updated database of pooled in vitro CRISPR knockout library essentiality screens.
39290739,2024-09-03,"College of Coastal Agricultural Sciences, Guangdong Ocean University, Zhanjiang, China.","Zhou H, Meng F, Jiang W, Lu X, Zhang R, Huang A, Wu K, Deng P, Wang Y, Zhao H, Du Y, Huo J, Du X, Feng N, Zheng D",,,4,"Potassium indole-3-butyric acid affects rice's adaptability to salt stress by regulating carbon metabolism, transcription factor genes expression, and biosynthesis of secondary metabolites."
39558177,2025-01-01,"School of Traditional Chinese Medicine, Beijing University of Chinese Medicine, Chaoyang District, Beijing 100029, China.","Gao K, Liu L, Lei S, Li Z, Huo P, Wang Z, Dong L, Deng W, Bu D, Zeng X, Li C, Zhao Y, Zhang W, Wang W, Wu Y","92474204, 2024Z229, 2021YFC2500203, 2023030615, 32070670, L222007, 2024020919, 2021YFC2500203, GZNL2023A03001, 32341019","National Natural Science Foundation of China, Ningbo Science and Technology Innovation Yongjiang 2035 Project, National Key R&amp;D Program of China, Ningbo major project for high-level medical and healthcare teams, National Natural Science Foundation of China, Beijing Natural Science Foundation, Ningbo major project for high-level medical and healthcare teams, National Key R&D Program of China, Major Project of Guangzhou National Laboratory, National Natural Science Foundation of China",10,HERB 2.0: an updated database integrating clinical and experimental evidence for traditional Chinese medicine.
37294807,2023-06-01,"Department of Chemistry, University of Wisconsin-Madison, Madison, WI 53705, United States.","Larson EJ, Pergande MR, Moss ME, Rossler KJ, Wenger RK, Krichel B, Josyer H, Melby JA, Roberts DS, Pike K, Shi Z, Chan HJ, Knight B, Rogers HT, Brown KA, Ong IM, Jeong K, Marty MT, McIlwain SJ, Ge Y","T32 HL007936, KL2 TR002374, R01 GM125085, UL1 TR002373, R01 GM125085, R01 GM125085, T32 HL110853","NHLBI NIH HHS, NCATS NIH HHS, NIH HHS, NCATS NIH HHS, NIGMS NIH HHS, National Institutes of Health, NHLBI NIH HHS",27,MASH Native: a unified solution for native top-down proteomics data processing.
38713862,2024-05-01,"Adaptive Oncology, Ontario Institute for Cancer Research, 661 University Avenue Suite 510, Toronto, ON M5G 0A3, Canada.","Orlic-Milacic M, Rothfels K, Matthews L, Wright A, Jassal B, Shamovsky V, Trinh Q, Gillespie ME, Sevilla C, Tiwari K, Ragueneau E, Gong C, Stephan R, May B, Haw R, Weiser J, Beavers D, Conley P, Hermjakob H, Stein LD, D'Eustachio P, Wu G","GL2, U24 HG012198, PSIMEX 223411, U41 HG003751, P41HG003751 U01CA239069 U54GM114833, 1U24HG012198 U41HG003751, U54 GM114833, P41HG003751 U01CA239069 U54GM114833, 1U24HG012198 U41HG003751","Ontario Research, Ontario Research (GL2) Fund, Open Targets, NHGRI NIH HHS, European Bioinformatics Institute, European Commission, NHGRI NIH HHS, Centre for Therapeutic Target Validation, National Institutes of Health, Google Summer of Code Program, Open Targets (The Target Validation Platform), NHGRI NIH HHS, NIGMS NIH HHS, Medicine by Design, NIH HHS, National Human Genome Research Institute, Medicine by Design (University of Toronto)",3,"Pathway-based, reaction-specific annotation of disease variants for elucidation of molecular phenotypes."
38623560,2024-03-24,"Department of Bioinformatics, School of Basic Medical Sciences, Southern Medical University, 510515 Guangzhou, China.","Zheng H, Xu L, Xie H, Xie J, Ma Y, Hu Y, Wu L, Chen J, Wang M, Yi Y, Huang Y, Wang D",,"National Key Research and Development Program of China Stem Cell and Translational Research, National Natural Science Foundation of China",1,RIscoper 2.0: A deep learning tool to extract RNA biomedical relation sentences from literature.
37850649,2024-01-01,"The Center of Gerontology and Geriatrics and West China Biomedical Big Data Centre, West China Hospital, Sichuan University, Chengdu, Sichuan 610041, PR China.","Huang K, Liu X, Zhang Z, Wang T, Xu H, Li Q, Jia Y, Huang L, Kim P, Zhou X","2217515, R01CA241930, U01AR069395-01A1, R01 GM123037, R01GM123037, R01 CA241930, R35GM138184, 2019HXFH022, R01GM123037, U01 AR069395, R35 GM138184, 139170052","NSF, Sichuan University, NIH, NIH, NIGMS NIH HHS, NIH HHS, NCI NIH HHS, NIH, Clinical Research Incubation, NIH, NIAMS NIH HHS, NIGMS NIH HHS, Center of Excellence-International Collaboration Initiative",2,AgeAnnoMO: a knowledgebase of multi-omics annotation for animal aging.
37004080,2023-03-31,"Department of Laboratory Medicine, Third Affiliated Hospital of Zhengzhou University, 7 Kangfu Qian Street, Zhengzhou, 450052, Henan, People's Republic of China. yangfangscu@gmail.com.","Fang Y, Gao J, Guo Y, Li X, Yuan E, Yuan E, Song L, Shi Q, Yu H, Zhao D, Zhang L",2021080,This work is supported by the PhD research startup foundation of the Third Affiliated Hospital of Zhengzhou University,0,Allelic phenotype prediction of phenylketonuria based on the machine learning method.
39827990,2025-01-17,"Institute of Cardiovascular Sciences, Shanghai Engineering Research Center of Organ Repair, Joint International Research Laboratory of Biomaterials and Biotechnology in Organ Repair (Ministry of Education), School of Life Science, Shanghai University, Shanghai 200444, China; Cardiac Regeneration and Ageing Lab, Institute of Geriatrics (Shanghai University), Affiliated Nantong Hospital of Shanghai University (The Sixth People's Hospital of Nantong), School of Medicine, Shanghai University, Nantong 226011, China.","Pan L, Ai S, Shi X, Tong X, Spanos M, Li G, Cretoiu D, Gao J, Zhou Q, Xiao J","82225005, 19SG34, 20DZ2255400, 82020108002, 23410750100, 81970335, 21XD1421300, 82200321","National Natural Science Foundation of China, Shanghai Municipal Education Commission, Science and Technology Commission of Shanghai Municipality, National Natural Science Foundation of China, Science and Technology Commission of Shanghai Municipality, National Natural Science Foundation of China, Science and Technology Commission of Shanghai Municipality, National Natural Science Foundation of China",4,ExerGeneDB: A physical exercise-regulated differential gene expression database.
35150127,2022-02-01,"Key Laboratory for Biomechanics and Mechanobiology of Ministry of Education, Beijing Advanced Innovation Centre for Biomedical Engineering, School of Engineering Medicine, School of Biological Science and Medical Engineering, Beihang University, No.37 Xueyuan Road, Haidian District, Beijing 100083, P. R. China.","Li W, Sun T, Li M, He Y, Li L, Wang L, Wang H, Li J, Wen H, Liu Y, Chen Y, Fan Y, Xin B, Zhang J","YBF/11421202, JZ, JZ, YBF/11827803","National Natural Science Foundation of China, Program for High-Level Overseas Talents, Beihang University, Youth Thousand Scholar Program of China, National Natural Science Foundation of China",9,GNIFdb: a neoantigen intrinsic feature database for glioma.
38327356,2023-05-10,"Stony Brook University, ., United States of America Stony Brook University . United States of America.","Che-Castaldo C, Humphries G, Lynch H",,,3,"Antarctic Penguin Biogeography Project: Database of abundance and distribution for the Adélie, chinstrap, gentoo, emperor, macaroni and king penguin south of 60 S."
38018256,2024-01-01,,,"2018M632830, 2018YFA0900700, 2018YFD1000505, 2019M652623, 2019YFA0801801, 2021YFC0863300, 2021YFF0703703, 2022ZD0401701, 2023YFC3041500, 31801113, 31970647, 32200529, 91940303, FCC/1/1976-18-01, REI/1/0018-01-01, SQ2017YFSF090210, 2018134, 2018YFA0900704, 2018YFC0910400, 202044, 2020B1111170004, 2021038, 2021YFF0703701, 31822030, 31970633, 32000475, 32061143024, 32170669, 82170542, ANSO-CR-KP-2022-09, URF/1/4098-01-01, XDB38030100, XDB38030400, 2017SHZDZX01, 2020YFA0907001, 31871294, 31970565, 62002388, 82161148009, URF/1/4352-01-01, XDB38010401, 2019ZT08Y464, 2019ZT08Y464, 2021YFC2301502, 31961130380, ANSO-PA-2020-07, B18059, FCC/1/1976-25-01, FCC/1/1976-26-01, REI/1/4473-01-01, XDA16021403, XDB38030000, 2021YFF0703700, 2021YFF0703704, 31801104, 31871328, 31930021, 32100506, 32100520, 32270718, 91940306, CAS-WX2021SF-0307, FCC/1/1976-23-01, KFJ-BRP-009, QYZDJ-SSW-SYS009, REI/1/4742-01-01, XDA12030100, XDA19050302, XDB38030200, ZJ2018-ZD-013, 1470330, 2017141, 2018YFC1406902, 2018YFC2000100, 2019104, 2022098, 2023110, 2023YFC3041500, 32100511, KFZD-SW-219-5, REI/1/4216-01-01, SQ2017YFSF090210, URF/1/4379-01-01, 2018FY10080002, 2018YFA0801405, 2018YFC0310602, 2019FY100102, 2021YFF0703702, 31970634, 32030021, FCC/1/1976-18-01, REI/1/4437-01-01, WX145XQ07-04, XDB38040300, 153D31KYSB20170121, 2018YFA0903700, 2018wk4001, 2019kfyRCPY043, 2021M693109, 2021YFF0704500, 31801154, 31871281, 32025009, 82000536, 82270126, KFJ-BRP-017-79, XDA24040201, XDB38000000, XDB38010400, XDB38030202","China Postdoctoral Science Foundation, National Key Research &amp; Development Program of China, National Key Research &amp; Development Program of China, China Postdoctoral Science Foundation, National Key Research &amp; Development Program of China, National Key Research &amp; Development Program of China, National Key Research &amp; Development Program of China, National Key Clinical Discipline and the Informatization Plan of Chinese Academy of Sciences, National Key Research &amp; Development Program of China, National Natural Science Foundation of China, National Natural Science Foundation of China, National Natural Science Foundation of China, National Natural Science Foundation of China, King Abdullah University of Science and Technology (KAUST) Office of Sponsored Research (OSR), King Abdullah University of Science and Technology (KAUST) Office of Sponsored Research, The Special Project on Precision Medicine under the National Key R&amp;D Program, The Youth Innovation Promotion Association of the Chinese Academy of Sciences, National Key Research &amp; Development Program of China, National Key Research &amp; Development Program of China, Specialized Research Assistant Program of the Chinese Academy of Sciences, Guangdong Provincial Clinical Research Center for Digestive Diseases, The Youth Innovation Promotion Association of the Chinese Academy of Sciences, National Key Research &amp; Development Program of China, National Natural Science Foundation of China, National Natural Science Foundation of China, National Natural Science Foundation of China, International Cooperation and Exchange of the National Natural Science Foundation of China, National Natural Science Foundation of China, National Natural Science Foundation of China, The Professional Association of the Alliance of International Science Organizations, King Abdullah University of Science and Technology (KAUST) Office of Sponsored Research, Chinese Academy of Sciences, Chinese Academy of Sciences, Strategic Priority Research Program of the Chinese Academy of Sciences, Shanghai Municipal Science and Technology Major Project, National Key Research &amp; Development Program of China, National Natural Science Foundation of China, National Natural Science Foundation of China, National Natural Science Foundation of China, National Natural Science Foundation of China, King Abdullah University of Science and Technology (KAUST) Office of Sponsored Research, Chinese Academy of Sciences, Guangdong Province 'Pearl River Talent Plan' Innovation and Entrepreneurship Team Project, Guangdong Province ‘Pearl River Talent Plan’ Innovation and Entrepreneurship Team Project, National Key Research &amp; Development Program of China, National Natural Science Foundation of China, The Professional Association of the Alliance of International Science Organizations, Key Research Program of the Chinese Academy of Sciences, King Abdullah University of Science and Technology (KAUST) Office of Sponsored Research, King Abdullah University of Science and Technology (KAUST) Office of Sponsored Research, King Abdullah University of Science and Technology (KAUST) Office of Sponsored Research, Chinese Academy of Sciences, Chinese Academy of Sciences, National Key Research &amp; Development Program of China, National Key Research &amp; Development Program of China, National Natural Science Foundation of China, National Natural Science Foundation of China, National Natural Science Foundation of China, National Natural Science Foundation of China, National Natural Science Foundation of China, National Natural Science Foundation of China, National Natural Science Foundation of China, National Key Clinical Discipline and the Informatization Plan of Chinese Academy of Sciences, King Abdullah University of Science and Technology (KAUST) Office of Sponsored Research, Chinese Academy of Sciences, Key Research Program of Frontier Sciences of the Chinese Academy of Sciences, King Abdullah University of Science and Technology (KAUST) Office of Sponsored Research, Chinese Academy of Sciences, Chinese Academy of Sciences, Chinese Academy of Sciences, Key Research Program of the Chinese Academy of Sciences, National Natural Science Foundation of China, The Youth Innovation Promotion Association of the Chinese Academy of Sciences, National Key Research &amp; Development Program of China, National Key Research &amp; Development Program of China, The Youth Innovation Promotion Association of the Chinese Academy of Sciences, The Youth Innovation Promotion Association of the Chinese Academy of Sciences, The Youth Innovation Promotion Association of the Chinese Academy of Sciences, National Key Research & Development Program of China, National Natural Science Foundation of China, Key Research Program of the Chinese Academy of Sciences, King Abdullah University of Science and Technology (KAUST) Office of Sponsored Research, The Special Project on Precision Medicine under the National Key R&D Program, King Abdullah University of Science and Technology (KAUST) Office of Sponsored Research, Funds for Basic Resources Investigation Research of the Ministry of Science and Technology, National Key Research &amp; Development Program of China, National Key Research &amp; Development Program of China, Special Project on National Science and Technology Basic Resources Investigation, National Key Research &amp; Development Program of China, National Natural Science Foundation of China, National Natural Science Foundation of China, King Abdullah University of Science and Technology (KAUST) Office of Sponsored Research, King Abdullah University of Science and Technology (KAUST) Office of Sponsored Research, Genomics Data Center Construction of Chinese Academy of Sciences, Chinese Academy of Sciences, International Partnership Program of the Chinese Academy of Sciences, National Key Research &amp; Development Program of China, Key Research Program of the Chinese Academy of Sciences, Fundamental Research Funds for the Central Universities, China Postdoctoral Science Foundation, National Key Research &amp; Development Program of China, National Natural Science Foundation of China, National Natural Science Foundation of China, National Natural Science Foundation of China, National Natural Science Foundation of China, National Natural Science Foundation of China, Chinese Academy of Sciences, Chinese Academy of Sciences, Chinese Academy of Sciences, Chinese Academy of Sciences, Chinese Academy of Sciences",210,"Database Resources of the National Genomics Data Center, China National Center for Bioinformation in 2024."
38213027,2024-01-11,"Biology Department, Pennsylvania State University, 208 Mueller Laboratory, University Park, PA 16802, USA. Electronic address: aaf11@psu.edu.","Ferrero-Serrano Á, Chakravorty D, Kirven KJ, Assmann SM","R01 GM126079, NSF-IOS-2122357, R35 GM153492, T32 GM102057, 5R01GM126079, 5T32GM102057, US9434957B2","NIGMS NIH HHS, NIH, NIGMS NIH HHS, NIGMS NIH HHS, NIH, NIH, National Institute of General Medical Sciences, NSF, Pennsylvania State University",10,Oryza CLIMtools: A genome-environment association resource reveals adaptive roles for heterotrimeric G proteins in the regulation of rice agronomic traits.
39956358,2025-02-15,"Computational Biology Program, The University of Kansas, Lawrence, KS 66045, United States.","Collins KW, Copeland MM, Kundrotas PJ, Vakser IA","DBI 2224122, R01GM074255, 2414147","National Science Foundation, National Institutes of Health, National Science Foundation",2,Dockground: The Resource Expands to Protein-RNA Interactome.
39722525,2024-12-01,"School of Biological Engineering, Tianjin University of Science & Technology, Tianjin 300457, China.","Huang R, Zhang H, Wu M, Men Z, Chu H, Bai J, Chang H, Cheng J, Liao X, Liu Y, Song Y, Jiang H",,,0,[AcidBasePred: a protein acid-base tolerance prediction platform based on deep learning].
39215721,2024-08-31,"Institute of Bioinformatics and Applied Biotechnology (IBAB), Electronic City Phase 1, Bengaluru 560100, KA, India.","Vishwakarma A, Padmashali N, Thiyagarajan S",,,1,AnnoDUF: A Web-Based Tool for Annotating Functions of Proteins Having Domains of Unknown Function.
39686909,2024-11-01,"Laboratório de Química e Função de Proteínas e Peptídeos, Centro de Biociências e Biotecnologia, Universidade Estadual do Norte Fluminense Darcy Ribeiro, Campos dos Goytacazes, RJ, Brazil.","Barbosa-Xavier K, Pedrosa-Silva F, Almeida-Silva F, Venancio TM",,"Fundação Carlos Chagas Filho de Amparo à Pesquisa do Estado do Rio de Janeiro, Coordenação de Aperfeiçoamento de Pessoal de Nível Superior, Conselho Nacional de Desenvolvimento Científico e Tecnológico",2,Cannabis Expression Atlas: a comprehensive resource for integrative analysis of Cannabis sativa L. gene expression.
38587202,2024-07-01,"INRAE, LPGP, Rennes, France.","Montfort J, Hervas-Sotomayor F, Le Cam A, Murat F",ANR-23-CE13-0008,ANR,0,FEVER: an interactive web-based resource for evolutionary transcriptomics across fishes.
36961332,2023-04-01,"Interdisciplinary Program in Bioinformatics, Seoul National University, Seoul 08826, South Korea.","Kim H, Mirdita M, Steinegger M","2021R1C1C102065, 2021M3A9I4021220, 2019R1A6A1A10073437, 2020M3A9G7103933","National Research Foundation of Korea, National Research Foundation of Korea, National Research Foundation of Korea, National Research Foundation of Korea",15,Foldcomp: a library and format for compressing and indexing large protein structure sets.
36355452,2023-01-01,"Department of Internal Medicine, Comprehensive Cancer Center, University of New Mexico, Albuquerque, NM 87109, USA.","Jiang L, Yu H, Tang J, Guo Y","R01ES030993-01A1, P30 CA118100, P30CA118100, R01 ES030993","Cancer Center Support, NCI NIH HHS, Cancer Center Support, NIEHS NIH HHS, National Cancer Institute",1,CoMutDB: the landscape of somatic mutation co-occurrence in cancers.
39558175,2025-01-01,"State Key Laboratory of Reproductive Medicine and Offspring Health, Nanjing Medical University, Nanjing 211166, China.","Huang C, Liu Z, Guo Y, Wang W, Yuan Z, Guan Y, Pan D, Hu Z, Sun L, Fu Z, Bian S","82172956, KY116RC20200007, 82173059, 2020QNRC001","National Natural Science Foundation of China, Nanjing Medical University, National Natural Science Foundation of China, China Association for Science and Technology",13,scCancerExplorer: a comprehensive database for interactively exploring single-cell multi-omics data of human pan-cancer.
38842945,2024-07-01,"Warsaw School of Economics, Al. Niepodleglosci 162, 02-554 Warsaw, Poland.","Rubach P, Sikora M, Jarmolinska AI, Perlinska AP, Sulkowska JI","#UMO-2021/43/I/NZ1/03341, UMO-2022/47/B/NZ1/03480, UMO-2018/31/B/NZ1/04016","Narodowe Centrum Nauki, Narodowe Centrum Nauki, Narodowe Centrum Nauki",7,AlphaKnot 2.0: a web server for the visualization of proteins' knotting and a database of knotted AlphaFold-predicted models.
35189131,2022-02-18,"European Molecular Biology Laboratory, European Bioinformatics Institute, EMBL-EBI, Wellcome Genome Campus, Hinxton, Cambridge CB10 1SD, UK. Electronic address: matthewh@ebi.ac.uk.","Hartley M, Kleywegt GJ, Patwardhan A, Sarkans U, Swedlow JR, Brazma A","BB/E001653/1, BB/G000638/1, MR/P019544/1, BB/G022755/1, BB/R015082/1, MR/L007835/1, BB/R015384/1","Biotechnology and Biological Sciences Research Council, Biotechnology and Biological Sciences Research Council, Medical Research Council, Biotechnology and Biological Sciences Research Council, Biotechnology and Biological Sciences Research Council, Medical Research Council, Biotechnology and Biological Sciences Research Council",93,The BioImage Archive - Building a Home for Life-Sciences Microscopy Data.
39436044,2025-01-01,"Department of Fundamental Microbiology, Faculty of Biology and Medicine, University of Lausanne, Biophore Building, 1015, Lausanne, Switzerland.","Janssen AB, Gibson PS, Bravo AM, de Bakker V, Slager J, Veening JW","TMPFP3_210 202, 310 030_192 517, 310 030_200, 51NF40_180 541 792, R36 DP001322","Swiss National Science Foundation, Swiss National Science Foundation, Faculty of Biology and Medicine of the University of Lausanne, Swiss National Science Foundation, Swiss National Science Foundation, NCCDPHP CDC HHS",13,PneumoBrowse 2: an integrated visual platform for curated genome annotation and multiomics data analysis of Streptococcus pneumoniae.
40623106,2025-07-07,"Sarafan ChEM-H Institute, Stanford University, Stanford, California, United States of America.","McCausland JW, Kloos ZA, Irnov I, Sonnert ND, Zhou J, Putnik R, Mueller EA, Steere AC, Palm NW, Grimes CL, Jacobs-Wagner C","R10-9, GM007205, R01GM138599, R01 GM138599, T32 GM007205","Stanford Bio-X Interdisciplinary Initiatives Seed Grants Program, National Institutes of Health, National Institutes of Health, Younger Family, NIGMS NIH HHS, NIGMS NIH HHS, Howard Hughes Medical Institute, James D. Jamieson and Family M.D.-Ph.D. Scholarship Fund",2,Bacterial and host enzymes modulate the pro-inflammatory response elicited by the peptidoglycan of Lyme disease agent Borrelia burgdorferi.
35411045,2022-04-11,"Laboratory for Structural and Computational Proteomics, Carlos Chagas Institute, Fiocruz Paraná, Curitiba, Brazil.","Santos MDM, Lima DB, Fischer JSG, Clasen MA, Kurt LU, Camillo-Andrade AC, Monteiro LC, de Aquino PF, Neves-Ferreira AGC, Valente RH, Trugilho MRO, Brunoro GVF, Souza TACB, Santos RM, Batista M, Gozzo FC, Durán R, Yates JR 3rd, Barbosa VC, Carvalho PC","P41 GM103533, 304523/2019-4, 308930/2020-7, 300987/2019-6","NIGMS NIH HHS, Coordenação de Aperfeiçoamento de Pessoal de Nível Superior, Ministry of Science, Technology and Innovation | Conselho Nacional de Desenvolvimento Científico e Tecnológico, Ministry of Science, Technology and Innovation | Conselho Nacional de Desenvolvimento Científico e Tecnológico",51,"Simple, efficient and thorough shotgun proteomic analysis with PatternLab V."
37811892,2024-01-01,"Institute for Fundamental Biomedical Research, BSRC ""Alexander Fleming"", Vari, 16672, Greece.","Baltoumas FA, Karatzas E, Liu S, Ovchinnikov S, Sofianatos Y, Chen IM, Kyrpides NC, Pavlopoulos GA","1855-BOLOGNA, 838018, DE-AC02-05CH11231","Fondation Sante, HFRI, Marie Sklodowska-Curie, U.S. Department of Energy Joint Genome Institute, U.S. Department of Energy",14,NMPFamsDB: a database of novel protein families from microbial metagenomes and metatranscriptomes.
37356905,2023-03-24,"Centre for Integrative Systems Biology and Bioinformatics, Department of Life Sciences, Imperial College London, London SW7 2AZ, UK.","Pennica C, Hanna G, Islam SA, Sternberg MJE, David A","218242, 218242/Z/19/Z, 104955/Z/14/Z, BB/P023959/1, 104955, BB/T010487/1","Wellcome Trust, Wellcome Trust, Wellcome Trust, Biotechnology and Biological Sciences Research Council, Wellcome Trust, Biotechnology and Biological Sciences Research Council",14,Missense3D-PPI: A Web Resource to Predict the Impact of Missense Variants at Protein Interfaces Using 3D Structural Data.
35640594,2022-07-01,"Bioinformatics Institute, 30 Biopolis Street, #07-01, Matrix 138671, Singapore.","Nguyen MN, Krutz NL, Limviphuvadh V, Lopata AL, Gerberick GF, Maurer-Stroh S","APG2013/096, H2001a0P14","Industry Alignment Fund, Agency for Science, Technology and Research",84,AllerCatPro 2.0: a web server for predicting protein allergenicity potential.
37759106,2023-09-27,"Global Brain Health Institute, University of California, 505 Parnassus Ave, San Francisco, CA, 94143, USA. adolfo.garcia@gbhi.org.","García AM, Johann F, Echegoyen R, Calcaterra C, Riera P, Belloli L, Carrillo F","P01 AG019724, R01 AG057234, R01 AG075775","NIA NIH HHS, NIA NIH HHS, NIA NIH HHS",13,Toolkit to Examine Lifelike Language (TELL): An app to capture speech and language markers of neurodegeneration.
34718720,2022-01-01,"National Genomics Data Center & CAS Key Laboratory of Genome Sciences and Information, Beijing Institute of Genomics, Chinese Academy of Sciences, Beijing 100101, China.","Liu L, Zhang Y, Niu G, Li Q, Li Z, Zhu T, Feng C, Liu X, Zhang Y, Xu T, Chen R, Teng X, Zhang R, Zou D, Ma L, Zhang Z","XDB38030400, 2019104, 31871328, 2017YFC0907502, XDA19050302, 32030021","Strategic Priority Research Program of the Chinese Academy of Sciences, Youth Innovation Promotion Association of Chinese Academy of Sciences, National Natural Science Foundation of China, National Key Research and Development Program of China, Strategic Priority Research Program of the Chinese Academy of Sciences, National Natural Science Foundation of China",14,BrainBase: a curated knowledgebase for brain diseases.
37738400,2023-09-01,"Graduate Institute of Biomedical Informatics, College of Medical Science and Technology, Taipei Medical University, Taipei, Taiwan 11031.","Lim HG, Fann YC, Lee YG","17X146, HHSN261201400008C, NS009443-01, 75N91019D00024, 75N91019D00024, HHSN261201500003I, HHSN261201500003I, HHSN261201400008C, 111-2221-E-038-027, ZIC NS009443","National Institutes of Health, National Institutes of Health, National Institutes of Health of Bethesda, National Institutes of Health, Seven Bridges Cancer Research Data Commons Cloud Resource, NCI NIH HHS, NCI NIH HHS, National Institutes of Health, National Cancer Institute, National Institute of Neurological Disorders and Stroke, NIH HHS, National Science and Technology Council of the Taiwanese Government, Intramural NIH HHS",1,COWID: an efficient cloud-based genomics workflow for scalable identification of SARS-COV-2.
35765648,2022-06-06,"Semmelweis University, Department of Bioinformatics and 2 Department of Pediatrics, Budapest H-1094, Hungary.","Tibor Fekete J, Győrffy B","FIEK_16-1-2016-0005, 2020-1.1.6-JÖVŐ-2021-00013","Nemzeti Kutatási Fejlesztési és Innovációs Hivatal, Innovációs és Technológiai Minisztérium, Nemzeti Kutatási Fejlesztési és Innovációs Hivatal, Semmelweis Egyetem",22,A unified platform enabling biomarker ranking and validation for 1562 drugs using transcriptomic data of 1250 cancer cell lines.
37967105,2023-11-15,"Laboratory for Structural and Computational Proteomics-Carlos Chagas Institute, Fiocruz Paraná, Curitiba, PR, Brazil.","Verissimo DCA, Camillo-Andrade AC, Santos MDM, Sprengel SL, Zanine SC, Borba LAB, Carvalho PC, da G Fischer JS",0000,Fundação Oswaldo Cruz,1,Proteomics reveals differentially regulated pathways when comparing grade 2 and 4 astrocytomas.
36322519,2022-11-02,"Association for Cultural Equity (ACE), Hunter College, New York City, NY, United States of America.","Wood ALC, Kirby KR, Ember CR, Silbert S, Passmore S, Daikoku H, McBride J, Paulay F, Flory MJ, Szinger J, D'Arcangelo G, Bradley KK, Guarino M, Atayeva M, Rifkin J, Baron V, El Hajli M, Szinger M, Savage PE",19KK0064,"Keio Global Research Institute and Keio Gijuku Academic Development Fund, Japan Society for the Promotion of Science",10,The Global Jukebox: A public database of performing arts and culture.
39013340,2024-07-15,"Department de Lenguajes y Ciencias de la Computación, ITIS Software, Universidad de Málaga, Málaga, 29071, Spain. Electronic address: adrianseor.99@uma.es.","Segura-Ortiz A, García-Nieto J, Aldana-Montes JF, Navas-Delgado I",,,2,Multi-objective context-guided consensus of a massive array of techniques for the inference of Gene Regulatory Networks.
39237206,2024-05-20,"Biomedicine Discovery Institute, Monash University, VIC 3800, Australia; Centre to Impact AMR, Monash University, VIC 3800, Australia.","Li J, Ren J, Dai W, Stubenrauch C, Finn RD, Wang J","ALTF 400-2022, DE230100700","European Molecular Biology Laboratory, University of Cambridge, European Molecular Biology Organization, Australian Research Council",5,Fungtion: A Server for Predicting and Visualizing Fungal Effector Proteins.
37000408,2023-03-31,"College of Intelligence and Computing, Tianjin University, Tianjin, 300350, China.","Wang RH, Luo T, Guo YP, Yang ZX, Zhang HY, Hao HY, Du PF",61872268,National Natural Science Foundation of China,2,dbMisLoc: A Manually Curated Database of Conditional Protein Mis-localization Events.
37528331,2023-08-01,"Qian Xuesen Collaborative Research Center of Astrochemistry and Space Life Sciences, Institute of Drug Discovery Technology, Ningbo University, Ningbo, 315211, China.","Wang S, Wang J, Zeng X, Wang T, Yu Z, Wei Y, Cai M, Zhuoma D, Chu XY, Chen YZ, Zhao Y","TKTSPY-2020-04-03, 215-432000282, 215-432094250","the Space Exploration Breeding Grant of Qian Xuesen Lab, Scientific Research Grant of Ningbo University, Ningbo Top Talent Project",3,Database of space life investigations and information on spaceflight plant biology.
36474016,2022-12-06,"Center for Informational Biology, School of Life Science and Technology, University of Electronic Science and Technology of China (UESTC), No. 2006 Xiyuan Ave, West Hi-Tech Zone, Chengdu, 611731, China.","Lin J, Wen L, Zhou Y, Wang S, Ye H, Su J, Li J, Shu J, Huang J, Zhou P","23NSFSC0323, 62071099, ZYGX2021YGLH209, 22YJA760073","Natural Science Foundation of Sichuan Province, National Natural Science Foundation of China, the Medicine-Engineering Interdisciplinary Foundation of UESTC/SPPH, Humanities and Social Sciences Planning Project of the Ministry of Education",15,PepQSAR: a comprehensive data source and information platform for peptide quantitative structure-activity relationships.
39158353,2025-01-01,"Department of Surgery, University of California San Francisco, San Francisco, CA 94158, United States.","Northrop A, Christofferson A, Umashankar S, Melisko M, Castillo P, Brown T, Heditsian D, Brain S, Simmons C, Hieken T, Ruddy KJ, Mainor C, Afghahi A, Tevis S, Blaes A, Kang I, Asare A, Esserman L, Hershman DL, Basu A","P01 CA210961, P01CA210961, R01CA267977, P30 CA077598, R01 CA267977, P30CA077598, R01 CA277714, R13 CA278261, R21 AG080503","NCI NIH HHS, NIH HHS, NIH HHS, Gilead, Caris Life Sciences, and Daiichi Sankyo, William K. Bowes, Jr. Foundation, Give Breast Cancer the Boot, QLHC, NCI NIH HHS, NCI NIH HHS, Genentech and SkylineDX BV, Blue Cross Blue Shield, Safeway Foundation, University of Minnesota Cancer Center, Quantum Leap Healthcare Collaborative, NCI NIH HHS, Breast Cancer Research Foundation, NCI NIH HHS, NIA NIH HHS",0,Implementation and impact of an electronic patient reported outcomes system in a phase II multi-site adaptive platform clinical trial for early-stage breast cancer.
37850641,2024-01-01,"Department of Biology, University of Konstanz, 78464 Konstanz, Germany.","Barquin M, Kouzel IU, Ehrmann B, Basler M, Gruber AJ","524608588, GR 6074/4-1","Deutsche Forschungsgemeinschaft, Deutsche Forschungsgemeinschaft, University of Konstanz",4,scTEA-db: a comprehensive database of novel terminal exon isoforms identified from human single cell transcriptomes.
34586379,2022-01-01,"Instituto de Investigación en Informática (LIDI), Facultad de Informática, Universidad Nacional de La Plata, La Plata B1900, Argentina.","Camele G, Menazzi S, Chanfreau H, Marraco A, Hasperué W, Butti MD, Abba MC",PICT-2018-01403,"Universidad Abierta Interamericana (UAI) and Universidad Nacional de La Plata, Universidad Abierta Interamericana (UAI) and Universidad Nacional de La Plata (UNLP), National Agency of Scientific and Technological Promotion",0,Multiomix: a cloud-based platform to infer cancer genomic and epigenomic events associated with gene expression modulation.
37986215,2024-01-01,"Université Paris Cité and Université des Antilles and Université de la Réunion, INSERM, BIGR, F-75014 Paris, France.","Vander Meersche Y, Cretin G, Gheeraert A, Gelly JC, Galochkina T","A0110712053, A0110712053, A0090712053, A0140712053, ANR-21-CE45-0019, A0090712053, ANR-18-IDEX-0001","TGCC, Ministry of Research (France), TGCC (Très Grand Centre de Calcul), Université Paris Cité, CINES (Centre informatique national de l'enseignement supérieur), TGCC, French National Research Agency, Ministry of Research, National Institute for Health and Medical Research, CINES, IdEx, GENCI, National Institute for Health and Medical Research (INSERM, France)",46,ATLAS: protein flexibility description from atomistic molecular dynamics simulations.
38757367,2024-06-01,"Biological Data Science Lab, Department of Computer Engineering, Hacettepe University, Ankara, Turkey.","Ulusoy E, Doğan T",,,5,Mutual annotation-based prediction of protein domain functions with Domain2GO.
38282890,2023-09-01,"Department of Psychology, University of Kansas, Lawrence, KS, USA.","Girard JM, Tie Y, Liebenthal E",R01 DC020965,"National Institutes of Health, NIDCD NIH HHS",1,DynAMoS: The Dynamic Affective Movie Clip Database for Subjectivity Analysis.
37897359,2024-01-01,"Beijing Neurosurgical Institute, Capital Medical University, Beijing 100070, China.","Sun ZY, Yang CL, Huang LJ, Mo ZC, Zhang KN, Fan WH, Wang KY, Wu F, Wang JG, Meng FL, Zhao Z, Jiang T","11000023T000002044300-5, R6003-22, CRS_HKUST605/22, HZQB-KCZYB-2020083, MHP/004/19, 2019YFE0109400, C4039-19G, ITCPD/17-9, QML20230507, 82002647, 82003035, R4017-18, C6021-19EF, C6034-21G","Beijing Municipal Health Commission Fund, Hong Kong Research Grants Council, Hong Kong Research Grants Council, Hetao Shenzhen-Hong Kong Science and Technology Innovation Cooperation Zone, Joint Funding Scheme, Joint Funding Scheme, Hong Kong Research Grants Council, Hong Kong Innovation and Technology Commission, Beijing Hospitals Authority Youth Programme, National Natural Science Foundation of China, National Natural Science Foundation of China, Hong Kong Research Grants Council, Hong Kong Research Grants Council, Hong Kong Research Grants Council",20,circRNADisease v2.0: an updated resource for high-quality experimentally supported circRNA-disease associations.
39838182,2025-01-21,"School of Psychology, Sport and Health Sciences, University of Portsmouth, King Henry Building, King Henry I Street, Portsmouth, PO1 2DY, UK.","Fitzgerald RJ, Rubínová E, Ribbers E, Juncu S","435-2021-1199, ES/N016602/1","Social Sciences and Humanities Council of Canada, Economic and Social Research Council",2,Eyewitness Lineup Identity (ELI) database: Crime videos and mugshots for eyewitness identification research.
36243982,2023-01-01,"Institute of Biotechnology and Biomedicine, Autonomous University of Barcelona, Campus Universitat Autònoma de Barcelona Plaça Cívica Bellaterra, s/n, 08193 Cerdanyola del Vallès, Barcelona, Spain.","Burdukiewicz M, Rafacz D, Barbach A, Hubicka K, Bąkała L, Lassota A, Stecko J, Szymańska N, Wojciechowski JW, Kozakiewicz D, Szulc N, Chilimoniuk J, Jęśkowiak I, Gąsior-Głogowska M, Kotulska M",2019/35/B/NZ2/03997,"National Science Centre, Poland, European Union-NextGenerationEU",16,AmyloGraph: a comprehensive database of amyloid-amyloid interactions.
36271793,2023-01-01,"Bioinformatics Center, Academy for Advanced Interdisciplinary Studies, Nanjing Agricultural University, Nanjing, Jiangsu 210095, China.","Liu J, Zhang Y, Zheng Y, Zhu Y, Shi Y, Guan Z, Lang K, Shen D, Huang W, Dou D","MICL02560, CARS-21, 32070139, 202110307064, 32270208, 32230089","MSU AgBioResearch, Technical System of Chinese Herbal Medicine Industry, Michigan State University, National Natural Science Foundation of China, Innovative Experimental Program for College Students, National Natural Science Foundation of China, National Natural Science Foundation of China, Jiangsu Agricultural Science and Technology Innovation Fund",18,PlantExp: a platform for exploration of gene expression and alternative splicing based on public plant RNA-seq samples.
34718689,2022-01-01,"Interfaculty Institute of Microbiology and Infection Medicine, Institute for Bioinformatics and Medical Informatics, University of Tübingen, 72076 Tübingen, Germany.","Mungan MD, Blin K, Ziemert N","INST 37/935-1 FUGG, NNF10CC1016517, NNF16OC0021746, DZIF TTU09.716, NNF16OC0021746, Natural Products, NNF20CC0035580","German Research Foundation, University of Tübingen, Novo Nordisk Fonden, Novo Nordisk Foundation, German Center for Infection Research, Novo Nordisk Fonden, NNF Center for Biosustainability, Novo Nordisk Foundation",16,ARTS-DB: a database for antibiotic resistant targets.
39294369,2024-09-18,"Center for the Development of Therapeutics, Broad Institute of MIT and Harvard, Cambridge, MA, USA.","Kwon S, Safer J, Nguyen DT, Hoksza D, May P, Arbesfeld JA, Rubin AF, Campbell AJ, Burgin A, Iqbal S","RM1HG010461, RM1HG010461, RM1 HG010461, UM1 HG011969, UM1HG011969, UM1HG011969","U.S. Department of Health &amp; Human Services | NIH | National Human Genome Research Institute, U.S. Department of Health & Human Services | NIH | National Human Genome Research Institute (NHGRI), Merkin Institute for Transformative Technologies in Healthcare, U.S. Department of Health &amp; Human Services | NIH | National Human Genome Research Institute, NHGRI NIH HHS, NHGRI NIH HHS, U.S. Department of Health & Human Services | NIH | National Human Genome Research Institute (NHGRI), U.S. Department of Health &amp; Human Services | NIH | National Human Genome Research Institute",13,Genomics 2 Proteins portal: a resource and discovery tool for linking genetic screening outputs to protein sequences and structures.
36243959,2023-01-01,"National Genomics Data Center, Beijing Institute of Genomics, Chinese Academy of Sciences and China National Center for Bioinformation, Beijing 100101, China.","Lu M, Zhang Y, Yang F, Mai J, Gao Q, Xu X, Kang H, Hou L, Shang Y, Qain Q, Liu J, Jiang M, Zhang H, Bu C, Wang J, Zhang Z, Zhang Z, Zeng J, Li J, Xiao J","2021M693109, 31970634, 202044, 32170669, XDB38030400, 2016YFC0901901, 2016YFB0201702, 2021-I2M-1-056, 2020YFA0907001, 2022098","China Postdoctoral Science Foundation, National Natural Science Foundation of China, Specialized Research Assistant Program of the Chinese Academy of Sciences, National Natural Science Foundation of China, Chinese Academy of Sciences, National Key Research Program of China, National Key Research Program of China, CAMS Innovation Fund for Medical Sciences, National Key Research Program of China, The Youth Innovation Promotion Association of Chinese Academy of Science",54,TWAS Atlas: a curated knowledgebase of transcriptome-wide association studies.
35368077,2022-05-01,"Centre for Molecular Medicine and Therapeutics, The University of British Columbia, Vancouver, British Columbia, Canada.","Cheng X, Liu Y, Wang J, Chen Y, Robertson AG, Zhang X, Jones SJM, Taubert S","950231363, PJT-153199, PJT-153199, RGPIN-2018-05133, RGPIN-2017-04722","Canada Research Chairs Program, Canada Research Chair, CIHR, Canadian Institutes of Health Research, Natural Sciences and Engineering Research Council of Canada, Natural Sciences and Engineering Research Council of Canada",22,cSurvival: a web resource for biomarker interactions in cancer outcomes and in cell lines.
36300629,2023-01-01,"Key Laboratory of Agricultural Animal Genetics, Breeding and Reproduction, Ministry of Education, Key Laboratory of Swine Genetics and Breeding, Ministry of Agriculture, College of Animal Science and Technology, Huazhong Agricultural University, Wuhan, Hubei 430070, PR China.","Fu Y, Liu H, Dou J, Wang Y, Liao Y, Huang X, Tang Z, Xu J, Yin D, Zhu S, Liu Y, Shen X, Liu H, Liu J, Yang X, Zhang Y, Xiang Y, Li J, Zheng Z, Zhao Y, Ma Y, Wang H, Du X, Xie S, Xu X, Zhang H, Yin L, Zhu M, Yu M, Li X, Liu X, Zhao S","2021M691162, 2021YFD1300800, CARS-35, 2019YFE0115400, 31902156","Postdoc Foundation of China, National Key Research and Development Program of China, China Agriculture Research System of MOF and MARA, National Key Research and Development Project of intergovernmental cooperation program between China and the US, National Natural Science Foundation of China",26,IAnimal: a cross-species omics knowledgebase for animals.
40583840,2025-06-30,"College of Plant Protection, Jilin Agricultural University, Changchun, China.","Zhou H, Tang J, Cheng Z, Mei Y","2021YFD1400100, 2021YFD1400101, 32102271, 2022T150579","National Key Research and Development Program of China, National Key Research and Development Program of China, National Natural Science Foundation of China, China Postdoctoral Science Foundation",0,InsectTFDB: A Comprehensive Database and Analysis Platform for Insect Transcription Factors.
38870722,2024-06-05,"School of Pharmaceutical Sciences, Chongqing Key Laboratory of Natural Product Synthesis and Drug Research, Chongqing University, Chongqing, 401331, China.","Zhang Z, Li F, Duan Z, Shi C, Wang X, Zhu F, Xue W",,,1,OPTICS: An interactive online platform for photosensory and bio-functional proteins in optogenetic systems.
38939556,2024-06-05,"Basic Medicine Research and Innovation Center for Novel Target and Therapeutic Intervention, Ministry of Education, Institute of Life Sciences, Chongqing Medical University, Chongqing 400016, China.","Kuang N, Ma Q, Zheng X, Meng X, Zhai Z, Li Q, Pan J",,,0,GeTeSEPdb: A comprehensive database and online tool for the identification and analysis of gene profiles with temporal-specific expression patterns.
38471316,2024-02-27,"College of Basic Medical Sciences, Zhejiang Chinese Medical University, Hangzhou, China; Key Laboratory of Chinese Medicine Rheumatology of Zhejiang Province, China.","Huang L, Wang Q, Duan Q, Shi W, Li D, Chen W, Wang X, Wang H, Chen M, Kuang H, Zhang Y, Zheng M, Li X, He Z, Wen C",,National Natural Science Foundation of China,10,TCMSSD: A comprehensive database focused on syndrome standardization.
38234122,2024-01-17,"Département de Mathématiques et Informatique, Faculté des Sciences et Techniques, Université Cheikh Anta Diop, Dakar, Senegal.","Diouf M, Zoclanclounon YAB, Mboup PA, Diouf D, Malédon E, Rivallan R, Chair H, Dossa K","AfricaYam Project - Grant OPP1052998, AfricaYam Project ‐ Grant OPP1052998","Bill and Melinda Gates Foundation, Bill and Melinda Gates Foundation",1,Genome-wide development of intra- and inter-specific transferable SSR markers and construction of a dynamic web resource for yam molecular breeding: Y2MD.
38613887,2024-04-02,"State Key Laboratory of Cellular Stress Biology, School of Life Sciences, Faculty of Medicine and Life Sciences, Xiamen University, Xiamen, Fujian, 361102, China; National Institute for Data Science in Health and Medicine, Xiamen University, Xiamen, Fujian, 361102, China.","Tong M, Liu Z, Li J, Wei X, Shi W, Liang C, Yu C, Huang R, Lin Y, Wang X, Wang S, Wang Y, Huang J, Wang Y, Li T, Qin J, Zhan D, Ji ZL","2018YFA0507504, 32271498, 20 23M741975, 32300974, 2018YFA0507503, 2021YFF1200900, 2022YFC0 867400, 31970725, 8200 2529","National Key Research and Development Program of China, National Natural Science Foundation of China, China Postdoctoral Science Foundation, National Natural Science Foundation of China, National Key Research and Development Program of China, National Key Research and Development Program of China, National Key Research and Development Program of China, National Natural Science Foundation of China, National Natural Science Foundation of China",1,PhosMap: An ensemble bioinformatic platform to empower interactive analysis of quantitative phosphoproteomics.
37555633,2023-08-09,"Fudan University, 220 Handan Road, Shanghai 200433, China.","Zhang F, Luna A, Tan T, Chen Y, Sander C, Guo T","2021YFA1301601, 2021YFA1301603, 21904107, 81972492, 2021YFA1301602, NIGMS -P41 GM103504, P41 GM103504, 20190101A04, LR19C050001","National Key Research and Development Program of China, National Key Research and Development Program of China, National Natural Science Foundation of China, National Natural Science Foundation of China, National Key Research and Development Program of China, National Institute of General Medical Sciences, NIGMS NIH HHS, Hangzhou Agriculture and Society Advancement Program, Natural Science Foundation of Zhejiang Province",8,COVIDpro: Database for Mining Protein Dysregulation in Patients with COVID-19.
36857575,2023-04-01,"Colorado State University, Fort Collins, CO, USA.","Shaffer M, Borton MA, Bolduc B, Faria JP, Flynn RM, Ghadermazi P, Edirisinghe JN, Wood-Charlson EM, Miller CS, Chan SHJ, Sullivan MB, Henry CS, Wrighton KC","R01 AI143288, DE-SC0021350, R01AI143288, DE-SC0023084","NIAID NIH HHS, DOE BER, National Institutes of Health, DOE BER, U.S. Department of Energy Office of Science",9,kb_DRAM: annotation and metabolic profiling of genomes with DRAM in KBase.
37953313,2024-01-01,"School of Computer Science and Technology, Harbin Institute of Technology, Harbin 150001, China.","Wang F, Liu C, Li J, Yang F, Song J, Zang T, Yao J, Wang G","62225109, HIT.BRET.2022003, 2022YFF1202101, 62072095, 2022YFF1202101","National Natural Science Foundation of China, Fundamental Research Funds for the Central Universities, National Key R&amp;D Program of China, National Natural Science Foundation of China, National Key R&D Program of China",11,SPDB: a comprehensive resource and knowledgebase for proteomic data at the single-cell resolution.
38926513,2024-06-26,"Institute of Systems Biomedicine, Department of Immunology, School of Basic Medical Sciences, Beijing Key Laboratory of Tumor Systems Biology, NHC Key Laboratory of Medical Immunology, Peking University Health Science Center, Beijing, China. guoxf2025@163.com.","Guo X, Zhao Y, You F",PKU2020LCXQ009,Peking University Medicine Fund,1,MOI is a comprehensive database collecting processed multi-omics data associated with viral infection.
37933857,2024-01-01,"State Key Laboratory of Tree Genetics and Breeding, College of Biological Sciences and Technology, Beijing Forestry University, Beijing 100083, China.","Yang S, Zong W, Shi L, Li R, Ma Z, Ma S, Si J, Wu Z, Zhai J, Ma Y, Fan Z, Chen S, Huang H, Zhang D, Bao Y, Li R, Xie J","2022YFD2201600, 32022057, XDB38030100, 2022YFD2200602, 32371906, WX145XQ07-04, 2022YFD2201600, 31972954, ANSO-PA-2020–07, QNTD202305, 2020132607, XDB38030200, ANSO-PA-2020-07","National Key R&D Program of China, National Natural Science Foundation of China, Chinese Academy of Sciences, National Key R&amp;D Program of China, National Natural Science Foundation of China, Genomics Data Center Construction of Chinese Academy of Sciences, National Key R&amp;D Program of China, National Natural Science Foundation of China, Alliance of International Science Organizations, Central Universities, Open Biodiversity and Health Big Data Programme of IUBS, Forestry and Grassland Science and Technology Innovation Youth Top Talent Project of China, Chinese Academy of Sciences, Alliance of International Science Organizations",7,PPGR: a comprehensive perennial plant genomes and regulation database.
37221043,2023-04-01,"Faculty of Bioengineering and Bioinformatics, Lomonosov Moscow State University, Leninskiye Gory, Moscow 119234, Russia.","Ryabykh GK, Kuznetsov SV, Korostelev YD, Sigorskikh AI, Zharikova AA, Mironov AA",,,7,RNA-Chrom: a manually curated analytical database of RNA-chromatin interactome.
36305834,2023-01-01,"Research Institute, The Affiliated Brain Hospital of Guangzhou Medical University, Guangzhou 510370, China.","Zhou N, Yuan X, Du Q, Zhang Z, Shi X, Bao J, Ning Y, Peng L","2018A0303130329, 2019B030316001, 2018A030313129, 2019A1515012114, 202102020742, 81802812, 81803636, 81972658","Guangdong Basic and Applied Basic Research Foundation, Science and Technology Plan Project of Guangdong Province, Guangdong Basic and Applied Basic Research Foundation, Guangdong Basic and Applied Basic Research Foundation, Basic and Applied Basic Research of Guangzhou Municipal Basic Research Plan, Guangzhou Municipal Key Discipline in Medicine, National Natural Science Foundation of China, National Natural Science Foundation of China, National Natural Science Foundation of China",292,FerrDb V2: update of the manually curated database of ferroptosis regulators and ferroptosis-disease associations.
36399494,2023-01-01,"European Molecular Biology Laboratory - European Bioinformatics Institute, Wellcome Genome Campus, Hinxton, Cambridge CB10 1SD, UK.","Perova Z, Martinez M, Mandloi T, Gomez FL, Halmagyi C, Follette A, Mason J, Newhauser S, Begley DA, Krupke DM, Bult C, Parkinson H, Groza T","U24 CA253539, U24 CA204781, U24 CA253539, R01 CA089713, U24 CA204781, R01 CA089713","NCI NIH HHS, National Cancer Institute, National Cancer Institute, NCI NIH HHS, NCI NIH HHS, National Institutes of Health and EMBL-EBI Core Fund, National Cancer Institute, National Institutes of Health",10,PDCM Finder: an open global research platform for patient-derived cancer models.
36243971,2023-01-01,"Key Laboratory of Drug Targeting and Drug Delivery System of Ministry of Education, Department of Medicinal Chemistry, West China School of Pharmacy, Sichuan University, Chengdu, Sichuan 610041, China.","Yu JL, Wu S, Zhou C, Dai QQ, Schofield CJ, Li GB","81874291, 82073698, BB/V001892/1, B18035, 2022YFH0027, 82122065, BB/V003291/1","Cancer Research UK, National Natural Science Foundation of China, National Natural Science Foundation of China, Biotechnology and Biological Sciences Research Council, 111 Project, Biotechnological and Biological Research Council, Sichuan Science and Technology Program, National Natural Science Foundation of China, Biotechnology and Biological Sciences Research Council",13,MeDBA: the Metalloenzyme Data Bank and Analysis platform.
34508354,2022-01-01,"Pasteurien College, Soochow University, Suzhou, Jiangsu 215000, China.","Zhu S, Lian Q, Ye W, Qin W, Wu Z, Ji G, Wu X",61673323,National Natural Science Foundation of China,16,scAPAdb: a comprehensive database of alternative polyadenylation at single-cell resolution.
34718745,2022-01-01,"National Genomics Data Center & CAS Key Laboratory of Genome Sciences and Information, Beijing Institute of Genomics, Chinese Academy of Sciences, Beijing 100101, China.","Jiang S, Du Q, Feng C, Ma L, Zhang Z","2019104, XDB38030400, XDA19050302, 32030021, 31871328, 32100520, 2019FY100102","Youth Innovation Promotion Association of Chinese Academy of Sciences, Chinese Academy of Sciences, Chinese Academy of Sciences, National Natural Science Foundation of China, National Natural Science Foundation of China, National Natural Science Foundation of China, MOST",6,CompoDynamics: a comprehensive database for characterizing sequence composition dynamics.
39050785,2024-06-20,"The First Affiliated Hospital & MOE Key Lab of Rare Pediatric Diseases, Hengyang Medical School, University of South China, Hengyang, Hunan 421001, China.","Zhao Y, Yu ZM, Cui T, Li LD, Li YY, Qian FC, Zhou LW, Li Y, Fang QL, Huang XM, Zhang QY, Cai FH, Dong FJ, Shang DS, Li CQ, Wang QY",,,0,scBlood: A comprehensive single-cell accessible chromatin database of blood cells.
34718728,2022-01-01,"Institute of Systems, Molecular & Integrative Biology, University of Liverpool, Liverpool L69 7ZB, UK.","Amos B, Aurrecoechea C, Barba M, Barreto A, Basenko EY, Bażant W, Belnap R, Blevins AS, Böhme U, Brestelli J, Brunk BP, Caddick M, Callan D, Campbell L, Christensen MB, Christophides GK, Crouch K, Davis K, DeBarry J, Doherty R, Duan Y, Dunn M, Falke D, Fisher S, Flicek P, Fox B, Gajria B, Giraldo-Calderón GI, Harb OS, Harper E, Hertz-Fowler C, Hickman MJ, Howington C, Hu S, Humphrey J, Iodice J, Jones A, Judkins J, Kelly SA, Kissinger JC, Kwon DK, Lamoureux K, Lawson D, Li W, Lies K, Lodha D, Long J, MacCallum RM, Maslen G, McDowell MA, Nabrzyski J, Roos DS, Rund SSC, Schulman SW, Shanmugasundram A, Sitnik V, Spruill D, Starns D, Stoeckert CJ, Tomko SS, Wang H, Warrenfeltz S, Wieck R, Wilkinson PA, Xu L, Zheng J","212929/Z/18/Z, 75N93019C00077, 75N93019C00077,  212929/Z/18/Z, 218288/Z/19/Z","National Institute of Allergy and Infectious Diseases, Wellcome Trust, NIAID NIH HHS, University of Pennsylvania, Department of Health and Human Services, National Institutes of Health, Wellcome Trust, Wellcome Trust, Wellcome Trust",354,"VEuPathDB: the eukaryotic pathogen, vector and host bioinformatics resource center."
36329825,2022-10-18,"Department of Bioinformatics, School of Chemical and Biotechnology, SASTRA Deemed to be University, Thanjavur, India.","Ravichandran S, Avatapalli S, Narasimhan Y, Kaushik KS, Yennamalli RM",,,4,'Targeting' the search: An upgraded structural and functional repository of antimicrobial peptides for biofilm studies (B-AMP v2.0) with a focus on biofilm protein targets.
40728624,2025-01-01,"Department of Biotechnology, Bhupat and Jyoti Mehta School of Biosciences, Indian Institute of Technology Madras, Chennai, Tamil Nadu, India.","Ridha F, Gromiha MM",,,0,Illustrative Features and Utilities of MPAD: Thermodynamic Database for Membrane Protein-Protein Complexes.
39936323,2025-02-13,"mRNA and Cancer Laboratory, Unit of Biomedical Research on Cancer, National Institute of Cancer (INCan), Mexico City, Mexico.","Osnaya VG, Gómez-Romero L, Moreno-Hagelsieb G, Hernández G",,,0,AUGcontext DB: a comprehensive catalog of the mRNA AUG initiator codon context across eukaryotes.
40466944,2025-06-02,"Medical Research Institute, Pusan National University, Yangsan, Republic of Korea.","Kwak Y, Kim T, Kim SG, Park J",,,0,READRetro web: A user-friendly platform for predicting plant natural product biosynthesis.
39126203,2024-08-01,"Laboratory of Cell Signaling, Graduate School of Pharmaceutical Sciences, The University of Tokyo, 7-3-1 Hongo, Bunkyo-ku, Tokyo 113-0033, Japan.","Tabuchi R, Momozawa Y, Hayashi Y, Noma H, Ichijo H, Fujisawa T","2023-ISMCRP-2033, JPMJMS2022-18, JP21H04760 JP22H04636 JP22H04804 JP22K06610 JP23K14143, JP21gm5010001","the ISM Cooperative Research Program, the researcher exchange promotion program of ROIS (Research Organization of Information and Systems), Japan Science and Technology Agency, SERIKA FUND, Japan Society for the Promotion of Science, Japan Agency for Medical Research and Development, the researcher exchange promotion program of ROIS",0,SoDCoD: a comprehensive database of Cu/Zn superoxide dismutase conformational diversity caused by ALS-linked gene mutations and other perturbations.
39526372,2025-01-01,"School of Life Sciences/School of Basic Medical Sciences/Key Laboratory for Quality of Salt Alkali Resistant TCM of Hebei Administration of TCM, North China University of Science and Technology, Tangshan, Hebei 063210, China.","Liu Z, Shen S, Li C, Zhang C, Chen X, Fu Y, Yu T, Zhou R, Liu D, Yang QY, Song X","23372505D, 32172583, C2022209010, H2023209084, 2023YFF1002000","S&T Program of Hebei, National Natural Science Foundation of China, Natural Science Fund for Distinguished Young Scholars of Hebei Province, Hebei Natural Science Foundation, National Key Research and Development Program of China",6,SoIR: a comprehensive Solanaceae information resource for comparative and functional genomic study.
35426945,2022-05-01,"State Key Laboratory of Oncology in South China, Collaborative Innovation Center for Cancer Medicine, Sun Yat-sen University Cancer Center, Guangzhou 510060, China.","Zhang X, Qian Z, Wang Y, Zhang Q, Yu K, Zheng Y, Liu Z, Zhao Q, Liu ZX","91953123, M201911, 2021YFA1302100, 2019TQ05Y351, 81972239, 2017ZT07S096, 202206080011, 2019A1515010634","National Natural Science Foundation of China, Guangdong Esophageal Cancer Institute Science and Technology Program, National Key R&amp;D Program of China, Tip-Top Scientific and Technical Innovative Youth Talents of Guangdong Special Support Program, National Natural Science Foundation of China, Program for Guangdong Introducing Innovative and Entrepreneurial Teams, Science and Technology Program of Guangzhou, Natural Science Foundation of Guangdong Province",1,DrugCVar: a platform for evidence-based drug annotation for genetic variants in cancer.
37140058,2023-07-01,"Department of Computer Science, Virginia Commonwealth University, Richmond, VA 23284, USA.","Basu S, Gsponer J, Kurgan L","DBI2146027, IIS2125218","National Science Foundation, National Science Foundation, Robert J. Mattauch Endowment",17,DEPICTER2: a comprehensive webserver for intrinsic disorder and disorder function prediction.
39225545,2024-09-01,"ICF, Rockville, Maryland.","Thangudu RR, Holck M, Singhal D, Pilozzi A, Edwards N, Rudnick PA, Domagalski MJ, Chilappagari P, Ma L, Xin Y, Le T, Nyce K, Chaudhary R, Ketchum KA, Maurais A, Connolly B, Riffle M, Chambers MC, MacLean B, MacCoss MJ, McGarvey PB, Basu A, Otridge J, Casas-Silva E, Venkatachari S, Rodriguez H, Zhang X","HHSN261201500003C, HHSN261201500003I","NCI NIH HHS, NCI NIH HHS",14,NCI's Proteomic Data Commons: A Cloud-Based Proteomics Repository Empowering Comprehensive Cancer Analysis through Cross-Referencing with Genomic and Imaging Data.
39435987,2025-01-01,"D epartment of Genetics, Blavatnik Institute, Harvard Medical School, 77 Avenue Louis Pasteur, Boston, MA 02115, USA.","Hu Y, Comjean A, Rodiger J, Chen W, Kim AR, Qadiri M, Gao C, Zirin J, Mohr SE, Perrimon N","P41 GM132087, R21 AI168592, R24 OD019847, R24 OD026435, R24 OD026435, P41 GM132087, P01 CA120964, R24 OD030002, P41 GM132087, R24 OD026435, R24 OD031952, R24 OD035556, R24 OD031952, R24 OD030002, R24 OD019847, R21 AI168592","National Institutes of Health, National Institute of Allergy and Infectious Diseases, NIH HHS, NIH HHS, ODCDC CDC HHS, Harvard Medical School, Howard Hughes Medical Institute, NIH HHS, NCI NIH HHS, Drosophila Research and Screening Center-Biomedical Technology Research Resource, NIGMS NIH HHS, Drosophila Research and Screening Center-Biomedical Technology Research Resource, Drosophila Research and Screening Center-Biomedical Technology Research Resource, NIH HHS, NIH HHS, NIH HHS, Drosophila Research and Screening Center-Biomedical Technology Research Resource, NIAID NIH HHS",3,FlyRNAi.org 2025 update-expanded resources for new technologies and species.
39530220,2025-01-01,"Department of Biochemistry and Biophysics, Stockholm University, Science for Life Laboratory, Box 1031, 171 21Solna, Sweden.","Buzzao D, Persson E, Guala D, Sonnhammer ELL",2019-04095,"Swedish Research Council, Stockholm University",3,FunCoup 6: advancing functional association networks across species with directed links and improved user experience.
38016694,2023-11-28,"Artificial Intelligence Research Center, National Institute of Advanced Industrial Science and Technology (AIST), 2-4-7 Aomi, Koto-ku, Tokyo 135-0064, Japan.","Tsuchiya Y, Yonezawa T, Yamamori Y, Inoura H, Osawa M, Ikeda K, Tomii K",JP23ama121028,"Japan Agency for Medical Research and Development, Public/Private R&amp;D Investment Strategic Expansion PrograM",3,PoSSuM v.3: A Major Expansion of the PoSSuM Database for Finding Similar Binding Sites of Proteins.
37933854,2024-01-01,"Genomics of Ageing and Rejuvenation Lab, Institute of Inflammation and Ageing, University of Birmingham, Birmingham B15 2WB, UK.","de Magalhães JP, Abidi Z, Dos Santos GA, Avelar RA, Barardo D, Chatsirisupachai K, Clark P, De-Souza EA, Johnson EJ, Lopes I, Novoa G, Senez L, Talay A, Thornton D, To PKP",BB/R014949/1,Biotechnology and Biological Sciences Research Council,62,Human Ageing Genomic Resources: updates on key databases in ageing research.
36930969,2023-03-17,"Department of Computer Science, School of Computing, Tokyo Institute of Technology, Meguro-ku, Tokyo 152-8550, Japan.","Li J, Yanagisawa K, Sugita M, Fujie T, Ohue M, Akiyama Y","20K19917, JP22ama121026, JPMJFR216J, 22H03684, JPMJSP2106","Japan Society for the Promotion of Science, Japan Agency for Medical Research and Development, Japan Science and Technology Agency, Japan Society for the Promotion of Science, Japan Science and Technology Agency",35,CycPeptMPDB: A Comprehensive Database of Membrane Permeability of Cyclic Peptides.
35025997,2022-03-01,"College of Life Sciences, University of Chinese Academy of Sciences, Beijing 100049, China.","Wang X, Zhou X, Yan Q, Liao S, Tang W, Xu P, Gao Y, Li Q, Dou Z, Yang W, Huang B, Li J, Zhang Z","21633001, 31870718, 32071250","Fundamental Research Funds for the Central Universities, National Natural Science Foundation of China, National Natural Science Foundation of China, National Natural Science Foundation of China",53,LLPSDB v2.0: an updated database of proteins undergoing liquid-liquid phase separation in vitro.
35641095,2022-07-01,"Department of Molecular Genetics, University of Groningen, Groningen Biomolecular Sciences and Biotechnology Institute, the Netherlands.","de Jong A, Kuipers OP, Kok J",,University of Groningen,48,FUNAGE-Pro: comprehensive web server for gene set enrichment analysis of prokaryotes.
36124785,2022-09-01,"Bioinformatics Unit, Spanish National Cancer Research Centre (CNIO), 28029 Madrid, Spain.","Pozo F, Rodriguez JM, Martínez Gómez L, Vázquez J, Tress ML","HR17-00247, IPT17/0019, ECCB2022, U24HG007234, PGC2018-097019-B-I00, U24 HG007234, U41 HG007234","Carlos III Institute of Health-Fondo de Investigación Sanitaria, Ministry of Science, Innovation and Universities, National Human Genome Research Institute of the National Institutes of Health, National Institutes of Health, National Human Genome Research Institute of the National Institutes of Health, National Human Genome Research Institute of the National Institutes of Health, NHGRI NIH HHS, NHGRI NIH HHS, ‘la Caixa’ Foundation",19,APPRIS principal isoforms and MANE Select transcripts define reference splice variants.
39219717,2024-08-07,"The Key Laboratory of Advanced Interdisciplinary Studies, The First Affiliated Hospital of Guangzhou Medical University; GMU-GIBH Joint School of Life Sciences, The Guangdong-Hong Kong-Macao Joint Laboratory for Cell Fate Regulation and Diseases, Guangzhou Medical University, Guangzhou 510182, China.","Liu Y, Min Z, Mo J, Ju Z, Chen J, Liang W, Zhang L, Li H, Chan GC, Wei Y, Zhang W",,,2,ExomiRHub: A comprehensive database for hosting and analyzing human disease-related extracellular microRNA transcriptomics data.
37205123,2023-05-02,"Institute of Computational Medicine, School of Artificial Intelligence, Hebei University of Technology, Tianjin, China.","Li J, Li Z, Wang Y, Lin H, Wu B",,,4,TLSEA: a tool for lncRNA set enrichment analysis based on multi-source heterogeneous information fusion.
36544722,2022-10-25,"Laboratory for Computational Molecular Design, Institute of Chemical Sciences and Engineering, Ecole Polytechnique Fédérale de Lausanne (EPFL) 1015 Lausanne Switzerland clemence.corminboeuf@epfl.ch.","Gallarati S, van Gerwen P, Laplaza R, Vela S, Fabrizio A, Corminboeuf C","180544, NCCR MARVEL/182892, 817977, 182892, NCCR Catalysis/180544","Swiss National Science Foundation, Swiss National Science Foundation, European Research Council, École Polytechnique Fédérale de Lausanne, Swiss National Science Foundation, Swiss National Science Foundation",18,OSCAR: an extensive repository of chemically and functionally diverse organocatalysts.
35039090,2022-01-18,"Department of Pathology, Stanford University School of Medicine, 300 Pasteur Drive, MSOB x313, Stanford, CA, 94305, USA.","Preston CG, Wright MW, Madhavrao R, Harrison SM, Goldstein JL, Luo X, Wand H, Wulf B, Cheung G, Mandell ME, Tong H, Cheng S, Iacocca MA, Pineda AL, Popejoy AB, Dalton K, Zhen J, Dwight SS, Babb L, DiStefano M, O'Daniel JM, Lee K, Riggs ER, Zastrow DB, Mester JL, Ritter DI, Patel RY, Subramanian SL, Milosavljevic A, Berg JS, Rehm HL, Plon SE, Cherry JM, Bustamante CD, Costa HA","U24 HG009649, U41 HG006834, U41HG006834, U01HG007434, U01HG007436, U41HG009649, U41HG009650, U41HG009650, U01HG007436, U24 HG006834, U41 HG009649, U41HG009649, U01HG007434, U24 HG009650, U41HG006834","NHGRI NIH HHS, NHGRI NIH HHS, NIH HHS, NIH HHS, NIH HHS, NIH HHS, NIH HHS, National Institutes of Health, National Institutes of Health, NHGRI NIH HHS, NHGRI NIH HHS, National Institutes of Health, National Institutes of Health, NHGRI NIH HHS, National Institutes of Health",60,ClinGen Variant Curation Interface: a variant classification platform for the application of evidence criteria from ACMG/AMP guidelines.
38448141,2024-02-14,"Department of Computational Biology, Indraprastha Institute of Information Technology, Delhi, India.","Tomer R, Patiyal S, Kaur D, Choudhury S, Raghava GPS",,,1,Genome-based solutions for managing mucormycosis.
38622098,2024-02-01,"Belozersky Institute of Physico-Chemical Biology, Lomonosov Moscow State University, Moscow, 119234, Russia.","Tikhonov S, Batin M, Gladyshev VN, Dmitriev SE, Tyshkovskiy A",,,3,AgeMeta: Quantitative Gene Expression Database of Mammalian Aging.
39107888,2024-08-01,"CONCEPT, Istituto Italiano di Tecnologia, Via Enrico Melen, 83 Genova Liguria 16152, Italy.","Barletta GP, Tandiana R, Soler M, Fortuna S, Rocchia W",24589,AIRC,2,Locuaz: an in silico platform for protein binders optimization.
36710661,2023-02-06,"Department of Urology, Department of Interventional Medicine, Guangdong Provincial Key Laboratory of Biomedical Imaging, The Fifth Affiliated Hospital, Sun Yat-sen University, Zhuhai, Guangdong, China.","Zhao L, Zhao Y, Yao C, Dai Y, Li Z, Tang Y","82201756, 2021M703747, 82071636","National Natural Science Foundation of China, China Postdoctoral Science Foundation, National Natural Science Foundation of China",23,"MHA, an interactive website for scRNA-seq data of male genitourinary development and disease."
37889039,2024-01-01,"National Center for Biotechnology Information, National Library of Medicine, National Institutes of Health, Building 38A, 8600 Rockville Pike, Bethesda, MD 20894, USA.","Sayers EW, Cavanaugh M, Clark K, Pruitt KD, Sherry ST, Yankie L, Karsch-Mizrachi I",,"National Institutes of Health, NIH HHS",255,GenBank 2024 Update.
38914571,2024-06-24,"Department of Emergency surgery, Yangtze University Jingzhou Hospital, jingzhou, China.","Wan J, Zeng Y",,,1,Prediction of hepatic metastasis in esophageal cancer based on machine learning.
37791887,2024-01-01,"Biocomputing Group, Dept. of Pharmacy and Biotechnology, University of Bologna, Italy.","Bertolini E, Babbi G, Savojardo C, Martelli PL, Casadio R","2017483NH8_002, PRIN2017, 2017483NH8_002 , CN00000013, IR0000010","Italian Ministry of University and Research, Italian Ministry of University and Research, Italian Ministry of University and Research, Italian Ministry of University and Research, Italian Ministry of University and Research",7,MultifacetedProtDB: a database of human proteins with multiple functions.
39982792,2025-02-01,"Department of Biological Sciences, North Carolina State University, Toxicology Building, 850 Main Campus Drive, Raleigh, NC 27695, USA.","Wiegers TC, Davis AP, Wiegers J, Sciaky D, Barkalow F, Wyatt B, Strong M, McMorran R, Abrar S, Mattingly CJ","U24 ES033155, U24 ES033155","National Institute of Environmental Health Sciences, NIEHS NIH HHS",7,Integrating AI-powered text mining from PubTator into the manual curation workflow at the Comparative Toxicogenomics Database.
39395187,2024-10-01,"Complex Systems and Translational Bioinformatics (CSTB), ICube laboratory-CNRS, University of Strasbourg, CRBS, 1 rue Eugène Boeckel, Strasbourg 67000, France.","Haas N, Thompson JD, Renaud JP, Chennen K, Poch O",AGE21001MSA,"Agence Nationale de la Recherche (ANR), University of Strasbourg, Anr, INSERM, MYO-xIA Project, Agence Nationale de la Recherche",1,StopKB: a comprehensive knowledgebase for nonsense suppression therapies.
36350659,2023-01-01,"Department of Biological and Medical Physics, Moscow Institute of Physics and Technology, 141701, Dolgoprudny, Moscow Region, Russia.","Marakulina D, Vorontsov IE, Kulakovskiy IV, Lennartsson A, Drabløs F, Medvedeva YA",075-15-2020-784,"Ministry of Science and Higher Education of the Russian Federation, Swedish Barncancerfonden, Cancerfonden, Research council and Karolinska Institutet",43,EpiFactors 2022: expansion and enhancement of a curated database of human epigenetic factors and complexes.
35639928,2022-07-01,"Computer Technologies Laboratory, ITMO University, Saint Petersburg, Russia 197101, Russia.","Emelianova M, Gainullina A, Poperechnyi N, Loboda A, Artyomov M, Sergushichev A",P30 DK056341,"Ministry of Science and Higher Education of the Russian Federation, NIDDK NIH HHS",10,Shiny GATOM: omics-based identification of regulated metabolic modules in atom transition networks.
34850116,2022-01-01,"Chair for Clinical Bioinformatics, Saarland University, 66123 Saarbrücken, Germany.","Schmartz GP, Hartung A, Hirsch P, Kern F, Fehlmann T, Müller R, Keller A",,"Helmholtz-Institute for Pharmaceutical Research Saarland, Saarland University",173,PLSDB: advancing a comprehensive database of bacterial plasmids.
40518950,2025-05-01,"Center for Bioinformatics and Computational Biology, and The Institute of Biomedical Sciences, School of Life Sciences, East China Normal University, Dongchuan Road 500, Shanghai 200241, China.","Chen C, Xu Y, Ouyang J, Xiong X, Łabaj PP, Chmielarczyk A, Różańska A, Zhang H, Liu K, Shi T, Wu J","32370720, 2023YFC2706503","National Natural Science Foundation of China, National Key Research and Development Program of China",2,VirulentHunter: deep learning-based virulence factor predictor illuminates pathogenicity in diverse microbial contexts.
34634793,2022-01-01,"Leibniz Institute DSMZ - German Collection of Microorganisms and Cell Cultures, Department of Bioinformatics and Databases, Inhoffenstrasse 7B, 38124 Braunschweig, Germany.","Meier-Kolthoff JP, Carbasse JS, Peinado-Olarte RL, Göker M",TRR 51,Deutsche Forschungsgemeinschaft,1270,TYGS and LPSN: a database tandem for fast and reliable genome-based classification and nomenclature of prokaryotes.
34850112,2022-01-01,"Princess Margaret Cancer Centre, University Health Network, Toronto, ON M5G 2C1, Canada.","Feizi N, Nair SK, Smirnov P, Beri G, Eeles C, Esfahani PN, Nakano M, Tkachuk D, Mammoliti A, Gorobets E, Mer AS, Lin E, Yu Y, Martin S, Hafner M, Haibe-Kains B",15414,"Princess Margaret Cancer Foundation, Government of Ontario, Genome Canada, Genome Canada, Ontario Institute for Cancer Research, Princess Margaret Data Science Program",19,PharmacoDB 2.0: improving scalability and transparency of in vitro pharmacogenomics analysis.
39902206,2025-01-20,"Department of Crop and Soil Sciences, Lilongwe University of Agriculture and Natural Resources, Lilongwe, Malawi.","Chipeta MM, Kafwambira J, Yohane E",,,0,"Cowpea genetic diversity, population structure and genome-wide association studies in Malawi: insights for breeding programs."
36747479,2023-02-01,"Department of Computational Biology, Indraprastha Institute of Information Technology, Okhla Phase 3, New Delhi 110020, India.","Arora A, Kaur D, Patiyal S, Kaur D, Tomer R, Raghava GPS",,,7,SalivaDB-a comprehensive database for salivary biomarkers in humans.
36350663,2023-01-01,"Department of Obstetrics and Gynaecology, The Chinese University of Hong Kong, Hong Kong, China.","Zhou Z, Tan C, Chau MHK, Jiang X, Ke Z, Chen X, Chen X, Cao Y, Kwok YK, Bellgard M, Leung TY, Choy KW, Dong Z","09200236, C4062-21GF, 2021Szvup146, 2021B1212100001, 08190226","Health and Medical Research Fund, Collaborative Research Fund, Shenzhen Science and Technology Innovation Committee, Guangdong Genomics Data Center, The Chinese University of Hong Kong, Health and Medical Research Fund",11,TEDD: a database of temporal gene expression patterns during multiple developmental periods in human and model organisms.
36847334,2023-02-27,"The Francis Crick Institute, London, United Kingdom.","Sanderson T, Bileschi ML, Belanger D, Colwell LJ","10043, 598399, FC001043, FC001043, 210918/Z/18/Z, FC001043","The Francis Crick Institute, Cancer Research UK, Google, Simons Foundation, Wellcome Trust, Medical Research Council, Wellcome Trust, Cancer Research, Medical Research Council",115,"ProteInfer, deep neural networks for protein functional inference."
35193506,2022-02-23,"Department of Computational Biology, St. Jude Children's Research Hospital, Memphis, TN, 38105, USA.","Adetunji MO, Abraham BJ",,American Lebanese Syrian Associated Charities,0,SEAseq: a portable and cloud-based chromatin occupancy analysis suite.
38176651,2024-01-03,"Department of Bioinformatics, Graduate School of Engineering, Soka University, Tokyo, Japan.","Takahashi Y, Shiota M, Fujita A, Yamada I, Aoki-Kinoshita KF",JPMJND2204,"National Bioscience Database Center, Japan Science and Technology Agency",3,GlyComb: A novel glycoconjugate data repository that bridges glycomics and proteomics.
PMC522218,2004-10-01,"Biocontrol and Biosecurity, AgResearch, Lincoln, New Zealand","Hurst M, Glare T, Jackson T",,,0,Cloning Serratia entomophila Antifeeding Genes—a Putative Defective Prophage Active against the Grass Grub Costelytra zealandica
15262948,2004-08-01,"AgResearch, P.O. Box 60, Lincoln, New Zealand. mark.hurst@agresearch.co.nz","Hurst MR, Glare TR, Jackson TA",,,98,Cloning Serratia entomophila antifeeding genes--a putative defective prophage active against the grass grub Costelytra zealandica.
38872231,2024-06-13,"German Centre for the Protection of Laboratory Animals (Bf3R), German Federal Institute for Risk Assessment, Max-Dohrn-Str. 8-10, 10589 Berlin, Germany.","Butzke D, Bert B, Gulich K, Schönfelder G, Neves M",,,1,SMAFIRA: a literature-based web tool to assist researchers with retrieval of 3R-relevant information.
39897104,2025-01-31,"Medical Bioinformatics, University Medical Center Göttingen, Göttingen, 37077, Germany.","Yang J, Wang M, Dönitz J, Chapuy B, Beißbarth T",ZN3424,Volkswagen Foundation,0,Advancing personalized cancer therapy: Onko_DrugCombScreen-a novel Shiny app for precision drug combination screening.
39526403,2025-01-01,"Department of Bioinformatics, Cytocast Hungary Kft, Petőfi Sándor utca 5/A, Budapest 1052, Hungary.","Fichó E, Pancsa R, Magyar C, Kalman ZE, Schád É, Németh BZ, Simon I, Dobson L, Tusnády GE","K-146314, BO/00174/22, PD-146564, FK-142285","NKFIH, Hungarian Academy of Sciences, NKFIH, NKFIH",1,MFIB 2.0: a major update of the database of protein complexes formed by mutual folding of the constituting protein chains.
39526384,2025-01-01,"Center for Computational Systems Medicine, McWilliams School of Biomedical Informatics, The University of Texas Health Science Center at Houston, 7000 Fannin St, Houston, TX 77030, USA.","Wang G, Liu X, Wang A, Wen J, Kim P, Song Q, Liu X, Zhou X","2326879, R01CA241930, R01 LM014156, R01GM153822, R01 GM153822, 2217515, R01LM014156, R01 CA241930, R35 GM138184, R35GM138184, R35GM151089, R35GM151089, R01LM014156","National Science Foundation, National Institutes of Health, NLM NIH HHS, National Institutes of Health, NIGMS NIH HHS, National Science Foundation, NIH HHS, NCI NIH HHS, NIGMS NIH HHS, National Institute of General Medical Sciences, NIGMS NIH HHS, National Institute of General Medical Sciences, National Institutes of Health",8,CRISPRoffT: comprehensive database of CRISPR/Cas off-targets.
39341994,2024-09-28,"Jiangsu Key Laboratory of Sericultural Biology and Biotechnology, School of Biotechnology, Jiangsu University of Science and Technology, Zhenjiang, China.","Kong Y, Jiang J, Kong W, Qin S","31601895, 31601895","National Natural Science Foundation of China, National Natural Science Foundation of China (National Science Foundation of China), Postgraduate Research &amp; Practice Innovation Program of Jiangsu Province",2,DRCTdb: disease-related cell type analysis to decode cell type effect and underlying regulatory mechanisms.
35994130,2022-08-22,"Department of Entomology, College of Agriculture, Food and Environment, University of Kentucky, Lexington, KY, 40546, USA.","Arya SK, Goodman CL, Stanley D, Palli SR",IIP1821936,NSF-IPP,6,A database of crop pest cell lines.
38886537,2024-06-17,"Key Laboratory of Endemic and Ethnic Diseases, Ministry of Education and Key Laboratory of Medical Molecular Biology of Guizhou Province, Collaborative Innovation Center for Prevention and Control of Endemic and Ethnic Regional Diseases Co-constructed by the Province and Ministry, Guizhou Medical University, Guiyang, 550004, Guizhou, China.","He Y, Lei C, Wan C, Zeng S, Zhang T, Luo F, Li R, Li X, Zhao A, Xiao D, Luo Y, Shan K, Qi X, Jin X","FZSW-2022-001, [(2019) 2807], 32360154","the project of Key Laboratory of Endemic and Ethnic Diseases, Ministry of Education, Guizhou Medical University, Major Scientific and Technological Special Project of Guizhou Province, National Natural Science Foundation of China",2,A comprehensive whole genome database of ethnic minority populations.
35199146,2022-04-01,"Switch Laboratory, VIB-KU Leuven Center for Brain & Disease Research, 3000 Leuven, Belgium.","Louros N, van der Kant R, Schymkowitz J, Rousseau F","12P0919N, 12P0922N, SAO-FRA 2020/0013, G053420N, SAO-FRA 2020/0009, 2019/0015, G0C0320N, G0C2818N","Scientific Research Flanders, Flanders Institute for Biotechnology, Scientific Research Flanders, Stichting Alzheimer Onderzoek [SAO-FRA, Scientific Research Flanders, Stichting Alzheimer Onderzoek [SAO-FRA, Stichting Alzheimer Onderzoek [SAO-FRA, Scientific Research Flanders, Scientific Research Flanders",17,StAmP-DB: a platform for structures of polymorphic amyloid fibril cores.
35190711,2022-02-21,"Sagol School of Neuroscience, Tel Aviv University, Tel Aviv, Israel. itayyaron@mail.tau.ac.il.","Yaron I, Melloni L, Pitts M, Mudrik L","BCS-1829470, TWCF0389, TWCF0599","National Science Foundation, Templeton World Charity Foundation, Templeton World Charity Foundation",51,The ConTraSt database for analysing and comparing empirical studies of consciousness theories.
39037960,2024-08-01,"Barcelona Supercomputing Center (BSC), 08034 Barcelona, Spain.","Martín Del Pico E, Gelpí JL, Capella-Gutierrez S","GA 101129744, GA 101129744","European Union's Horizon Europe Programme, European Union’s Horizon Europe Programme",3,FAIRsoft-a practical implementation of FAIR principles for research software.
40036767,2025-05-01,"Kunpeng Institute of Modern Agriculture at Foshan, Agricultural Genomics Institute, Chinese Academy of Agricultural Sciences, Foshan 528225, China.","Han 韩郭皓 G, Yang 杨朋 P, Zhang 张永进 Y, Li 李巧伟 Q, Fan 范新浩 X, Chen 陈锐朴 R, Yan 闫超 C, Zeng 曾木 M, Yang 杨亚岚 Y, Tang 唐中林 Z",,,0,PIGOME: An Integrated and Comprehensive Multi-omics Database for Pig Functional Genomics Studies.
34723326,2022-01-01,"Dipartimento di Scienze Agrarie, Alimentari e Ambientali, Università degli Studi di Perugia, Borgo XX Giugno 74, 06121 Perugia, Italy.","Di Marsico M, Paytuvi Gallart A, Sanseverino W, Aiese Cigliano R",101007438,European Union&apos;s Horizon 2020 Research and Innovation Program,50,GreeNC 2.0: a comprehensive database of plant long non-coding RNAs.
40027488,2025-01-28,"Laboratory of Metabolic Manipulation of Herbivorous Animal Nutrition, College of Animal Science and Technology Yangzhou University Yangzhou China.","Ding L, Wang Y, Zhang L, Luo C, Wu F, Huang Y, Zhen Y, Chen N, Wang L, Song L, Pool K, Blache D, Maloney SK, Liu D, Yang Z, Huang X, Li C, Yu X, Zhang Z, Chen Y, Xue C, Gu Y, Huang W, Yan L, Wei W, Wang Y, Zhang J, Zhang Y, Sun Y, Dai R, Wang S, Zhao X, Wang H, Zhou P, Yang QY, Wang M",,,2,The HTIRDB: A resource containing a transcriptional atlas for 105 different tissues from each of seven species of domestic herbivore.
38736683,2024-05-08,"State Key Laboratory of Genetic Engineering, School of Life Sciences, Human Phenome Institute, and Shanghai Cancer Center, Fudan University, Shanghai 200438, China.","Yang J, Sun M, Ran Z, Yang T, Kundnani DL, Storici F, Xu P","55108574, NIEHS R01 ES026243, AWD-002589, R01 ES026243","Howard Hughes Medical Institute Faculty Scholars Award, National Institutes of Health, Mathers Foundation, NIEHS NIH HHS",0,rNMPID: a database for riboNucleoside MonoPhosphates in DNA.
39525087,2024-10-26,"Institute for Personalized Medicine, Department of Biochemistry and Molecular Biology, The Pennsylvania State University College of Medicine, Hershey, PA, USA.","Provatas K, Chantzi N, Patsakis M, Nayak A, Mouratidis I, Georgakopoulos-Soares I","R35 GM155468, R35GM155468","NIGMS NIH HHS, National Institute of General Medical Sciences, National Institutes of Health",1,Microsatellites explorer: A database of short tandem repeats across genomes.
35748708,2022-08-01,"United States Department of Agriculture-Agricultural Research Service, Robert W. Holley Center, Ithaca, NY 14853, USA.","Bradbury PJ, Casstevens T, Jensen SE, Johnson LC, Miller ZR, Monier B, Romay MC, Song B, Buckler ES","OPP1175661, IOS-1238014, IOS-1822330, OPP1159867","Bill and Melinda Gates Foundation, U. S. Department of Agriculture-Agricultural Research Service, National Science Foundation Research-PGR, U. S. Department of Agriculture-Agricultural Research Service, National Science Foundation Research-PGR, Bill and Melinda Gates Foundation",33,"The Practical Haplotype Graph, a platform for storing and using pangenomes for imputation."
40502930,2025-05-09,"The First Affiliated Hospital & Hunan Provincial Key Laboratory of Multi-omics And Artificial Intelligence of Cardiovascular Diseases, Hengyang Medical School, University of South China, Hengyang, Hunan 421001, China.","Cai FH, Qian FC, Li BL, Li LD, Liao BH, Yu ZM, Fang QL, Li YY, Dong FJ, Zhou LW, Li C, Wang QY, Liu JH","62272212, 62301246, 2025JJ50401, 82270939, 2023JJ50153, 20224310NHYCG05","National Natural Science Foundation of China, National Natural Science Foundation of China, Natural Science Foundation of Hunan Province, National Natural Science Foundation of China, Natural Science Foundation of Hunan Province, University of South China",0,DiabetesOmic: A comprehensive multi-omics diabetes database.
35804320,2022-07-08,"Unité Transmission, Réservoir et Diversité des Pathogènes, Institut Pasteur de Guadeloupe, Les Abymes, Guadeloupe, France.","Moco V, Cazenave D, Garnier M, Pot M, Marcelino I, Talarmin A, Guyomard-Rabenirina S, Breurec S, Ferdinand S, Dereeper A, Reynaud Y, Couvin D","2015-FED-186, 2015-FED-186","European Regional Development Fund (ERDF), European Regional Development Fund",3,getSequenceInfo: a suite of tools allowing to get genome sequence information from public repositories.
37884796,2023-10-26,"Department of Biochemistry, Duke University, Durham, NC, USA.","Liu HF, Zhou Y, Huang Q, Piland J, Jin W, Mandel J, Du X, Martin J, Bartesaghi A","R01 GM141223, R01GM141223, DAF2021-234602, U54 AI170752, U54-AI170752","NIGMS NIH HHS, U.S. Department of Health &amp; Human Services | NIH | National Institute of General Medical Sciences, Silicon Valley Community Foundation, NIAID NIH HHS, U.S. Department of Health &amp; Human Services | NIH | National Institute of Allergy and Infectious Diseases",38,nextPYP: a comprehensive and scalable platform for characterizing protein variability in situ using single-particle cryo-electron tomography.
37093842,2023-04-24,"Department of Pharmacology & Therapeutics and Centre de Recherche en Biologie Structurale, McGill University, Montréal, Quebec, Canada.","Bayne AN, Dong J, Amiri S, Farhan SMK, Trempe JF","Doctoral Fellowship, RGPIN-2022-04042","Canadian Institutes of Health Research, Natural Sciences and Engineering Research Council, CIHR",10,"MTSviewer: A database to visualize mitochondrial targeting sequences, cleavage sites, and mutations on protein structures."
39931895,2025-02-11,"CEQUINOR (UNLP-CONICET, CCT La Plata, associated with CIC PBA), Departamento de Química, Facultad de Ciencias Exactas, Universidad Nacional de la Plata, La Plata B1900, Argentina.","Martínez Heredia L, Quispe PA, Fernández JF, Lavecchia MJ","PICT-2021-I-A-00412, 11/X958, EX005","Agencia de Promoci?n Cient?fica, Universidad Nacional de La Plata, Universidad Nacional de La Plata, Consejo Nacional de Investigaciones Cient?ficas y T?cnicas",2,"NaturAr: A Collaborative, Open-Source Database of Natural Products from Argentinian Biodiversity for Drug Discovery and Bioprospecting."
39776220,2025-01-07,"State Key Laboratory of Green Pesticide, College of Plant Protection, South China Agricultural University, Guangzhou, China.","Wu H, Li Z, Zhong Z, Guo Y, He L, Xu X, Mao Y, Tang D, Zhang W, Jin F, Pang R",2021YFD1300100,National Key Research and Development Program of China,2,"Insect Cytochrome P450 Database: An Integrated Resource of Genetic Diversity, Evolution and Function."
40133787,2025-01-29,European Molecular Biology Laboratory European Bioinformatics Institute Hinxton UK.,"Fleming J, Magana P, Nair S, Tsenkov M, Bertoni D, Pidruchna I, Lima Afonso MQ, Midlik A, Paramval U, Žídek A, Laydon A, Kovalevskiy O, Pan J, Cheng J, Avsec Ž, Bycroft C, Wong LH, Last M, Mirdita M, Steinegger M, Kohli P, Váradi M, Velankar S",,"National Research Foundation of Korea, Biotechnology and Biological Sciences Research Council",8,AlphaFold Protein Structure Database and 3D-Beacons: New Data and Capabilities.
37952226,2024-03-01,"School of Information Sciences, University of Illinois at Urbana-Champaign, Champaign, IL, United States.","Au WC, Dures SG, Ishida Y, Green CE, Zhao K, Ogden R, Roca AL",G-017,United States Agency for International Development,1,Lion Localizer: A software tool for inferring the provenance of lions (Panthera leo) using mitochondrial DNA.
38865431,2024-06-01,"Mycology and Microbiology Center, University of Tartu, Liivi 2, Tartu 50400, Estonia.","Tedersoo L, Hosseyni Moghaddam MS, Mikryukov V, Hakimzadeh A, Bahram M, Nilsson RH, Yatsiuk I, Geisen S, Schwelm A, Piwosz K, Prous M, Sildever S, Chmolowska D, Rueckert S, Skaloud P, Laas P, Tines M, Jung JH, Choi JH, Alkahtani S, Anslan S","Distinguished Scientist Fellowship Programme, MOBERC66 MOBTP198","King Saud University, European Regional Development Fund, LOEWE Zentrum AdRIA",16,EUKARYOME: the rRNA gene reference database for identification of all eukaryotes.
37850642,2024-01-01,"Division of BioMedical Sciences, Faculty of Medicine, Memorial University of Newfoundland, St. John's, NL A1B 3V6, Canada.","Dyer M, Lin QXX, Shapoval S, Thieffry D, Benoukraf T",,"National Research Foundation, Canada Research Chairs",4,MethMotif.Org 2024: a database integrating context-specific transcription factor-binding motifs with DNA methylation patterns.
35040932,2022-03-01,"School of Computer Science and Engineering, Central South University, Changsha, Hunan 410083, P.R. China.","Lin CX, Li HD, Deng C, Erhardt S, Wang J, Peng X, Wang J",2021YFF1201200,National Key Research and Development Program of China,7,AlzCode: a platform for multiview analysis of genes related to Alzheimer's disease.
37843103,2024-01-01,"CBGP, INRAE, CIRAD, IRD, Institut Agro, Univ. Montpellier, Montpellier, 34988, France.","Allio R, Delsuc F, Belkhir K, Douzery EJP, Ranwez V, Scornavacca C","CoCoAlSeq: ANR-19-CE45-0012, CEMEB: ANR-10-LABX-0004, CEBA: ANR-10-LABX-25-01, ERC-2015-CoG-683257, 683257","Agence Nationale de la Recherche, Agence Nationale de la Recherche, Agence Nationale de la Recherche, European Research Council, European Research Council",6,OrthoMaM v12: a database of curated single-copy ortholog alignments and trees to study mammalian evolutionary genomics.
37610325,2023-09-01,"Department of Ophthalmology, Johns Hopkins University School of Medicine, Baltimore, MD 21287, United States.","Lyu P, Zhai Y, Li T, Qian J","P30EY00176, R01EY029548, R01 EY029548","National Institutes of Health, National Institutes of Health, NEI NIH HHS",6,"CellAnn: a comprehensive, super-fast, and user-friendly single-cell annotation web server."
37951713,2023-11-01,,"Wang W, Hu J, Li H, Yan J, Sun X",32070684,"Project of Shandong Province Higher Educational Program for Introduction and Cultivation of Young Innovative Talents in 2021, National Natural Science Foundation of China",1,PlantIntronDB: a database for plant introns that host functional elements.
36548389,2023-01-01,"State Key Laboratory of Microbial Metabolism, Joint International Research Laboratory of Metabolic & Developmental Sciences, Department of Bioinformatics and Biostatistics, National Experimental Teaching Center for Life Sciences and Biotechnology, School of Life Sciences and Biotechnology, Shanghai Center for Systems Biomedicine, Shanghai Jiao Tong University, Shanghai 200240, China.","Hong X, Li N, Lv J, Zhang Y, Li J, Zhang J, Chen HF",2020YFA0907700,"National Key Research and Development Program of China, National Natural Science Foundation of China",13,PTMint database of experimentally verified PTM regulation on protein-protein interaction.
35609986,2022-07-01,"University of Leipzig, Institute of Medical Physics and Biophysics, Härtelstr. 16-18, 04107 Leipzig, Germany.","Staritzbichler R, Yaklich E, Sarti E, Ristic N, Hildebrand PW, Forrest LR",CRC 1423,"National Institute of Neurological Disorders and Stroke, Max Planck Gesellschaft, German Research Foundation, Division of Intramural Research of the NIH",6,AlignMe: an update of the web server for alignment of membrane protein sequences.
36200838,2023-01-01,"West China Biomedical Big Data Centre, West China Hospital, Sichuan University, Chengdu, Sichuan 610041, P.R. China.","Huang K, Gong H, Guan J, Zhang L, Hu C, Zhao W, Huang L, Zhang W, Kim P, Zhou X","139170052, R35GM138184, R01 AR072613, R01GM123037, R35 GM138184, U01 AR069395, R01 CA241930, U01AR069395-01A1, R01 GM123037, R01CA241930, 2019HXFH022, NSF 2217515","Center of Excellence-International Collaboration Initiative, NIH, NIAMS NIH HHS, NIH, NIGMS NIH HHS, NIAMS NIH HHS, NCI NIH HHS, NIH, NIGMS NIH HHS, NIH, 1·3·5 projects for disciplines of excellence–Clinical Research Incubation, NIH",33,AgeAnno: a knowledgebase of single-cell annotation of aging in human.
37713619,2024-01-01,"College of Pharmaceutical Sciences, The Second Affiliated Hospital, The First Affiliated Hospital, School of Medicine, Zhejiang University, Hangzhou 310058, China.","Zhou Y, Zhang Y, Zhao D, Yu X, Shen X, Zhou Y, Wang S, Qiu Y, Chen Y, Zhu F","2019YFA0905900, 181201*194232101, 2020C03010, 215-432094250, 81872798, 82373790, 2018QNA7023, 2020C03010, 2022YFC3400501, 22220102001, U1909208, 2022YFC3400501, 81971982, 181201*194232101, 2019YFA0905900, 215-432000282, LR21H300001","National Key R&amp;D Program of China Synthetic Biology Research, Alibaba Cloud, 'Double Top-Class' University Projects, Key R&amp;D Programs of Zhejiang Province, Ningbo Top Talent Project, National Natural Science Foundation of China, National Natural Science Foundation of China, Alibaba-Zhejiang University Joint Research Center of Future Digital Healthcare, Fundamental Research Funds for Central Universities, Key R&D Programs of Zhejiang Province, National Key R&amp;D Program of China, National Natural Science Foundation of China, National Natural Science Foundation of China, National Key R&D Program of China, National Natural Science Foundation of China, ‘Double Top-Class’ University Projects, National Key R&D Program of China Synthetic Biology Research, Scientific Research Grant of Ningbo University, Natural Science Foundation of Zhejiang Province",320,TTD: Therapeutic Target Database describing target druggability information.
36755307,2023-05-01,"Xenbase, Division of Developmental Biology, Cincinnati Children's Hospital Medical Center, Cincinnati, OH 45229, USA.","Fisher M, James-Zorn C, Ponferrada V, Bell AJ, Sundararaj N, Segerdell E, Chaturvedi P, Bayyari N, Chu S, Pells T, Lotay V, Agalakov S, Wang DZ, Arshinoff BI, Foley S, Karimi K, Vize PD, Zorn AM","P41 HD064556, P41 HD064556","Xenbase, NICHD NIH HHS, Eunice Kennedy Shriver National Institute of Child Health and Human Development",79,Xenbase: key features and resources of the Xenopus model organism knowledgebase.
35806459,2022-07-05,"Department of Plants, Soils, and Climate, College of Agriculture and Applied Sciences, Utah State University, Logan, UT 84322, USA.","Duhan N, Kataria R, Kaundal R",# A48025,"Utah Agricultural Experiment Station (UAES), Utah State University",1,TritiKBdb: A Functional Annotation Resource for Deciphering the Complete Interaction Networks in Wheat-Karnal Bunt Pathosystem.
35693187,2022-05-25,"State Key Laboratory of Conservation and Utilization of Bio-Resources in Yunnan, The Key Laboratory of Medicinal Plant Biology of Yunnan Province, National & Local Joint Engineering Research Center on Germplasms Innovation & Utilization of Chinese Medicinal Materials in Southwest China, Yunnan Agricultural University, Kunming, China.","Lin Y, Hao B, Lu YC, Dong Y, Li Y, Zhang GH, Yang ZJ, Xiang GS, Liu GZ, Li XJ, Zhu Q, Yang QH, Li XZ, Yang SC",,"National Key Research and Development Program of China, Major Science and Technology Projects in Yunnan Province",2,PanaxGDB: A Comprehensive Platform for <i>Panax</i>.
36890882,2023-02-18,"Department of Biochemistry and Molecular Biology, Infection and Immunity Program, Biomedicine Discovery Institute, Monash University, Clayton, VIC, 3800, Australia.","Munday PR, Fehring J, Revote J, Pandey K, Shahbazy M, Scull KE, Ramarathinam SH, Faridi P, Croft NP, Braun A, Li C, Purcell AW","PG2020775, 1143366, 817907, 1137739","Rebecca L. Cooper Medical Research Foundation, National Health and Medical Research Council, National Psoriasis Foundation, National Health and Medical Research Council",8,Immunolyser: A web-based computational pipeline for analysing and mining immunopeptidomic data.
38725076,2024-05-09,"State Key Laboratory of Emerging Infectious Diseases, School of Public Health, The University of Hong Kong, Pokfulam, Hong Kong SAR, China.","Pei Y, Shum MH, Liao Y, Leung VW, Gong YN, Smith DK, Yin X, Guan Y, Luo R, Zhang T, Lam TT","2019B121205009, HZQB-KCZYZ-2021014, 200109155890863, 190830095586328 and 190824215544727, 31922087, T21-705/20-N, 2019B121205009, HZQB-KCZYZ-2021014, 200109155890863, 190830095586328 and 190824215544727, T21-705/20-N, 31922087","Innovation and Technology Commission’s InnoHK funding (D24H), and the Government of Guangdong Province, National Natural Science Foundation of China’s Excellent Young Scientists Fund, Hong Kong Research Grants Council's Theme-based Research Scheme, Innovation and Technology Commission's InnoHK funding (D24H), and the Government of Guangdong Province, Hong Kong Research Grants Council’s Theme-based Research Scheme, National Natural Science Foundation of China's Excellent Young Scientists Fund (Hong Kong and Macau)",10,ARGNet: using deep neural networks for robust identification and classification of antibiotic resistance genes from sequences.
36847339,2023-02-27,"Laboratory of Brain and Cognition, National Institute of Mental Health, National Institutes of Health, Bethesda, United States.","Hebart MN, Contier O, Teichmann L, Rockter AH, Zheng CY, Kidder A, Corriveau A, Vaziri-Pashkam M, Baker CI","101039712, Starting Grant StG-2021-101039712, ZIA MH002909, Tha Adaptive Mind, ZIA-MH-002909, ZIA-MH-002909, ZIC-MH002968, LOEWE Start Professorship, ZIC-MH002968, Max Planck Research Group M.TN.A.NEPF0009, ZIC MH002968, Z01 MH002909","European Research Council, European Research Council, Intramural NIH HHS, Max Planck School of Cognition, Hessisches Ministerium für Wissenschaft und Kunst, National Institutes of Health, NIH HHS, NIH HHS, Hessisches Ministerium für Wissenschaft und Kunst, National Institutes of Health, Max-Planck-Gesellschaft, Intramural NIH HHS, Intramural NIH HHS",69,"THINGS-data, a multimodal collection of large-scale datasets for investigating object representations in human brain and behavior."
39316480,2024-10-02,,"Venkataramanan AK, Bovik AC",2019844,National Science Foundation AI Institute for Foundations of Machine Learning,0,Subjective Quality Assessment of Compressed Tone-Mapped High Dynamic Range Videos.
38319109,2024-02-06,"DIANA-Lab, Department of Computer Science and Biomedical Informatics, University of Thessaly, Lamia, Greece.","Kotsira V, Skoufos G, Alexiou A, Zioga M, Tastsoglou S, Kardaras FS, Perdikopanis N, Elissavet Z, Gouzouasis V, Charitou T, Hatzigeorgiou AG","Τ2ΕΔΚ-00391, Τ2ΕΔΚ-00391","EC | European Regional Development Fund (ERDF), EC | European Regional Development Fund, University of Thessaly",1,Agnodice: indexing experimentally supported bacterial sRNA-RNA interactions.
40257906,2025-04-01,"Department of Clinical Research Center, Sichuan Clinical Research Center for Medical Imaging, Dazhou Key Laboratory for Precision Cancer Therapy, Dazhou Key Laboratory for Artificial Intelligence and Medical Imaging, Dazhou Central Hospital, 56 Nan Yue Miao Street, Dazhou 635000, China.","Zhao J, Wu M, Wan M, Li X, Li J, Liu Q, Xiong M, Tu M, Zhou J, Li S, Zhang J, Fu J, Zhang Y, Zhao C, Qin L, Yang X, Zhao H, Zhang Y, Zeng F","2024JDHJ0039, 2024ZD0520500 2024ZD0520505, 24WSXT083","Science and Technology Department of Sichuan Province, National Key Research and Development Program of China, Health Commission of Sichuan Province",0,"MIPD: Molecules, Imagings, and Clinical Phenotype Integrated Database."
37258913,2023-01-01,"Innovative Institute for Artificial Intelligence in Medicine and Zhejiang Provincial Key Laboratory of Anti-Cancer Drug Research, College of Pharmaceutical Sciences, Zhejiang University, Hangzhou, Zhejiang, China.","Wu J, Zhou Z",,,0,TSNAD and TSNAdb: The Useful Toolkit for Clinical Application of Tumor-Specific Neoantigens.
38783102,2024-07-01,"Center for Bioinformatics and Quantitative Biology, and Richard and Loan Hill Department of Bioengineering, University of Illinois at Chicago, Chicago, IL 60607, USA.","Ye B, Tian W, Wang B, Liang J","R35GM127084, R35 GM127084, R35GM127084","NIH HHS, NIGMS NIH HHS, NIH",37,CASTpFold: Computed Atlas of Surface Topography of the universe of protein Folds.
39441072,2025-01-01,"Bioinformatics & Digital Health Services, Research Technology Platforms, University of Warwick, Gibbet Hill Campus, Coventry CV4 7AL, UK.","Dyer NP, Päuker B, Baxter L, Gupta A, Bunk B, Overmann J, Diricks M, Dreyer V, Niemann S, Holt KE, Rahman M, Brown PE, Stark R, Zhou Z, Ott S, Nübel U","PANGenS, TI 12.901/12.902","European Union, German Center for Infection Research, PATH-SAFE, Global Health EDCTP3, HM Treasury",21,EnteroBase in 2025: exploring the genomic epidemiology of bacterial pathogens.
35971647,2022-08-30,"Department of Laboratory Medicine and Pathobiology, University of Toronto, Toronto, Ontario, Canada.","Lam KHB, Faust K, Yin R, Fiala C, Diamandis P",,"CIHR, Cancer Research Society, Princess Margaret Cancer Foundation, Natural Sciences and Engineering Research Council of Canada",9,The Brain Protein Atlas: A conglomerate of proteomics datasets of human neural tissue.
34773623,2022-01-01,"College of Agronomy and Biotechnology, Southwest University, Chongqing, China.","Chang W, Niu Y, Yu M, Li T, Li J, Lu K",,,4,qPrimerDB: A Powerful and User-Friendly Database for qPCR Primer Design.
37871106,2023-10-23,"Bioinformatics / Medical Informatics Department, Bielefeld University, Bielefeld, NRW, Germany.","Friedrichs M, Königs C",,"Deutsche Forschungsgemeinschaft, Open Access Publication Fund of Bielefeld University",0,A web-based platform for the annotation and analysis of NAR-published databases.
39407093,2024-10-15,"Department of Computer Science, University of Oxford, Parks Road, Oxford, OX1 3QD, UK. lucas.schneider@cs.ox.ac.uk.","Schneider L, Minary P",,,0,Be-dataHIVE: a base editing database.
38951917,2024-07-01,"Frontiers Science Center for Molecular Design Breeding, Key Laboratory of Crop Heterosis and Utilization, Beijing Key Laboratory of Crop Genetic Improvement, China Agricultural University, Beijing, 100193, China.","Niu J, Wang W, Wang Z, Chen Z, Zhang X, Qin Z, Miao L, Yang Z, Xie C, Xin M, Peng H, Yao Y, Liu J, Ni Z, Sun Q, Guo W","32322059, BX20230414, 2020YFE0202300, PC2023B01016","National Natural Science Foundation of China, National Postdoctoral Program for Innovative Talents, National Key Research and Development Program of China, Pinduoduo-China Agricultural University Research Fund",9,Tagging large CNV blocks in wheat boosts digitalization of germplasm resources by ultra-low-coverage sequencing.
37870437,2024-01-01,"Institut de Chimie de Nice, Université Côte d'Azur, UMR 7272 CNRS, 06108 Nice, France.","Lalis M, Hladiš M, Khalil SA, Briand L, Fiorucci S, Topin J",ANR-19-CE07-0044,"Centre National de la Recherche Scientifique, Fondation Roudnitska under the aegis of Fondation de France, French National Research Agency, GIRACT",23,M2OR: a database of olfactory receptor-odorant pairs for understanding the molecular mechanisms of olfaction.
37144459,2023-07-01,"Institute of Computer Science, University of Tartu, Narva mnt 18, 51009 Tartu, Estonia.","Kolberg L, Raudvere U, Kuzmin I, Adler P, Vilo J, Peterson H","2014-2020.4.01.16-0271, PRG1844, TT11","European Regional Development Fund, Estonian Research Council, Estonian Research Council",964,g:Profiler-interoperable web service for functional enrichment analysis and gene identifier mapping (2023 update).
38914788,2024-06-24,"Melbourne School of Psychological Sciences, University of Melbourne, Melbourne, Australia.","O'Brien ST, Dozo N, Hinton JDX, Moeck EK, Susanto R, Jayaputera GT, Sinnott RO, Vu D, Alvarez-Jimenez M, Gleeson J, Koval P",DE190100203,"Australian Research Council, Australian Catholic University, Melbourne School of Psychological Sciences, University of Melbourne",27,SEMA<sup>3</sup>: A free smartphone platform for daily life surveys.
37956310,2024-01-01,"MOE Key Laboratory of Gene Function and Regulation, State Key Laboratory of Biocontrol, School of Life Sciences, Sun Yat-sen University, Guangzhou 510275, China.","Xuan J, Chen L, Chen Z, Pang J, Huang J, Lin J, Zheng L, Li B, Qu L, Yang J","2019YFA0802202, 2022YFA1303300, 91940304, 31971228, 2019YFA0802202, 32370588, 2021qntd26, 202002030351, 31770879, 32225011, 2019TQ05Y181, 20lgpy112, 31970604","National Key R&D Program of China, National Key R&amp;D Program of China, National Natural Science Foundation of China, National Natural Science Foundation of China, National Key R&amp;D Program of China, National Natural Science Foundation of China, Fundamental Research Funds for the Central Universities, Guangzhou city, National Natural Science Foundation of China, National Natural Science Foundation of China, Youth science and technology innovation talent of guangdong TeZhi plan, Fundamental Research Funds for the Central Universities, National Natural Science Foundation of China",44,"RMBase v3.0: decode the landscape, mechanisms and functions of RNA modifications."
40141263,2025-03-14,"Department of Neuroscience, University of Minnesota, 2101 6th Street SE, Minneapolis, MN 55455, USA.","Selimovic A, Sbrocco K, Talukdar G, McCall A, Gilliat S, Zhang Y, Cvetanovic M","R01 NS134916, R21 NS136962, R01NS109077 (","NINDS NIH HHS, NINDS NIH HHS, NIH HHS",3,Sex Differences in a Novel Mouse Model of Spinocerebellar Ataxia Type 1 (SCA1).
35266524,2022-03-01,"School of Biological Sciences, University of Auckland, 3a Symonds Street, Auckland 1010, New Zealand.","Gambarini V, Pantos O, Kingsbury JM, Weaver L, Handley KM, Lear G",C03X1802,"Ministry of Business, Innovation and Employment, New Zealand, George Mason Centre for the Natural Environment",111,PlasticDB: a database of microorganisms and proteins linked to plastic biodegradation.
39258239,2024-08-17,"Department of Urology and Institutes for Systems Genetics, Frontiers Science Center for Disease-related Molecular Network, West China Hospital, Sichuan University, Chengdu, China.","Wu R, Zong H, Feng W, Zhang K, Li J, Wu E, Tang T, Zhan C, Liu X, Zhou Y, Zhang C, Zhang Y, He M, Ren S, Shen B","32270690, 32070671","National Natural Science Foundation of China, National Natural Science Foundation of China",0,OligoM-Cancer: A multidimensional information platform for deep phenotyping of heterogenous oligometastatic cancer.
34788838,2022-01-01,"Key Laboratory of Molecular Biophysics of the Ministry of Education, Hubei Key Laboratory of Bioinformatics and Molecular-Imaging, Center for Artificial Intelligence Biology, Department of Bioinformatics and Systems Biology, College of Life Science and Technology, Huazhong University of Science and Technology, Wuhan, China.","Dai D, Zhu J, Sun C, Li M, Liu J, Wu S, Ning K, He LJ, Zhao XM, Chen WH, Chen WH","19511101404, 2019YFA0905600, 61772368, 61932008, 2020YFA0712403, 81803850, 2018SHZDZX01","Shanghai Science and Technology Innovation Fund, National Key Research and Development Program of China, National Natural Science Foundation of China, National Natural Science Foundation of China, National Key Research and Development Program of China, National Natural Science Foundation of China, Shanghai Municipal Science and Technology",107,GMrepo v2: a curated human gut microbiome database with special focus on disease markers and cross-dataset comparison.
39307401,2024-09-20,"Department of Neuroscience, University of Minnesota, Minneapolis, MN, United States of America; Genetics and Biochemistry Branch, National Institute of Diabetes and Digestive and Kidney Diseases, NIH, Bethesda, MD, United States of America.","Sheeler C, Labrada E, Duvick L, Thompson LM, Zhang Y, Orr HT, Cvetanovic M","R01 NS109077, T32 NS105604, R01 NS107387, R01 NS134916","NINDS NIH HHS, NINDS NIH HHS, NINDS NIH HHS, NINDS NIH HHS",1,Expanded ATXN1 alters transcription and calcium signaling in SCA1 human motor neurons differentiated from induced pluripotent stem cells.
34986603,2022-01-01,"Key Laboratory of Gastrointestinal Cancer (Fujian Medical University), Ministry of Education, School of Basic Medical Sciences, Fujian Medical University, Fuzhou 350004, China.","Ma J, Song B, Wei Z, Huang D, Zhang Y, Su J, de Magalhães JP, Rigden DJ, Meng J, Chen K","KSF-T-01, KSF-P-02, 31671373, KSF-E-51","XJTLU Key Program Special Fund, XJTLU Key Program Special Fund, School of Basic Medical Sciences, Fujian Medical University, National Natural Science Foundation of China, XJTLU Key Program Special Fund",77,m5C-Atlas: a comprehensive database for decoding and annotating the 5-methylcytosine (m5C) epitranscriptome.
37822561,2023-09-17,"Biological Data Science Laboratory, Dept. of Computer Engineering, Hacettepe University, Ankara, Turkey.","Cankara F, Doğan T",,,0,ASCARIS: Positional feature annotation and protein structure-based representation of single amino acid variations.
18489794,2008-05-20,"Allan Wilson Centre for Molecular Ecology and Evolution, Massey University, Palmerston North, New Zealand. w.t.white@massey.ac.nz","White WT, Hendy MD",,,10,Compressing DNA sequence databases with coil.
39576581,2025-01-01,"Genomics program, College of Public Health, University of South Florida, Tampa, FL, USA.","Zhao B, Basu S, Kurgan L",,,1,DescribePROT Database of Residue-Level Protein Structure and Function Annotations.
38613393,2024-07-01,"biobyte solutions GmbH, Bothestr 142, 69126 Heidelberg, Germany.","Letunic I, Bork P",,"Arts Baden-Württemberg, European Molecular Biology Laboratory, Ministry of Science, Research",1469,Interactive Tree of Life (iTOL) v6: recent updates to the phylogenetic tree display and annotation tool.
36999902,2023-03-30,"Department of Computer Science, Southern Connecticut State University, New Haven, Connecticut, USA.","Al Seesi S, Al Seesi S, Al-Okaily A, Shcheglova TV, Sherafat E, Alqahtani FH, Hagymasi AT, Kaur A, Srivastava PK, Măndoiu II",,,3,GeNeo: A Bioinformatics Toolbox for Genomics-Guided Neoepitope Prediction.
39470740,2025-01-01,"Environmental Genomics & System Biology Division, Lawrence Berkeley National Laboratory, One Cyclotron Road, Berkeley, CA 94720, USA.","Kosicki M, Baltoumas FA, Kelman G, Boverhof J, Ong Y, Cook LE, Dickel DE, Pavlopoulos GA, Pennacchio LA, Visel A","R01HG003988, TAEDR-0539180, R01HG003988, R01 HG003988, DE-AC02-05CH11231","National Institutes of Health, Hellenic Foundation for Research and Innovation, Greece 2.0, National Recovery and Resilience Plan, Greece 2.0 - Basic Research Financing Action, NIH HHS, NHGRI NIH HHS, Department of Energy, 16718-PRPFOR, Fondation Santé, Onassis Foundation",21,VISTA Enhancer browser: an updated database of tissue-specific developmental enhancers.
37018146,2023-04-01,"Guangdong Provincial Key Laboratory of Medical Molecular Diagnostics, Institute of Aging Research, Guangdong Medical University, Dongguan 523808, China.","Yang M, Qiu B, He GY, Zhou JY, Yu HJ, Zhang YY, Li YS, Li TS, Guo JC, Li XC, Xie JJ",81871921,National Natural Science Foundation of China,15,eccDB: a comprehensive repository for eccDNA-mediated chromatin contacts in multi-species.
39676654,2025-01-01,"Azrieli Faculty of Medicine, Bar Ilan University, Henrieta Szold 8, Safed, 1311502, Israel.","DSouza D, Bik L, Giwa O, Cohen S, Barazany HL, Siegal T, Frenkel-Morgenstern M",,Scojen Institute of Synthetic Biology,2,ChiTaRS 8.0: the comprehensive database of chimeric transcripts and RNA-seq data with applications in liquid biopsy.
35438150,2022-05-01,"Department of Clinical Laboratory, Union Hospital, Tongji Medical College, Huazhong University of Science and Technology, Wuhan 430022, China.","Zou D, Yuan Y, Xu L, Lei S, Li X, Lu X, Wang X, Li X, Wang L, Wang Z","81773104, 81773263, 81974382, 81873931","National Natural Science Foundation of China, National Natural Science Foundation of China, National Natural Science Foundation of China, National Natural Science Foundation of China",6,PltDB: a blood platelets-based gene expression database for disease investigation.
37725369,2023-10-01,"Institute of Evolutionary Biology, Faculty of Biology, Biological and Chemical Research Centre, University of Warsaw, Warsaw 02-089, Poland.","Kaminski K, Ludwiczak J, Pawlicki K, Alva V, Dunin-Horkawicz S",POIR.04.04.00-00-5CF1/18-00,"Max Planck Society, European Regional Development Fund, Foundation for Polish Science",42,pLM-BLAST: distant homology detection based on direct comparison of sequence representations from protein language models.
36693896,2023-01-24,"Neutron Scattering Division, Oak Ridge National Laboratory, Oak Ridge, Tennessee, 37831, USA. chengy@ornl.gov.","Cheng Y, Stone MB, Ramirez-Cuesta AJ","DE-AC05-00OR22725, DE-AC05-00OR22725","U.S. Department of Energy (DOE), U.S. Department of Energy",2,A database of synthetic inelastic neutron scattering spectra from molecules and crystals.
34928524,2022-01-11,"Department of Urology, Charité - Universitätsmedizin Berlin, Corporate Member of Freie Universität Berlin, Humbold-Universität zu Berlin, and Berlin Institute of Health, Berlin, Germany.","Meisl CJ, Karakiewicz PI, Einarsson R, Koch S, Hallmann S, Weiß S, Hemdan T, Malmström PU, Styrke J, Sherif A, Hasan MN, Pichler R, Tulchiner G, Palou J, Rodríguez Faba Ó, Hennenlotter J, Stenzl A, Ritter R, Niegisch G, Grunewald CM, Schlomm T, Friedersdorff F, Barski D, Otto T, Gössl A, Arndt C, Esuvaranathan K, Kesavan NR, Zhijiang Z, Kramer MW, Hennig MJP, Ecke TH",,,8,Nomograms including the UBC<sup>®</sup> Rapid test to detect primary bladder cancer based on a multicentre dataset.
39609715,2024-11-28,"Laboratory of Molecular Epidemiology and Experimental Pathology - LR16IPT04, Institut Pasteur de Tunis, Université de Tunis El Manar, 13, Place Pasteur, 1002, Tunis, Tunisia. emna.harigua@pasteur.utm.tn.","Harigua-Souiai E, Masmoudi O, Makni S, Oualha R, Abdelkrim YZ, Hamdi S, Souiai O, Guizani I","LR16IPT04, DCI-PANAF/2020/420-028, AID-OAA-A-11-00012","Ministry of Higher Education and Research of the Republic of Tunisia, European Commission, United States Agency for International Development",1,cidalsDB: an AI-empowered platform for anti-pathogen therapeutics research.
36318239,2023-01-01,"Protein Bioinformatics Research Group, Institute of Enzymology, Research Centre for Natural Sciences, Magyar Tudósok körútja 2, H-1117 Budapest, Hungary.","Dobson L, Szekeres LI, Gerdán C, Langó T, Zeke A, Tusnády GE",K132522,"National Research, Development and Innovation Fund, European Union’s Horizon 2020",50,TmAlphaFold database: membrane localization and evaluation of AlphaFold2 predicted alpha-helical transmembrane protein structures.
37169224,2023-05-09,"UNC Eshelman School of Pharmacy, University of North Carolina, Chapel Hill, NC, USA.","Martin HJ, Melo-Filho CC, Korn D, Eastman RT, Rai G, Simeonov A, Zakharov AV, Muratov E, Tropsha A","R01 GM140154, R01GM140154, U19AI171292, U19 AI171292","National Center for Advancing Translational Sciences, NIGMS NIH HHS, American Foundation for Pharmaceutical Education, National Institutes of Health, National Institutes of Health, NIAID NIH HHS",10,"Small molecule antiviral compound collection (SMACC): A comprehensive, highly curated database to support the discovery of broad-spectrum antiviral drug molecules."
37450416,2023-07-01,"Department of Computer Science, University of Verona, Strada le Grazie 15, Verona 37134, Italy.","Viesi E, Sardina DS, Perricone U, Giugno R",,,1,APDB: a database on air pollutant characterization and similarity prediction.
38711760,2024-04-21,"Institute for Personalized Medicine, Department of Biochemistry and Molecular Biology, The Pennsylvania State University College of Medicine, Hershey, PA, USA.","Mouratidis I, Baltoumas FA, Chantzi N, Patsakis M, Chan CSY, Montgomery A, Konnaris MA, Aplakidou E, Georgakopoulos GC, Das A, Chartoumpekis DV, Kovac J, Pavlopoulos GA, Georgakopoulos-Soares I",T32 GM139786,NIGMS NIH HHS,7,kmerDB: A database encompassing the set of genomic and proteomic sequence information for each species.
34664666,2022-01-01,"National Key Laboratory of Crop Genetic Improvement, Hubei Hongshan Laboratory, Huazhong Agricultural University, Wuhan 430070, China.","Zhou Q, Guan P, Zhu Z, Cheng S, Zhou C, Wang H, Xu Q, Sung WK, Li G","2662017PY116, 31771402, 31970590, 2018YFC1604000","Fundamental Research Funds for the Central Universities, National Natural Science Foundation of China, National Natural Science Foundation of China, National Key Research and Development Program of China",19,ASMdb: a comprehensive database for allele-specific DNA methylation in diverse organisms.
38769056,2024-07-01,,,"U24 HG006620, BB/X011100/1, BGE 101059492, HORIZON-INFRA-2021-EOSC-01-04, U01 CA253481, 1661497, U01 CA253481, U24 CA231877, 1758800, 2216612, BBS/E/T/000PR9814, U24 CA231877, U24 HG010263, U41 HG006620, 031 A538A de.NBI-RBC, U24 HG010263, U41 HG006620, U41 HG006620, 101057388, EI-ALL, EI-G-Data","NHGRI NIH HHS, Biotechnology and Biological Sciences Research Council, Ministry of Science, Research and the Arts Baden-Württemberg, Biodiversity, Circular Economy and Environment, Horizon Europe, NIH, Australian BioCommons, Australian Research Data Commons, National Science Foundation, NCI NIH HHS, NCI NIH HHS, Australian Government, Bioplatforms Australia, Queensland Government, National Science Foundation, National Science Foundation, Biotechnology and Biological Sciences Research Council, NIH, NHGRI NIH HHS, NIH HHS, German Federal Ministry of Education and Research, BMBF, NIH, NHGRI NIH HHS, NIH, Ministry of Science, Research and the Arts Baden-Württemberg (MWK), Horizon Europe, Earlham Institute (Funder), Earlham Institute (Funder)",399,"The Galaxy platform for accessible, reproducible, and collaborative data analyses: 2024 update."
38816550,2024-05-30,"Janelia Research Campus, Howard Hughes Medical Institute, Ashburn, VA, USA.","Gao SM, Qi Y, Zhang Q, Guan Y, Lee YT, Ding L, Wang L, Mohammed AS, Li H, Fu Y, Wang MC","R01AG062257, RF1 AG062257, P20 GM139762, R01 AT009050, DHHS NE-LB606, P20GM139762, R00 AG062746, DHHS NE-LB595, DHHS NE-LB595, DP1DK113644, P01 AG066606, R00AG062746, R01AG062257, RR200063, R01 AG045183, DHHS NE-LB606, DP1 DK113644, P01AG066606, S10 RR024574, P01AG066606, P30 CA125123, DP1DK113644, P20GM139762, P40 OD010440, R00AG062746, RR200063","U.S. Department of Health &amp; Human Services | National Institutes of Health, NIA NIH HHS, NIGMS NIH HHS, NCCIH NIH HHS, Welch Foundation, Nebraska Department of Health and Human Services, U.S. Department of Health &amp; Human Services | National Institutes of Health, NIA NIH HHS, Kicks for a Cure Cancer Research Program, Ted Nash Long Life Foundation Longevity Impetus Grants, Nebraska Department of Health and Human Services, Nebraska Department of Health and Human Services (Nebraska DHHS), U.S. Department of Health & Human Services | National Institutes of Health (NIH), NIA NIH HHS, U.S. Department of Health & Human Services | National Institutes of Health (NIH), U.S. Department of Health & Human Services | National Institutes of Health (NIH), Cancer Prevention and Research Institute of Texas, Howard Hughes Medical Institute, NIA NIH HHS, Nebraska Department of Health and Human Services (Nebraska DHHS), NIDDK NIH HHS, U.S. Department of Health & Human Services | National Institutes of Health (NIH), NCRR NIH HHS, U.S. Department of Health &amp; Human Services | National Institutes of Health, NCI NIH HHS, U.S. Department of Health &amp; Human Services | National Institutes of Health, U.S. Department of Health & Human Services | National Institutes of Health (NIH), NIH HHS, U.S. Department of Health &amp; Human Services | National Institutes of Health, Cancer Prevention and Research Institute of Texas (Cancer Prevention Research Institute of Texas)",24,Aging atlas reveals cell-type-specific effects of pro-longevity strategies.
37296454,2023-06-09,"EXSCALATE, Dompé Farmaceutici SpA, Via Tommaso de Amicis 95, 80123, Naples, Italy.","Lunghini F, Fava A, Pisapia V, Sacco F, Iaconis D, Beccari AR",,,6,ProfhEX: AI-based platform for small molecules liability profiling.
41026805,2025-09-30,"Department of Integrative Biology, University of Wisconsin-Madison, Madison, Wisconsin, United States of America.","Zhong R, Richardson CE",R35 GM154869,NIGMS NIH HHS,0,Expansion of lysosomal capacity in early adult neurons driven by TFEB/HLH-30 protects dendrite maintenance during aging in Caenorhabditis elegans.
35701407,2022-06-14,"Research Institute Brainclinics, Brainclinics Foundation, Nijmegen, the Netherlands. hanneke@brainclinics.com.","van Dijk H, van Wingen G, Denys D, Olbrich S, van Ruth R, Arns M",,,37,The two decades brainclinics research archive for insights in neurophysiology (TDBRAIN) database.
39423319,2024-10-18,"Department of Chemical and Biomolecular Engineering, School of Life Science and Technology, Wuhan Polytechnic University, Wuhan 430023, China.","Tian Y, Yang L, Ding S, Zhang D, Yuan L, Liu Z, Hu QN",TSBICIP-KJGG-010,Major scientific and technological research project of Tianjin,1,"BioTRY: A Comprehensive Knowledge Base for Titer, Rate, and Yield of Biosynthesis."
38837557,2024-06-05,"DIFACQUIM Research Group, Department of Pharmacy, School of Chemistry, Universidad Nacional Autónoma de México, Mexico City, Mexico.","Martínez-Urrutia F, Medina-Franco JL",IG200124,"DGAPA, UNAM, Programa de Apoyo a Proyectos de Investigación e Innovación Tecnológica (PAPIIT)",0,BIOMX-DB: A web application for the BIOFACQUIM natural product database.
40253701,2025-04-20,"Department of Infectious Diseases, Research Institute, National Center for Global Health and Medicine, Tokyo, Japan.","Takemoto N, Ogura K, Gao Y, Okuno R, Yamaguchi M, Hirose Y, Ono M, Kawabata S, Ikebe T, Hamabata T, Miyoshi-Akiyama T",,"National Center for Global Health and Medicine, This study was supported by the National Center for Global Health and Medicine and the Japan Agency for Medical Research and Development.",0,"GAS-J, a User-Friendly Browser Application for Genome Assembly, emm-Typing, MLST Typing, and Virulence Factor Gene Detection of Streptococcus pyogenes."
37510385,2023-07-20,"Department of Plants, Soils, and Climate/Center for Integrated BioSystems, College of Agriculture and Applied Sciences, Utah State University, Logan, UT 84322, USA.","Duhan N, Kaur S, Kaundal R",,"Center for Integrated BioSystems/Department of Plants, Soils, and Climate, USU",2,<i>ranchSATdb</i>: A Genome-Wide Simple Sequence Repeat (SSR) Markers Database of Livestock Species for Mutant Germplasm Characterization and Improving Farm Animal Health.
37230405,2023-05-23,"CINBIO, Universidade de Vigo, Department of Computer Science, ESEI - Escuela Superior de Ingeniería Informática, 32004 Ourense, Spain; SING Research Group, Galicia Sur Health Research Institute (IIS Galicia Sur), SERGAS-UVIGO, Spain. Electronic address: martiperez@uvigo.es.","Pérez-Pérez M, Ferreira T, Igrejas G, Fdez-Riverola F",,,1,A novel gluten knowledge base of potential biomedical and health-related interactions extracted from the literature: Using machine learning and graph analysis methodologies to reconstruct the bibliome.
39862439,2025-05-01,"Shanghai Institute of Hematology, State Key Laboratory of Medical Genomics, National Research Center for Translational Medicine at Shanghai, Research Unit of Hematologic Malignancies Genomics and Translational Research of Chinese Academy of Medical Sciences, Ruijin Hospital, Shanghai Jiao Tong University School of Medicine, Shanghai 200025, China.","Wang Z, Miao Y, Li H, Cheng W, Shi M, Lv G, Zhu Y, Zhang J, Tan T, Gu J, Zhang MQ, Li J, Fang H, Chen Z, Chen S",,,2,HemaScope: A Tool for Analyzing Single-cell and Spatial Transcriptomics Data of Hematopoietic Cells.
36512929,2022-12-01,"Advanced Computation and Data Sciences Division, CSIR-North East Institute of Science and Technology, Jorhat 785006, Assam, India; Academy of Scientific and Innovative Research (AcSIR), Ghaziabad 201002, Uttar Pradesh, India.","Kiewhuo K, Gogoi D, Mahanta HJ, Rawal RK, Das D, S V, Jamir E, Sastry GN",BT/PR40188/BTIS/137/27/2021,"Department of Biotechnology, Department of Science and Technology, Ministry of Science and Technology, India",10,OSADHI - An online structural and analytics based database for herbs of India.
36847450,2023-03-01,"Bioinformatics and Systems Biology Graduate Program, Department of Bioengineering, University of California San Diego, La Jolla, CA 92093, USA.","Massarat AR, Lamkin M, Reeve C, Williams AL, D'Antonio M, Gymrek M","R35GM133805, R35GM133805","NIH HHS, National Institutes of Health",10,Haptools: a toolkit for admixture and haplotype analysis.
35179566,2022-04-01,"Department of Bioinformatics and Genomics, University of North Carolina at Charlotte, Charlotte, NC 28223, USA.","Shanbhag S, Patil R, Zahara N, Shetty C, Weidenhammer R, Watharkar S, Tambvekar P, Badzuh PP, Dias C, Vankayala N, Kulkarni P, Vallapureddy C, Kulkarni S, Nikhare P, Freese NH, Loraine AE","R01 GM103463, R35 GM139609, R35GM139609, R01GM103463","NIGMS NIH HHS, NIGMS NIH HHS, United States National Institutes of Health, United States National Institutes of Health",0,Integrated Genome Browser App Store.
37831073,2024-01-01,"Key Laboratory for Bio-Electromagnetic Environment and Advanced Medical Theranostics, School of Biomedical Engineering and Informatics, Nanjing Medical University, Nanjing, China.","Cao C, Shao M, Zuo C, Kwok D, Liu L, Ge Y, Zhang Z, Cui F, Chen M, Fan R, Ding Y, Jiang H, Wang G, Wang G, Zou Q","62102068, 62231013","National Natural Science Foundation of China, National Natural Science Foundation of China",10,RAVAR: a curated repository for rare variant-trait associations.
37158278,2023-07-01,"Department of Bioinformatics and Systems Biology, College of Life Science and Technology, Huazhong University of Science and Technology, Wuhan430074, China.","Chen M, Zhang W, Gou Y, Xu D, Wei Y, Liu D, Han C, Huang X, Li C, Ning W, Peng D, Xue Y","2022YFC2704300, 31930021, 31970633, 81701567, 2021YFF0702000, 2021CFA005, 2021ZD0201300","National Key R&amp;D Program of China, Natural Science Foundation of China, Natural Science Foundation of China, Natural Science Foundation of China, Research Core Facilities for Life Science, National Key R&amp;D Program of China, Hubei Innovation Group Project, National Key R&amp;D Program of China",62,GPS 6.0: an updated server for prediction of kinase-specific phosphorylation sites in proteins.
37941124,2024-01-01,"Ontario Institute for Cancer Research, Toronto, ON M5G0A3, Canada.","Milacic M, Beavers D, Conley P, Gong C, Gillespie M, Griss J, Haw R, Jassal B, Matthews L, May B, Petryszak R, Ragueneau E, Rothfels K, Sevilla C, Shamovsky V, Stephan R, Tiwari K, Varusai T, Weiser J, Wright A, Wu G, Stein L, Hermjakob H, D'Eustachio P","U24 HG011851, U24 HG012198, U24HG012198, U54GM114833, U01CA239069, U41HG003751, U54 GM114833, U01 CA239069, U41 HG003751, U41HG003751, U24HG011851","NHGRI NIH HHS, NHGRI NIH HHS, National Institutes of Health, National Institutes of Health, National Institutes of Health, NIH HHS, NIGMS NIH HHS, European Bioinformatics Institute, NCI NIH HHS, NHGRI NIH HHS, National Institutes of Health, University of Toronto, National Institutes of Health",667,The Reactome Pathway Knowledgebase 2024.
36399503,2023-01-01,"Nebraska Food for Health Center, Department of Food Science and Technology, University of Nebraska, Lincoln, NE 68588, USA.","Zheng J, Hu B, Zhang X, Ge Q, Yan Y, Akresi J, Piyush V, Huang L, Yin Y","R21 AI171952, R01 GM140370, R21AI171952, R01GM140370, 58-8042-9–089, DBI-1933521","NIAID NIH HHS, NIGMS NIH HHS, National Institutes of Health, National Institutes of Health, United States Department of Agriculture, National Science Foundation",52,dbCAN-seq update: CAZyme gene clusters and substrates in microbiomes.
39149420,2024-08-01,"State Key Laboratory of Pharmaceutical Biotechnology, Medical School, Nanjing University, Nanjing, Jiangsu, China.","Zhang Z, Pan Y, Hussain W, Chen G, Li E",,National Natural Science Foundation of China,5,"BBSdb, an open resource for bacterial biofilm-associated proteins."
36991341,2023-03-29,"School of Electrical Engineering, Computing and Mathematical Sciences, Curtin University, Perth, Australia.","Shim C, Kim W, Nguyen TTD, Kim DY, Choi YS, Chung YD","IITP-2022-2020-0-01819, NRF-2021R1A6A1A13044830, NRF-2021R1A6A1A13044830","Ministry of Science and ICT, South Korea, National Research Foundation of Korea (NRF), National Research Foundation of Korea",2,CellTrackVis: interactive browser-based visualization for analyzing cell trajectories and lineages.
36217386,2022-10-05,"Department of Bioinformatics, School of Chemical and Biotechnology, SASTRA University, Thanjavur, Tamil Nadu, India.","Babu P, Palaniappan A",EMR/2017/000470,"Science and Engineering Research Board, DST India",2,miR2Trait: an integrated resource for investigating miRNA-disease associations.
35637632,2022-05-30,"Institute of Crop Science & Institute of Bioinformatics, Zhejiang University, Hangzhou 310058, China; Shandong (Linyi) Institute of Modern Agriculture of Zhejiang University, Linyi 310014, China.","Xu X, Du T, Mao W, Li X, Ye CY, Zhu QH, Fan L, Chu Q","31871589, BX20200301, 91740108, 32101729","National Natural Science Foundation of China, National Postdoctoral Program for Innovative Talents, National Natural Science Foundation of China, National Natural Science Foundation of China",12,PlantcircBase 7.0: Full-length transcripts and conservation of plant circRNAs.
35500907,2022-05-02,"National Center for Biotechnology Information, National Library of Medicine, National Institutes of Health, Bethesda, Maryland 20894, United States.","Alves G, Ogurtsov A, Karlsson R, Jaén-Luchoro D, Piñeiro-Iglesias B, Salvà-Serra F, Andersson B, Moore ERB, Yu YK","ZIA LM092404, ZIA LM092404","Intramural NIH HHS, U.S. National Library of Medicine, Center for Antibiotic Resistance Research, University of Gothenburg",10,Identification of Antibiotic Resistance Proteins via MiCId's Augmented Workflow. A Mass Spectrometry-Based Proteomics Approach.
35227289,2022-02-28,"Department of Bioinformatics-BiGCaT, NUTRIM, Maastricht University, Maastricht, The Netherlands. a.ammar@maastrichtuniversity.nl.","Ammar A, Cavill R, Evelo C, Willighagen E",,,9,PSnpBind: a database of mutated binding site protein-ligand complexes constructed using a multithreaded virtual screening workflow.
35789323,2022-07-04,"MRC London Institute of Medical Sciences, London, UK.","Baranasic D, Hörtenhuber M, Balwierz PJ, Zehnder T, Mukarram AK, Nepal C, Várnai C, Hadzhiev Y, Jimenez-Gonzalez A, Li N, Wragg J, D'Orazio FM, Relic D, Pachkov M, Díaz N, Hernández-Rodríguez B, Chen Z, Stoiber M, Dong M, Stevens I, Ross SE, Eagle A, Martin R, Obasaju O, Rastegar S, McGarvey AC, Kopp W, Chambers E, Wang D, Kim HR, Acemel RD, Naranjo S, Łapiński M, Chong V, Mathavan S, Peers B, Sauka-Spengler T, Vingron M, Carninci P, Ohler U, Lacadie SA, Burgess SM, Winata C, van Eeden F, Vaquerizas JM, Gómez-Skarmeta JL, Onichtchouk D, Brown BJ, Bogdanovic O, van Nimwegen E, Westerfield M, Wardle FC, Daub CO, Lenhard B, Müller F","BB/L00741X/1, MC_UP_1605/10, U24 HG002659, 106954/Z/15/Z, 106955/Z/15/Z, APR3\1017, BB/N023358/1, BB/R015457/1, P61715, 643062, UD99999945, 106955, MC_EX_MR/S300007/1, MC_UP_1102/1, P61715","Biotechnology and Biological Sciences Research Council, Medical Research Council, NHGRI NIH HHS, Wellcome Trust, Wellcome Trust, Academy of Medical Sciences, Biotechnology and Biological Sciences Research Council, Biotechnology and Biological Sciences Research Council, Biotechnology and Biological Sciences Research Council, EC | Horizon 2020 Framework Programme, Medical Research Council, Wellcome Trust, Medical Research Council, Medical Research Council, RCUK | Biotechnology and Biological Sciences Research Council, Rutherford Fund",64,Multiomic atlas with functional stratification and developmental dynamics of zebrafish cis-regulatory elements.
39714020,2024-12-23,"Department of Molecular Biology, Cellular Biology, Biochemistry, Brown University, Providence, United States.","Emura N, Wavreil FDM, Fries A, Yajima M","R01 GM126043, 1R01GM126043-01, 1R01GM126043-01, IOS-1940975","NIGMS NIH HHS, NIGMS NIH HHS, National Institute of General Medical Sciences, National Science Foundation",1,The evolutionary modifications of a GoLoco motif in the AGS protein facilitate micromere formation in the sea urchin embryo.
40381983,2025-05-15,"The Province and Ministry Co-sponsored Collaborative Innovation Center for Medical Epigenetics, State Key Laboratory of Experimental Hematology, Tianjin Key Laboratory of Inflammatory Biology, Department of Bioinformatics, School of Basic Medical Sciences, Tianjin Medical University, Tianjin 300070, China.","He T, Yang X, Tong Y, Liu X, Wei Y, Wang W, Yuan J, Wang Y, Yang Y","32100534, 24JCYBJC00960, 32470721","National Natural Science Foundation of China, Tianjin Medical University, Natural Science Foundation of Tianjin Municipality, National Natural Science Foundation of China",1,PerturbSeq.db: An Integrated Repository for Comprehensive Analysis of Single-cell Perturbation Data.
38944368,2024-06-27,"Department of Biological Sciences, Bose Institute, Kolkata, 700091, India.","Das J, Bhattacharjee S, Saha S","DBT/2020/BOSE/1339, BT/PR40174/BTIS/137/45/2022","Department of Biological Sciences, University of Cincinnati, Ministry of Science and Technology of the People&amp;apos;s Republic of China, Department of Biotechnology, Bose Institute",0,mitoPADdb: A database of mitochondrial proteins associated with diseases.
39112918,2024-08-07,"CSIR Institute of Genomics and Integrative Biology (CSIR-IGIB) Mathura Road, Delhi, 110025, India.","Vatsyayan A, Imran M, Bhardwaj J, Vr A, Agrawal SJ, Saikia BJ, Senthivel V, Pandhare K, Bhoyar RC, Divakar MK, Mishra A, Jolly B, Trehan S, Sivasubbu S, Scaria V",CNP-0007,"Council of Scientific and Industrial Research, India",1,"Understanding the variant landscape, and genetic epidemiology of Multiple Endocrine Neoplasia in India."
38468111,2024-03-11,"School of Veterinary Science, The University of Queensland, Gatton, Queensland, Australia.","Paramasivan S, Ashick M, Dudley KJ, Satake N, Mills PC, Sadowski P, Nagaraj SH",,,0,"VPBrowse: Genome-based representation of MS/MS spectra to quantify 10,000 bovine proteins."
39693568,2024-12-01,"School of Life Sciences and Engineering, Southwest Jiaotong University, No.111, North 1st Section of Second Ring Road, Chengdu, Sichuan 610031, China.","Wang W, Zhao X, Ma T, Zhong T, Zheng J, Guo Z","2682023ZTPY071, 24ZDYF0889, 2022NSFSC0779","Basic Research Cultivation Support Program of Fundamental Research Funds for the Central Universities, Key research and development project of Sichuan Science and Technology Department, Sichuan Science and Technology Program",0,scEccDNAdb: an integrated single-cell eccDNA resource for human and mouse.
38709889,2024-07-01,"School for Life Science and Technology, Hanze University of Applied Sciences, 9747 AS Groningen, The Netherlands.","Scholten NR, Haandrikman D, Tolhuis JO, Morandi E, Incarnato D","101124787, 101124787, RNAStrEnD, 101124787, RNAStrEnD, OCENW.XS22.1.015","European Research Council, Horizon Europe—European Research Council, University of Groningen, Horizon Europe-European Research Council, Dutch Research Council (NWO)",3,SHAPEwarp-web: sequence-agnostic search for structurally homologous RNA regions across databases of chemical probing data.
39540421,2025-01-01,"Clinical Bioinformatics, Center for Bioinformatics, Saarland University, 66123 Saarbrücken, Germany.","Rishik S, Hirsch P, Grandke F, Fehlmann T, Keller A",466168626,"Saarland University, Deutsche Forschungsgemeinschaft",30,miRNATissueAtlas 2025: an update to the uniformly processed and annotated human and mouse non-coding RNA tissue atlas.
36309134,2022-10-26,"Department of Biotechnology, Bhupat and Jyoti Mehta School of Biosciences, Indian Institute of Technology Madras, Chennai 600 036, India.","Ridha F, Kulandaisamy A, Michael Gromiha M",,,10,MPAD: A Database for Binding Affinity of Membrane Protein-protein Complexes and their Mutants.
40240925,2025-04-16,"Department of Computer Science and Biomedical Informatics, University of Thessaly, 35131, Lamia, Greece.","Manios GA, Michailidi A, Kontou PI, Bagos PG",TAEDR-0539180,European Union -NextGenerationEU,0,PRED-LD: efficient imputation of GWAS summary statistics.
36592044,2023-01-01,"Department of Biochemistry and Molecular Biology, Universitat Autònoma de Barcelona, Barcelona 08193, Spain.","Vandelli A, Arnal Segura M, Monti M, Fiorentino J, Broglia L, Colantoni A, Sanchez de Groot N, Torrent Burgas M, Armaos A, Tartaglia GG","727658, IASIS_727658, 855923, INFORE_825080","European Research Council, European Research Council, European Research Council, European Research Council",5,The PRALINE database: protein and Rna humAn singLe nucleotIde variaNts in condEnsates.
38752486,2024-07-01,"College of Computer and Information Engineering, Dezhou University, Dezhou City 253023, China.","Li Z, Qu N, Zhou J, Sun J, Ren Q, Meng J, Wang G, Wang R, Liu J, Chen Y, Zhang S, Zheng M, Li X","2022M720153, E2G805H, 2022YFC3400504, 2023296, 82204278, T2225002, 82273855","China Postdoctoral Science Foundation, Traditional Chinese Medicine Innovation Joint Research Program, National Key Research and Development Program of China, Youth Innovation Promotion Association CAS, Shanghai Municipal Science and Technology Major Project, National Natural Science Foundation of China, National Natural Science Foundation of China, National Natural Science Foundation of China",5,KinomeMETA: a web platform for kinome-wide polypharmacology profiling with meta-learning.
37481260,2023-07-01,"Department of Algal Development and Evolution, Max Planck Institute for Biology Tubingen, Tubingen, Germany.","Lipinska AP, Krueger-Hadfield SA, Godfroy O, Dittami SM, Ayres-Ostrock L, Bonthond G, Brillet-Guéguen L, Coelho S, Corre E, Cossard G, Destombe C, Epperlein P, Faugeron S, Ficko-Blean E, Beltrán J, Lavaut E, Le Bars A, Marchi F, Mauger S, Michel G, Potin P, Scornet D, Sotka EE, Weinberger F, Cabral de Oliveira M, Guillemin ML, Plastino EM, Valero M",864038,European Research Council,6,The Rhodoexplorer Platform for Red Algal Genomics and Whole-Genome Assemblies for Several Gracilaria Species.
36467581,2022-11-12,"Center for Bioinformatics and Computational Biology, and the Institute of Biomedical Sciences, School of Life Sciences, East China Normal University, Shanghai 200241, China.","Zhou J, Ouyang J, Gao Z, Qin H, Jun W, Shi T",,National Natural Science Foundation of China,12,MagMD: Database summarizing the metabolic action of gut microbiota to drugs.
36861822,2023-02-26,"Key Laboratory of Molecular Biology on Infectious Diseases, Ministry of Education, Chongqing Medical University, Chongqing, China; Institute for Hepatology, National Clinical Research Center for Infectious Disease, Shenzhen Third People's Hospital, Southern University of Science and Technology, Shenzhen, China. Electronic address: sofea909@163.com.","Wei XF, Li S, Hu JL",,,4,A TurboID-based proximity labelling approach for identifying the DNA-binding proteins.
37889038,2024-01-01,"State Key Laboratory of Proteomics, Beijing Proteome Research Center, National Center for Protein Sciences (Beijing), Beijing Institute of Lifeomics, Beijing 102206, China.","Liu Z, Chen R, Yang L, Jiang J, Ma S, Chen L, He M, Mao Y, Guo C, Kong X, Zhang X, Qi Y, Liu F, He F, Li D","2020YFE0202200, 32088101, 2021YFA1301603","National Key Research and Development Program of China, National Natural Science Foundation of China, National Key Research and Development Program of China",4,"CDS-DB, an omnibus for patient-derived gene expression signatures induced by cancer treatment."
37953304,2024-01-01,"University of Maryland School of Medicine, Institute for Genome Sciences, Baltimore, MD, USA.","Baron JA, Johnson CS, Schor MA, Olley D, Nickel L, Felix V, Munro JB, Bello SM, Bearer C, Lichenstein R, Bisordi K, Koka R, Greene C, Schriml LM","1U24HG012557-01, U24 HG012557, U41 HG008735-01A1, U41 HG008735-01A1, U41 HG008735, 1U24HG012557-01","National Human Genome Research Institute, NHGRI NIH HHS, National Institutes of Health, NIH HHS, NHGRI NIH HHS, NHGRI NIH HHS",26,The DO-KB Knowledgebase: a 20-year journey developing the disease open science ecosystem.
34530446,2022-01-01,"Department of Pediatrics, The University of Hong Kong-Shenzhen Hospital, Shenzhen, Guangdong 518053, China.","Zhang W, Liu Y, Min Z, Liang G, Mo J, Ju Z, Zeng B, Guan W, Zhang Y, Chen J, Zhang Q, Li H, Zeng C, Wei Y, Chan GC","32100513, JSGG20201102163800001, KQTD20200820113106007, 2020A1515110528, RCYX2020071411473419, 2018YFB0204403, SZSM201911016, 2021M693302, XDB38000000","National Natural Science Foundation of China, Shenzhen Basic Research Fund, Shenzhen Basic Research Fund, Guangdong Basic and Applied Basic Research Foundation, China, Shenzhen Basic Research Fund, National Key Research and Development Program of China, Sanming Project of Medicine in Shenzhen, China Postdoctoral Science Foundation, Strategic Priority CAS Project",41,"circMine: a comprehensive database to integrate, analyze and visualize human disease-related circRNA transcriptome."
36268860,2023-01-01,"Division of Cancer Therapeutics, The Institute of Cancer Research, London, SM2 5NG, UK.","Antolin AA, Sanfelice D, Crisp A, Villasclaras Fernandez E, Mica IL, Chen Y, Collins I, Edwards A, Müller S, Al-Lazikani B, Workman P","875510, C35696/A23187, RR210007, 204735/Z/16/Z, C2739/A22897, 212969/Z/18/Z, 1097737, 204735/Z/16/Z, C309/A11566","Frankfurt Cancer Institute, Mark Foundation, Cancer Prevention and Research Institute of Texas, Ontario Genomics Institute, Wellcome Trust, Ontario Institute for Cancer Research, European Union&apos;s Horizon 2020, Institute of Cancer Research, Merck KGaA, Takeda, German Cancer Research Center, Wellcome Trust, Janssen, UNC Eshelman School of Pharmacy and Cancer Research UK, Wellcome Trust, The Structural Genomics Consortium, Wellcome Trust Sir Henry Wellcome Postdoctoral Fellowship, Ontario Institute for Cancer Research, Chordoma Foundation, Pfizer",37,"The Chemical Probes Portal: an expert review-based public resource to empower chemical probe assessment, selection and use."
37831097,2024-01-01,"State Key Laboratory of Tree Genetics and Breeding, Key Laboratory of Tree Breeding and Cultivation of State Forestry Administration, Research Institute of Forestry, Chinese Academy of Forestry, Beijing 100091, China.","Lang X, Yu C, Shen M, Gu L, Qian Q, Zhou D, Tan J, Li Y, Peng X, Diao S, Deng Z, Ruan Z, Xu Z, Xing J, Li C, Wang R, Ding C, Cao Y, Liu Q","2022NJS00004, R2021YJ-XD001, XTXM202203, 32270698, CAFYBB2020SZ002, 2021YFD2201205, 81902872, 2020B1212060047, 32271535","Seed Industry Revitalization Project of Special Fund for Rural Revitalization Strategy in Guangdong Province, Special Foundation for Introduction of Scientific Talents of GDAAS, Project of Collaborative Innovation Center of GDAAS, National Natural Science Foundation of China, Basic Research Fund of CAF, National Key Research and Development Program of China, National Natural Science Foundation of China, Guangdong Key Laboratory of New Technology in Rice Breeding, National Natural Science Foundation of China",5,PRMD: an integrated database for plant RNA modifications.
37149650,2023-05-06,"Center for Research Innovation and Biomedical Informatics, Faculty of Medical Technology, Mahidol University, Bangkok, 10700, Thailand.","Schaduangrat N, Anuwongcharoen N, Charoenkwan P, Shoombuatong W",N42A660380,"College of Arts, Media and Technology, Chiang Mai University, National Research Council of Thailand, Specific League Funds from Mahidol University",22,DeepAR: a novel deep learning-based hybrid framework for the interpretable prediction of androgen receptor antagonists.
35446912,2022-04-21,"Department of Biomedical Engineering, New Jersey Institute of Technology, Newark, New Jersey, United States of America.","Cao M, Wu Z, Li X","R15MH117368, R03 MH109791, R03MH109791, R15 MH117368, CBIR17PIL012","National Institute of Mental Health, NIMH NIH HHS, National Institute of Mental Health, NIMH NIH HHS, New Jersey Commission on Brain Injury Research",3,GAT-FD: An integrated MATLAB toolbox for graph theoretical analysis of task-related functional dynamics.
24992967,2014-07-03,"Department of Pharmacoepidemiology and Pharmacoeconomics, University of Groningen, A, Deusinglaan 1, 9713AV Groningen, the Netherlands. josta.de.jong@rug.nl.","de Jong J, Bos JH, de Vries TW, de Jong-van den Berg LT",,,12,Use of antibiotics in rural and urban regions in The Netherlands: an observational drug utilization study.
39988118,2025-02-21,"Department of Oncology, Lombardi Comprehensive Cancer Center, Georgetown University Medical Center, Washington DC 20007, USA.","Hou C, Li W, Li Y, Ma J",,,5,O-GlcNAcAtlas 4.0: An Updated Protein O-GlcNAcylation Database with Site-specific Quantification.
39545396,2024-11-15,"Department of Automation, Tsinghua University, Beijing, China.","Li J, Gao Y, Shu G, Chen X, Zhu J, Zheng S, Chen T","2021YFF1201303, 2022YFC2703105, 2021YFF1201300, 2023M731976","National Key Research and Development Program of China, National Key Research and Development Program of China, National Key Research and Development Program of China, Postdoctoral Research Foundation of China",0,"HMicroDB: A Comprehensive Database of Herpetofaunal Microbiota With a Focus on Host Phylogeny, Physiological Traits, and Environment Factors."
39139072,2024-07-01,"Tea Research Institute, Zhejiang University, Hangzhou, China.","Zheng X, Ali ZM, Lim PK, Mutwil M, Wang Y",2023C02041,"""Pioneer"" and ""Leading Goose"" R&D Program of Zhejiang",0,Comparative transcriptome database for Camellia sinensis reveals genes related to the cold sensitivity and albino mechanism of 'Anji Baicha'.
39325859,2024-10-01,"Department of Biostatistics, University of Florida, Gainesville, FL 32603, United States.","Jin W, Xia Y, Nizomov J, Liu Y, Li Z, Lu Q, Chen L","5R01DA053722, R01 DA053722, R35GM142701, R35 GM142701","National Institute of General Medical Sciences of the National Institutes of Health, NIDA NIH HHS, National Institute of General Medical Sciences of the National Institutes of Health, NIGMS NIH HHS",3,MPRAVarDB: an online database and web server for exploring regulatory effects of genetic variants.
39180399,2025-01-01,"Xiangya School of Pharmaceutical Sciences, Central South University, Changsha, Hunan 410013, P.R. China.","Tian Y, Yi J, Wang N, Wu C, Peng J, Liu S, Yang G, Cao D","2020B1212030006, 2021RC4011, 2022JJ80104, SDF19-0402-P02, 22173118, 2021JJ10068, 2021YFF1201400","Guangdong Provincial Science and Technology Innovation Strategy Special Fund, Science and Technology Innovation Program of Hunan Province, Natural Science Foundation of Hunan Province, HKBU Strategic Development Fund project, National Natural Science Foundation of China, Hunan Provincial Science Fund for Distinguished Young Scholars, National Key Research and Development Program of China",3,"DDInter 2.0: an enhanced drug interaction resource with expanded data coverage, new interaction types, and improved user interface."
37356899,2023-03-09,"School of Biochemistry and Cell Biology, University College Cork, Cork, Ireland; SFI Centre for Research Training in Genomics Data Science, University College Cork, Cork, Ireland. Electronic address: 120220049@umail.ucc.ie.","Fedorova AD, Tierney JAS, Michel AM, Baranov PV",210692 ,Wellcome Trust,8,RiboGalaxy: A Galaxy-based Web Platform for Ribosome Profiling Data Processing - 2023 Update.
36646374,2023-01-13,"Department of Life Sciences, University of Modena and Reggio Emilia, via Campy 103, 41125 Modena, Italy.","Felline A, Gentile S, Fanelli F",,MIUR,3,psnGPCRdb: The Structure-network Database of G Protein Coupled Receptors.
39470718,2025-01-01,"Department of Bioinformatics, College of Life Sciences, Zhejiang University, Hangzhou 310058, China.","Liu L, Liu E, Hu Y, Li S, Zhang S, Chao H, Hu Y, Zhu Y, Chen Y, Xie L, Shen Y, Wu L, Chen M","32070677, 32270709, 2022R52035, 2023YFE0112300, 32261133526","National Natural Sciences Foundation of China, Jiangsu Collaborative Innovation Center for Modern Crop Production, National Natural Sciences Foundation of China, 151 Talent Project, and Science and Technology Innovation Leader of Zhejiang Province, National Key Research and Development Program of China, National Natural Sciences Foundation of China",5,ncPlantDB: a plant ncRNA database with potential ncPEP information and cell type-specific interaction.
39425944,2024-10-01,"The Shennong Laboratory, 116 Huayuan Road, Zhengzhou, Henan 450002, China.","Hengchun C, Hui G, Weifei Y, Guiting L, Ming J, Yinghui D, Qiuzhen T, Qin M, Xiaoxu F, Zhanyou Z, Haiyang Z, Hongmei M","2022YQ14, SN01-2022-04, CARS-14, SPPP2023, 092101211100, 2023TD04, 242102110254, ISTTCPHP2016","Science and Technology Foundation for The Excellent Youth Scholars of Henan Academy of Agricultural Sciences, Key Research Project of the Shennong Laboratory, the earmarked fund for China Agricultural Research System of MOF and MARA, Henan Province Specific Professor Position Program, Zhongyuan Scientist Workshop Construction Fund, the Science and Technology Innovation Team Project of Henan Academy of Agricultural Sciences, Scientific and Technological Project of Henan Province, Innovation Scientist and Technician Troop Construction Project of Henan Province",0,SesamumGDB: a comprehensive platform for Sesamum genetics and genomics analysis.
39526405,2025-01-01,"European Molecular Biology Laboratory, European Bioinformatics Institute (EMBL-EBI), Wellcome Genome Campus, Hinxton, Cambridge CB10 1SD, UK.","Ontiveros-Palacios N, Cooke E, Nawrocki EP, Triebel S, Marz M, Rivas E, Griffiths-Jones S, Petrov AI, Bateman A, Sweeney B","BB/S020462/1, ELIXIR, 218302/Z/19/Z","EMBL-EBI Core Funds, Biotechnology and Biological Sciences Research Council, NIH Intramural Research Program, Wellcome Trust, Wellcome Trust",57,Rfam 15: RNA families database in 2025.
39968378,2025-01-25,"National Genomics Data Center, China National Center for Bioinformation, Beijing 100101, China.","Zhu T, Chu Y, Niu G, Pan R, Chen M, Cheng Y, Zhang Y, Li Z, Jiang S, Hao L, Zou D, Xu T, Zhang Z","2023YFF0725600, 153F11KYSB20160008, 32030021, XDB38030300, 32470713, T2425005","National Key Research and Development Program of China, Chinese Academy of Sciences, National Natural Science Foundation of China, Chinese Academy of Sciences, National Natural Science Foundation of China, National Natural Science Foundation of China",0,Editome Disease Knowledgebase v2.0: an updated resource of editome-disease associations through literature curation and integrative analysis.
37140053,2023-07-01,"Department of General Microbiology, Georg-August-University Göttingen, GZMB, 37077 Göttingen, Germany.","Elfmann C, Stülke J",469281184,Deutsche Forschungsgemeinschaft,94,PAE viewer: a webserver for the interactive visualization of the predicted aligned error for multimer structure predictions and crosslinks.
37831083,2024-01-01,"CAS Key Laboratory of Genomic and Precision Medicine, Beijing Institute of Genomics, Chinese Academy of Sciences and China National Center for Bioinformation, Beijing 100101, China.","Kang H, Pan S, Lin S, Wang YY, Yuan N, Jia P","32270706, 232016009","National Natural Science Foundation of China, Startup Research Fund of Henan Academy of Sciences, Strategic Priority Research Program of the Chinese Academy of Sciences",11,PharmGWAS: a GWAS-based knowledgebase for drug repurposing.
37953308,2024-01-01,"Department of Hematology and West China Biomedical Big Data Center, West China Hospital, Sichuan University, Chengdu, Sichuan 610041, P.R. China.","Luo Y, Guo J, Wen J, Zhao W, Huang K, Liu Y, Wang G, Luo R, Niu T, Feng Y, Xu H, Kim P, Zhou X","2022YFS0228, 2217515, U01AR069395, 139170052, 2023YFS0200, R35GM138184, R01 CA241930, R01GM123037, R01 GM123037, R35 GM138184, 2326879, R01CA241930, R01GM123037, U01 AR069395","Sichuan Science and Technology Program, NSF, NIH, West China Hospital, Sichuan University, Sichuan Science and Technology Program, NIH, NCI NIH HHS, NIH HHS, NIGMS NIH HHS, NIGMS NIH HHS, NSF, NIH, NIH, NIAMS NIH HHS",3,StemDriver: a knowledgebase of gene functions for hematopoietic stem cell fate determination.
37971293,2024-01-01,"Vavilov Institute of General Genetics, Russian Academy of Sciences, 119991 Moscow, Russia.","Vorontsov IE, Eliseeva IA, Zinkevich A, Nikonov M, Abramov S, Boytsov A, Kamenets V, Kasianova A, Kolmykov S, Yevshin IS, Favorov A, Medvedeva YA, Jolma A, Kolpakov F, Makeev VJ, Kulakovskiy IV","075-152-021-601, 075-15-2021-595, 20-74-10075","Ministry of Science and Higher Education of the Russian Federation, Government of the Russian Federation, Russian Science Foundation, Non-commercial Foundation for Support of Science and Education ‘INTELLECT’, Non-commercial Foundation for Support of Science and Education 'INTELLECT', Ministry of Science and Higher Education of the Russian Federation",80,HOCOMOCO in 2024: a rebuild of the curated collection of binding models for human and mouse transcription factors.
37207338,2023-07-01,"Bioinformatics Unit, Spanish National Cancer Research Centre (CNIO), Madrid 28029, Spain.","Jiménez-Santos MJ, Nogueira-Rodríguez A, Piñeiro-Yáñez E, López-Fernández H, García-Martín S, Gómez-Plana P, Reboiro-Jato M, Gómez-López G, Glez-Peña D, Al-Shahrour F","AEI/10.13039/501100011033, ED431C2022/03-GRC, PID2021-124188NB-I00, ED431C2018/55-GRC, IMP/00019","Agencia Estatal de Investigación, Universidades e Formación Profesional, Ministerio de Ciencia e Innovación, FEDER, Instituto de Salud Carlos III, Universidades e Formación Profesional, European Regional Development Fund, EU, Consellería de Educación, IMPaCT-Data",9,PanDrugs2: prioritizing cancer therapies using integrated individual multi-omics data.
39425047,2024-10-18,"Earlham Institute, Norwich Research Park, Norwich, NR4 7UZ, UK.","Turek C, Ölbei M, Stirling T, Fekete G, Tasnádi E, Gul L, Bohár B, Papp B, Jurkowski W, Ari E","KDP-2023-C2285907, RRF-2.3.1-21-2022-00006, KKP 129814, BBS/E/F/000PR13631, BB/CSP1720/1, 739593, 739593","Nemzeti Kutatási, Fejlesztési és Innovaciós Alap, National Laboratory of Health Security, Hungary, NIHR Imperial Biomedical Research Centre, National Research, Development and Innovation Office, Biotechnology and Biological Sciences Research Council, Biotechnology and Biological Sciences Research Council, European Union's Horizon 2020, European Union’s Horizon 2020",0,mulea: An R package for enrichment analysis using multiple ontologies and empirical false discovery rate.
36550341,2022-12-23,"Department of Mathematics, College of Engineering and Physical Sciences, Aston University, Birmingham, B4 7ET, UK.","Nhat Phuong D, Flower DR, Chattopadhyay S, Chattopadhyay AK",76/QD-BGDDT,Vietnam Academy of Science and Technology,5,Towards Effective Consensus Scoring in Structure-Based Virtual Screening.
39240871,2024-09-06,"NOAA National Marine Fisheries Service, Northeast Fisheries Science Center, Milford Laboratory, Milford, Connecticut, United States of America.","Rose JM, Morse R, Schillaci C",,NOAA Fisheries Office of Aquaculture,0,Development and application of an online tool to quantify nitrogen removal associated with harvest of cultivated eastern oysters.
36340350,2022-10-20,"Department of Agricultural, Forest and Food Sciences, University of Turin, Grugliasco, Italy.","Savoi S, Santiago A, Orduña L, Matus JT","PGC2018-099449-A-I00, PRE2019-088044, RYC-2017-23645, PID2021-128865NB-I00","Ministerio de Ciencia, Innovación y Universidades",7,Transcriptomic and metabolomic integration as a resource in grapevine to study fruit metabolite quality traits.
38871809,2024-06-13,"National Clinical Research Center for TCM Cardiology, Xiyuan Hospital, China Academy of Chinese Medical Sciences, No.1 of Xiyuan Caochang, Haidian District, Beijing, 100091, China.","Zhu M, Li Y, Wang W, Liu Y, Tong T, Liu Y",,,2,"Development, validation and visualization of a web-based nomogram for predicting risk of new-onset diabetes after percutaneous coronary intervention."
40328764,2025-05-06,"Geoinformatics of University of Heidelberg, Heidelberg, Germany. schultz.consulting@outlook.com.","Schultz M, Li H, Wu Z, Wiell D, Auer M, Alexander Z","689812, 689812, INST 35/1314-1 FUGG, INST 35/1503-1 FUGG, INST 35/1503-1 FUGG, INST 35/1314-1 FUGG","EC | Horizon 2020 Framework Programme, EC | Horizon 2020 Framework Programme (EU Framework Programme for Research and Innovation H2020), Ministerium für Wissenschaft, Forschung und Kunst Baden-Württemberg (Ministry of Science, Research and Art Baden-Württemberg), Deutsche Forschungsgemeinschaft (German Research Foundation), Deutsche Forschungsgemeinschaft, Ministerium für Wissenschaft, Forschung und Kunst Baden-Württemberg",0,OSMlanduse a dataset of European Union land use at 10 m resolution derived from OpenStreetMap and Sentinel-2.
37646936,2023-01-01,"African Genome Center, Mohammed VI Polytechnic University, Ben Guerir, Morocco.","Hassan AH, Mokhtar MM, El Allali A",,,1,TEMM: A Curated Data Resource for Transposon Element-Based Molecular Markers in Plants.
36040109,2022-09-01,"ICAR-National Bureau of Plant Genetic Resources (ICAR-NBPGR), New Delhi, India.","Sahu TK, Singh AK, Mittal S, Jha SK, Kumar S, Jacob SR, Singh K",BT/Ag/ Network/Wheat/2019-20,"Department of Biotechnology, Ministry of Science and Technology, India",6,G-DIRT: a web server for identification and removal of duplicate germplasms based on identity-by-state analysis using single nucleotide polymorphism genotyping data.
38164624,2024-02-16,"Shanghai Frontiers Science Center of Optogenetic Techniques for Cell Metabolism, Shanghai Key Laboratory of New Drug Design, School of Pharmacy, East China University of Science and Technology, Shanghai 200237, China.","Chen L, Yu Z, Wu Z, Zhou M, Wang Y, Yu X, Li W, Liu G, Tang Y","2019YFA0904800, 82173746, BP0719034","National Key Research and Development Program of China, National Natural Science Foundation of China, Shanghai Frontiers Science Center of Optogenetic Techniques for Cell Metabolism",3,AptaDB: a comprehensive database integrating aptamer-target interactions.
37986224,2024-01-01,"DIANA-Lab, Dept. of Computer Science and Biomedical Informatics, University of Thessaly, Lamia, Greece.","Skoufos G, Kakoulidis P, Tastsoglou S, Zacharopoulou E, Kotsira V, Miliotis M, Mavromati G, Grigoriadis D, Zioga M, Velli A, Koutou I, Karagkouni D, Stavropoulos S, Kardaras FS, Lifousi A, Vavalou E, Ovsepian A, Skoulakis A, Tasoulis SK, Georgakopoulos SV, Plagianakos VP, Hatzigeorgiou AG","NSRF 2014-2020, T2EΔK-00391, 2563, T2EΔK-00391, MIS 5047244","Competitiveness, Entrepreneurship and Innovation, University of Thessaly, RESEARCH – CREATE – INNOVATE, Greece and the European Union, Hellenic Foundation for Research and Innovation, RESEARCH - CREATE - INNOVATE, Par-ICT CENG: Enhancing ICT research infrastructure in Central Greece to enable processing of Big data from sensor stream, multimedia content and complex mathematical modeling and simulations",76,TarBase-v9.0 extends experimentally supported miRNA-gene interactions to cell-types and virally encoded miRNAs.
37897357,2024-01-01,"School of Life Science and Technology, Harbin Institute of Technology, Harbin 150001, China.","Wang H, Su M, Xing J, Zhou J, Wang J, Chen L, Dong H, Xue W, Liu Y, Wu Q, Zhang Y","61972116, U20A20376, GA20C018","National Natural Science Foundation of China, National Natural Science Foundation of China, Technology Research and Development Project of Heilongjiang",4,HHCDB: a database of human heterochromatin regions.
37260078,2023-07-01,"DIANA-Lab, Department of Computer Science and Biomedical Informatics, Univ. of Thessaly, Lamia 35131, Greece.","Tastsoglou S, Skoufos G, Miliotis M, Karagkouni D, Koutsoukos I, Karavangeli A, Kardaras FS, Hatzigeorgiou AG","2563, MIS-5002780, NSRF 2014–2020","Hellenic Foundation for Research and Innovation, ELIXIR-GR: The Greek Research Infrastructure for Data Management and Analysis in Life Sciences, Operational Programme ‘Competitiveness, Entrepreneurship and Innovation’, European Regional Development Fund",90,DIANA-miRPath v4.0: expanding target-based miRNA functional analysis in cell-type and tissue contexts.
37566638,2023-08-11,"Institute of Bio- and Geosciences, IBG-1: Biotechnology, Forschungszentrum Jülich, Jülich, Germany.","Jadebeck JF, Wiechert W, Nöh K","Helmholtz School for Data Science in Life, Earth and Energy (HDS-LEE)",Helmholtz-Gemeinschaft,2,Practical sampling of constraint-based models: Optimized thinning boosts CHRR performance.
37125646,2023-07-01,"Department of Genetics, Blavatnik Institute, Harvard Medical School, Harvard University, Boston, MA 02115, USA.","Hu Y, Comjean A, Attrill H, Antonazzo G, Thurmond J, Chen W, Li F, Chao T, Mohr SE, Brown NH, Perrimon N","U41 HG000739, MR/N030117/1, P41 GM132087, U41HG000739, P41 GM132087, MR/W024233/1","NHGRI NIH HHS, Howard Hughes Medical Institute, Medical Research Council, NIH/NIGMS, NIH/NHGRI, NIGMS NIH HHS, Medical Research Council",65,PANGEA: a new gene set enrichment tool for Drosophila and common research organisms.
37125649,2023-07-01,"Nebraska Food for Health Center, Department of Food Science and Technology, University of Nebraska, Lincoln, NE 68588, USA.","Zheng J, Ge Q, Yan Y, Zhang X, Huang L, Yin Y","DBI-1933521, 58-8042-9-089, R01 GM140370, R01GM140370, R21 AI171952, R21AI171952","National Science Foundation, United States Department of Agriculture, NIGMS NIH HHS, National Institutes of Health, NIAID NIH HHS, National Institutes of Health",469,dbCAN3: automated carbohydrate-active enzyme and substrate annotation.
34850943,2022-01-01,"National Center for Biotechnology Information, National Library of Medicine, National Institutes of Health, Building 38A, 8600 Rockville Pike, Bethesda, MD 20894, USA.","Sayers EW, Cavanaugh M, Clark K, Pruitt KD, Schoch CL, Sherry ST, Karsch-Mizrachi I",,"National Institutes of Health, NIH HHS, Intramural Research Program of the National Library of Medicine",160,GenBank.
35849028,2022-07-01,"School of Life Sciences, The Chinese University of Hong Kong, Room 132, Science Centre, North Block, Shatin, New Territories, Hong Kong.","Chan PL, Lauw S, Ma KL, Kei N, Ma KL, Wong YO, Lam HY, Ting YY, Yau TK, Nong W, Huang D, Xie Y, Cheung PCK, Kwan HS",R5034-18,"Research Grants Council of HKSAR, PRC",5,"ProBioQuest: a database and semantic analysis engine for literature, clinical trials and patents related to probiotics."
38980370,2024-05-01,"Institute for Molecular Medicine Finland (FIMM), HiLIFE, University of Helsinki, Finland.","Ianevski A, Kushnir A, Nader K, Miihkinen M, Xhaard H, Aittokallio T, Tanoli Z","101057442, 351507, Academy of Finland, 101057442, 345803, 340141, 2020026, 344698","European Union's Horizon Europe Research & Innovation, Academy of Finland, Academy of Finland, European Union’s Horizon Europe Research &amp; Innovation, Academy of Finland, REMEDi4ALL, Sigrid Jusélius Foundation, Cancer Society of Finland, Academy of Finland, Norwegian Health Authority South-East, Academy of Finland",6,RepurposeDrugs: an interactive web-portal and predictive platform for repurposing mono- and combination therapies.
41171287,2025-01-01,"Department of Biological Sciences, Birla Institute of Technology and Science, Pilani, Hyderabad Campus, Jawahar Nagar, Kapra Mandal, Medchal District, Hyderabad, Telangana, 500078, India.","Ghodeswar S, Bandyopadhyay D",09/1026(0032)-2020-EMR-I,Council for Scientific and Industrial Research,0,"ROSBASE1.0: a comprehensive database of reactive oxygen species (ROS): categorization of cell organelles, proteins, taxonomy, and diseases based on ROS-related activities."
39428383,2024-10-21,"Department of Pharmacology, College of Medicine, Chungnam National University, Daejeon 35015, Republic of Korea.","Hossain R, Lee HJ, Baek CH, Hwang SC, Lee CJ",,Chungnam National University,2,Emodin Inhibited MUC5AC Mucin Gene Expression via Affecting EGFR-MAPK-Sp1 Signaling Pathway in Human Airway Epithelial Cells.
35222847,2022-02-10,"College of Life Sciences, Shihezi University, Shihezi, Xinjiang 832003, China.","Xu Y, Lei B, Zhang Q, Lei Y, Li C, Li X, Yao R, Hu R, Liu K, Wang Y, Cui Y, Wang L, Dai J, Li L, Ni W, Zhou P, Liu ZX, Hu S",,,12,ADDAGMA: A database for domestic animal gut microbiome atlas.
36494623,2022-12-09,"Max Perutz Labs, Vienna Biocenter Campus (VBC), Dr.-Bohr-Gasse 9, 1030, Vienna, Austria. sebastian.didusch@univie.ac.at.","Didusch S, Madern M, Hartl M, Baccarini M","W1261, W 1261, SFB F70, F7007","Österreichische Forschungsförderungsgesellschaft, Austrian Science Fund FWF, Österreichische Forschungsförderungsgesellschaft",34,amica: an interactive and user-friendly web-platform for the analysis of proteomics data.
37841327,2023-09-29,"National Genomics Data Center, Beijing Institute of Genomics, Chinese Academy of Sciences and China National Center for Bioinformation, Beijing 100101, China.","Bu C, Zheng X, Mai J, Nie Z, Zeng J, Qian Q, Xu T, Sun Y, Bao Y, Xiao J","31970634, 32170669, XDB38030400, 2020YFA0907001, 2022098","National Natural Science Foundation of China, National Natural Science Foundation of China, Chinese Academy of Sciences, National Key Research and Development Program of China, Youth Innovation Promotion Association of the Chinese Academy of Sciences",3,CCLHunter: An efficient toolkit for cancer cell line authentication.
IND600876383,2013-04-01,,"Li ZL, Tang BH, Wu H, Ren H, Yan G, Wan Z, Trigo IF, Sobrino JA","41231170, 088RA800KA, 2012AA12A304, 41171287","National Natural Science Foundation of China, State Key Laboratory of Resources and Environmental Information System, Hi-Tech Research and Development Program of China (863 Plan Program), State Key Laboratory of Resources and Environmental Information System",126,Satellite-derived land surface temperature: Current status and perspectives
39866666,2024-12-31,"Institute of Bioinformatics, University of Münster, Münster, Germany.","Manske F, Durda-Masny M, Grundmann N, Mazela J, Englert-Golon M, Szymankiewicz-Bręborowicz M, Ciomborowska-Basheer J, Makałowska I, Szwed A, Makałowski W",,National Science Centre Poland,0,Development of a new data management system for the study of the gut microbiome of children who are small for their gestational age.
36408920,2023-01-01,,,"BB/T010541/1, U24 HG007822, U41 HG002273, P41 HG002273, OD/DPCPSI/ODSS, R35 GM141873, U24 HG012212, R01 HG002273, BB/S01781X/1, HG002273, U24HG007822","Biotechnology and Biological Sciences Research Council, NHGRI NIH HHS, NHGRI NIH HHS, European Molecular Biology Laboratory, National Institute of Allergy and Infectious Diseases, National Institute of General Medical Sciences, National Cancer Institute, NHGRI NIH HHS, National Human Genome Research Institute, NIGMS NIH HHS, NHGRI NIH HHS, National Heart, Lung, and Blood Institute, National Institute of Diabetes and Digestive and Kidney Diseases, Open Targets, National Eye Institute, SERI, NHGRI NIH HHS, National Institute on Aging, Biotechnology and Biological Sciences Research Council, NHGRI NIH, National Institutes of Health",4467,UniProt: the Universal Protein Knowledgebase in 2023.
38865268,2024-06-12,"Division of Geological and Planetary Sciences, Caltech, Pasadena, CA 91101.","Wang RZ, Lonergan ZR, Wilbert SA, Eiler JM, Newman DK","postdoctoral fellowship, graduate fellowship, R01 HL152190, R01 HL152190-03, graduate fellowship, R01 HL152190-03","Jane Coffins Childs Memorial Fund for Medical Research Fellowship, NSF | National Science Foundation Graduate Research Fellowship Program, NHLBI NIH HHS, HHS | National Institutes of Health (NIH), NSF | National Science Foundation Graduate Research Fellowship Program (GRFP), HHS | National Institutes of Health",1,Widespread detoxifying NO reductases impart a distinct isotopic fingerprint on N<sub>2</sub>O under anoxia.
25928059,2015-04-28,"State Key Laboratory of Resources and Environment Information System, Institute of Geographic Sciences and Natural Resources Research, Chinese Academy of Sciences, Beijing 100101, China. fanxw.11b@igsnrr.ac.cn.","Fan X, Tang BH, Wu H, Yan G, Li ZL","2014DFE10220, 41171287, 41231170, 2012RC101","International Science &amp;amp; Technology Cooperation Program of China, National Natural Science Foundation of China, National Natural Science Foundation of China, Institute of Geographic Sciences and Natural Resources Research, Chinese Academy of Sciences",1,Daytime Land Surface Temperature Extraction from MODIS Thermal Infrared Data under Cirrus Clouds.
40045664,2025-03-05,"School of Computer Science, Northwestern Polytechnical University, No.1 Dongxiang Road, Xi'an, Shaanxi, 710129, China.","Wang Y, Luo J, Jiao S, Xie X, Wang T, Liu J, Shang X, Peng J","2022A1515010144, 2022KJXX-75, 62076082, 62072376, 92370106, 2024A1515010676, G2021KY05108, 2023M732860, D5000230056, 62202380","Basic and Applied Basic Research Foundation of Guangdong Province, Innovation Capability Support Program of Shaanxi, National Natural Science Foundation of China, National Natural Science Foundation of China, National Natural Science Foundation of China, Basic and Applied Basic Research Foundation of Guangdong Province, Fundamental Research Funds for the Central Universities, China Postdoctoral Science Foundation, Fundamental Research Funds for the Central Universities, National Natural Science Foundation of China",2,STExplore: An Integrated Online Platform for Comprehensive Analysis and Visualization of Spatial Transcriptomics Data.
37779250,2023-09-01,"School of Medical Imaging, Fujian Medical University, Fuzhou 350122, China.","Sun H, Song Z, Chen Q, Wang M, Tang F, Dou L, Zou Q, Yang F","62102065, 2022 J05055, 62001311, 2022NSFSC0926, 62002242, 2023 M731984, 62271353, XRCZX2022003","National Natural Science Foundation of China, Joint Funds for the Innovation of Science and Technology, Fujian province, National Natural Science Foundation of China, Natural Science Foundation of Sichuan Province, National Natural Science Foundation of China, China Postdoctoral Science Foundation, National Natural Science Foundation of China, Fujian Medical University Research Foundation of Talented Scholars",8,MMiKG: a knowledge graph-based platform for path mining of microbiota-mental diseases interactions.
39319582,2025-01-01,"Key Laboratory of Green Chemistry and Technology of Ministry of Education, College of Chemistry, Sichuan University, No. 29, Wangjiang Road, Chengdu 610064, China.","Yang QF, Wang XR, Wang YH, Wu XH, Shi RY, Wang YX, Zhu HN, Yang S, Tang YL, Li F",22077087,National Natural Science Foundation of China,6,G4LDB 3.0: a database for discovering and studying G-quadruplex and i-motif ligands.
39470724,2025-01-01,"Westlake Laboratory of Life Sciences and Biomedicine, No. 18 Shilongshan Road, Hangzhou 310024, Zhejiang, China.","Jiang J, Ye X, Kong Y, Guo C, Zhang M, Cao F, Zhang Y, Pei W","2024SSYS0034 to W.P., 82270123, 2022YFA1105700, 2022YFA1302700, 2024SSYS0034 to W.P., 2022YFA1105700, 32370710","Key R&D Program of Zhejiang Province, National Natural Science Foundation of China, National Key R&D Program of China, National Key R&amp;D Program of China, Key R&amp;D Program of Zhejiang Province, Westlake Education Foundation, National Key R&amp;D Program of China, National Natural Science Foundation of China",5,scLTdb: a comprehensive single-cell lineage tracing database.
33237866,2022-05-01,,"Lopez-Fernandez H, Duque P, Vazquez N, Fdez-Riverola F, Reboiro-Jato M, Vieira CP, Vieira J",ED431C2018/55-GRC,Conselleria de Educacion Universidades e Formacion Profesional Xunta de Galicia,14,SEDA: A Desktop Tool Suite for FASTA Files Processing.
38532317,2024-03-26,"Department of Computer Engineering, Istanbul Technical University, 34469, Istanbul, Turkey.","Ergun MA, Cinal O, Bakışlı B, Emül AA, Baysan M",3899,Türkiye Sağlık Enstitüleri Başkanlığı,2,COSAP: Comparative Sequencing Analysis Platform.
36715855,2023-01-30,"Institute of Bioinformatics, International Technology Park, Whitefield, Bangalore, 560066, India.","Mol P, Balaya RDA, Dagamajalu S, Babu S, Chandrasekaran P, Raghavan R, Suresh S, Ravishankara N, Raju AH, Nair B, Modi PK, Mahadevan A, Prasad TSK, Raju R",,,5,A network map of GDNF/RET signaling pathway in physiological and pathological conditions.
38469247,2024-02-29,"School of Biosciences and Bioengineering, Indian Institute of Technology (IIT) Mandi, Himachal Pradesh 175075, India.","Joshi A, Nigam A, Narayan Mudgal L, Mondal B, Basak T",,Department of Science and Technology,2,ColPTMScape: An open access knowledge base for tissue-specific collagen PTM maps.
34396391,2022-01-01,"Faculty of Biology and Biotechnology, HSE University, Moscow, Russia.","Nersisyan S, Zhiyanov A, Shkurnikov M, Tonevitsky A",,Laboratory of Molecular Physiology at HSE University,39,T-CoV: a comprehensive portal of HLA-peptide interactions affected by SARS-CoV-2 mutations.
37941154,2024-01-01,"CAS Key Laboratory of Genomic and Precision Medicine, Beijing Institute of Genomics, Chinese Academy of Sciences and China National Center for Bioinformation, Beijing 100101, China.","Pan S, Kang H, Liu X, Li S, Yang P, Wu M, Yuan N, Lin S, Zheng Q, Jia P","32270706, 232016009, XDB38010400","National Natural Science Foundation of China, Startup Research Fund of Henan Academy of Sciences, Strategic Priority Research Program of the Chinese Academy of Sciences",15,COLOCdb: a comprehensive resource for multi-model colocalization of complex traits.
36300620,2023-01-01,"Institute for Chemical Research, Kyoto University, Uji, Kyoto 611-0011, Japan.","Kanehisa M, Furumichi M, Sato Y, Kawashima M, Ishiguro-Watanabe M",,Japan Science and Technology Agency,3443,KEGG for taxonomy-based analysis of pathways and genomes.
36162821,2023-01-01,"Institute for Quantitative Biosciences, The University of Tokyo, Bunkyo-ku, Tokyo, Yayoi 1-1-1, Japan.","Wang J, Nakato R",JP22gm6310012h0003,Japan Agency for Medical Research and Development,7,"CohesinDB: a comprehensive database for decoding cohesin-related epigenomes, 3D genomes and transcriptomes in human cells."
38279110,2024-01-26,"Coriell Institute for Medical Research, 403 Haddon Ave, Camden, NJ, 08103, USA.","Gharani N, Calendo G, Kusic D, Madzo J, Scheinfeldt L","5U24HG008736, U24 HG008736, 5U24HG008736","NHGRI NIH HHS, NHGRI NIH HHS, National Human Genome Research Institute",6,Star allele search: a pharmacogenetic annotation database and user-friendly search tool of publicly available 1000 Genomes Project biospecimens.
36318250,2023-01-01,"National Genomics Data Center & CAS Key Laboratory of Genome Sciences and Information, Beijing Institute of Genomics, Chinese Academy of Sciences and China National Center for Bioinformation, Beijing 100101, China.","Zhang M, Zong W, Zou D, Wang G, Zhao W, Yang F, Wu S, Zhang X, Guo X, Ma Y, Xiong Z, Zhang Z, Bao Y, Li R","XDB38030100, 2021YFF0703704, WX145XQ07-04, XDB38030200, ANSO-PA-2020–07","Strategic Priority Research Program of the Chinese Academy of Sciences, National Key Research and Development Program of China, Genomics Data Center Construction of Chinese Academy of Sciences, Strategic Priority Research Program of the Chinese Academy of Sciences, Professional Association of the Alliance of International Science Organizations",11,MethBank 4.0: an updated database of DNA methylation across a variety of species.
38385146,2024-02-21,"Microbiology and Immunology, Dalhousie University, Halifax, Nova Scotia B3H 4H7, Canada.","Martinez GS, Perez-Rueda E, Kumar A, Dutt M, Maya CR, Ledesma-Dominguez L, Casa PL, Kumar A, de Avila E Silva S, Kelvin DJ","320012, 2023-2565, IN-220523, CIHR MZ1 187236","Consejo Nacional de Humanidades, Ciencias y Tecnologías, Dalhousie Medical Research Foundation, Research Nova Scotia, Li Ka Shing Foundation, Canadian Institutes of Health Research, Mpox Rapid Research",4,CDBProm: the Comprehensive Directory of Bacterial Promoters.
39101502,2024-07-01,"Shanghai Institute for Advanced Immunochemical Studies, ShanghaiTech University, 393 Middle Huaxia Road, Pudong New Area, Shanghai 201210, China.","Li F, Hu Q, Zhou Y, Yang H, Bai F","2022YFC3400500, 2022YFC3400501, 20QA1406400, 2022YFC3400500, 22ZR1441400, 82003654","National Key R&amp;D Program of China, National Key R&amp;D Program of China, Shanghai Science and Technology Development Funds, National Key R&D Program of China, Shanghai Science and Technology Development Funds, National Natural Science Foundation of China",7,DiffPROTACs is a deep learning-based generator for proteolysis targeting chimeras.
34570238,2022-01-01,"Clinical Bioinformatics, Center for Bioinformatics, Saarland University, 66123 Saarbrücken, Germany.","Keller A, Gröger L, Tschernig T, Solomon J, Laham O, Schaum N, Wagner V, Kern F, Schmartz GP, Li Y, Borcherding A, Meier C, Wyss-Coray T, Meese E, Fehlmann T, Ludwig N",,Saarland University,115,miRNATissueAtlas2: an update to the human miRNA tissue atlas.
35436998,2022-04-18,"Department of Immunology, Leiden University Medical Center, 2333 ZA, Leiden, The Netherlands.","Dekker J, van Dongen JJM, Reinders MJT, Khatri I",,,5,pmTR database: population matched (pm) germline allelic variants of T-cell receptor (TR) loci.
35284049,2022-02-26,"Key Lab of Advanced Drug Preparation Technologies, Ministry of Education of China, Zhengzhou University, 100 Kexue Avenue, Zhengzhou, Henan 450001, China.","Zhao LF, Zhang JG, Qi FY, Hou WY, Li YR, Shen DD, Zhao LJ, Qi L, Liu HM, Zheng YC",,,3,SDC: An integrated database for sex differences in cancer.
36950105,2023-03-06,"College of Science and Engineering, Hamad Bin Khalifa University, Doha, Qatar.","Basit SA, Qureshi R, Musleh S, Guler R, Rahman MS, Biswas KH, Alam T",,,6,COVID-19Base v3: Update of the knowledgebase for drugs and biomedical entities linked to COVID-19.
26657766,2015-12-10,"Department of Molecular Biology, University of Texas Southwestern Medical Center, 5323 Harry Hines Boulevard, Dallas, TX 75390, USA.","Marty-Santos L, Cleaver O","DK079862-01, F31 DK092098, 5F31DK092098, R01 DK079862, 3R01DK079862","NIDDK NIH HHS, NIDDK NIH HHS, NIDDK NIH HHS, NIDDK NIH HHS, NIDDK NIH HHS",23,Pdx1 regulates pancreas tubulogenesis and E-cadherin expression.
37625584,2023-08-23,"Department of Pharmacy and Biotechnology (FaBiT), University of Bologna, Via F. Selmi 3, 40126 Bologna, Italy.","Turina P, Fariselli P, Capriotti E",,"Ministry of Education, University and Research",0,K-Pro: Kinetics Data on Proteins and Mutants.
39494533,2025-01-01,"Department of Quantitative and Computational Biology, University of Southern California, Los Angeles, CA 90089, USA.","Mitra R, Cohen AS, Sagendorf JM, Berman HM, Rohs R","R35 GM130376, R35GM130376, RGP0021/2018, R35GM130376","NIGMS NIH HHS, National Institutes of Health, Human Frontier Science Program, NIH HHS, Andrew J. Viterbi Fellowship",17,DNAproDB: an updated database for the automated and interactive analysis of protein-DNA complexes.
36519267,2023-01-09,"School of Life Sciences, Key Laboratory for Space Bioscience and Biotechnology, Northwestern Polytechnical University, Xi'an, China.","Li Q, Zhang YF, Zhang TM, Wan JH, Zhang YD, Yang H, Huang Y, Xu C, Li G, Lu HM",,,4,iORbase: A database for the prediction of the structures and functions of insect olfactory receptors.
36757087,2023-03-01,"School of Life Science and Engineering, Southwest Jiaotong University, Chengdu 610031, P.R. China.","Zhong T, Wang W, Liu H, Zeng M, Zhao X, Guo Z","2022NSFSC0779, 2682021ZTPY016","Sichuan Science and Technology Program, Basic Research Cultivation Support Program of Fundamental Research Funds for the Central Universities",22,eccDNA Atlas: a comprehensive resource of eccDNA catalog.
38602506,2024-04-01,"Genomics and Molecular Medicine, CSIR-Institute of Genomics and Integrative Biology (CSIR-IGIB), Delhi 110007, India.","Uppili B, Faruq M",,,1,STRIDE-DB: a comprehensive database for exploration of instability and phenotypic relevance of short tandem repeats in the human genome.
37624922,2023-08-01,"CAS Key Laboratory of Regenerative Biology, Guangdong Provincial Key Laboratory of Stem Cell and Regenerative Medicine, GIBH-HKU Guangdong-Hong Kong Stem Cell and Regenerative Medicine Research Centre, Hong Kong Institute of Science & Innovation, Guangzhou Institutes of Biomedicine and Health, Chinese Academy of Sciences, Guangzhou, Guangdong 510530, China.","Feng Z, Fang P, Zheng H, Zhang X","2021YFA1101304, 2021YFA1100401, 2019QN01Y051","National Key R&amp;D Program of China, National Key R&amp;D Program of China, Guangdong Pearl River Talents Program",28,DEP2: an upgraded comprehensive analysis toolkit for quantitative proteomics data.
40261741,2025-04-01,"Division of Environmental Health Sciences, School of Public Health, University of California, 2121 Berkeley Way, Berkeley, CA 94704, United States.","Rigutto G, McHale CM, Singam ERA, Rana I, Zhang L, Smith MT","P42ES004705, P42 ES004705, P42ES004705, 21-E0020","National Institutes of Health, NIEHS NIH HHS, National Institutes of Health (NIH), Office of Environmental Health Hazard Assessment Cal EPA",0,Mapping assays to the key characteristics of carcinogens to support decision-making.
35441360,2022-04-19,"Centre de Recherches sur la Cognition et l'Apprentissage (UMR CNRS 7295), Université de Poitiers, Université de Tours, Centre National de la Recherche Scientifique, Poitiers, France. christel.bidet@univ-poitiers.fr.","Bidet-Ildei C, Francisco V, Decatoire A, Pylouster J, Blandin Y",,,7,PLAViMoP database: A new continuously assessed and collaborative 3D point-light display dataset.
35567946,2022-04-29,"Institute of Computational Science and Technology, Guangzhou University, Guangzhou, Guangdong 510006, PR China; School of Computer Science of Information Technology, Qiannan Normal University for Nationalities, Duyun, Guizhou 558000, PR China.","Xu P, Li X, Li X, Liang Y, Bao Z, Zhang F, Gu L, Kosari S, Liu W","62002079, 62072128, 62102104, 81901881","National Natural Science Foundation of China, National Natural Science Foundation of China, National Natural Science Foundation of China, National Natural Science Foundation of China",7,PmiRtarbase: A positive miRNA-target regulations database.
38000392,2024-01-01,"State Key Laboratory of Microbial Metabolism, Joint International Research Laboratory of Metabolic & Developmental Sciences, School of Life Science & Biotechnology, Shanghai Jiao Tong University, Shanghai 200240, China.","Huang X, Gan Z, Cui H, Lan T, Liu Y, Caron E, Shao W","2022YFC3401600, 32271493, 62102248","National Key Research and Development Program of China, National Natural Science Foundation of China, National Natural Science Foundation of China",19,"The SysteMHC Atlas v2.0, an updated resource for mass spectrometry-based immunopeptidomics."
39552041,2025-01-01,,,"BB/X002179/1, HG002273, R01 HG002273, 825575, BB/T015608/1, U24 OD038424, U24HG007822, U41 HG002273, U24 HG007822, U41 HG007822, BB/X002179/1, HG002273, R35 GM141873, P41 HG002273, R35GM141873, R35GM141873, U24HG007822","European Molecular Biology Laboratory (EMBL) Australia, NIDDK NIH HHS, National Cancer Institute, National Science Foundation’s Directorate for Biological Sciences, NHGRI NIH HHS, NHGRI NIH HHS, State Secretariat for Education, Research and Innovation, Horizon 2020 - Research and Innovation Framework Programme, Biotechnology and Biological Sciences Research Council, NIH HHS, ODCDC CDC HHS, National Heart, Lung, and Blood Institute, NHGRI NIH HHS, NHGRI NIH HHS, NHGRI NIH HHS, NCI NIH HHS, National Institute on Aging, National Science Foundation's Directorate for Biological Sciences, National Human Genome Research Institute, NEI NIH HHS, NIGMS NIH HHS, NHLBI NIH HHS, NIA NIH HHS, NHGRI NIH HHS, NIGMS NIH HHS, National Institute of General Medical Sciences, Office of the Director, National Eye Institute, National Institute of Allergy and Infectious Diseases, National Institute of Diabetes and Digestive and Kidney Diseases",604,UniProt: the Universal Protein Knowledgebase in 2025.
36420889,2023-01-01,"Bioinformation and DDBJ Center, National Institute of Genetics, Mishima, Shizuoka 411-8540, Japan.","Tanizawa Y, Fujisawa T, Kodama Y, Kosuge T, Mashima J, Tanjo T, Nakamura Y","JPMJCR1501, 20gm1010006h0004","Ministry of Education, Culture, Sports, Science and Technology, Japan Science and Technology Agency, Database Integration Coordination Program of NBDC for MetaboBank, AMED",28,DNA Data Bank of Japan (DDBJ) update report 2022.
37870433,2024-01-01,"CAS Key Laboratory of Genomic and Precision Medicine, Beijing Institute of Genomics, Chinese Academy of Sciences and China National Center for Bioinformation, Beijing 100101, China.","Li H, Wu S, Li J, Xiong Z, Yang K, Ye W, Ren J, Wang Q, Xiong M, Zheng Z, Zhang S, Han Z, Yang P, Jiang B, Ping J, Zuo Y, Lu X, Zhai Q, Yan H, Wang S, Ma S, Zhang B, Ye J, Qu J, Yang YG, Zhang F, Liu GH, Bao Y, Zhang W","2022K46, 2022YFA1103700, 82122024, 82271600, 91949209, 92049304, 82192863, 92168201, XDB38030200, Z190019, 2021-1045, 2021ZD0202400, 32000500, XDA16000000, 2020YFA0112200, 2020YFA0804000, 81921006, CAS-WX2022SDC-XK14, YSBR-012, 82071588, 92049116, E1CAZW0401, YSBR-076, 11000023T000002036310, 32121001, BPHR202203105, CAS-WX2021SF-0301, 12300927, 2021YFF1201000, 82125011, YESS20210002, 2022083, 2022YFA1103802, 92149301, CAS-WX2021SF-0101","Quzhou Technology Projects, National Key Research and Development Program of China, National Natural Science Foundation of China, National Natural Science Foundation of China, National Natural Science Foundation of China, National Natural Science Foundation of China, National Natural Science Foundation of China, National Natural Science Foundation of China, Strategic Priority Research Program of the Chinese Academy of Sciences, Program of the Beijing Natural Science Foundation, New Cornerstone Science Foundation, National Key Research and Development Program of China, National Natural Science Foundation of China, Strategic Priority Research Program of the Chinese Academy of Sciences, National Key Research and Development Program of China, National Key Research and Development Program of China, National Natural Science Foundation of China, Informatization Plan of Chinese Academy of Sciences, CAS Project for Young Scientists in Basic Research, National Natural Science Foundation of China, National Natural Science Foundation of China, Youth Innovation Promotion Association of CAS, CAS Project for Young Scientists in Basic Research, Project for Technology Development of Beijing-affiliated Medical Research Institutes, National Natural Science Foundation of China, Excellent Young Talents Training Program for the Construction of Beijing Municipal University Teacher Team, Informatization Plan of Chinese Academy of Sciences, Excellent Young Talents Program of Capital Medical University, National Key Research and Development Program of China, National Natural Science Foundation of China, Young Elite Scientists Sponsorship Program by CAST, Youth Innovation Promotion Association of CAS, National Key Research and Development Program of China, National Natural Science Foundation of China, Informatization Plan of Chinese Academy of Sciences",12,HALL: a comprehensive database for human aging and longevity studies.
35325188,2022-07-01,"Department of Drug Discovery Medicine, Kyoto University Graduate School of Medicine, 53 Shogoin Kawahara-cho, Sakyo-ku, Kyoto 606-8507, Japan.","Zou Z, Ohta T, Miura F, Oki S","19H03424, 18KT0024, JP20gm5010003, JPMJER2101, JPMJPR1942, 16H06530, JPMJSP2110","KAKENHI, Ministry of Education, Culture, Sports, Science and Technology, KAKENHI, Japan Agency for Medical Research and Development, Japan Science and Technology Agency, ERATO, PRESTO, Kyoto University, KAKENHI, SPRING, NBDC",254,"ChIP-Atlas 2021 update: a data-mining suite for exploring epigenomic landscapes by fully integrating ChIP-seq, ATAC-seq and Bisulfite-seq data."
37221343,2023-05-23,"Fraunhofer Institute for Industrial Engineering IAO, Nobelstraße 12, 70569, Stuttgart, Germany. Katharina.Lingelbach@iao.fraunhofer.de.","Lingelbach K, Vukelić M, Rieger JW","EXC 2177/1-Project ID 390895286, Fraunhofer TALENTA, KI-Fortschrittszentrum Lernende Systeme und Kognit, EXC 2177/1—Project ID 390895286","Fraunhofer-Institut für Arbeitswirtschaft und Organisation IAO, Deutsche Forschungsgemeinschaft, Fraunhofer-Gesellschaft, Ministry of Economic Affairs, Labour, and Tourism Baden-Wuerttemberg, Deutsche Forschungsgemeinschaft",1,"GAUDIE: Development, validation, and exploration of a naturalistic German AUDItory Emotional database."
36993970,2023-03-13,"Academy of Medical Engineering and Translational Medicine, Tianjin University, Tianjin, China.","Dou Y, Shan S, Zhang J",,,4,UcTCRdb: An unconventional T cell receptor sequence database with online analysis functions.
34664659,2022-01-01,"School of Pharmacy and Department of Medical Oncology, The Affiliated Hospital of Hangzhou Normal University, Hangzhou Normal University, Hangzhou 311121, China.","Sun X, Zhang Y, Zhou Y, Lian X, Yan L, Pan T, Jin T, Xie H, Liang Z, Qiu W, Wang J, Li Z, Zhu F, Sui X","81872798, 81874380, 82022075, LR21H300001, 82104207, LR18H160001, 2018QNA7023, U1909208, 2020C03010","National Natural Science Foundation of China, National Natural Science Foundation of China, Information Technology Center of Zhejiang University, National Natural Science Foundation of China, Alibaba Cloud, Natural Science Foundation of Zhejiang Province, National Natural Science Foundation of China, Natural Science Foundation of Zhejiang Province, National High-Level Talents Special Support Plan of China, Fundamental Research Fund for the Central Universities, National Natural Science Foundation of China, Key R&amp;D Program of Zhejiang Province, Alibaba-Zhejiang University Joint Research Center of Future Digital Healthcare",30,NPCDR: natural product-based drug combination and its disease-specific molecular regulation.
38933486,2024-06-18,"Leiden Institute of Advanced Computer Science (LIACS), Leiden University, Leiden, Netherlands Leiden Institute of Advanced Computer Science (LIACS), Leiden University Leiden Netherlands.","Martorelli I, Pooryousefi A, van Thiel H, Sicking FJ, Ramackers GJ, Merckx V, Verbeek FJ",,,0,Multiple graphical views for automatically generating SQL for the MycoDiversity DB; making fungal biodiversity studies accessible.
35898309,2022-05-18,"Institut de Biotecnologia i de Biomedicina and Departament de Bioquímica i Biologia Molecular, Universitat Autònoma de Barcelona, Barcelona, Spain.","Pintado-Grima C, Bárcenas O, Manglano-Artuñedo Z, Vilaça R, Macedo-Ribeiro S, Pallarès I, Santos J, Ventura S","PID 2019-105017RB-I00, PhasAGE/H2020-WIDESPREAD-2020-5 GA952334","Ministerio de Ciencia e Innovación, Horizon 2020, Institució Catalana de Recerca i Estudis Avançats",9,CARs-DB: A Database of Cryptic Amyloidogenic Regions in Intrinsically Disordered Proteins.
31528204,2019-09-10,"1Chongqing Engineering Research Center for Rapeseed, College of Agronomy and Biotechnology, Southwest University, Chongqing, 400715 China.","Xiao Z, Zhang C, Tang F, Yang B, Zhang L, Liu J, Huo Q, Wang S, Li S, Wei L, Du H, Qu C, Lu K, Li J, Li N","B12006, 2018YFD0200903, 2018YFD0100504","the “111” Project, National Key R &amp; D Program of China, National Key R &amp; D Program of China",27,Identification of candidate genes controlling oil content by combination of genome-wide association and transcriptome analysis in the oilseed crop <i>Brassica napus</i>.
37235058,2023-05-04,"Department of Biological Sciences, Indian Institute of Science Education and Research, Bhopal, Madhya Pradesh 462066, India.","Yadav P, Pandey A, Kakani P, Mutnuru SA, Samaiya A, Mishra J, Shukla S","STR/2020/000093, IA/I/16/2/502719, CRG/2021/004949, IA/I/16/2/502719, IPA/2021/000148","Indian Institute of Science Education and Research Bhopal, Council of Scientific and Industrial Research, India, Science and Engineering Research Board, DBT/Wellcome Trust India Alliance, Department of Biotechnology, Ministry of Science and Technology, India, Science and Engineering Research Board, DBT/Wellcome Trust India Alliance, Science and Engineering Research Board, Wellcome Trust",13,Hypoxia-induced loss of SRSF2-dependent DNA methylation promotes CTCF-mediated alternative splicing of VEGFA in breast cancer.
35354826,2022-03-30,"N.D. Zelinsky Institute of Organic Chemistry, Russian Academy of Sciences, Leninsky prospect 47, Moscow, 119991, Russia. netbox@toukach.ru.","Toukach PV, Egorova KS","18-14-00098-P, 18-14-00098-P","Russian Science Foundation, Russian Science Foundation (RSF)",11,Source files of the Carbohydrate Structure Database: the way to sophisticated analysis of natural glycans.
40673435,2025-07-17,"Bioinformatics Research Center, North Carolina State University, Raleigh, United States.","Zhang Y, Silvernail I, Lin Z, Lin X","Startup funding, Ideation fund, Interdisciplinary seed funding","North Carolina State University, North Carolina State University, North Carolina State University",0,Interpretable protein-DNA interactions captured by structure-sequence optimization.
40126909,2025-02-15,"Department of Quantitative and Computational Biology, University of Southern California, Los Angeles, CA 90089, USA.","Mitra R, Cohen AS, Tang WY, Hosseini H, Hong Y, Berman HM, Rohs R",R35 GM130376,NIGMS NIH HHS,2,RNAproDB: A Webserver and Interactive Database for Analyzing Protein-RNA Interactions.
40036585,2025-03-01,"Department of Statistics and Operations Research, University of North Carolina at Chapel Hill, Chapel Hill, NC 27599, United States.","Liu R, Zhang Z, Won H, Marron JS",DMS-2113404,National Science Foundation,0,Significance in scale space for Hi-C data.
38459946,2024-03-01,"State Key Laboratory of Experimental Hematology, National Clinical Research Center for Blood Diseases, Haihe Laboratory of Cell Ecosystem, Institute of Hematology & Blood Diseases Hospital, Chinese Academy of Medical Sciences & Peking Union Medical College, 288 Nanjing Road, Tianjin 300020, China.","Zhou Z, Du J, Wang J, Liu L, Gordon MG, Ye CJ, Powell JE, Li MJ, Rao S","P30 AR070155, 2022XAGG0142, 2021-I2M-1-041, 2021-I2M-1-041, 2021YFA1102300, 2021-RC310-015, 21JCQNJC01220","NIAMS NIH HHS, Science, Technology &amp; Innovation Project of Xiongan New Area, CAMS Innovation Fund for Medical Sciences, CAMS Innovation Fund for Medical Sciences (CIFMS), National Key R&amp;D Program of China, Non-profit Central Research Institute Fund of Chinese Academy of Medical Sciences, Tianjin Municipal Science and Technology Commission Grant",3,SingleQ: a comprehensive database of single-cell expression quantitative trait loci (sc-eQTLs) cross human tissues.
40214100,2025-04-01,"Cold Spring Harbor Laboratory, 1 Bungtown Road, Cold Spring Harbor, NY 11724, United States.","Wei S, Chougule K, Olson A, Lu Z, Tello-Ruiz MK, Kumar V, Kumari S, Zhang L, Olson A, Kim C, Gladman N, Ware D","IOS-1127112, S10 OD0286321-01, 8062-21000-044-000D 8062-21000-051-00D","National Science Foundation, National Institute of Health, United States, Agricultural Research Service",0,"GrameneOryza: a comprehensive resource for Oryza genomes, genetic variation, and functional data."
38597890,2024-05-01,"Department of Clinical and Experimental Medicine, University of Catania, Catania, 95125, Italy.","Di Maria A, Bellomo L, Billeci F, Cardillo A, Alaimo S, Ferragina P, Ferro A, Pulvirenti A",,"European Integrated Infrastructure for Social Mining and Big Data Analytics, NextGenerationEU—National Recovery and Resilience Plan, NextGenerationEU-National Recovery and Resilience Plan",4,NetMe 2.0: a web-based platform for extracting and modeling knowledge from biomedical literature as a labeled graph.
37689762,2023-09-09,"Computational Biology Lab, Estación Biológica de Doñana (EBD), Spanish National Research Council (CSIC), Seville, Spain.","Ortega R, Wulff E, Fortuna MA",,,1,Ontology for the Avida digital evolution platform.
37159240,2023-05-01,"Anhui Provincial Engineering Laboratory for Beidou Precision Agriculture Information, School of Information and Computer, Anhui Agricultural University, 130 Changjiangxilu, Heifei, Anhui 230036, P.R.China.","Wang Y, Wang P, Zhang Y, Yao S, Xu Z, Zhang Y",2022AH040122,Research Projects of Anhui Higher Education Institutions,0,TRSRD: a database for research on risky substances in tea using natural language processing and knowledge graph-based techniques.
38965703,2024-07-01,"Hereditary Cancer Program, Catalan Institute of Oncology, Institut d'Investigació Biomèdica de Bellvitge-IDIBELL-ONCOBELL, L'Hospitalet de Llobregat, Barcelona 08908, Spain.","Moreno-Cabrera JM, Feliubadaló L, Pineda M, Prada-Dacasa P, Ramos-Muntada M, Del Valle J, Brunet J, Gel B, Currás-Freixes M, Calsina B, Salazar-Hidalgo ME, Rodríguez-Balada M, Roig B, Fernández-Castillejo S, Durán Domínguez M, Arranz Ledo M, Infante Sanz M, Castillejo A, Dámaso E, Soto JL, de Miguel M, Hidalgo Calero B, Sánchez-Zapardiel JM, Ramon Y Cajal T, Lasa A, Gisbert-Beamud A, López-Novo A, Ruiz-Ponte C, Potrony M, Álvarez-Mora MI, Osorio A, Lorda-Sánchez I, Robledo M, Cascón A, Ruiz A, Spataro N, Hernan I, Borràs E, Moles-Fernández A, Earl J, Cadiñanos J, Sánchez-Heras AB, Bigas A, Capellá G, Lázaro C","2023SGR01112, PI19/00553 PI23/00017, CB16/12/00234, CB16/12/00234","Department of Research and Universities of the Generalitat de Catalunya and AGAUR, Instituto de Salud Carlos III and Ministerio de Ciencia e Innovación, funded by FEDER funds - a way to build Europe -, CIBER - Consorcio Centro de Investigación Biomédica en Red, CIBER - Consorcio Centro de Investigación Biomédica en Red (CIBERONC)",1,SpadaHC: a database to improve the classification of variants in hereditary cancer genes in the Spanish population.
34747480,2022-01-01,"School of Molecular Sciences and Center for Molecular Design and Biomimetics, The Biodesign Institute, Arizona State University, 1001 South McAllister Avenue, Tempe, AZ 85281, USA.","Poppleton E, Mallya A, Dey S, Joseph J, Šulc P",1931487,National Science Foundation,15,Nanobase.org: a repository for DNA and RNA nanostructures.
35758810,2022-06-01,"Graduate School of Sciences and Engineering, Koç University, İstanbul 34450, Turkey.","Bektaş AB, Ak Ç, Gönen M",EEEAG 117E181,"BAGEP, Science Academy of Turkey, The Young Scientist Award Program, Turkish Academy of Sciences, Scientific and Technological Research Council of Turkey",1,Fast and interpretable genomic data analysis using multiple approximate kernel learning.
40276250,2025-04-03,"State Key Laboratory of Engineering Biology for Low-Carbon Manufacturing, Tianjin Institute of Industrial Biotechnology, Chinese Academy of Sciences, Tianjin, 300308, China.","Dong J, Mao Z, Li H, Wang R, Wang Y, Jia H, Li J, Liu Q, Zhang C, Liao X, Liu D, Ma H, Tian C",,,0,MTD: A cloud-based omics database and interactive platform for &lt;i&gt;Myceliophthora thermophila&lt;/i&gt;.
37158271,2023-07-01,"Biodesign Center, Key Laboratory of Engineering Biology for Low-Carbon Manufacturing, Tianjin Institute of Industrial Biotechnology, Chinese Academy of Sciences, Tianjin 300308, China.","Mao Z, Yuan Q, Li H, Zhang Y, Huang Y, Yang C, Wang R, Yang Y, Wu Y, Yang S, Liao X, Ma H","TSBICIP-PTJS-001, 2021YFC2100700, 22HHSWSS00021, XDB0480000, KY202001017, TSBICIP-PTJJ-007","Tianjin Synthetic Biotechnology Innovation Capacity Improvement Projects, National Key Research and Development Program of China, Innovation Fund of Haihe Laboratory of Synthetic Biology, Strategic Priority Research Program of the Chinese Academy of Sciences, National Key Research and Development Program of China, Youth Innovation Promotion Association CAS, Science and Technology Partnership Program, Ministry of Science of China, Tianjin Synthetic Biotechnology Innovation Capacity Improvement Projects",21,CAVE: a cloud-based platform for analysis and visualization of metabolic pathways.
37776561,2023-09-01,"Key Laboratory for Biomechanics and Mechanobiology of Ministry of Education, Beijing Advanced Innovation Centre for Biomedical Engineering, School of Engineering Medicine & School of Biological Science and Medical Engineering, Beihang University, No. 37 Xueyuan Road, Haidian District, Beijing 100191, China.","Tai C, Li H, Zhang J",L222097,"Program for High-Level Overseas Talents, Beihang University, Youth Thousand Scholar Program of China, Beijing Natural Science Foundation",2,BCEDB: a linear B-cell epitopes database for SARS-CoV-2.
35388171,2022-04-06,"Guangdong Provincial Key Laboratory of Malignant Tumor Epigenetics and Gene Regulation, Guangdong-Hong Kong Joint Laboratory for RNA Medicine, Sun Yat-Sen Memorial Hospital, Sun Yat-Sen University, Guangzhou, China. pengli9@mail.sysu.edu.cn.","Peng L, Zhou N, Zhang CY, Li GC, Yuan XQ",,,31,eccDNAdb: a database of extrachromosomal circular DNA profiles in human cancers.
36399497,2023-01-01,"Department of Genetics and Genomic Medicine Research & Teaching, UCL GOS Institute of Child Health, London, WC1N 1EH, UK.","García-Ruiz S, Gustavsson EK, Zhang D, Reynolds RH, Chen Z, Fairbrother-Browne A, Gil-Martínez AL, Botia JA, Collado-Torres L, Ryten M","MR/N008324/1, R01MH123567, R01 MH123567, 00007/COVI/20, A2021009F, 21230/PD/19","Tenure Track Clinician Scientist Fellowship, National Institutes of Health, Leonard Wolfson Foundation, NIMH NIH HHS, AWS Web Services, Biotechnology and Biological Sciences Research Council, Science and Technology Agency, Séneca Foundation, BrightFocus Foundation, Fundación Séneca",12,IntroVerse: a comprehensive database of introns across human tissues.
34751399,2022-01-01,"Shanghai Institute of Hematology, State Key Laboratory of Medical Genomics, National Research Centre for Translational Medicine at Shanghai, Ruijin Hospital affiliated to Shanghai Jiao Tong University School of Medicine, Shanghai 200025, China.","Fang H, Knight JC","203141/Z/16/Z , 32170663, 090532/Z/09/Z, 204969/Z/16/Z, 2018-I2M-2–002, 203141/Z/16/Z","Program for Professor of Special Appointment (Eastern Scholar) at Shanghai Institutions of Higher Learning, Wellcome Trust, NIHR Oxford Biomedical Research Centre, National Natural Science Foundation of China, Wellcome Trust, Wellcome Trust, Chinese Academy of Medical Sciences, Wellcome Trust, Wellcome Trust",24,Priority index: database of genetic targets in immune-mediated disease.
36698975,2023-01-10,"Beijing Key Laboratory of Growth and Developmental Regulation for Protected Vegetable Crops, China Agricultural University, Beijing, China.","Li X, Lin S, Xiang C, Liu W, Zhang X, Wang C, Lu X, Liu M, Wang T, Liu Z, Wang N, Gao L, Han X, Zhang W",,,6,"CUCUME: An RNA methylation database integrating systemic mRNAs signals, GWAS and QTL genetic regulation and epigenetics in different tissues of <i>Cucurbitaceae</i>."
34643725,2022-01-01,"National Genomics Data Center, Beijing Institute of Genomics, Chinese Academy of Sciences, Beijing 100101, China.","Zeng J, Zhang Y, Shang Y, Mai J, Shi S, Lu M, Bu C, Zhang Z, Zhang Z, Li Y, Du Z, Xiao J","2016YFB0201702, 31771465, XDB38030400, 2020YFA0907001, 2021M693109, 31970634, 202044","National Key Research Program of China, Chinese Academy of Sciences Key Technology Talent Program, National Natural Science Foundation of China, Chinese Academy of Sciences, National Key Research Program of China, China Postdoctoral Science Foundation, National Natural Science Foundation of China, Chinese Academy of Sciences",78,CancerSCEM: a database of single-cell expression map across various human cancers.
35134830,2022-03-01,"Department of Bioengineering, Stanford University, Stanford, CA 94305, USA.","Agmon E, Spangler RK, Skalnik CJ, Poole W, Peirce SM, Morrison JH, Covert MW","CBET-1903477, F32 GM137464, R01 GM140008, R01 LM013229, F32GM137464","NSF, NIGMS NIH HHS, National Institutes of Health, Paul G. Allen Frontiers Group via an Allen Discovery Center at Stanford, NIGMS NIH HHS, NLM NIH HHS, NIGMS, National Institutes of Health",25,Vivarium: an interface and engine for integrative multiscale modeling in computational biology.
40151429,2024-07-17,"Public Health Scotland, Edinburgh, EH12 9EB.","Lindsay L, Mark K, Moore E, Carruthers J, Hopkins L, Jennings D, Wood R",,,3,Data resource profile: Scottish Linked Pregnancy and Baby Dataset (SLiPBD).
38885636,2024-06-17,"Research Center for Drug Discovery, School of Pharmaceutical Sciences, Sun Yat-sen University, Guangzhou 510006, People's Republic of China.","Lin Y, Xu J, Gu Q","22277152, 2023B03J0016, 2023YFF1204902","National Natural Science Foundation of China, Guangzhou Municipal Science and Technology Project, National Key Research and Development Program of China",1,FerroLigandDB: A Ferroptosis Ligand Database of Structure-Activity Relations.
37818860,2023-10-11,"Computational Systems Biology, University of Kaiserslautern-Landau, Kaiserslautern, Germany.","Weil HL, Schneider K, Tschöpe M, Bauer J, Maus O, Frey K, Brilhaus D, Martins Rodrigues C, Doniparthi G, Wetzels F, Lukasczyk J, Kranz A, Grüning B, Zimmer D, Deßloch S, von Suchodoletz D, Usadel B, Garth C, Mühlhaus T","DataPLANT NFDI4plants / 442077441, TRR 175 (INF) / 270050988","Deutsche Forschungsgemeinschaft, Deutsche Forschungsgemeinschaft",15,PLANTdataHUB: a collaborative platform for continuous FAIR data sharing in plant research.
38444537,2024-02-20,"National Wolfberry Engineering Research Center, Ningxia Academy of Agriculture and Forestry Sciences, Yinchuan, China.","Cao YL, Chen YY, Li YL, Li CI, Lin ST, Lee BR, Hsieh CL, Hsiao YY, Fan YF, Luo Q, Zhao JH, Yin Y, An W, Shi ZG, Chow CN, Chang WC, Huang CL, Chang WH, Liu ZJ, Wu WS, Tsai WC","111-2313-B-006-003-, 110-2313-B-006-002-MY3, 110-2622-B-006-009-, 111-2221-E-006-151-MY3, 2019YFD1000400, 31870199","Ministry of Science and Technology, Taiwan, National Key Research and Development Program of China, National Natural Science Foundation of China",1,Wolfberry genome database: integrated genomic datasets for studying molecular biology.
36797409,2023-02-16,"Institute of Science and Technology for Brain-Inspired Intelligence; MOE Key Laboratory of Computational Neuroscience and Brain-Inspired Intelligence; MOE Frontiers Center for Brain Science, Fudan University, Shanghai, China. zhiyuan@fudan.edu.cn.","Yuan Z, Pan W, Zhao X, Zhao F, Xu Z, Li X, Zhao Y, Zhang MQ, Yao J",,,59,SODB facilitates comprehensive exploration of spatial omics data.
38913867,2024-09-01,"National Genomics Data Center, Beijing Institute of Genomics, Chinese Academy of Sciences and China National Center for Bioinformation, Beijing 100101, China.","Bu C, Zheng X, Zhao X, Xu T, Bai X, Jia Y, Chen M, Hao L, Xiao J, Zhang Z, Zhao W, Tang B, Bao Y",,,18,GenBase: A Nucleotide Sequence Database.
40116496,2025-03-21,"INRAE, INSA Lyon, BF2I, UMR203, Villeurbanne, France.","Baa-Puyoulet P, Gerlin L, Parisot N, Peignier S, Renoz F, Calevro F, Charles H","PrANR-21-CE35-0011, ANR-16-CE02-0014","Agence Nationale de la Recherche, Agence Nationale de la Recherche",1,"ArtSymbioCyc, a metabolic network database collection dedicated to arthropod symbioses: a case study, the tripartite cooperation in &lt;i&gt;Sipha maydis&lt;/i&gt;."
35238331,2022-04-01,"Gene Expression and RNA Metabolism Laboratory, Instituto de Biomedicina de Valencia, Consejo Superior de Investigaciones Científicas, Valencia 46010, Spain.","Ugidos M, Nueda MJ, Prats-Montalbán JM, Ferrer A, Conesa A, Tarazona S","PID2020-119537RB-I00, 2016/093","Spanish MICINN, Generalitat Valenciana through PROMETEO grants program for excellence research groups [PROMETEO",10,MultiBaC: an R package to remove batch effects in multi-omic experiments.
37897355,2024-01-01,"Genome Informatics Facility, Office of Biotechnology, Iowa State University, Ames 50011 IA, USA.","Badaczewska-Dawid AE, Kuriata A, Pintado-Grima C, Garcia-Pardo J, Burdukiewicz M, Iglesias V, Kmiecik S, Ventura S","2021/40/Q/NZ2/00078, ICREA-Academia 2020, 2023 FI_3 00018, PID2019-105017RB-I00, 02/07/2021, GA 952334, GA 952334, IJC2019-041039-I","National Science Centre, ICREA, Secretariat of Universities and Research of the Catalan Government and the European Social Fund, Maria Zambrano grant funded by the European Union-NextGenerationEU, Spanish Ministry of Science and Innovation, Spanish Ministry of Science and Innovation, Spanish Ministry of Science and Innovation and the European Union-NextGenerationEU, European Union&apos;s Horizon 2020, European Union's Horizon 2020, Juan de la Cierva Incorporación",9,A3D Model Organism Database (A3D-MODB): a database for proteome aggregation predictions in model organisms.
40545607,2025-06-22,"Department of Bioinformatics, School of Life Sciences, North China University of Science and Technology, Hefei, Hebei, China.","Yu Z, Lei T, Yi X, Hao Y, Wu S, Xiao Z, Qu J, Li S, Wang L, Li Y, Zhang L, Pan Y, Wang Y, Gou L, Jiao Y, Wang J","32470676, C2020209064, C2024209014, ZD-YG-202313-23, 31501333, H2023209084, 32170236, H2023209084, 246Z2508G, 32170236, C2020209064, C2024209014, 31501333, 32470676","National Natural Science Foundation of China, Hebei Natural Science Foundation, Natural Science Foundation of Hebei Province, Key Research Project of North China University of Science and Technology, Natural Science Foundation of Hebei Province, Hebei Natural Science Foundation, Natural Science Foundation of Hebei Province, Natural Science Foundation of Hebei Province, Central Guiding Local Science and Technology Development Fund Project, National Natural Science Foundation of China, Natural Science Foundation of Hebei Province, Hebei Natural Science Foundation, National Natural Science Foundation of China, Natural Science Foundation of Hebei Province",0,LGRPv2: A high-value platform for the advancement of Fabaceae genomics.
37897338,2024-01-01,"Institute of Tropical Plant Sciences and Microbiology, College of Biosciences and Biotechnology, National Cheng Kung University, Tainan 701, Taiwan.","Chow CN, Yang CW, Wu NY, Wang HT, Tseng KC, Chiu YH, Lee TY, Chang WC","111-2311-B-006-006, 112-2311-B-006-003","National Cheng Kung University, National Science and Technology Council, National Science and Technology Council",63,PlantPAN 4.0: updated database for identifying conserved non-coding sequences and exploring dynamic transcriptional regulation in plant promoters.
36169226,2023-01-01,"Bioinformatics Institute (BII), Agency for Science, Technology and Research (A*STAR), 30 Biopolis Street, #07-01, Matrix, 138671, Singapore.","Tan ZW, Tee WV, Guarnera E, Berezovsky IN",C210812031,"Agency for Science, Technology and Research",18,AlloMAPS 2: allosteric fingerprints of the AlphaFold and Pfam-trRosetta predicted structures for engineering and design.
35489057,2022-07-01,"Universität Hamburg, ZBH - Center for Bioinformatics, Bundesstraße 43, 20146 Hamburg, Germany.","Schöning-Stierand K, Diedrich K, Ehrt C, Flachsenberg F, Graef J, Sieg J, Penner P, Poppinga M, Ungethüm A, Rarey M","LFF-HHX-03, HIDSS-0002, 031L0172, 031L0105, 031B0405B","Authority for Science, Research and Equality of the Free and Hanseatic City of Hamburg, Data Science in Hamburg, Helmholtz Association, German Federal Ministry of Education and Research, Center for Data and Computing in Natural Sciences, Helmholtz Graduate School, German Federal Ministry of Education and Research, de.NBI, German Federal Ministry of Education and Research",94,ProteinsPlus: a comprehensive collection of web-based molecular modeling tools.
34432052,2022-01-01,"Division of Computational Biomedicine, Department of Biological Chemistry, School of Medicine, University of California, Irvine, Irvine, CA 92697, USA.","Cui Y, Peng F, Wang D, Li Y, Li JS, Li L, Li W","R01 CA193466, R01CA193466","NCI NIH HHS, National Institutes of Health",20,3'aQTL-atlas: an atlas of 3'UTR alternative polyadenylation quantitative trait loci across human normal tissues.
35536253,2022-07-01,"Sirius University of Science and Technology, Sochi 354340, Russian Federation.","Kolpakov F, Akberdin I, Kiselev I, Kolmykov S, Kondrakhin Y, Kulyashov M, Kutumova E, Pintus S, Ryabova A, Sharipov R, Yevshin I, Zhatchenko S, Kel A",19-72-20114,"Russian Science Foundation, Sirius University",21,BioUML-towards a universal research platform.
40996709,2025-01-01,"CIIMAR/CIMAR LA, Interdisciplinary Centre of Marine and Environmental Research, University of Porto, Terminal de Cruzeiros do Porto de Leixões, Avenida General Norton de Matos, S/N 4450-208 Matosinhos, Portugal.","Themudo GE, Ruivo R, Valente R, Artilheiro N, Oliveira D, Amorim I, Pinto B, Castro LFC, Fernandes S, Lopes-Marques M","CEECINST/00133/2018/CP1510/CT0004, 2023.07615.CEECIND/CP2848/CT0007, 2022.00397.CEECIND/CP1728/CT0006","Fundação para a Ciência e a Tecnologia, Fundação para a Ciência e a Tecnologia, Fundação para a Ciência e a Tecnologia",0,Gene Loss DB: a curated database for gene loss in mammals-the cetacean collection.
36399478,2023-01-01,"Department of Pharmaceutical Sciences, University of Illinois at Chicago, Chicago, IL 60612, USA.","Shao X, Gomez CD, Kapoor N, Considine JM, Grams C, Gao YT, Naba A","U01 HG012680, 2020-PP-07, R35 GM133416, 1R21CA261642-01A1, R21 CA261642, 5R35GM133416, 1U01HG012680-01","NHGRI NIH HHS, LAS Undergraduate Research Initiative, Summer Research Opportunities Program, University of Illinois Cancer Center, Graduate Pathways to Success, NIGMS NIH HHS, National Institutes of Health, NCI NIH HHS, National Institutes of Health, National Institutes of Health",113,MatrisomeDB 2.0: 2023 updates to the ECM-protein knowledge database.
36147666,2022-09-07,"BioMedical Machine Learning Lab (BML), The Graduate School of Biomedical Engineering, UNSW Sydney, Sydney, NSW 2052, Australia.","Labani M, Afrasiabi A, Beheshti A, Lovell NH, Alinejad-Rokny H",,,3,PeakCNV: A multi-feature ranking algorithm-based tool for genome-wide copy number variation-association study.
36950350,2023-03-06,"African Genome Center, Mohammed VI Polytechnic University, Benguerir, Morocco.","Mokhtar MM, Alsamman AM, El Allali A",,,10,PlantLTRdb: An interactive database for 195 plant species LTR-retrotransposons.
35820040,2022-07-01,"Department of Genetics, University of Cambridge, Downing Pl, Cambridge, CB2 3EH, UK.","Lyne R, Bazaga A, Butano D, Contrino S, Heimbach J, Hu F, Kalderimis A, Lyne M, Reierskog K, Stepan R, Sullivan J, Wise A, Yehudi Y, Micklem G","099133, 208381","Wellcome Trust, Wellcome Trust",5,"HumanMine: advanced data searching, analysis and cross-species comparison."
37396399,2023-06-15,"Department of Cellular and Molecular Biology, Harvard University, Cambridge, MA, United States.","Pavarino EC, Yang E, Dhanyasi N, Wang MD, Bidel F, Lu X, Yang F, Francisco Park C, Bangalore Renuka M, Drescher B, Samuel ADT, Hochner B, Katz PS, Zhen M, Lichtman JW, Meirovitch Y","U19 NS104653, P50 MH094271, R01 NS113119, R01 NS133654, K99 MH128891, U01 NS123972, U01 NS108637","NINDS NIH HHS, NIMH NIH HHS, NINDS NIH HHS, NINDS NIH HHS, NIMH NIH HHS, NINDS NIH HHS, NINDS NIH HHS",10,mEMbrain: an interactive deep learning MATLAB tool for connectomic segmentation on commodity desktops.
39842990,2024-12-24,"University Côte d'Azur, INSERM, CNRS, Institut de Pharmacologie Moléculaire et Cellulaire, ""Laboratory of Excellence (LABEX) Distalz"", Valbonne, France.","Minniti J, Checler F, Duplan E, Alves da Costa C",,,4,TFinder: A Python Web Tool for Predicting Transcription Factor Binding Sites.
38309384,2024-02-02,"Medical Proteomics Unit, Research Development, Faculty of Medicine Siriraj Hospital, Mahidol University, Bangkok 10700, Thailand.","Sassanarakkit S, Peerapen P, Thongboonkerd V",N42A660625,National Research Council of Thailand,8,StoneMod 2.0: Database and prediction of kidney stone modulatory proteins.
38109500,2024-03-01,"State Key Laboratory of Desert and Oasis Ecology, Key Laboratory of Ecological Safety and Sustainable Development in Arid Lands, Xinjiang Institute of Ecology and Geography, Chinese Academy of Sciences, Urumqi 830011, China.","Gao B, Li X, Liang Y, Chen M, Liu H, Liu Y, Wang J, Zhang J, Zhang Y, Oliver MJ, Zhang D","32100256, 2021xjkk0500, 2022xjkk1500, 2022000005, 2022000243, KFJ-BRP-017-72, 1638972","National Natural Science Foundation of China, Third Xinjiang Scientific Expedition Program, Third Xinjiang Scientific Expedition Program, National High-Level Young Talent Programs, National High-Level Young Talent Programs, Strategic Biological Resources Capacity Building Project, U.S. National Science Foundation Dimensions of Biodiversity Program Award",8,Drying without dying: A genome database for desiccation-tolerant plants and evolution of desiccation tolerance.
37279138,2023-09-01,,"Lv J, Liu G, Ju Y, Huang H, Sun Y","61772226, 20210204133YY, 20200201159JC, 2022122","National Natural Science Foundation of China, Science and Technology Development Program of Jilin Province, Natural Science Foundation of Jilin Province, Graduate Innovation Fund of Jilin University",3,AADB: A Manually Collected Database for Combinations of Antibiotics With Adjuvants.
39673440,2024-12-01,"Department of Genetics, Genomics Coordination Center, University Medical Center Groningen, University of Groningen, Groningen, 9700 RB, The Netherlands.","Cadman T, Slofstra MK, van der Geest MA, Avraam D, Bishop TRP, de Boer T, Duijts L, Haakma S, Hyde E, Jaddoe V, Karramass T, Kelpin F, Marcon Y, Pinot de Moira A, Postma D, Tolboom C, Veenstra RL, Wheater S, Welten M, Wilson RC, Zwart E, Swertz M","824989, 874583, 733206, 874739","EUCAN-Connect, ATHLETE, LifeCycle, LongITools",1,MOLGENIS Armadillo: a lightweight server for federated analysis using DataSHIELD.
39558161,2025-01-01,"SIB, Swiss Institute of Bioinformatics, Geneva, Switzerland.","Samarasinghe KW, Kotlyar M, Vallet SD, Hayes C, Naba A, Jurisica I, Lisacek F, Ricard-Blum S","R21CA261642, R21CA261642, SNSF_310 030_208 178, INCa N° 2020-123, R21 CA261642, U01 HG012680, U01HG012680","NCI NIH HHS, National Cancer Institute, Swiss National Science Foundation, NHGRI NIH HHS, NIH HHS, National Institutes of Health, Institut National du Cancer, NCI NIH HHS, NHGRI NIH HHS, Office of Strategic Coordination, National Human Genome Research Institute",1,"MatrixDB 2024: an increased coverage of extracellular matrix interactions, a new Network Explorer and a new web interface."
36346548,2022-11-04,"State Key Laboratory of Microbial Metabolism, Shanghai-Islamabad-Belgrade Joint Innovation Center on Antibacterial Resistances, Joint International Laboratory on Metabolic & Developmental Sciences, School of Life Sciences & Biotechnology, Shanghai Jiao Tong University, Shanghai, 200240, China.","Zhang J, Guan J, Wang M, Li G, Djordjevic M, Tai C, Wang H, Deng Z, Chen Z, Ou HY",,,57,SecReT6 update: a comprehensive resource of bacterial Type VI Secretion Systems.
37382560,2023-07-01,"School of Chemistry and Molecular Biosciences, University of Queensland, Brisbane City, QLD 4072, Australia.","Nguyen TB, de Sá AGC, Rodrigues CHM, Pires DEV, Ascher DB",GNT1174405,"National Health and Medical Research Council, Victorian Government’s Operational Infrastructure Support Program",1,LEGO-CSM: a tool for functional characterization of proteins.
39822275,2025-01-15,"Department of Pathology and Laboratory Medicine, The Warren Alpert Medical School of Brown University, 593 Eddy Street, Providence, RI 02903, USA.","Ahn B, Chou C, Chou C, Chen J, Zug A, Baykara Y, Claus J, Hacking SM, Uzun A, Gamsiz Uzun ED",,"Warren Alpert Medical School, Brown University, Brown University, Brown University Undergraduate Teaching and Research Awards, Rhode Island Foundation",0,The Atlas of Protein-Protein Interactions in Cancer (APPIC)-a webtool to visualize and analyze cancer subtypes.
35305080,2022-04-12,"School of Computer Science, Qufu Normal University, Shandong, China.","Ma F, Dai C, Meng J, Li Y, Zhao J, Zhang Y, Wang S, Zhang X, Cheng R","ZR2020MF105, 2020B121201010, 2021360096","Natural Science Foundation of Shandong Province, Guangdong Provincial Key Laboratory of Biomedical Optical Imaging Technology, Shandong Province Science Funder",0,Classification-based framework for binarization on mice eye image in vivo with optical coherence tomography.
37870462,2024-01-01,"Protein Bioinformatics Research Group, Institute of Enzymology, Research Centre for Natural Sciences, Budapest, Magyar Tudósok körútja 2, H-1117, Hungary.","Dobson L, Gerdán C, Tusnády S, Szekeres L, Kuffa K, Langó T, Zeke A, Tusnády GE",,,12,UniTmp: unified resources for transmembrane proteins.
39288310,2024-09-01,"Department of Neurology, Weill Institute for Neurosciences, University of California, San Francisco, San Francisco, CA 94158, United States.","Soman K, Rose PW, Morris JH, Akbas RE, Smith B, Peetoom B, Villouta-Reyes C, Cerono G, Shi Y, Rizk-Jackson A, Israni S, Nelson CA, Huang S, Baranzini SE","NSF_2033569, OT2 TR003450","National Science Foundation, NCATS NIH HHS",25,Biomedical knowledge graph-optimized prompt generation for large language models.
38000385,2024-01-01,"Shanghai Key Laboratory of Plant Molecular Sciences, Shanghai Collaborative Innovation Center of Plant Germplasm Resources, College of Life Sciences, Shanghai Normal University, Shanghai, China.","Chen J, Tan C, Zhu M, Zhang C, Wang Z, Ni X, Liu Y, Wei T, Wei X, Fang X, Xu Y, Huang X, Qiu J, Liu H","KQTD20230301092839007, 2018YFA0900600, 22QA1406800, JBGS-B23YQ2001, 32170638, BGIRSZ20210012, 2011A091000047","Shenzhen Science and Technology Program, KCXFZ20201221173013035, National Key R&D Program of China, Shanghai Science and Technology Committee Rising Star Program, Hainan Yazhou Bay Seed Lab, National Natural Science Foundation of China, BGI-Shenzhen, Shenzhen518000, China, Shenzhen Sustainable Development Project, Guangdong Provincial Key Laboratory",14,CropGS-Hub: a comprehensive database of genotype and phenotype resources for genomic prediction in major crops.
37773106,2023-09-29,"Department of Thoracic Surgery, The First Affiliated Hospital of Soochow University, 899 Pinghai Road, Gusu District, Suzhou, 215006, China.","Shao CY, Luo J, Ju S, Li CL, Ding C, Chen J, Liu XL, Zhao J, Yang LQ",This study was supported by the National Natural Science Foundation of China (No. K112224316).,Jun Zhao,1,Online decision tools for personalized survival prediction and treatment optimization in elderly patients with lung squamous cell carcinoma: a retrospective cohort study.
36333292,2022-11-04,"Central Biobank, National Center Biobank Network (NCBN), Tokyo, Japan. yomae@ri.ncgm.go.jp.","Omae Y, Goto YI, Tokunaga K",,,9,National Center Biobank Network.
36882166,2023-03-01,"Department of Medicine, UC San Diego, La Jolla, CA 92093, United States.","Pillich RT, Chen J, Churas C, Fong D, Gyori BM, Ideker T, Karis K, Liu SN, Ono K, Pico A, Pratt D","U54 CA274502, U24 CA184427, U24 CA269436, U24 HG012107, U24CA184427","NCI NIH HHS, NCI NIH HHS, NCI NIH HHS, NHGRI NIH HHS, National Institutes of Health",26,NDEx IQuery: a multi-method network gene set analysis leveraging the Network Data Exchange.
36699350,2022-04-26,"Institute of Mathematics, University of Kassel, 34132 Kassel, Germany.","Lüders C, Sturm T, Radulescu O",,"Agence nationale de la recherche, France, and Deutsche Forschungsgemeinschaft, Germany",3,ODEbase: a repository of ODE systems for systems biology.
36480100,2022-12-08,"Institute of Bioinformatics, International Tech Park, 560 066, Bangalore, India.","Chatterjee O, Gopalakrishnan L, Pullimamidi D, Raj C, Yelamanchi S, Gangadharappa BS, Nair B, Mahadevan A, Raju R, Keshava Prasad TS",,,7,A molecular network map of orexin-orexin receptor signaling system.
34918744,2022-01-01,"Department of Integrative Oncology, Fudan University Shanghai Cancer Center, and Shanghai Key Laboratory of Medical Epigenetics, International Co-laboratory of Medical Epigenetics and Metabolism (Ministry of Science and Technology), Institutes of Biomedical Sciences, Fudan University, Shanghai, China.","Lai H, Li Y, Zhang H, Hu J, Liao J, Su Y, Li Q, Chen B, Li C, Wang Z, Li Y, Wang J, Meng Z, Huang Z, Huang S","20JC1419000, 82173063, 82072694, 2019J01170, 2020CXJQ02, 81872294","Shanghai Science and Technology Innovation Action Plan, National Natural Science Foundation of China, National Natural Science Foundation of China, Natural Science Foundation of Fujian Province, Shanghai Municipal Health Commission, National Natural Science Foundation of China",146,"exoRBase 2.0: an atlas of mRNA, lncRNA and circRNA in extracellular vesicles from human biofluids."
36151114,2022-09-23,"Department of Medical Sciences, Molecular Epidemiology and Science for Life Laboratory, Uppsala University, Uppsala, Sweden.","Dekkers KF, Sayols-Baixeras S, Baldanzi G, Nowak C, Hammar U, Nguyen D, Varotsis G, Brunkwall L, Nielsen N, Eklund AC, Bak Holm J, Nielsen HB, Ottosson F, Lin YT, Ahmad S, Lind L, Sundström J, Engström G, Smith JG, Ärnlöv J, Orho-Melander M, Fall T","649021, NNF20OC0063886, 679242, NNF18OC0034386","European Research Council, Novo Nordisk Fonden, European Research Council, Novo Nordisk Fonden",137,An online atlas of human plasma metabolite signatures of gut microbiome composition.
37805491,2023-10-07,"Department of Urology, Tongji Hospital, Tongji Medical College, Huazhong University of Science and Technology, Wuhan, 430030, Hubei, China.","Yang Y, Miao L, Lu Y, Sun Y, Wang S",81974092,National Natural Science Foundation of China,7,"Exosome, the glass slipper for Cinderella of cancer-bladder cancer?"
39237879,2024-09-05,"Institute of Developmental Biology and Neurobiology (iDN), Johannes Gutenberg University Mainz, 55128, Mainz, Germany.","Weißbach S, Milkovits J, Pastore S, Heine M, Gerber S, Todorov H",,"Universitätsmedizin der Johannes Gutenberg-Universität Mainz, Carl-Zeiss-Stiftung",4,Cortexa: a comprehensive resource for studying gene expression and alternative splicing in the murine brain.
37328705,2023-07-01,"DP Technology, Beijing, 100080, China.","Yang M, Bo Z, Xu T, Xu B, Wang D, Zheng H",2022YFA1004300,National Key Research and Development Program of China,22,Uni-GBSA: an open-source and web-based automatic workflow to perform MM/GB(PB)SA calculations for virtual screening.
37523674,2023-09-01,"Department of Life Sciences, National Cheng Kung University, Tainan 701, Taiwan.","Tseng KC, Wu NY, Chow CN, Zheng HQ, Chou CY, Yang CW, Wang MJ, Chang SB, Chang WC","111-2311-B-006-006, 108-2311-B-006-002-MY3","Ministry of Science and Technology, Taiwan, Ministry of Science and Technology, Taiwan",9,JustRNA: a database of plant long noncoding RNA expression profiles and functional network.
40343712,2025-05-01,"National Centre for Biological Sciences, Tata Institute of Fundamental Research, GKVK Campus, Bellary Road, Bangalore 560065, India.","Joshi S, Mohapatra S, Kumar D, Joshi A, Iyer M, Sowdhamini R","JBR/2021/000006, BT/PR40187/BTIS/137/9/2021, IBAB/MSCB/182/2022","Science and Engineering Research Board, India, Department of Biotechnology, India, Institute of Bioinformatics and Applied Biotechnology, India",0,GenDiS3 database: census on the prevalence of protein domain superfamilies of known structure in the entire sequence database.
39558185,2025-01-01,"Plant Resilience Institute, Michigan State University, 1066 Bogue St, East Lansing, MI 48824, USA.","Hawkins C, Xue B, Yasmin F, Wyatt G, Zerbe P, Rhee SY","IOS-2406533, IOS-1546838, DBI-2213983, DE-SC0023160, DE-SC0021286, DE-SC0018277, DE-SC0020366, IOS-2312181","U.S. National Science Foundation, U.S. National Science Foundation, Michigan State University, U.S. National Science Foundation, Office of Biological and Environmental Research, Office of Biological and Environmental Research, Office of Biological and Environmental Research, Office of Biological and Environmental Research, U.S. National Science Foundation, Department of Energy",13,Plant Metabolic Network 16: expansion of underrepresented plant groups and experimentally supported enzyme data.
40186419,2025-04-01,"Department of Biomedical Engineering, National Cheng Kung University, No.1, University Road, Tainan 701, Taiwan.","Yang TH, Li XW, Lee YH, Lu SY, Wu WS, Lee HC","R01-GM132457, R01-GM132457, MOST 110-2221-E-006-198-MY3 MOST 112-2221-E-006-129-MY2 NSTC 111-2221-E-006-151-MY3 NSTC 113-2221-E-006-135-MY3, R01 GM132457","NIH HHS, Miin Wu School of Computing at National Cheng Kung University, Nih, Ministry of Education, Taiwan, Ministry of Science and Technology Council of Taiwan, NIGMS NIH HHS, National Cheng Kung University",1,mirTarCLASH: a comprehensive miRNA target database based on chimeric read-based experiments.
39329269,2025-01-01,"College of Artificial Intelligence, Nanjing Agricultural University, No. 1 Weigang Rd., Nanjing, Jiangsu 210095, China.","Zhu X, Han X, Li Z, Zhou X, Yoo SH, Chen Z, Ji Z","CX (23) 3125, YDZX2024009, 106/804001","Agricultural Science and Technology Innovation Foundation of Jiangsu Province, Central Universities, Nanjing Agricultural University",3,CircaKB: a comprehensive knowledgebase of circadian genes across multiple species.
39937662,2025-02-01,"Department of Horticulture, Washington State University, 303c Plant Sciences Building, Pullman, WA 99164-6414, USA.","Jung S, Cheng CH, Lee T, Buble K, Humann J, Zheng P, Yu J, Main D",2014-51181-2237 2014-51181-22378 2022-51181-38449 National Research Support Project 10,"Washington State University, Agricultural Research Service, Northern Pulse Growers Association, Washington State Department of Agriculture, National Institute of Food and Agriculture, USA Dry Pea and Lentil Council",0,Building resource-efficient community databases using open-source software.
35289834,2022-04-01,"Department of Medical Genetics, Centre for Molecular Medicine and Therapeutics, BC Children's Hospital Research Institute, University of British Columbia, Vancouver, BC V5Z 4H4, Canada.","Correard S, Hewitson B, van der Lee R, Wasserman WW","452172015, KRZ48027, RGPIN-2017-06824, 452172015","Rubicon fellowship from the Netherlands Organization for Scientific Research [NWO, BC Children’s Hospital Foundation &amp; Research Institute, Natural Sciences and Engineering Research Council of Canada Discovery Grant, ZonMw",0,RevUP: an online scoring system for regulatory variants implicated in rare diseases.
38084919,2023-11-01,"Department of Biomedical Physics, Moscow Institute of Physics and Technology (National Research University), 9 Institutskiy per., 141701, Moscow Region, Russian Federation.","Akhtyamov P, Shaheen L, Raevskiy M, Stupnikov A, Medvedeva YA",075-15-2022-310,Ministry of Science and Higher Education of the Russian Federation,3,"scATAC-seq preprocessing and imputation evaluation system for visualization, clustering and digital footprinting."
37850635,2024-01-01,"Microbial Resource and Big Data Center, Institute of Microbiology, Chinese Academy of Sciences, Beijing 100101, China.","Guo C, Chen Q, Fan G, Sun Y, Nie J, Shen Z, Meng Z, Zhou Y, Li S, Wang S, Ma J, Sun Q, Wu L","2021YFC2302000, KFZD-SW-219, WX145XQ07-01, 82161148010, XDA19050301","National key Research Program of China, Key Research Program of the Chinese Academy of Sciences, 14th Five-year Informatization Plan of Chinese Academy of Sciences, National Science Foundation for International Cooperation, Chinese Academy of Sciences",20,gcPathogen: a comprehensive genomic resource of human pathogens for public health.
37935586,2023-11-01,"Department of Plant Pathology & Microbiology, Iowa State University, 1344 Advanced Teaching & Research Bldg, 2213 Pammel Dr, Ames, IA 50011, USA.","Sen S, Woodhouse MR, Portwood JL 2nd, Andorf CM",5030-21000-068-00-D,"Department of Agriculture, Agricultural Research Service",3,Maize Feature Store: A centralized resource to manage and analyze curated maize multi-omics features for machine learning applications.
37889041,2024-01-01,"Innovative Genomics Institute, University of California, Berkeley, CA 94720, USA.","Adler BA, Trinidad MI, Bellieny-Rabelo D, Zhang E, Karp HM, Skopintsev P, Thornton BW, Weissman RF, Yoon PH, Chen L, Hessler T, Eggers AR, Colognori D, Boger R, Doherty EE, Tsuchida CA, Tran RV, Hofman L, Shi H, Wasko KM, Zhou Z, Xia C, Al-Shimary MJ, Patel JR, Thomas VCJX, Pattali R, Kan MJ, Vardapetyan A, Yang A, Lahiri A, Maxwell MF, Murdock AG, Ramit GC, Henderson HR, Calvert RW, Bamert RS, Knott GJ, Lapinaite A, Pausch P, Cofsky JC, Sontheimer EJ, Wiedenheft B, Fineran PC, Brouns SJJ, Sashital DG, Thomas BC, Brown CT, Goltsman DSA, Barrangou R, Siksnys V, Banfield JF, Savage DF, Doudna JA","K12-HD000850, R35GM134867, T32 GM139780, U01AI142817, F31HL156468-01, R35 GM134867, DE-AC02-05CH11231, DP2 GM149550, GM140876, 101003229, GM140876, P500PB_214418, 01.2.2-CPVA-V-716-01-0001, DP2GM149550, EL1, K12 HD000850, R35 GM140876, R35GM134867, 1175568, DP2GM149550, 5342-2023, VI.C.192.027, AI171110, EDUC4-12790, F31 HL156468, S-MIP-22-10, U01AI142817, U19 AI171110","National Institute of Child Health and Human Development, National Institutes of Health, NIGMS NIH HHS, National Institutes of Health, Lawrence Berkeley National Laboratory, Utrecht University, m-CAFEs Microbial Community Analysis &amp; Functional Evaluation, National Research Service Award, NIGMS NIH HHS, Rose Hills Foundation, US Department of Energy, Office of Science, Office of Biological &amp; Environmental Research, NIGMS NIH HHS, NIGMS NIH HHS, Royal Society of New Zealand, Snow Medical Fellowship, European Research Council, National Institute of General Medical Sciences, Swiss National Science Foundation Mobility Fellowship, Monash Graduate Excellence Scholarship, Montana State University Agricultural Experimental Station, National Science Foundation Graduate Research Fellowship, Pediatric Scientist Development Program Fellowship, Central Project Management Agency, Lithuania, National Institutes of Health, National Health and Medical Research Council Investigator, NICHD NIH HHS, NIGMS NIH HHS, NIH HHS, HHMI, National Health and Medical Research Council Investigator, NIH HHS, European Regional Development Fund, Siebel Foundation, European Molecular Biology Organization, Dutch Research Council (NWO), Edson Initiative for Dementia Care and Solutions, National Institutes of Health, CIRM Training Program, NHLBI NIH HHS, Research Council of Lithuania, NIH HHS, NIAID NIH HHS, Helen Hay Whitney Foundation, Howard Hughes Medical Institute",20,CasPEDIA Database: a functional classification system for class 2 CRISPR-Cas enzymes.
38707542,2024-04-16,"The First Affiliated Hospital & Hunan Provincial Key Laboratory of Multi-omics And Artificial Intelligence of Cardiovascular Diseases, Hengyang Medical School, University of South China, Hengyang, Hunan 421001, China.","Zhou X, Zhou L, Qian F, Chen J, Zhang Y, Yu Z, Zhang J, Yang Y, Li Y, Song C, Wang Y, Shang D, Dong L, Zhu J, Li C, Wang Q",,National Natural Science Foundation of China,8,TFTG: A comprehensive database for human transcription factors and their targets.
37935582,2023-10-01,"Protein Bioinformatics Research Group, Institute of Enzymology, Research Centre for Natural Sciences, Magyar Tudósok körútja 2, Budapest 1117, Hungary.","Tusnády GE, Zeke A, Kálmán ZE, Fatoux M, Ricard-Blum S, Gibson TJ, Dobson L","K132522, 101028908","Nemzeti Kutatási, Fejlesztési és Innovaciós Alap, H2020 Marie Sklodowska-Curie Actions",4,LeishMANIAdb: a comparative resource for Leishmania proteins.
35913188,2022-08-01,"Earlham Institute, Norwich, United Kingdom.","Olbei M, Bohar B, Fazekas D, Madgwick M, Sudhakar P, Hautefort I, Métris A, Baranyi J, Kingsley RA, Korcsmaros T","BB/M011216/1, BB/R012504/1, BBS/E/F/000PR10349, BBS/E/F/000PR10349, BBS/E/F/000PR10353, BBS/E/T/000PR9819, BBS/E/T/000PR9817, ERC-2015-AdG, BB/CSP1720/1, BBS/E/T/000PR9817, 694679, BB/R012490/1, BB/R012504/1, BB/S50743X/1, BBS/E/F/000PR10353, BBS/E/F/000PR10348, CrUCCial, BB/CSP1720/1, BB/R012490/1, BB/S50743X/1, BBS/E/F/000PR10348, 694679, BBS/E/F/000PR10355, BBS/E/T/000PR9819, BB/M011216/1, BBS/E/F/000PR10355","UK Research and Innovation, Biotechnology and Biological Sciences Research Council, Biotechnology and Biological Sciences Research Council, UK Research and Innovation, UK Research and Innovation, Biotechnology and Biological Sciences Research Council, Biotechnology and Biological Sciences Research Council, EC | FP7 | Ideas | FP7 Ideas: European Research Council, UK Research and Innovation, UK Research and Innovation, EC | FP7 | Ideas | FP7 Ideas: European Research Council, Biotechnology and Biological Sciences Research Council, UK Research and Innovation, Biotechnology and Biological Sciences Research Council, Biotechnology and Biological Sciences Research Council, UK Research and Innovation, EC | FP7 | Ideas | FP7 Ideas: European Research Council, Biotechnology and Biological Sciences Research Council, UK Research and Innovation, UK Research and Innovation, Biotechnology and Biological Sciences Research Council, European Research Council, Biotechnology and Biological Sciences Research Council, UK Research and Innovation, Biotechnology and Biological Sciences Research Council, UK Research and Innovation",2,Multilayered Networks of SalmoNet2 Enable Strain Comparisons of the Salmonella Genus on a Molecular Level.
36483087,2022-09-19,"School of Life Sciences/Library, North China University of Science and Technology, Tangshan, Hebei 063210, China.","Yu T, Ma X, Liu Z, Feng X, Wang Z, Ren J, Cao R, Zhang Y, Nie F, Song X",,,11,TVIR: a comprehensive vegetable information resource database for comparative and functional genomic studies.
39780059,2025-01-08,"ILLA - CSIC (Spanish National Research Council), C/Albasanz 26-28, 28037, Madrid, Spain. leonardo.campillos@csic.es.","Campillos-Llanos L, Valverde-Mateos A, Capllonch-Carrión A",PID2020-116001RA-C33,Agencia Estatal de Investigación,1,Hybrid natural language processing tool for semantic annotation of medical texts in Spanish.
38213701,2023-12-01,"Institute of Cytology and Genetics of the Siberian Branch of the Russian Academy of Sciences, Novosibirsk, Russia.","Chadaeva IV, Filonov SV, Zolotareva KA, Khandaev BM, Ershov NI, Podkolodnyy NL, Kozhemyakina RV, Rasskazov DA, Bogomolov AG, Kondratyuk EY, Klimova NV, Shikhevich SG, Ryazanova MA, Fedoseeva LA, Redina ОЕ, Kozhevnikova OS, Stefanova NA, Kolosova NG, Markel AL, Ponomarenko MP, Oshchepkov DY",,,1,RatDEGdb: a knowledge base of differentially expressed genes in the rat as a model object in biomedical research.
35337355,2022-03-22,"Department of Anesthesiology and Intensive Care Medicine, University Hospital Bonn, Bonn, Germany.","Sauer A, Putensen C, Bode C",,,9,Immunomodulation by Tetracyclines in the Critically Ill: An Emerging Treatment Option?
40489639,2025-06-01,"Department of Medicine, University of California San Diego, La Jolla, CA, 92037, United States.","Lenkiewicz J, Churas C, Hu M, Qian G, Jain M, Levinson MA, Al Manir S, Qin Y, Fong D, Ono K, Chen J, Gao C, Pratt D, Parker JA, Clark T, Ideker T, Schaffer LV","OT2 OD032742, F99 CA264422, K00 CA264422","NIH HHS, NCI NIH HHS, NCI NIH HHS",0,Cell Mapping Toolkit: an end-to-end pipeline for mapping subcellular organization.
39385626,2025-01-01,"Department of Statistics, University of Oxford, 24-29 St Giles', Oxford, OX1 3LB, UK.","Gordon GL, Greenshields-Watson A, Agarwal P, Wong A, Boyles F, Hummer A, Lujan Hernandez AG, Deane CM","EP/S024093/1, MR/N013468/1","Engineering and Physical Sciences Research Council, Medical Research Council, Twist Bioscience, University of Oxford, Exscientia",3,PLAbDab-nano: a database of camelid and shark nanobodies from patents and literature.
39546375,2024-11-01,"Department of Emergency Medicine Research, Michigan Medicine, University of Michigan, Ann Arbor, MI 48109, United States.","Craig DB, Drăghici S",,,1,LmRaC: a functionally extensible tool for LLM interrogation of user experimental results.
38886530,2024-06-17,"Computational Structural Biology Group, Bijvoet Centre for Biomolecular Research, Department of Chemistry, Faculty of Science, Utrecht University, Utrecht, The Netherlands.","Honorato RV, Trellet ME, Jiménez-García B, Schaarschmidt JJ, Giulini M, Reys V, Koukos PI, Rodrigues JPGLM, Karaca E, van Zundert GCP, Roel-Touris J, van Noort CW, Jandová Z, Melquiond ASJ, Bonvin AMJJ","101017567, 718.015.001, 823830, 261572, 777536, 675858","EC | Horizon 2020 Framework Programme (EU Framework Programme for Research and Innovation H2020), Dutch Research Council (NWO), EC | Horizon 2020 Framework Programme (EU Framework Programme for Research and Innovation H2020), EC | EC Seventh Framework Programm | FP7 Coordination of Non-Community Research Programmes (FP7-GA - Coordination of Non-Community Research Programmes), EC | Horizon 2020 Framework Programme (EU Framework Programme for Research and Innovation H2020), EC | Horizon 2020 Framework Programme (EU Framework Programme for Research and Innovation H2020)",180,The HADDOCK2.4 web server for integrative modeling of biomolecular complexes.
37819033,2024-01-01,"Department of Biomedical Informatics, Center for Noncoding RNA Medicine, State Key Laboratory of Vascular Homeostasis and Remodeling, School of Basic Medical Sciences, Peking University, 38 Xueyuan Rd, Beijing 100191, China.","Lin X, Lu Y, Zhang C, Cui Q, Tang YD, Ji X, Cui C","2021AB028, 62025102, 81921001","Scientific and Technological Research Project of Xinjiang Production and Construction Corps, National Natural Science Foundation of China, National Natural Science Foundation of China",43,LncRNADisease v3.0: an updated database of long non-coding RNA-associated diseases.
40526044,2025-06-17,"Bijvoet Centre for Biomolecular Research, Faculty of Science─Chemistry, Utrecht University, Padualaan 8, 3584 CH Utrecht, The Netherlands.","Giulini M, Reys V, Teixeira JMC, Jiménez-García B, V Honorato R, Kravchenko A, Xu X, Versini R, Engel A, Verhoeven S, Bonvin AMJJ","027.020.G13, BioExcel / 823830, BioExcel / 101093290","Netherlands eScience Center, HORIZON EUROPE European Innovation Council, European High Performance Computing Joint Undertaking",6,HADDOCK3: A Modular and Versatile Platform for Integrative Modeling of Biomolecular Complexes.
39494517,2025-01-01,"Computational Biology Branch, Division of Intramural Research, National Library of Medicine, National Institutes of Health, 8600 Rockville Pike, Bethesda, MD 20894, USA.","Galperin MY, Vera Alvarez R, Karamycheva S, Makarova KS, Wolf YI, Landsman D, Koonin EV",,"NIH HHS, National Institutes of Health",47,COG database update 2024.
39377391,2025-01-01,"National Key Laboratory for Germplasm Innovation & Utilization of Horticultural Crops, Huazhong Agricultural University, Wuhan 430070, China.","Liu D, Luo C, Dai R, Huang X, Chen X, He L, Mao H, Li J, Zhang L, Yang QY, Mei Z","2662023XXPY001, HBZY2023B00503, 2022YFC3502200, 32322061","Fundamental Research Funds for the Central University HZAU, Seed Industry High-quality Development Project Of Hubei Province, National Key R&D Program of China, National Natural Science Foundation of China",3,AMIR: a multi-omics data platform for Asteraceae plants genetics and breeding research.
39673270,2025-01-01,"China National Center for Bioinformation, Beijing 100101, China.","Li H, Zhao W, Yang F, Qiao Q, Ma S, Yang K, Song S, Wang S, Qu J, Liu GH, Bao Y, Zhang W","2021ZD0202400, 2022YFA1103700, 81921006, 92049116, 2020YFA0112200, 2021QNRC001, 32341001, 82125011, 2021YFF1201000, 2023IOZ0102, 82071588, 2022083, 32121001, 82322025, 92374201, BPHR202203105, JYY2023-13, 11000023T000002036310, 2021YFF0703700, 32300468, 82271600, 82330044, 82361148130, 92149301, CAS-WX2022SDC-XK05, YSBR-012, 12300927, 2021YFF0703701, 82122024, 82192863, 92168201, CAS-WX2022SDC-XK14, 2021YFA1101000, 92049304, JQ24044, Z240018, 2020YFA0804000, 2021-1045, 82361148131, YSBR-076, Z230011","National Key Research and Development Program of China, National Key Research and Development Program of China, National Natural Science Foundation of China, National Natural Science Foundation of China, National Key Research and Development Program of China, CAST, National Natural Science Foundation of China, National Natural Science Foundation of China, National Key Research and Development Program of China, Chinese Academy of Sciences, National Natural Science Foundation of China, Youth Innovation Promotion Association of CAS, National Natural Science Foundation of China, National Natural Science Foundation of China, National Natural Science Foundation of China, Excellent Young Talents Training Program for the Construction of Beijing Municipal University Teacher Team, Beijing Municipal Public Welfare Development and Reform Pilot Project for Medical Research Institutes, Project for Technology Development of Beijing-affiliated Medical Research Institutes, National Key Research and Development Program of China, National Natural Science Foundation of China, National Natural Science Foundation of China, National Natural Science Foundation of China, National Natural Science Foundation of China, National Natural Science Foundation of China, Genomics Data Center Operation and Maintenance of Chinese Academy of Sciences, CAS Project for Young Scientists in Basic Research, CAS Youth Interdisciplinary Team, Excellent Young Talents Program of Capital Medical University, National Key Research and Development Program of China, National Natural Science Foundation of China, National Natural Science Foundation of China, National Natural Science Foundation of China, Chinese Academy of Sciences, National Key Research and Development Program of China, National Natural Science Foundation of China, Beijing Natural Science Foundation, Beijing Natural Science Foundation, National Key Research and Development Program of China, XPLORER PRIZE, National Natural Science Foundation of China, CAS Project for Young Scientists in Basic Research, Beijing Natural Science Foundation",5,Immunosenescence Inventory-a multi-omics database for immune aging research.
36882183,2023-03-01,"Key Laboratory of Intelligent Computing and Signal Processing of Ministry of Education and Information Materials and Intelligent Sensing Laboratory of Anhui Province, and Institutes of Physical Science and Information Technology, Anhui University, Hefei, Anhui 230601, China.","Wu J, Liu Q, Li M, Xu J, Wang C, Zhang J, Xiao M, Bin Y, Xia J","62272004, 11835014, U19A2064, 2020YFA0908700, 62072003, KJ2020A0047","National Natural Science Foundation of China, National Natural Science Foundation of China, National Natural Science Foundation of China, National Key Research and Development Program of China, National Natural Science Foundation of China, Education Department of Anhui Province",14,PhaGAA: an integrated web server platform for phage genome annotation and analysis.
34751405,2022-01-01,"Bioinformation and DDBJ Center, National Institute of Genetics, Mishima, Shizuoka 411-8540, Japan.","Okido T, Kodama Y, Mashima J, Kosuge T, Fujisawa T, Ogasawara O","20gm1010006h0004, JPMJCR1501","NBDC for MetaboBank, Ministry of Education, Culture, Sports, Science and Technology, Japan Agency for Medical Research and Development, Japan Science and Technology Agency",23,DNA Data Bank of Japan (DDBJ) update report 2021.
37870452,2024-01-01,"CAS Key Laboratory of Genome Sciences and Information, Beijing Institute of Genomics, Chinese Academy of Sciences and China National Center for Bioinformation, Beijing 100101, China.","Li C, Qian Q, Yan C, Lu M, Li L, Li P, Fan Z, Lei W, Shang K, Wang P, Wang J, Lu T, Huang Y, Yang H, Wei H, Han J, Xiao J, Chen F","2022YFC2602302, 32061143024, XDB38030400, 32170669","National Key Research Program of China, National Natural Science Foundation of China, Strategic Priority Research Program of the Chinese Academy of Sciences, National Natural Science Foundation of China",14,HervD Atlas: a curated knowledgebase of associations between human endogenous retroviruses and diseases.
39101783,2024-01-01,"Research Program in Systems Oncology, Research Programs Unit, Faculty of Medicine, University of Helsinki, 00014 Helsinki, Finland.","Lavikka K, Oikkonen J, Li Y, Muranen T, Micoli G, Marchi G, Lahtinen A, Huhtinen K, Lehtonen R, Hietanen S, Hynninen J, Virtanen A, Hautaniemi S",965193,Horizon 2020 Framework Programme,3,Deciphering cancer genomes with GenomeSpy: a grammar-based visualization toolkit.
38529759,2024-05-01,"Institute of Systems, Molecular and Integrative Biology, University of Liverpool, Liverpool L69 7BE, UK.","Basenko EY, Shanmugasundram A, Böhme U, Starns D, Wilkinson PA, Davison HR, Crouch K, Maslen G, Harb OS, Amos B, McDowell MA, Kissinger JC, Roos DS, Jones A","212929/A/18/Z, 75N93019C00077, 75N93019C00077, 75N93019C00077","National Institutes of Health, Wellcome Trust, NIAID NIH HHS, National Institute of Allergy and Infectious Diseases, HHS, Wellcome Trust, Department of Health and Human Services, University of Liverpool, NIH HHS",23,What is new in FungiDB: a web-based bioinformatics platform for omics-scale data analysis for fungal and oomycete species.
35350773,2022-03-23,"Computational Biology Group, Leibniz Institute on Aging - Fritz Lipmann Institute (FLI), Beutenbergstraße 11, 07745 Jena, Germany.","Fischer M, Schwarz R, Riege K, DeCaprio JA, Hoffmann S","P01CA203655, R35CA232128, P01 CA203655, 031L016D","National Institutes of Health, National Institutes of Health, NCI NIH HHS, Federal Government of Germany, State of Thuringia, German Federal Ministry for Education and Research",39,"TargetGeneReg 2.0: a comprehensive web-atlas for p53, p63, and cell cycle-dependent gene regulation."
36318242,2023-01-01,"National Genomics Data Center & CAS Key Laboratory of Genome Sciences and Information, Beijing Institute of Genomics, Chinese Academy of Sciences and China National Center for Bioinformation, Beijing 100101, China.","Wu S, Huang Y, Zhang M, Gong Z, Wang G, Zheng X, Zong W, Zhao W, Xing P, Li R, Liu Z, Bao Y","32170565, 2021YFF0703704, ANSO-PA-2020-07, WX145XQ07-04, XDB38030200","Open Biodiversity and Health Big Data Programme of IUBS, National Natural Science Foundation of China, National Key Research and Development Program of China, Professional Association of the Alliance of International Science Organizations, Genomics Data Center Construction of Chinese Academy of Sciences, Key Technology Talent Program of the Chinese Academy of Sciences, Strategic Priority Research Program of the Chinese Academy of Sciences, CAS Hundred Talents Program",22,ASCancer Atlas: a comprehensive knowledgebase of alternative splicing in human cancers.
34791357,2022-01-01,"Department of Biomedical Sciences, University of Padova, via Ugo Bassi 58/B, 35131 Padova, Italy.","Hatos A, Monzon AM, Tosatto SCE, Piovesan D, Fuxreiter M","778247, HAS-11015, 952334","European Union&apos;s Horizon 2020 research and innovation program, Hungarian Academy of Sciences, European Union&apos;s Horizon 2020 research and innovation program, ELIXIR",34,FuzDB: a new phase in understanding fuzzy interactions.
37337236,2023-06-19,"Department of Health Research Methods, Evidence and Impact, McMaster University, Hamilton, Canada. clemence.ongolozogo@mail.utoronto.ca.","Ongolo-Zogo C, El-Khechen H, Morfaw F, Djiadjeu P, Zani B, Darzi A, Nji PW, Nyambi A, Youta A, Zaman F, Youmbi CT, Siani IN, Mbuagbaw L",,,0,The Cameroon Health Research and Evidence Database (CAMHRED): tools and methods for local evidence mapping.
38596315,2024-03-27,"Department of Bioinformatics, University of Wurzburg, 97074 Wurzburg, Germany.","Salihoglu R, Balkenhol J, Dandekar G, Liang C, Dandekar T, Bencurova E","AZ-1365-18, DOK-186-20, 324392634 – TRR 221/INF, 495531075, 210879364 – TRR 124, 492620490 - SFB 1583/INF, Da 208/20-1","Bayerische Forschungsstiftung, Bayerische Forschungsstiftung, Bayerische Forschungsstiftung, Bayerische Forschungsstiftung, Bayerisches Staatsministerium für Wissenschaft und Kunst, Deutsche Forschungsgemeinschaft, Deutsche Forschungsgemeinschaft, Bayerische Forschungsstiftung",2,Cat-E: A comprehensive web tool for exploring cancer targeting strategies.
36454018,2023-01-01,"Integrative Genomics of Ageing Group, Institute of Life Course and Medical Sciences, University of Liverpool, Liverpool L7 8TX, UK.","Raina P, Guinea R, Chatsirisupachai K, Lopes I, Farooq Z, Guinea C, Solyom CA, de Magalhães JP","208375/Z/17/Z, BB/R014949/1","University of Liverpool, Wellcome Trust, Biotechnology and Biological Sciences Research Council, Mahidol University, Wellcome Trust, Biotechnology and Biological Sciences Research Council",37,GeneFriends: gene co-expression databases and tools for humans and model organisms.
39436241,2025-05-01,"China National Center for Bioinformation, Beijing 100101, China.","Zheng 郑光敏 G, Wu 吴松 S, Zhang Z, Xin 辛子娟 Z, Zhang 张立娟 L, Zhao S, Wu 吴静 J, Liu 刘彦霞 Y, Li 李蒙 M, Ruan X, Qiao N, Bao 鲍一明 Y, Qu 渠鸿竹 H, Fang 方向东 X",,,1,EryDB: A Transcriptomic Profile Database for Erythropoiesis and Erythroid-related Diseases.
36696595,2023-01-25,"Department of Biochemistry, University of Alberta, Edmonton, Alberta T6G2H7, Canada.","Wang H, Julien O",DGECR-2018-00142,Natural Sciences and Engineering Research Council of Canada,4,CaspSites: A Database and Web Application for Experimentally Observed Human Caspase Substrates Using N-Terminomics.
39530237,2025-01-01,"Computational and Systems Biology, Biozentrum University of Basel, Spitalstrasse 41, CH-4056 Basel, Switzerland.","Moon Y, Herrmann CJ, Mironov A, Zavolan M",,,4,PolyASite v3.0: a multi-species atlas of polyadenylation sites inferred from single-cell RNA-sequencing data.
36864613,2023-03-01,"School of Infection & Immunity, MVLS, University of Glasgow, Glasgow G12 8TA, United Kingdom.","Haese-Hill W, Crouch K, Otto TD","104111/Z/14/Z, 218288/Z/19/Z","Wellcome Trust, Wellcome Trust",9,peaks2utr: a robust Python tool for the annotation of 3' UTRs.
38587206,2024-07-01,"Institute of Computing Science and European Centre for Bioinformatics and Genomics, Poznan University of Technology, Piotrowo 2, 60-965 Poznan, Poland.","Zurkowski M, Swiercz M, Wozny F, Antczak M, Szachniuk M",,Institute of Bioorganic Chemistry,2,RNAhugs web server for customized 3D RNA structure alignment.
35639952,2022-07-01,"Shenzhen Research Institute of Big Data, Shenzhen 518712, China.","Tian L, Li Z, Ma G, Zhang X, Tang Z, Wang S, Kang J, Liang D, Yu T","1R01GM124061, P30 ES019776, R21 ES032117, R21ES032117, R01 GM124061, P30ES019776","Shenzhen Research Institute of Big Data, National Institutes of Health, NIEHS NIH HHS, NIEHS NIH HHS, National Institutes of Health, NIGMS NIH HHS, National Institutes of Health, University Development Fund of CUHK-Shenzhen",16,Metapone: a Bioconductor package for joint pathway testing for untargeted metabolomics data.
39470737,2025-01-01,"Leibniz Institute DSMZ - German Collection of Microorganisms and Cell Cultures, Braunschweig, Germany.","Schober I, Koblitz J, Sardà Carbasse J, Ebeling C, Schmidt ML, Podstawka A, Gupta R, Ilangovan V, Chamanara J, Overmann J, Reimer LC","021A539C, 8005512901, 8005512001, 460129525, 442032008, K280/2019","Federal Ministry of Education and Research, DZIF, DZIF, Deutsche Forschungsgemeinschaft, Deutsche Forschungsgemeinschaft, Leibniz Association",27,BacDive in 2025: the core database for prokaryotic strain data.
38597878,2024-05-01,"Research Collaboratory for Structural Bioinformatics Protein Data Bank, Institute for Quantitative Biomedicine, Rutgers, The State University of New Jersey, Piscataway, NJ 08854, USA.","Burley SK, Piehl DW, Vallat B, Zardecki C","DBI-1832184, DBI-2112967, R01 GM133198, R01GM133198, R01GM133198, DBI-2112968, R01GM133198, DE-SC0019749, R01GM133198, R01GM133198, DBI-2112966","National Science Foundation, Directorate for Biological Sciences, U.S. Department of Energy, Office of Science, NIGMS NIH HHS, NIGMS NIH HHS, National Cancer Institute, U.S. Department of Energy, Office of Science, National Institute of Allergy and Infectious Diseases, U.S. Department of Energy, Office of Science, NCI NIH HHS, National Institute of General Medical Sciences, U.S. Department of Energy, Office of Science",16,RCSB Protein Data Bank: supporting research and education worldwide through explorations of experimentally determined and computationally predicted atomic level 3D biostructures.
37986230,2024-01-01,"Center for Computational Systems Medicine, McWilliams School of Biomedical Informatics, The University of Texas Health Science Center at Houston, Houston, TX 77030, USA.","Liu X, Yi J, Li T, Wen J, Huang K, Liu J, Wang G, Kim P, Song Q, Zhou X","R35GM151089, 2217515, 2326879, R01 CA241930, R35 GM151089, U01AR069395, R01CA241930, R01GM123037, R35GM138184, R35GM151089, R01 GM123037, R01GM123037, R35 GM138184, U01 AR069395","National Institute of General Medical Sciences, National Science Foundation, National Science Foundation, NCI NIH HHS, NIGMS NIH HHS, National Institutes of Health, National Institutes of Health, National Institutes of Health, National Institute of General Medical Sciences, NIGMS NIH HHS, NIGMS NIH HHS, NIH HHS, NIGMS NIH HHS, NIAMS NIH HHS",23,DRMref: comprehensive reference map of drug resistance mechanisms in human cancer.
38022697,2023-11-04,"Independent Clinical Epigenetics Laboratory, Pomeranian Medical University in Szczecin, Unii Lubelskiej 1, Szczecin 70-204, Poland.","Bińkowski J, Taryma-Leśniak O, Sokolowska KE, Przybylowicz PK, Staszewski M, Wojdacz TK","PPN/PPO/2018/1/00088/U, 2021/43/B/NZ2/02979","Narodowa Agencja Wymiany Akademickiej, Narodowe Centrum Nauki",1,"eDAVE - Extension of GDC data analysis, visualization, and exploration tools."
36062570,2023-01-01,"Department of Biological Sciences, Xi'an Jiaotong-Liverpool University, Suzhou, 215123, China.","Song B, Wang X, Liang Z, Ma J, Huang D, Wang Y, de Magalhães JP, Rigden DJ, Meng J, Liu G, Chen K, Wei Z","31671373, 32100519, KSF-E-51, KSF-P-02, XRCZX202109","National Natural Science Foundation of China, National Natural Science Foundation of China, XJTLU Key Program Special Fund, XJTLU Key Program Special Fund, Scientific Research Foundation for Advanced Talents of Fujian Medical University",49,RMDisease V2.0: an updated database of genetic variants that affect RNA modifications with disease and trait implication.
39535034,2025-01-01,"College of Pharmaceutical Sciences, The Second Affiliated Hospital, Zhejiang University School of Medicine, State Key Laboratory of Advanced Drug Delivery and Release Systems, Zhejiang University, Hangzhou 310058, China.","Shen X, Zhang Y, Li J, Zhou Y, Butensky SD, Zhang Y, Cai Z, DeWan AT, Khan SA, Yan H, Johnson CH, Zhu F","134273-RSG-20-065-01, 2018QNA7023, 134273-RSG-20-065-01, 181201*194232101, 2022YFC3400501, 82373790, LR21H300001, 134273-RSG-20-065-01, 2020C03010, 2022YFC3400501, 22220102001, U1909208, UL1 TR001863, 2020C03010, 2022YFC3400501, 81872798","Westlake Laboratory (Westlake Lab of Life Sciences and Biomedicine); American Cancer Society Research Scholar [, Fundamental Research Funds for Central Universities, Westlake Laboratory (Westlake Lab of Life Sciences and Biomedicine), Double Top-Class University, National Key Research & Development Program of China, National Natural Science Foundation of China, Natural Science Foundation of Zhejiang Province, Westlake Laboratory, Key Research &amp; Development Program of Zhejiang, National Key Research and Development Program of China, National Natural Science Foundation of China, National Natural Science Foundation of China, NCATS NIH HHS, Key Research & Development Program of Zhejiang, National Key Research &amp; Development Program of China, National Natural Science Foundation of China, Natural Science Foundation of Zhejiang Province, Start-up Grant for New Academics",1,OncoSexome: the landscape of sex-based differences in oncologic diseases.
41158063,2025-01-01,"Tecnológico Nacional de México, Instituto Tecnológico de Mérida, Av. Tecnológico km. 4.5, 97118, Merida, Yucatan, México.","Tenorio-Salgado S, Maya CR, Galan-Vasquez E, Farias AB, Álvarez-López D, Villalpando-Aguilar JL, Martin AJ, Ledesma-Dominguez L, Perez-Rueda E",IN-220523,Dirección General de Asuntos del Personal Académico-Universidad Nacional Autónoma de México,0,ENcyclopedia of TRAnscription Factors in Bacteria and Archaea genomes (ENTRAF) version 2.0.
34718741,2022-01-01,"School of Life Sciences, Zhengzhou University, Zhengzhou 450001, China.","Xue H, Zhang Q, Wang P, Cao B, Jia C, Cheng B, Shi Y, Guo WF, Wang Z, Liu ZX, Cheng H","31601067, U2004152, 2019TQ05Y351, 2021M692915, 62002329, 2017ZT07S096, 212102310083, 202002021, 91953123","National Natural Science Foundation of China, National Natural Science Foundation of China, Tip-top Scientific and Technical Innovative Youth Talents of Guangdong Special Support Program, China Postdoctoral Research Foundation, National Natural Science Foundation of China, Guangdong Innovative and Entrepreneurial Research Team Program, Key Scientific and Technological Projects of Henan Province, Henan Postdoctoral Foundation, National Natural Science Foundation of China",24,qPTMplants: an integrative database of quantitative post-translational modifications in plants.
36694725,2023-01-23,"School of Life Science and Technology, Xidian University, Xi'an, Shaanxi, P.R. China.","Huang K, Wu S, Yang X, Wang T, Liu X, Zhou X, Huang L","62002270, 82227802","Fundamental Research Funds for the Central Universities, National Natural Science Foundation of China, National Natural Science Foundation of China",4,CAFuncAPA: a knowledgebase for systematic functional annotations of APA events in human cancers.
36161321,2023-01-01,"National Genomics Data Center & CAS Key Laboratory of Genome Sciences and Information, Beijing Institute of Genomics, Chinese Academy of Sciences, Beijing 100101, China.","Jiang S, Qian Q, Zhu T, Zong W, Shang Y, Jin T, Zhang Y, Chen M, Wu Z, Chu Y, Zhang R, Luo S, Jing W, Zou D, Bao Y, Xiao J, Zhang Z","153F11KYSB20160008, 31100915, XDA19050302, XDB38030400, 31681595, 31871328, 2018134, 32030021, 2016YFC0901903, WX145XQ07-04, 2020YFA0907001, 31970634, 2017YFC0907502, 32100520","Chinese Academy of Sciences, National Natural Science Foundation of China, Chinese Academy of Sciences, Chinese Academy of Sciences, National Natural Science Foundation of China, National Natural Science Foundation of China, The Open Biodiversity and Health Big Data Programme of IUBS, Youth Innovation Promotion Association of the Chinese Academy of Sciences, National Natural Science Foundation of China, National Key Research and Development Program of China, Chinese Academy of Sciences, National Key Research and Development Program of China, National Natural Science Foundation of China, National Key Research and Development Program of China, National Natural Science Foundation of China",43,Cell Taxonomy: a curated repository of cell types with multifaceted characterization.
34634794,2022-01-01,"CAS Key Laboratory of Genomic and Precision Medicine, Beijing Institute of Genomics, Chinese Academy of Sciences, Beijing 100101, China.","Wang YY, Kang H, Xu T, Hao L, Bao Y, Jia P","XDB38010400, KFJ-STS-QYZD-2021-08-001, WX145XQ07-04","Chinese Academy of Sciences, Chinese Academy of Sciences, Chinese Academy of Sciences",29,CeDR Atlas: a knowledgebase of cellular drug response.
36243961,2023-01-01,"College of Pharmaceutical Sciences, The Second Affiliated Hospital, Zhejiang University School of Medicine, Zhejiang University, Hangzhou 310058, China.","Li F, Yin J, Lu M, Mou M, Li Z, Zeng Z, Tan Y, Wang S, Chu X, Dai H, Hou T, Zeng S, Chen Y, Zhu F","215–432094250, LR21H300001, 181201*194232101, 2017B030314083, 81872798, 2018QNA7023, 2020C03010, JCYJ20170413113448742, TKTSPY-2020-04-03, 2019YFA0905900, 215–432000282, U1909208","Ningbo Top Talent Proj, Natural Science Foundation of Zhejiang Province, Westlake Laboratory, ‘Double Top-Class’ University, Department of Science and Technology of Guangdong Province, National Natural Science Foundation of China, Alibaba–Zhejiang University Joint Research Center of Future Digital Healthcare, Information Technology Center of Zhejiang University, Fundamental Research Fund of Central University, Key R&amp;D Program of Zhejiang Province, Shenzhen Municipal Government grant, Space Exploration Breeding Grant of Qian Xuesen Lab, Alibaba Cloud, National Key R&amp;D Program of China Synthetic Biology Research, Scientific Research Grant of Ningbo University, Leading Talent of the ‘Ten Thousand Plan’—National High-Level Talents Special Support Plan of China, National Natural Science Foundation of China",51,DrugMAP: molecular atlas and pharma-information of all drugs.
39555474,2024-10-18,"NovaMechanics MIKE, Piraeus 18545, Greece.","Kolokathis PD, Sidiropoulos NK, Zouraris D, Varsou DD, Mintis DG, Tsoumanis A, Dondero F, Exner TE, Sarimveis H, Chaideftou E, Paparella M, Nikiforou F, Karakoltzidis A, Karakitsios S, Sarigiannis D, Friis J, Goldbeck G, Winkler DA, Peijnenburg W, Serra A, Greco D, Melagraki G, Lynch I, Afantitis A","101008099, 1831977, 862296, 953167","H2020 Marie Skłodowska-Curie Actions, Horizon Europe, UK Research and Innovation, Horizon 2020 Framework Programme, Horizon 2020",6,Easy-MODA: Simplifying standardised registration of scientific simulation workflows through MODA template guidelines powered by the Enalos Cloud Platform.
35749381,2022-06-24,"Laboratorio de Inteligencia Artificial, Ixulabs, Mexico City, Mexico.","Favila N, Madrigal-Trejo D, Legorreta D, Sánchez-Pérez J, Espinosa-Asuar L, Eguiarte LE, Souza V","ANID R20F0009, 970341, IG200319","CEQUA, Consejo Nacional de Ciencia y Tecnologia, DGAPA/UNAM-PAPIIT",3,MicNet toolbox: Visualizing and unraveling a microbial network.
40414739,2025-05-24,"Department of Laboratory Medicine, Ruijin Hospital, Shanghai Jiao Tong University School of Medicine, Shanghai, China; Transfusion Department, Ruijin Hospital, Shanghai Jiao Tong University School of Medicine, Shanghai, China.","Gao C, Yu W, Lou C, Lei H, Huang S, Wang X, Li J, Cai X","82070194, 82370229, 20254Z0009","National Natural Science Foundation of China, National Natural Science Foundation of China, National Natural Science Foundation of China",0,BGMP: a comprehensive database of human blood group gene mutations and phenotypes.
39826711,2025-01-16,"National Institute for Basic Biology, National Institutes of Natural Sciences, Okazaki, Japan. Electronic address: uchiyama@nibb.ac.jp.","Uchiyama I, Mihara M, Nishide H, Chiba H, Takayanagi M, Kawai M, Takami H",,"Japan Society for the Promotion of Science, JST National Bioscience Database Center",3,MBGD: Microbial Genome Database for Comparative Analysis Featuring Enhanced Functionality to Characterize Gene and Genome Functions Through Large-scale Orthology Analysis.
39740512,2024-12-30,"Department of Human Genetics and Molecular Medicine, Central University of Punjab, Bathinda, Punjab, India.","Chhichholiya Y, Kumar V, Hlawndo L, Sangave K, Singh S, Munshi A",,"Council of Scientific and Industrial Research, India",0,BreVamiR3': A comprehensive database for breast cancer-associated genetic variations in miRNA and 3' UTR of their target genes.
39921902,2025-02-01,"Luxembourg Centre for Systems Biomedicine, University of Luxembourg, Esch-sur-Alzette L-4362, Luxembourg.","Kratochvíl M, Wilken SE, Ebenhöh O, Schneider R, Satagopam VP",,"European Union's Horizon 2020 Programme, European Union’s Horizon 2020 Programme",1,COBREXA 2: tidy and scalable construction of complex metabolic models.
39237197,2024-03-06,"College of Medical, Veterinary and Life Sciences, University of Glasgow, Glasgow G12 8QQ, UK.","Leader DP, Naseem MT, Halberg KV","9064-00009B, 15365","Danish Council for Independent Research Natural Sciences, Villum Foundation",3,BeetleAtlas: An Ontogenetic and Tissue-specific Transcriptomic Atlas of the Red Flour Beetle Tribolium castaneum.
37874948,2023-09-01,"College of Information Engineering, Northwest A&F University, Shaanxi 712100, China.","Li F, Wang C, Guo X, Akutsu T, Webb GI, Coin LJM, Kurgan L, Song J","2022YFF1000100, QCYRCXM-2022-230, 62202388, Z1090222021","National Key Research and Development Program of China, Qin Chuangyuan Innovation and Entrepreneurship Talent Project, National Natural Scientific Foundation of China, Talent Research Funding at Northwest A&amp;F University, Major and Seed Inter-Disciplinary Research Projects awarded by Monash University",15,ProsperousPlus: a one-stop and comprehensive platform for accurate protease-specific substrate cleavage prediction and machine-learning model construction.
36920090,2023-05-01,"College of Information Engineering, Zhejiang University of Technology, Hangzhou 310023, Zhejiang, China.","Ge F, Peng C, Cui X, Xia Y, Zhang G","2019YFE0126100, 62173304, LZ20F030002","National Key Research and Development Program of China, National Nature Science Foundation of China, Key Project of Zhejiang Provincial Natural Science Foundation of China",4,Inter-domain distance prediction based on deep learning for domain assembly.
37710163,2023-09-15,"College of Horticulture Science and Engineering, Shandong Agricultural University, Tai'an, 271018, Shandong, China.","Chen S, Sun M, Xu S, Xue C, Wei S, Zheng P, Gu K, Qiao Z, Liu Z, Zhang M, Wu J","31820103012, 32172531, CARS-28, ZR2021MC177","National Natural Science Foundation of China, the Earmarked Fund for China Agriculture Research System, the Natural Science Foundation of Shandong Province, the High-level Talent Project of Shandong Agriculture University",5,The pear genomics database (PGDB): a comprehensive multi-omics research platform for Pyrus spp.
35560008,2022-02-25,"National Clinical Research Center for Obstetric and Gynecologic Diseases, Department of Obstetrics and Gynecology, Peking Union Medical College Hospital, Peking Union Medical College, Chinese Academy of Medical Sciences, Beijing, People's Republic of China.","Zhang D, Su M, Tang R, Luo M, Jiang T, Chen R","81871141, 32070678, 2020-I2M-2-003","National Natural Science Foundation of China, National Key Research and Development Program of China, National Natural Science Foundation of China, Chinese Academy of Medical Sciences, Chinese Academy of Medical Sciences Initiative for Innovative Medicine",1,DSDatlas: disorders of sex development atlas for reproductive endocrinology-related gene discovery in integrative omics platforms.
38742521,2024-03-01,"Key Laboratory of Elemene Class Anti-Cancer Chinese Medicines, Engineering Laboratory of Development and Application of Traditional Chinese Medicines, Collaborative Innovation Center of Traditional Chinese Medicines of Zhejiang Province, School of Pharmacy, and Department of Respiratory Medicine of Affiliated Hospital, Hangzhou Normal University, Hangzhou, 311121, China.","Zhou Y, Chen Z, Yang M, Chen F, Yin J, Zhang Y, Zhou X, Sun X, Ni Z, Chen L, Lv Q, Zhu F, Liu S","2021RC117, 2022ZB230, LR21H300001, Z20230119, 2018KY108, 2018QNA7023, 2020C03010, 4125C5021720421, LQ17H160009, 81802371, 81872798","Zhejiang Province Medical Science and Technology Project, Zhejiang Traditional Chinese Medicine Scientific Research Fund Project, Natural Science Foundation of Zhejiang Province, Alibaba-Zhejiang University Joint Research Center of Future Digital Healthcare, Hangzhou Health Science and Technology Major Project, Zhejiang Province Medical Science and Technology Project, Fundamental Research Fund of Central University, Key Research and Development Program of Zhejiang Province, Information Tech Center of Zhejiang University, Start-up Grant of HZNU, National High-Level Talents Special Support Plan of China, Natural Science Foundation of Zhejiang Province, National Natural Science Foundation of China, National Natural Science Foundation of China, Alibaba Cloud, Westlake Laboratory of Life Science and Biomedicine",1,"FERREG: ferroptosis-based regulation of disease occurrence, progression and therapeutic response."
40135505,2025-03-01,"Laboratory of AI and Biomedical Science (LABS), Columbia University, 530 W 166th St, New York, NY 10032, United States.","Boquet-Pujadas A, Zeng J, Tian YE, Yang Z, Shen L, Zalesky A, Davatzikos C, Wen J",RF1 AG054409,NIA NIH HHS,7,MUTATE: a human genetic atlas of multiorgan artificial intelligence endophenotypes using genome-wide association summary statistics.
40102678,2025-03-18,"Department of Biochemistry and Molecular Biology, College of Medicine, University of Florida, Gainesville, FL, USA.","Ma X, Shedlock CJ, Medina T, Ribas RA, Clarke HA, Hawkinson TR, Dande PK, Golamari HKR, Wu L, Ziani BE, Burke SN, Merritt ME, Vander Kooi CW, Gentry MS, Yadav NN, Chen L, Sun RC","R01 AG078702, T32 HL134621, R01 CA266004, R35 NS116824, R01 CA288696, R01 NS127280, R35 GM142701, RM1 NS133593, R01 AG066653","NIA NIH HHS, NHLBI NIH HHS, NCI NIH HHS, NINDS NIH HHS, NCI NIH HHS, NINDS NIH HHS, NIGMS NIH HHS, NINDS NIH HHS, NIA NIH HHS",1,AI-driven framework to map the brain metabolome in three dimensions.
36318257,2023-01-01,"DOE Joint Genome Institute, Lawrence Berkeley National Laboratory, Berkeley, CA 94720, USA.","Mukherjee S, Stamatis D, Li CT, Ovchinnikova G, Bertsch J, Sundaramurthi JC, Kandimalla M, Nicolopoulos PA, Favognano A, Chen IA, Kyrpides NC, Reddy TBK","DE-AC05-76RL01830, DE-AC02-05CH11231, 89233218CNA000001, DE-AC05-00OR22725, DE-AC02-05CH11231","Biological and Environmental Research, U.S. Department of Energy, National Microbiome Data Collaborative, Biological and Environmental Research, Biological and Environmental Research, Biological and Environmental Research",81,Twenty-five years of Genomes OnLine Database (GOLD): data updates and new features in v.9.
36271792,2023-01-01,"Center for Novel Target and Therapeutic Intervention, Institute of Life Sciences, Chongqing Medical University, Chongqing 400016, China.","Ma Q, Tao H, Li Q, Zhai Z, Zhang X, Lin Z, Kuang N, Pan J","BJRC202214, 82104063, CXQT21016","Chongqing Medical University, Research Startup Funds of Chongqing Medical University, National Natural Science Foundation of China, University Innovation Research Group Project of Chongqing",8,OrganoidDB: a comprehensive organoid database for the multi-perspective exploration of bulk and single-cell transcriptomic profiles of organoids.
35950764,2022-08-11,"Department of Microbiology and Immunology, The University of Western Ontario, London, Ontario, Canada.","Salnikov M, Gameiro SF, Zeng PYF, Barrett JW, Nichols AC, Mymryk JS","PJT-173496, PJT-173496","CIHR, Gouvernement du Canada | Canadian Institutes of Health Research",13,The HPV Induced Cancer Resource (THInCR): a Suite of Tools for Investigating HPV-Dependent Human Carcinogenesis.
36305828,2023-01-01,"Institute of Bioinformatics, University of Münster, Münster 48149, Germany.","Manske F, Ogoniak L, Jürgens L, Grundmann N, Makałowski W, Wethmar K",70113632,"Deutsche Krebshilfe, University of Münster",25,"The new uORFdb: integrating literature, sequence, and variation data in a central hub for uORF research."
36653322,2023-01-01,,"Hao M, Qi Y, Xu R, Zhao K, Li M, Shan Y, Xia T, Yang K, Hasi W, Zhang C, Li D, Wang Y, Wang P, Kuang H","32070622, 81900742","National Natural Science Foundation of China, National Natural Science Foundation of China",2,ENCD: a manually curated database of experimentally supported endocrine system disease and lncRNA associations.
36640825,2023-01-12,"School of Life Science and Technology, Southeast University, Nanjing 210096, China.","Li J, Liang W, Chen Z, Li X, Gu P, Liu A, Chen P, Li Q, Mei X, Yang J, Liu J, Jiang L, Gu Z","2242019 k10016, 2242020 k10001, 2242019 k10016, 2242020 k10001, 2017YFA0700500, 2017YFA0700500, 31871322","Fundamental Research Funds for the Central Universities, China, Fundamental Research Funds for the Central Universities, China, Fundamental Research Funds for the Central Universities, Fundamental Research Funds for the Central Universities, National Key R&amp;D Program of China, National Key Research and Development Program of China, National Natural Science Foundation of China",2,"OOCDB: A Comprehensive, Systematic, and Real-time Organs-on-a-chip Database."
36532379,2022-10-14,"Department of Translational Research in Psychiatry, Max Planck Institute of Psychiatry, Kraepelinstr. 2-10, 80804, Munich, Germany.","Gerstner N, Krontira AC, Cruceanu C, Roeh S, Pütz B, Sauer S, Rex-Haffner M, Schmidt MV, Binder EB, Knauer-Arloth J",,,7,"DiffBrainNet: Differential analyses add new insights into the response to glucocorticoids at the level of genes, networks and brain regions."
37829020,2023-08-08,"Artificial Intelligence Medical Research Center, School of Intelligent Systems Engineering, Shenzhen Campus of Sun Yat-sen University Shenzhen Guangdong 518107 P. R. China chenyuchian@mail.sysu.edu.cn.","Lv Q, Chen G, He H, Yang Z, Zhao L, Chen HY, Chen CY","2020B1111100001, Grant No. 62176272","Special Project for Research and Development in Key areas of Guangdong Province, National Natural Science Foundation of China",19,"TCMBank: bridges between the largest herbal medicines, chemical ingredients, target proteins, and associated diseases with intelligence text mining."
38997477,2024-01-01,"Biomedical Innovations Research for Translational Health Science (BIRTHS) Laboratory, Department of Biochemistry and Molecular Biology, College of Medicine, University of the Philippines Manila, Ermita, Manila, Philippines. badong@post.upm.edu.ph.",Caoili SEC,,,0,B-Cell Epitope Prediction for Antipeptide Paratopes with the HAPTIC2/HEPTAD User Toolkit (HUT).
36520398,2023-01-01,"LABGeM, Génomique Métabolique, CEA, Genoscope, Institut François Jacob, CNRS, Université d'Évry, Université Paris-Saclay, Evry, France. droche@genoscope.cns.fr.","Roche D, Calteau A, Vallenet D",,,0,Analyzing Prokaryotic Transcriptomics in the Light of Genome Data with the MicroScope Platform.
36803795,2023-02-14,"Dept. de Lenguajes y Ciencias de la Computación, ITIS Software, Universidad de Málaga, Málaga, 29071, Spain.","Segura-Ortiz A, García-Nieto J, Aldana-Montes JF, Navas-Delgado I",,,5,GENECI: A novel evolutionary machine learning consensus-based approach for the inference of gene regulatory networks.
35857806,2022-07-27,"Laboratory for Chemometrics and Molecular Modeling, Department of Chemistry, Biology, and Biotechnology, University of Perugia, Perugia, Italy.","Palomba T, Baroni M, Cross S, Cruciani G, Siragusa L",,,13,ELIOT: A platform to navigate the E3 pocketome and aid the design of new PROTACs.
36929933,2023-03-01,"National and Local Joint Engineering Research Center of Ecological Treatment Technology for Urban Water Pollution, Wenzhou University, Wenzhou 325035, China.","Zou H, Sun T, Jin B, Wang S",Y20190210,Science and Technology Planning Project of Wenzhou City,6,sBGC-hm: an atlas of secondary metabolite biosynthetic gene clusters from the human gut microbiome.
35124170,2022-02-03,"Eye Center, Medical Center, Faculty of Medicine, University of Freiburg, Germany. Electronic address: julian.wolf@uniklinik-freiburg.de.","Wolf J, Boneva S, Schlecht A, Lapp T, Auw-Haedrich C, Lagrèze W, Agostini H, Reinhard T, Schlunck G, Lange C",,Albert-Ludwigs-Universität Freiburg,46,The Human Eye Transcriptome Atlas: A searchable comparative transcriptome database for healthy and diseased human eye tissue.
39738650,2024-12-30,"Department of Medical Oncology, Qilu Hospital, Cheeloo College of Medicine, Shandong University, Jinan, 250012, Shandong, China.","Zhou J, Yu H, Lou C, Yang M, Li Y, Yang Q, Li S, Ji C, Li S, Wang S, Cao H, Li X, Liu L",2021A1515110828,Youth Project of Guangdong Basic and Applied Basic Research Foundation,0,MTFAP: a comprehensive platform for predicting and analyzing master transcription factors.
37943830,2023-11-09,"Department of Respiratory and Critical Care Medicine, the Second Xiangya Hospital, Central South University, Changsha, Hunan, China.","Tang D, Chen M, Huang X, Zhang G, Zeng L, Zhang G, Wu S, Wang Y","2023JJ40850, 2022JJ30850, D202303047052","Natural Science Foundation of Hunan Province, Natural Science Foundation of Hunan Province, Health and Family Planning Commission of Hunan Province",1134,SRplot: A free online platform for data visualization and graphing.
38862425,2024-05-01,"State Key Laboratory of Female Fertility Promotion, Center for Reproductive Medicine, Department of Obstetrics and Gynecology, Peking University Third Hospital, Beijing 100191, China.","An J, Wang J, Kong S, Song S, Chen W, Yuan P, He Q, Chen Y, Li Y, Yang Y, Wang W, Li R, Yan L, Yan Z, Qiao J",,,3,GametesOmics: A Comprehensive Multi-omics Database for Exploring the Gametogenesis in Humans and Mice.
37953349,2024-01-01,"Shandong Provincial Key Laboratory of Biophysics, Institute of Biophysics, Dezhou University, Dezhou 253023, China.","Zhou B, Ji B, Shen C, Zhang X, Yu X, Huang P, Yu R, Zhang H, Dou X, Chen Q, Zeng Q, Wang X, Cao Z, Hu G, Xu S, Zhao H, Yang Y, Zhou Y, Wang J","62131004, 62371091, ZR2023MC186, 2020xjrc216, 62071085","National Natural Science Foundation of China, National Natural Science Foundation of China, Natural Science Foundation of Shandong of China, Youth Innovation Team Lead-education Project of Shandong Educational Committee, Talent Introduction Project of Dezhou University of China, National Natural Science Foundation of China",13,EVLncRNAs 3.0: an updated comprehensive database for manually curated functional long non-coding RNAs validated by low-throughput experiments.
37889051,2024-01-01,"Key Laboratory of Agricultural Animal Genetics, Breeding, and Reproduction of the Ministry of Education & Key Laboratory of Swine Genetics and Breeding of the Ministry of Agriculture, Huazhong Agricultural University, Wuhan 430070, China.","Zhang K, Liang J, Fu Y, Chu J, Fu L, Wang Y, Li W, Zhou Y, Li J, Yin X, Wang H, Liu X, Mou C, Wang C, Wang H, Dong X, Yan D, Yu M, Zhao S, Li X, Ma Y","2022YFD1601903, 2021YFF1000601, 202305AF150128, 2022CFB140, 32072696, CARS-35, NT2021005, 32272840","National Key Research and Development Program of China, National Key Research and Development Program of China, Plan for Technology Talent and Platform, Natural Science Foundation of Hubei Province, National Natural Science Foundation of China, China Agriculture Research System of MOF and MARA, Laboratory of Lingnan Modern Agriculture Project, National Natural Science Foundation of China",11,AGIDB: a versatile database for genotype imputation and variant decoding across species.
35639514,2022-07-01,"MOE Key Laboratory of Marine Genetics and Breeding, College of Marine Life Sciences, Ocean University of China, Qingdao 266003, China.","Zeng Q, Zhao B, Wang H, Wang M, Teng M, Hu J, Bao Z, Wang Y","2021ZL09, 2021ZLGX03, 32072976, SKJC-KJ-2019KY01, ZDYF2021XDNY133, 2021YFD1200805, 32002388, ZDKJ2021017","Science Foundation of Ministry of Education of China, Key R&amp;D Project of Shandong Province, National Natural Science Foundation of China, Project of Sanya Yazhouwan Science and Technology City Management Foundation, Key R &amp; D Project of Hainan Province, National Key Research and Development Program of China, National Natural Science Foundation of China, Major Science and Technology Program of Hainan Province",16,Aquaculture Molecular Breeding Platform (AMBP): a comprehensive web server for genotype imputation and genetic analysis in aquaculture.
34850103,2022-01-01,"Department of Animal Science, Iowa State University, 2255 Kildee Hall, Ames, IA 50011, USA.","Hu ZL, Park CA, Reecy JM",2016-67015-24767,"United States Department of Agriculture, National Animal Genome Research Program, Bioinformatics Coordination Project, USDA-AFRI",234,Bringing the Animal QTLdb and CorrDB into the future: meeting new challenges and providing updated services.
35609985,2022-07-01,"Lab of Systems Neuroscience, D-HEST Institute for Neuroscience, ETH Zürich, Switzerland.","Soutschek M, Germade T, Germain PL, Schratt G","189486, SNF_189486","Swiss National Science Foundation, Swiss National Science Foundation",10,enrichMiR predicts functionally relevant microRNAs based on target collections.
39386138,2024-09-25,"Laboratory of Neurophysiology and Movement Biomechanics, UNI - ULB Neuroscience Institute, Université Libre de Bruxelles (ULB), Brussels, Belgium.","Georgiev C, Legrand T, Mongold SJ, Fiedler-Valenta M, Guittard F, Bourguignon M",,,1,An open-access database of video stimuli for action observation research in neuroimaging settings: psychometric evaluation and motion characterization.
35552372,2022-06-01,"Genomics Research Centre, Human Technopole, Milan 20157, Italy.","Guarracino A, Heumos S, Nahnsen S, Prins P, Garrison E","#2118709, U01 DA047638, 031A532B, 031A535A, NIDA U01DA047638, 031A533B, 031A537C, 031A534A, 031A537B, 031A538A, R01 GM123489, 031A533A, R01GM123489","NSF PPoSS, NIDA NIH HHS, German Network for Bioinformatics Infrastructure, German Network for Bioinformatics Infrastructure, National Institutes of Health, Federal Ministry for Economic Affairs and Energy of Germany, German Network for Bioinformatics Infrastructure, German Network for Bioinformatics Infrastructure, German Network for Bioinformatics Infrastructure, German Network for Bioinformatics Infrastructure, German Network for Bioinformatics Infrastructure, NIGMS NIH HHS, German Network for Bioinformatics Infrastructure, NIGMS, BMBF",109,ODGI: understanding pangenome graphs.
39517109,2024-01-01,"Shandong Key Laboratory of Precision Molecular Crop Design and Breeding, Peking University Institute of Advanced Agricultural Sciences, Shandong Laboratory of Advanced Agricultural Sciences in Weifang, Weifang 261325, China.","Yang B, Meng T, Wang X, Li J, Zhao S, Wang Y, Yi S, Zhou Y, Zhang Y, Li L, Guo L","ZR202211070163, ZR2023JQ010, ZR202211070163","Key R&D Program of Shandong Province, Natural Science Foundation for Distinguished Young Scholars, Taishan Scholars Program of Shandong Province, Key R&amp;D Program of Shandong Province",0,CAT Bridge: an efficient toolkit for gene-metabolite association mining from multiomics data.
35891795,2022-07-11,"Department of Animal Science, Michigan State University, East Lansing, MI 48824, USA.","Tan S, Wang W, Jie W, Liu J",,,2,FishExp: A comprehensive database and analysis platform for gene expression and alternative splicing of fish species.
40641863,2025-06-26,"Department of Chemistry, College of Science, Taif University, Taif, Saudi Arabia.","M'sakni NH, Alsufyani T, Alotaibi NJ",,,0,"Decoding chemical interactions among pomegranate, &lt;i&gt;Aphis punicae&lt;/i&gt;, and associated insects in Taif fields through open-loop stripping."
37898309,2023-10-26,"National Genomics Data Center, Beijing Institute of Genomics, Chinese Academy of Sciences and China National Center for Bioinformation, Beijing 100101, China.","Li C, Ma L, Zou D, Zhang R, Bai X, Li L, Wu G, Huang T, Zhao W, Jin E, Bao Y, Song S","2023YFC3041500, Z211100002121006, 2021YFF0703703, Y2021038, 2023YFC3041500, 32270718, 2019104, ANSO-CR-KP-2022-09","National Key Research and Development Program of China, Beijing Nova Program, National Key R&amp;D Program of China, Youth Innovation Promotion Association of the Chinese Academy of Sciences, National Key R&amp;D Program of China, National Natural Science Foundation of China, Youth Innovation Promotion Association of the Chinese Academy of Sciences, Alliance of International Science Organizations",7,"RCoV19: A One-stop Hub for SARS-CoV-2 Genome Data Integration, Variant Monitoring, and Risk Pre-warning."
36003902,2022-08-08,"Medical Scientist Training Program, University of Virginia, Charlottesville, VA, United States.","Ma WF, Turner AW, Gancayco C, Wong D, Song Y, Mosquera JV, Auguste G, Hodonsky CJ, Prabhakar A, Ekiz HA, van der Laan SW, Miller CL","R00HL125912, CVON 2011/B019, CVON 2017-20, 01KL1802, R00 HL125912, R01HL14823, 18CVD02","National Institutes of Health, ICIN Netherlands Heart Institute, ICIN Netherlands Heart Institute, European Research Area Network on Cardiovascular Diseases, NHLBI NIH HHS, National Institutes of Health, Fondation Leducq",15,PlaqView 2.0: A comprehensive web portal for cardiovascular single-cell genomics.
40338521,2025-05-01,"Department of Computational Biology, Indraprastha Institute of Information Technology, Okhla Phase 3, New Delhi 110020, India.","Chauhan M, Gupta A, Tomer R, Raghava GPS",,"INSPIRE, dbt, Indraprastha Institute of Information Technology, All India Council for Technical Education (AICTE), Department of Science and Technology",1,CancerPPD2: an updated repository of anticancer peptides and proteins.
40293718,2025-05-01,"Department of Pharmacology, Faculty of Medicine, Dalhousie University, Halifax, Nova Scotia, B3H 4R2, Canada.","Wright RJ, Langille MGI",,Digital Research Alliance of Canada,9,PICRUSt2-SC: an update to the reference database used for functional prediction within PICRUSt2.
39353863,2024-09-01,"College of Bioinformatics Science and Technology, Harbin Medical University, Harbin 150081, China.","Mei L, Hou Y, Zhou J, Chang Y, Liu Y, Wang D, Zhang Y, Ning S, Li X",,,1,"AVM: A Manually Curated Database of Aerosol-transmitted Virus Mutations, Human Diseases, and Drugs."
37605971,2023-08-22,"Department of Civil and Environmental Engineering, University of Florence, Florence, Italy.","Forzieri G, Dutrieux LP, Elia A, Eckhardt B, Caudullo G, Taboada FÁ, Andriolo A, Bălăcenoiu F, Bastos A, Buzatu A, Dorado FC, Dobrovolný L, Duduman ML, Fernandez-Carrillo A, Hernández-Clemente R, Hornero A, Ionuț S, Lombardero MJ, Junttila S, Lukeš P, Marianelli L, Mas H, Mlčoušek M, Mugnai F, Nețoiu C, Nikolov C, Olenici N, Olsson PO, Paoli F, Paraschiv M, Patočka Z, Pérez-Laorga E, Quero JL, Rüetschi M, Stroheker S, Nardi D, Ferenčík J, Battisti A, Hartmann H, Nistor C, Cescatti A, Beck PSA","101039567, 101059498","European Research Council, European Commission",4,The Database of European Forest Insect and Disease Disturbances: DEFID2.
37757861,2024-01-01,"MOE Key Laboratory of Bioinformatics, Center for Synthetic and Systems Biology, School of Life Sciences, Tsinghua University, Beijing 100084, China.","Li M, Zhou T, Han M, Wang H, Bao P, Tao Y, Chen X, Wu G, Liu T, Wang X, Lu Q, Zhu Y, Lu ZJ","2021YFA1301603, 32170671, 2021GQG1020, 2022ZLA003, 2021- NCPSB-005, 2021Z99CFY022, 2021- NCPSB-005, 81972798","National Key Research Program of China, National Natural Science Foundation of China, Tsinghua University Guoqiang Institute, Bio-Computing Platform of Tsinghua University Branch of China National Center for Protein Sciences, Tsinghua University Initiative Scientific Research Program of Precision Medicine, Beijing Advanced Innovation Center for Structural Biology, Bioinformatics Platform of National Center for Protein Sciences (Beijing), Tsinghua University Spring Breeze Fund, Bayer Micro-funding, Bioinformatics Platform of National Center for Protein Sciences, National Natural Science Foundation of China",8,cfOmics: a cell-free multi-Omics database for diseases.
36478084,2023-01-01,"Department of Molecular Biology and Biophysics, UConn Health, Farmington, CT 06030-3305, USA.","Hoch JC, Baskaran K, Burr H, Chin J, Eghbalnia HR, Fujiwara T, Gryk MR, Iwata T, Kojima C, Kurisu G, Maziuk D, Miyanoiri Y, Wedell JR, Wilburn C, Yao H, Yokochi M","R01 GM109046, R01GM109046, 22ama121001, JPMJND2205","NIGMS NIH HHS, National Institutes of Health, Hoch discretionary, AMED, Japan Science and Technology Agency",152,Biological Magnetic Resonance Data Bank.
36796796,2023-04-01,"School of Software, Shandong University, Jinan, China.","Wang R, Jiang Y, Jin J, Yin C, Yu H, Wang F, Feng J, Su R, Nakai K, Zou Q, Wei L","62250028, 62071278","Natural Science Foundation of China, Natural Science Foundation of China",86,"DeepBIO: an automated and interpretable deep-learning platform for high-throughput biological sequence prediction, functional annotation and visualization analysis."
37435612,2023-07-09,Department of Biology Wilfrid Laurier University Waterloo Ontario Canada.,"Amani K, Shivnauth V, Castroverde CDM",,"Canada Foundation for Innovation, Natural Sciences and Engineering Research Council of Canada",3,CBP60-DB: An AlphaFold-predicted plant kingdom-wide database of the CALMODULIN-BINDING PROTEIN 60 protein family with a novel structural clustering algorithm.
39704703,2024-01-01,"College of Bioinformatics Science and Technology, Harbin Medical University, Harbin 150081, China.","He Y, Lai J, Wang Q, Pan B, Li S, Zhao X, Wang Z, Zhang Y, Tang Y, Han J","62372143, LH2019C042, 62072145","National Natural Science Foundation of China, Natural Science Foundation of Heilongjiang Province, National Natural Science Foundation of China",1,ssMutPA: single-sample mutation-based pathway analysis approach for cancer precision medicine.
36944655,2023-03-21,"Pacific Northwest National Laboratory, Richland, WA, USA.","Gosline SJC, Kim DN, Pande P, Thomas DG, Truong L, Hoffman P, Barton M, Loftus J, Moran A, Hampton S, Dowson S, Franklin L, Degnan D, Anderson L, Thessen A, Tanguay RL, Anderson KA, Waters KM","P42 ES016465, P30 ES030287, P42 ES016465","U.S. Department of Health &amp; Human Services | NIH | National Institute of Environmental Health Sciences, U.S. Department of Health &amp; Human Services | NIH | National Institute of Environmental Health Sciences, NIEHS NIH HHS, NIEHS NIH HHS",4,The Superfund Research Program Analytics Portal: linking environmental chemical exposure to biological phenotypes.
36056235,2022-09-02,"Sanders-Brown Center on Aging, University of Kentucky, Lexington, KY, USA.","Page ML, Vance EL, Cloward ME, Ringger E, Dayton L, Ebbert MTW, Miller JB, Kauwe JSK","A2020118F, AG068331, MC_PC_17228, P30 AG072946, MC_QA137853, 2019-AARG-644082, 1P30AG072946-01, P30 AG066512, RF1AG054052, GM138636, R01 AG068331, R35 GM138636, RF1 AG054052, U01 AG024904, A2020161S","BrightFocus Foundation, U.S. Department of Health &amp; Human Services | NIH | National Institute on Aging, Medical Research Council, NIA NIH HHS, Brigham Young University, U.S. Department of Health &amp; Human Services | NIH | National Institute on Aging, Medical Research Council, Alzheimer&apos;s Association, U.S. Department of Health &amp; Human Services | NIH | National Institute on Aging, NIA NIH HHS, U.S. Department of Health &amp; Human Services | NIH | National Institute on Aging, U.S. Department of Health &amp; Human Services | NIH | National Institute of General Medical Sciences, NIA NIH HHS, NIGMS NIH HHS, NIA NIH HHS, NIA NIH HHS, University of Kentucky, BrightFocus Foundation",10,The Polygenic Risk Score Knowledge Base offers a centralized online repository for calculating and contextualizing polygenic risk scores.
