"pmid","title","has_url","is_false_positive","confidence","reason","database_name","long_database_name","chunk","already_seen","in_baseline"
"""32393257"," 32393257"",MyoMiner: explore gene co-expression in normal and pathological muscle.","True","Y","medium","Tool for exploration not a database","MyoMiner","MyoMiner","1","N","N"
"""21646335"," 22139938"",""The Gene3D Web Services: a platform for identifying, annotating and comparing structural domains in protein sequences.""","True","Y","medium","Integration platform/tool not a database","Gene3D","Gene3D","1","N","N"
"""21646343"," 27098042, 27098042"",g:Profiler--a web server for functional interpretation of gene lists (2011 update).","True","Y","medium","Tool for interpretation not a database","g:Profiler","g:Profiler","1","N","N"
"""22651224"," 23616008"",""CORNET 2.0: integrating plant coexpression, protein-protein interactions, regulatory interactions, gene associations and functional annotations.""","True","Y","medium","Integration platform/tool not a database","CORNET","CORNET","1","N","N"
"""30926570"," 31294057"",Genome Annotator Light (GAL): A Docker-based package for genome analysis and visualization.","True","Y","medium","Tool for analysis not a database","GAL","Genome Annotator Light","1","N","N"
"""33599248"," 34561023"",bc-GenExMiner 4.5: new mining module computes breast cancer differential gene expression analyses.","True","Y","medium","Tool for analysis not a database","bc-GenExMiner","Breast Cancer Gene Expression Miner","1","N","N"
"""22385986"," 22385986"",CpGPAP: CpG island predictor analysis platform.","True","Y","medium","Tool for prediction not a database","CpGPAP","CpG island Predictor Analysis Platform","1","N","N"
"""29236971"," 29718468"",New algorithms to represent complex pseudoknotted RNA structures in dot-bracket notation.","True","Y","medium","Method for representation not a database","RNApdbee","RNA PDB explorer","1","N","N"
"""23192546"," 23716640, 27081850"",Analysis strategy of protein-protein interaction networks.","True","Y","low","Method for analysis not a database","VisANT","VisANT","1","N","N"
"""21276275"," 24532766"",MEMOSys: Bioinformatics platform for genome-scale metabolic models.","True","Y","medium","Integration platform/tool not a database","MEMOSys","MEMOSys","1","N","N"
"""21471015"," 21471015"",DIME: R-package for identifying differential ChIP-seq based on an ensemble of mixture models.","True","Y","high","Method/algorithm paper not a database","DIME","DIME","1","N","N"
"""23220694"," 26519402"",The plant ontology as a tool for comparative plant anatomy and genomic analyses.","True","Y","medium","Tool for analysis not a database","PO","Plant Ontology","1","N","N"
"""30701323"," 32276847"",Gene co-expression network analysis identifies trait-related modules in Arabidopsis thaliana.","True","Y","medium","Method for analysis not a database","AraNET","Arabidopsis Network","1","N","N"
"""31598630"," 31598630"",Learning from the ligand: using ligand-based features to improve binding affinity prediction.","True","Y","medium","Method for prediction not a database","","","1","N","N"
"""21975939"," 34038028"",Using the PhenX Toolkit to Add Standard Measures to a Study.","True","Y","medium","Tool for study design not a database","PhenX","Phenotype and Exposure Toolkit","1","N","N"
"""22106335"," 23671338, 22140103, 23396323"",Data-driven information retrieval in heterogeneous collections of transcriptomics data links SIM2s to malignant pleural mesothelioma.","True","Y","medium","Tool for retrieval not a database","REX","RNA Expression","1","N","N"
"""23088274"," 26268340"",Computational tools and resources for metabolism-related property predictions. 2. Application to prediction of half-life time in human liver microsomes.","True","Y","medium","Tool for prediction not a database","","","1","N","N"
"23530693","A systematic comparison of the MetaCyc and KEGG pathway databases.","False","Y","high","Database mentioned but no URL not accessible","","","1","Y","N"
"21269480","Searching the protein structure database for ligand-binding site similarities using CPASS v.2.","True","Y","medium","Tool for searching not a database","CPASS","CPASS","1","Y","N"
"""23568467"," 24259431"",Databases and in silico tools for vaccine design.","True","Y","medium","Tool for vaccine design not a database","VIOLIN","Vaccine Investigation and Online Information Network","1","N","N"
"30105017","ASAP - A Webserver for Immunoglobulin-Sequencing Analysis Pipeline.","True","Y","medium","Tool for analysis not a database","ASAP","Automated Single Analysis Pipeline","1","Y","N"
"23452691","search GenBank: interactive orchestration and ad-hoc choreography of Web services in the exploration of the biomedical resources of the National Center For Biotechnology Information.","True","Y","medium","Tool for searching not a database","searchGenBank","search GenBank","1","Y","N"
"23193288","CFGP 2.0: a versatile web-based platform for supporting comparative and evolutionary genomics of fungi and Oomycetes.","True","Y","medium","Integration platform/tool not a database","CFGP","Comparative Fungal Genomics Platform","1","Y","N"
"""21672958"," 23737449, 25948579"",""antiSMASH: rapid identification, annotation and analysis of secondary metabolite biosynthesis gene clusters in bacterial and fungal genome sequences.""","True","Y","medium","Tool for identification not a database","antiSMASH","antibiotics and Secondary Metabolite Analysis SHell","1","N","N"
"25118648","PDB explorer -- a web based algorithm for protein annotation viewer and 3D visualization.","True","Y","medium","Tool for visualization not a database","PDB Explorer","Protein Data Bank Explorer","1","Y","N"
"""23586463"," 27141961"",Enrichr: interactive and collaborative HTML5 gene list enrichment analysis tool.","True","Y","medium","Tool for analysis not a database","Enrichr","Enrichr","1","N","N"
"29155944","Molecular Interaction Search Tool (MIST): an integrated resource for mining gene and protein interaction data.","True","Y","medium","Tool for searching not a database","MIST","Molecular Interaction Search Tool","1","Y","N"
"32395768","RESTful API for iPTMnet: a resource for protein post-translational modification network discovery.","False","Y","medium","Tool for network discovery not a database","iPTMnet","integrated Post-Translational Modification Network","1","Y","N"
"29733404","SPAR: small RNA-seq portal for analysis of sequencing experiments.","True","Y","medium","Tool for analysis not a database","SPAR","Small RNA-seq Portal for Analysis of sequencing expeRiments","1","Y","N"
"30535146","Comparative Analysis of Oomycete Genome Evolution Using the Oomycete Gene Order Browser (OGOB).","True","Y","medium","Tool for analysis not a database","OGOB","Oomycete Gene Order Browser","1","Y","N"
"23039964","GeneFriends: an online co-expression analysis tool to identify novel gene targets for aging and complex diseases.","True","Y","medium","Tool for analysis not a database","GeneFriends","Gene Friends","1","Y","N"
"26072489","PAGER: constructing PAGs and new PAG-PAG relationships for network biology.","True","Y","medium","Tool for construction not a database","PAGER","Pathway Analysis through Gene Expression Regulation","1","Y","N"
"22701464","""pep2pro: the high-throughput proteomics data processing, analysis, and visualization tool.""","True","Y","medium","Tool for processing not a database","pep2pro","peptide to protein","1","Y","N"
"22013167","mirEX: a platform for comparative exploration of plant pri-miRNA expression data.","True","Y","medium","Integration platform/tool not a database","mirEX","miRNA Expression","1","Y","N"
"22102591","""IBIS (Inferred Biomolecular Interaction Server) reports, predicts and integrates multiple types of conserved interactions for proteins.""","True","Y","medium","Tool for prediction not a database","IBIS","Inferred Biomolecular Interaction Server","1","Y","N"
"23875683","Cloud-based uniform ChIP-Seq processing tools for modENCODE and ENCODE.","True","Y","medium","Tool for processing not a database","","","1","Y","N"
"32191543","CIViCpy: A Python Software Development and Analysis Toolkit for the CIViC Knowledgebase.","False","Y","medium","Tool for analysis not a database","CIViC","Clinical Interpretation of Variants in Cancer","1","Y","N"
"22761927","HEMD: an integrated tool of human epigenetic enzymes and chemical modulators for therapeutics.","True","Y","medium","Tool for therapeutics not a database","HEMD","Human Epigenetic Modifying Drug","1","Y","N"
"22140115","""IPAVS: Integrated Pathway Resources, Analysis and Visualization System.""","True","Y","medium","Tool for analysis not a database","IPAVS","Integrated Pathway Resources Analysis and Visualization System","1","Y","N"
"34619810","Using ConSurf to Detect Functionally Important Regions in RNA.","True","Y","medium","Tool for detection not a database","ConSurf","ConSurf","1","Y","N"
"23203867","NetwoRx: connecting drugs to networks and phenotypes in Saccharomyces cerevisiae.","True","Y","medium","Tool for connecting not a database","NetwoRx","Network Rx","1","Y","N"
"""22544707"," 29757393, 32496546"",SNPnexus: a web server for functional annotation of novel and publicly known genetic variants (2012 update).","True","Y","medium","Tool for annotation not a database","SNPnexus","SNP nexus","1","N","N"
"29136207","LinkedOmics: analyzing multi-omics data within and across 32 cancer types.","True","Y","medium","Tool for analysis not a database","LinkedOmics","Linked Omics","1","Y","N"
"26040787","CARMO: a comprehensive annotation platform for functional exploration of rice multi-omics data.","True","Y","medium","Integration platform/tool not a database","CARMO","Comprehensive platform for functional Annotation of Rice Multi-Omics data","1","Y","N"
"28365733","miRnalyze: an interactive database linking tool to unlock intuitive microRNA regulation of cell signaling pathways.","True","Y","medium","Tool for analysis not a database","miRnalyze","microRNA analyze","1","Y","N"
"21943338","""TIGER: Toolbox for integrating genome-scale metabolic models, expression data, and transcriptional regulatory networks.""","False","Y","high","Tool for integration platform","","","2","Y","N"
"30408350","Investigation of RNA-RNA Interactions Using the RISE Database.","False","Y","high","Tool for investigation","","","2","Y","N"
"28724888","CrossCheck: an open-source web tool for high-throughput screen data analysis.","True","Y","medium","Tool for data analysis","","","2","Y","N"
"27581336","IBIS: an OR ready open-source platform for image-guided neurosurgery.","False","Y","high","Platform for neurosurgery","","","2","Y","N"
"22427539","The SMART Platform: early experience enabling substitutable applications for electronic health records.","True","Y","medium","Platform for EHR applications","","","2","Y","N"
"""27797767"," 30598108"",miRNAmeConverter: an R/bioconductor package for translating mature miRNA names to different miRBase versions.","True","Y","medium","Tool for converting names","","","2","N","N"
"31404401","miRDRN-miRNA disease regulatory network: a tool for exploring disease and tissue-specific microRNA regulatory networks.","True","Y","medium","Tool for exploring networks","","","2","Y","N"
"31494246","SliceIt: A genome-wide resource and visualization tool to design CRISPR/Cas9 screens for editing protein-RNA interaction sites in the human genome.","True","Y","medium","Tool for designing CRISPR screens","","","2","Y","N"
"31797632","PGxMine: Text mining for curation of PharmGKB.","True","Y","medium","Tool for text mining","","","2","Y","N"
"27102089","Gene-set activity toolbox (GAT): A platform for microarray-based cancer diagnosis using an integrative gene-set analysis approach.","True","Y","medium","Tool for microarray analysis","","","2","Y","N"
"32777640","""MiDAS 3: An ecosystem-specific reference database, taxonomy and knowledge platform for activated sludge and anaerobic digesters reveals species-level microbiome composition of activated sludge.""","False","Y","high","Database mentioned but no URL","","","2","Y","N"
"24589857","iLIR: A web resource for prediction of Atg8-family interacting proteins.","False","Y","high","Tool for prediction","","","2","Y","N"
"24958384","The gene expression database for mouse development (GXD): putting developmental expression information at your fingertips.","False","Y","high","Database mentioned but no URL","","","2","Y","N"
"25336620","The Biobanking Analysis Resource Catalogue (BARCdb): a new research tool for the analysis of biobank samples.","False","Y","high","Tool for biobank analysis","","","2","Y","N"
"24170407","PRALINE: a versatile multiple sequence alignment toolkit.","True","Y","medium","Tool for sequence alignment","","","2","Y","N"
"24952385","ShrimpGPAT: a gene and protein annotation tool for knowledge sharing and gene discovery in shrimp.","True","Y","medium","Tool for gene annotation","","","2","Y","N"
"21272355","""Animal model integration to AutDB, a genetic database for autism.""","False","Y","high","Database mentioned but no URL","","","2","Y","N"
"29761470","Navigating the i5k Workspace@NAL: A Resource for Arthropod Genomes.","False","Y","high","Tool for navigating workspace","","","2","Y","N"
"31813695","Using research to guide practice: The Physiotherapy Evidence Database (PEDro).","False","Y","high","Database mentioned but no URL","","","2","Y","N"
"29997612","CDG: An Online Server for Detecting Biologically Closest Disease-Causing Genes and its Application to Primary Immunodeficiency.","True","Y","medium","Tool for detecting genes","","","2","Y","N"
"31945268","Using the MINT Database to Search Protein Interactions.","False","Y","high","Tool for searching database","","","2","Y","N"
"24441647","""An Overview of the Challenges in Designing, Integrating, and Delivering BARD: A Public Chemical-Biology Resource and Query Portal for Multiple Organizations, Locations, and Disciplines.""","False","Y","high","Tool for integration platform","","","2","Y","N"
"23815411","Analysis and consensus of currently available intrinsic protein disorder annotation sources in the MobiDB database.","False","Y","high","Tool for disorder analysis","","","2","Y","N"
"26519404","Gramene: A Resource for Comparative Analysis of Plants Genomes and Pathways.","False","Y","high","Tool for comparative analysis","","","2","Y","N"
"24767249","Genome-wide Mycobacterium tuberculosis variation (GMTV) database: a new tool for integrating sequence variations and epidemiology.","True","Y","medium","Tool keyword but has URL","GMTV","Genome-wide Mycobacterium tuberculosis variation","3","Y","N"
"24143170","Can inferred provenance and its visualisation be used to detect erroneous annotation? A case study using UniProtKB.","True","Y","high","Tool for detection, not a database","","","3","Y","N"
"21960044","Comparison of embryonic expression within multigene families using the FlyExpress discovery platform reveals more spatial than temporal divergence.","False","Y","high","Tool for comparison, not a database","","","3","Y","N"
"29301376","""SistematX, an Online Web-Based Cheminformatics Tool for Data Management of Secondary Metabolites.""","True","Y","medium","Tool for data management, not a database","","","3","Y","N"
"33449976","rfaRm: An R client-side interface to facilitate the analysis of the Rfam database of RNA families.","False","Y","high","Interface tool, not a database","","","3","Y","N"
"28541377","ASAP: a web-based platform for the analysis and interactive visualization of single-cell RNA-seq data.","True","Y","medium","Platform for analysis, not a database","","","3","Y","N"
"22543366","DAVID-WS: a stateful web service to facilitate gene/protein list analysis.","True","Y","medium","Tool for analysis, not a database","","","3","Y","N"
"34241085","OCELOT: An infrastructure for data-driven research to discover and design crystalline organic semiconductors.","True","Y","medium","Tool for research, not a database","","","3","Y","N"
"23286825","NeuroDNet - an open source platform for constructing and analyzing neurodegenerative disease networks.","True","Y","medium","Platform for analysis, not a database","","","3","Y","N"
"30235322","GC4S: A bioinformatics-oriented Java software library of reusable graphical user interface components.","True","Y","high","Software library, not a database","","","3","Y","N"
"28453687","GDISC: a web portal for integrative analysis of gene-drug interaction for survival in cancer.","True","Y","medium","Portal for analysis, not a database","","","3","Y","N"
"32228442","Transcriptome Ortholog Alignment Sequence Tools (TOAST) for phylogenomic dataset assembly.","False","Y","high","Tool for assembly, not a database","","","3","Y","N"
"31103066","The Placental Atlas Tool (PAT): A collaborative research and discovery platform for the placental research community.","True","Y","medium","Tool/platform for research, not a database","","","3","Y","N"
"29220476","""eGenPub, a text mining system for extending computationally mapped bibliography for UniProt Knowledgebase by capturing centrality.""","False","Y","high","Text mining system, not a database","","","3","Y","N"
"31583637","Explore Protein-Protein Interactions for Cancer Target Discovery Using the OncoPPi Portal.","False","Y","high","Tool for exploration, not a database","","","3","Y","N"
"22753780","AutoBind: automatic extraction of protein-ligand-binding affinity data from biological literature.","True","Y","medium","Tool for extraction, not a database","","","3","Y","N"
"23657089","DDBJ read annotation pipeline: a cloud computing-based pipeline for high-throughput analysis of next-generation sequencing data.","True","Y","medium","Pipeline for analysis, not a database","","","3","Y","N"
"25069839","ELM: enhanced lowest common ancestor based method for detecting a pathogenic virus from a large sequence dataset.","True","Y","medium","Method for detection, not a database","","","3","Y","N"
"34052284","miREV: An Online Database and Tool to Uncover Potential Reference RNAs and Biomarkers in Small-RNA Sequencing Data Sets from Extracellular Vesicles Enriched Samples.","True","Y","medium","Tool to uncover biomarkers, not a database","","","3","Y","N"
"25592564","Cell Index Database (CELLX): a web tool for cancer precision medicine.","False","Y","high","Tool for precision medicine, not a database","","","3","Y","N"
"26800248","The Salmonella In Silico Typing Resource (SISTR): An Open Web-Accessible Tool for Rapidly Typing and Subtyping Draft Salmonella Genome Assemblies.","True","Y","medium","Tool for typing, not a database","","","3","Y","N"
"25098641","Development of a Smartphone App for a Genetics Website: The Amyotrophic Lateral Sclerosis Online Genetics Database (ALSoD).","False","Y","high","App development, not a database","","","3","Y","N"
"21253599","PoPoolation: a toolbox for population genetic analysis of next generation sequencing data from pooled individuals.","False","Y","high","Toolbox for analysis, not a database","","","3","Y","N"
"28577791","PlanTEnrichment: A tool for enrichment analysis of transposable elements in plants.","True","Y","high","Tool for analysis, not a database","","""","4","Y","N"
"23252913","""GenomewidePDB, a proteomic database exploring the comprehensive protein parts list and transcriptome landscape in human chromosomes.""","False","Y","high","Database mentioned but no URL, not accessible","","""","4","Y","N"
"21980353","pubmed2ensembl: a resource for mining the biological literature on genes.","False","Y","high","Database mentioned but no URL, not accessible","","""","4","Y","N"
"32810730","Chemical space and diversity of seaweed metabolite database (SWMD): A cheminformatics study.","False","Y","high","Database mentioned but no URL, not accessible","","""","4","Y","N"
"21554709","PeakRanger: a cloud-enabled peak caller for ChIP-seq data.","True","Y","high","Tool for analysis, not a database","","""","4","Y","N"
"28922742","GlyTouCan: an accessible glycan structure repository.","False","Y","high","Database mentioned but no URL, not accessible","","""","4","Y","N"
"26653323","iTAP: integrated transcriptomics and phenotype database for stress response of Escherichia coli and Saccharomyces cerevisiae.","False","Y","high","Database mentioned but no URL, not accessible","","""","4","Y","N"
"33577575","MetNet: A two-level approach to reconstructing and comparing metabolic networks.","False","Y","high","Method/algorithm paper, not a database","","""","4","Y","N"
"34930224","cbpManager: a web application to streamline the integration of clinical and genomic data in cBioPortal to support the Molecular Tumor Board.","True","Y","high","Tool for integration, not a database","","""","4","Y","N"
"31805986","The SMART App: an interactive web application for comprehensive DNA methylation analysis and visualization.","True","Y","high","Tool for analysis, not a database","","""","4","Y","N"
"32520685","e-Membranome: A Database for Genome-Wide Analysis of Escherichia coli Outer Membrane Proteins.","False","Y","high","Database mentioned but no URL, not accessible","","""","4","Y","N"
"28460117","Fast Genome-Wide Functional Annotation through Orthology Assignment by eggNOG-Mapper.","True","Y","high","Tool for annotation, not a database","","""","4","Y","N"
"21252074","PhyloPro: a web-based tool for the generation and visualization of phylogenetic profiles across Eukarya.","True","Y","high","Tool for analysis, not a database","","""","4","Y","N"
"25735289","IBEX: an open infrastructure software platform to facilitate collaborative work in radiomics.","False","Y","high","Integration platform/tool, not a database","","""","4","Y","N"
"23092397","admetSAR: a comprehensive source and free tool for assessment of chemical ADMET properties.","True","Y","high","Tool for assessment, not a database","","""","4","Y","N"
"26758513","CANEapp: a user-friendly application for automated next generation transcriptomic data analysis.","True","Y","high","Tool for analysis, not a database","","""","4","Y","N"
"26051695","ComiRNet: a web-based system for the analysis of miRNA-gene regulatory networks.","True","Y","high","Tool for analysis, not a database","","""","4","Y","N"
"25283306","IUTA: a tool for effectively detecting differential isoform usage from RNA-Seq data.","True","Y","high","Tool for detecting, not a database","","""","4","Y","N"
"28499008","RiPPMiner: a bioinformatics resource for deciphering chemical structures of RiPPs based on prediction of cleavage and cross-links.","True","Y","high","Tool for prediction, not a database","","""","4","Y","N"
"32315389","HotSpot3D web server: an integrated resource for mutation analysis in protein 3D structures.","True","Y","high","Tool for analysis, not a database","","""","4","Y","N"
"31847917","FIREVAT: finding reliable variants without artifacts in human cancer samples using etiologically relevant mutational signatures.","False","Y","high","Method/algorithm paper, not a database","","""","4","Y","N"
"32221380","WeiBI (web-based platform): Enriching integrated interaction network with increased coverage and functional proteins from genome-wide experimental OMICS data.","True","Y","high","Integration platform/tool, not a database","","""","4","Y","N"
"27209025","NemaCount: quantification of nematode chemotaxis behavior in a browser.","False","Y","high","Tool for quantification, not a database","","""","4","Y","N"
"31504194","dbgap2x: an R package to explore and extract data from the database of Genotypes and Phenotypes (dbGaP).","True","Y","high","Tool for exploring database, not database itself","","""","4","Y","N"
"25706687","PathVisio 3: an extendable pathway analysis toolbox.","True","Y","high","Tool for analysis, not a database","","""","4","Y","N"
"29954318","FamPlex: a resource for entity recognition and relationship resolution of human protein families and complexes in biomedical text mining.","False","Y","high","Tool for text mining, not a database","","""","4","Y","N"
"23630576","CMS: a web-based system for visualization and analysis of genome-wide methylation data of human cancers.","True","Y","high","Tool for visualization, not a database","","""","4","Y","N"
"30854455","ePAD: An Image Annotation and Analysis Platform for Quantitative Imaging.","False","Y","high","Tool for analysis, not a database","","""","4","Y","N"
"22761802","SECOM: a novel hash seed and community detection based-approach for genome-scale protein domain identification.","True","Y","high","Method/algorithm paper, not a database","","""","4","Y","N"
"23497159","Promzea: a pipeline for discovery of co-regulatory motifs in maize and other plant species and its application to the anthocyanin and phlobaphene biosynthetic pathways and the Maize Development Atlas.","True","Y","high","Pipeline for discovery, not a database","","""","4","Y","N"
"23407358","GROMACS 4.5: a high-throughput and highly parallel open source molecular simulation toolkit.","True","Y","high","Tool for simulation, not a database","","""","4","Y","N"
"""29912385"," 29967752"",Metaxa2 Database Builder: enabling taxonomic identification from metagenomic or metabarcoding data using any genetic marker.","True","Y","high","Tool for building database, not database itself","","""","4","N","N"
"26930599","RED: A Java-MySQL Software for Identifying and Visualizing RNA Editing Sites Using Rule-Based and Statistical Filters.","False","Y","high","Tool for identifying, not a database","","""","4","Y","N"
"22086949","doRiNA: a database of RNA interactions in post-transcriptional regulation.","False","Y","high","Database mentioned but no URL, not accessible","","""","4","Y","N"
"33655207","TMSNP: a web server to predict pathogenesis of missense mutations in the transmembrane region of membrane proteins.","True","Y","high","Tool for prediction, not a database","","""","4","Y","N"
"21337704","GPDE: A biological proteomic database for biomarker discovery and evaluation.","False","Y","high","Database mentioned but no URL, not accessible","","""","4","Y","N"
"30335862","miRWalk: An online resource for prediction of microRNA binding sites.","True","Y","high","Tool for prediction, not a database","","""","4","Y","N"
"28438579","The BRENDA enzyme information system-From a database to an expert system.","False","Y","medium","Database mentioned but no URL, not accessible","","""","4","Y","N"
"32061129","dEMBF v2.0: An Updated Database of Enzymes for Microalgal Biofuel Feedstock.","False","Y","high","Database mentioned but no URL, not accessible","","""","4","Y","N"
"30967549","iFISH is a publically available resource enabling versatile DNA FISH to study genome architecture.","True","Y","high","Tool for FISH, not a database","","""","4","Y","N"
"23271954","Vesiclepedia: a compendium for extracellular vesicles with continuous community annotation.","False","Y","high","Database mentioned but no URL, not accessible","","""","4","Y","N"
"27075512","DRAMP: a comprehensive data repository of antimicrobial peptides.","False","Y","high","Database mentioned but no URL, not accessible","","""","4","Y","N"
"23836470","SugarBind database (SugarBindDB): a resource of pathogen lectins and corresponding glycan targets.","False","Y","high","Database mentioned but no URL, not accessible","","""","4","Y","N"
"32778891","MolAICal: a soft tool for 3D drug design of protein targets by artificial intelligence and classical algorithm.","True","Y","high","Tool for drug design, not a database","","""","4","Y","N"
"23766708","""TIPdb: a database of anticancer, antiplatelet, and antituberculosis phytochemicals from indigenous plants in Taiwan.""","False","Y","high","Database mentioned but no URL, not accessible","","""","4","Y","N"
"34174938","""Advancing clinical genomics and precision medicine with GVViZ: FAIR bioinformatics platform for variable gene-disease annotation, visualization, and expression analysis.""","False","Y","high","Tool for analysis, not a database","","""","4","Y","N"
"33190914","DEDuCT 2.0: An updated knowledgebase and an exploration of the current regulations and guidelines from the perspective of endocrine disrupting chemicals.","False","Y","medium","Database mentioned but no URL not accessible,","","","5","Y","N"
"34273949","ARPEGGIO: Automated Reproducible Polyploid EpiGenetic GuIdance workflOw.","False","Y","high","Tool for polyploid epigenetics not a database,","","","5","Y","N"
"33324449","Web-Based Genome Analysis of Bacterial Meningitis Pathogens for Public Health Applications Using the Bacterial Meningitis Genomic Analysis Platform (BMGAP).","False","Y","high","Tool for genome analysis not a database,","","","5","Y","N"
"22115179","iRefR: an R package to manipulate the iRefIndex consolidated protein interaction database.","False","Y","medium","Tool for database manipulation not the database itself,","","","5","Y","N"
"28704821","Application of the DruGeVar Database in Cancer Genomics and Pharmacogenomics.","False","Y","medium","Paper about using database not the database itself,","","","5","Y","N"
"30583062","RGAAT: A Reference-based Genome Assembly and Annotation Tool for New Genomes and Upgrade of Known Genomes.","False","Y","high","Tool for genome assembly not a database,","","","5","Y","N"
"25970601","""PAPST, a User Friendly and Powerful Java Platform for ChIP-Seq Peak Co-Localization Analysis and Beyond.""","False","Y","high","Tool for ChIP-Seq analysis not a database,","","","5","Y","N"
"24666611","openBEB: open biological experiment browser for correlative measurements.","False","Y","high","Tool for experiment browsing not a database,","","","5","Y","N"
"29956270","Data Mining: Applying the AD&FTD Mutation Database to Progranulin.","True","Y","medium","Paper about using database not the database itself,","","","5","Y","N"
"33067342","OpenPepXL: An Open-Source Tool for Sensitive Identification of Cross-Linked Peptides in XL-MS.","True","Y","high","Tool for peptide identification not a database,","","","5","Y","N"
"33270643","SeqRepo: A system for managing local collections of biological sequences.","False","Y","high","Tool for sequence management not a database,","","","5","Y","N"
"28966693","The Stratospheric Water and Ozone Satellite Homogenized (SWOOSH) database: a long-term database for climate studies.","False","Y","high","Climate database not bioresource,","","","5","Y","N"
"26042145","FAST: FAST Analysis of Sequences Toolbox.","False","Y","high","Tool for sequence analysis not a database,","","","5","Y","N"
"30185512","TaxAss: Leveraging a Custom Freshwater Database Achieves Fine-Scale Taxonomic Resolution.","False","Y","high","Tool for taxonomic assignment not a database,","","","5","Y","N"
"30535139","AStrap: identification of alternative splicing from transcript sequences without a reference genome.","False","Y","high","Tool for splicing identification not a database,","","","5","Y","N"
"26016777","SeqGL Identifies Context-Dependent Binding Signals in Genome-Wide Regulatory Element Maps.","True","Y","high","Tool for binding signal identification not a database,","","","5","Y","N"
"26635364","Wasabi: An Integrated Platform for Evolutionary Sequence Analysis and Data Visualization.","True","Y","medium","Integration platform not a database,","","","5","Y","N"
"32596782","The Human Gene Mutation Database (HGMD<sup>®</sup>): optimizing its use in a clinical diagnostic or research setting.","False","Y","medium","Paper about using database not the database itself,","","","5","Y","N"
"25993562","""RulNet: A Web-Oriented Platform for Regulatory Network Inference, Application to Wheat -Omics Data.""","False","Y","high","Tool for network inference not a database,","","","5","Y","N"
"34195963","Constructing CircRNA-miRNA-mRNA Regulatory Networks by Using GreenCircRNA Database.","False","Y","medium","Paper about using database not the database itself,","","","5","Y","N"
"33381847","""MirCure: a tool for quality control, filter and curation of microRNAs of animals and plants.""","True","Y","high","Tool for miRNA curation not a database,","","","5","Y","N"
"28797229","""ODG: Omics database generator - a tool for generating, querying, and analyzing multi-omics comparative databases to facilitate biological understanding.""","False","Y","high","Tool for generating databases not a database,","","","5","Y","N"
"32367111","UPCLASS: a deep learning-based classifier for UniProtKB entry publications.","True","Y","high","Tool for publication classification not a database,","","","5","Y","N"
"27503226","shinyGEO: a web-based application for analyzing gene expression omnibus datasets.","True","Y","high","Tool for analyzing datasets not a database,","","","5","Y","N"
"28152980","DMDtoolkit: a tool for visualizing the mutated dystrophin protein and predicting the clinical severity in DMD.","True","Y","high","Tool for visualization not a database,","","","5","Y","N"
"27153614","Rail-dbGaP: analyzing dbGaP-protected data in the cloud with Amazon Elastic MapReduce.","True","Y","high","Tool for analyzing data not a database,","","","5","Y","N"
"29854170","Initializing and Growing a Database of Health Information Technology (HIT) Events by Using TF-IDF and Biterm Topic Modeling.","False","Y","high","Method for database construction not the database itself,","","","5","Y","N"
"34325724","GenoVault: a cloud based genomics repository.","False","Y","high","Tool for cloud storage not a database,","","","5","Y","N"
"29472600","PANDA: Protein function prediction using domain architecture and affinity propagation.","True","Y","high","Tool for protein function prediction not a database,","","","5","Y","N"
"32983048","KmerGO: A Tool to Identify Group-Specific Sequences With <i>k</i>-mers.","False","Y","high","Tool for sequence identification not a database,","","","5","Y","N"
"34752463","QuickFigures: A toolkit and ImageJ PlugIn to quickly transform microscope images into scientific figures.","False","Y","high","Tool for figure creation not a database,","","","5","Y","N"
"30305653","GOGO: An improved algorithm to measure the semantic similarity between gene ontology terms.","True","Y","high","Tool for measuring similarity not a database,","","","5","Y","N"
"31074377","ODAE: Ontology-based systematic representation and analysis of drug adverse events and its usage in study of adverse events given different patient age and disease conditions.","False","Y","high","Tool for adverse event analysis not a database,","","","5","Y","N"
"27864813","Silex: A database for silent-letter endings in French words.","False","Y","high","Linguistics database not bioresource,","","","5","Y","N"
"34714871","SpeCollate: Deep cross-modal similarity network for mass spectrometry data based peptide deductions.","True","Y","high","Tool for mass spectrometry analysis not a database,","","","5","Y","N"
"25114903","miRSeq: a user-friendly standalone toolkit for sequencing quality evaluation and miRNA profiling.","False","Y","high","Tool for miRNA profiling not a database,","","","5","Y","N"
"29309429","ShinyGPA: An interactive visualization toolkit for investigating pleiotropic architecture using GWAS datasets.","True","Y","high","Tool for visualization not a database,","","","5","Y","N"
"27955641","Microbial phenomics information extractor (MicroPIE): a natural language processing tool for the automated acquisition of prokaryotic phenotypic characters from text sources.","False","Y","high","Tool for text mining not a database,","","","5","Y","N"
"30541431","VarGenius executes cohort-level DNA-seq variant calling and annotation and allows to manage the resulting data through a PostgreSQL database.","False","Y","high","Tool for variant calling not a database,","","","5","Y","N"
"31666118","pTuneos: prioritizing tumor neoantigens from next-generation sequencing data.","True","Y","high","Tool for neoantigen prioritization not a database,","","","5","Y","N"
"30733714","""SqueezeMeta, A Highly Portable, Fully Automatic Metagenomic Analysis Pipeline.""","False","Y","high","Tool for metagenomic analysis not a database,","","","5","Y","N"
"31664892","RACS: rapid analysis of ChIP-Seq data for contig based genomes.","True","Y","high","Tool for ChIP-Seq analysis not a database,","","","5","Y","N"
"30131825","""MARVEL, a Tool for Prediction of Bacteriophage Sequences in Metagenomic Bins.""","False","Y","high","Tool for phage prediction not a database,","","","5","Y","N"
"26485569","MATtrack: A MATLAB-Based Quantitative Image Analysis Platform for Investigating Real-Time Photo-Converted Fluorescent Signals in Live Cells.","False","Y","high","Tool for image analysis not a database,","","","5","Y","N"
"29414924","""VSpipe, an Integrated Resource for Virtual Screening and Hit Selection: Applications to Protein Tyrosine Phospahatase Inhibition.""","False","Y","high","Tool for virtual screening not a database,","","","5","Y","N"
"34194678","WADDAICA: A webserver for aiding protein drug design by artificial intelligence and classical algorithm.","True","Y","high","Tool for drug design not a database,","","","5","Y","N"
"29762724","""AAI-profiler: fast proteome-wide exploratory analysis reveals taxonomic identity, misclassification and contamination.""","True","Y","high","Tool for taxonomic analysis not a database,","","","5","Y","N"
"34038408","PRER: A patient representation with pairwise relative expression of proteins on biological networks.","False","Y","high","Method for patient representation not a database,","","","5","Y","N"
"28274758","GFD-Net: A novel semantic similarity methodology for the analysis of gene networks.","True","Y","high","Tool for network analysis not a database,","","","5","Y","N"
"22913485","NetiNeti: discovery of scientific names from text using machine learning methods.","True","Y","high","Tool for name discovery not a database,","","","5","Y","N"
"27473391","TopoICSim: a new semantic similarity measure based on gene ontology.","True","Y","high","Tool for similarity measurement not a database,","","","5","Y","N"
"26763976","FRAMA: from RNA-seq data to annotated mRNA assemblies.","False","Y","high","Tool for RNA-seq analysis not a database,","","","5","Y","N"
"29390042","""JABAWS 2.2 distributed web services for Bioinformatics: protein disorder, conservation and RNA secondary structure.""","True","Y","high","Tool for bioinformatics analysis not a database,","","","5","Y","N"
"25510498","""T-lex2: genotyping, frequency estimation and re-annotation of transposable elements using single or pooled next-generation sequencing data.""","False","Y","high","Tool for transposable element analysis not a database,","","","5","Y","N"
"30678631","PaperBot: open-source web-based search and metadata organization of scientific literature.","False","Y","high","Tool for literature search not a database,","","","5","Y","N"
"32639154","DUBS: A Framework for Developing &lt;u&gt;D&lt;/u&gt;irectory of &lt;u&gt;U&lt;/u&gt;seful &lt;u&gt;B&lt;/u&gt;enchmarking &lt;u&gt;S&lt;/u&gt;ets for Virtual Screening.","False","Y","high","Tool for benchmarking not a database,","","","5","Y","N"
"33610654","CorRelator: Interactive software for real-time high precision cryo-correlative light and electron microscopy.","False","Y","high","Tool for microscopy not a database,","","","5","Y","N"
"33372147","DeepTFactor: A deep learning-based tool for the prediction of transcription factors.","False","Y","high","Tool for TF prediction not a database,","","","5","Y","N"
"32611389","Proteus: An algorithm for proposing stabilizing mutation pairs based on interactions observed in known protein 3D structures.","True","Y","high","Tool for mutation prediction not a database,","","","5","Y","N"
"30092755","REHUNT: a reliable and open source package for restriction enzyme hunting.","False","Y","high","Tool for restriction enzyme finding not a database,","","","5","Y","N"
"29544777","NiftyNet: a deep-learning platform for medical imaging.","False","Y","high","Tool for medical imaging not a database,","","","5","Y","N"
"30814982","Vgas: A Viral Genome Annotation System.","True","Y","high","Tool for genome annotation not a database,","","","5","Y","N"
"31443733","Variant Interpretation for Cancer (VIC): a computational tool for assessing clinical impacts of somatic variants.","False","Y","high","Tool for variant interpretation not a database,","","","5","Y","N"
"28105921","SIMBA: a web tool for managing bacterial genome assembly generated by Ion PGM sequencing technology.","False","Y","high","Tool for genome assembly not a database,","","","5","Y","N"
"26280450","JMS: An Open Source Workflow Management System and Web-Based Cluster Front-End for High Performance Computing.","False","Y","high","Tool for workflow management not a database,","","","5","Y","N"
"31427293","Validating the AMRFinder Tool and Resistance Gene Database by Using Antimicrobial Resistance Genotype-Phenotype Correlations in a Collection of Isolates.","False","Y","high","Paper about validating tool not the database itself,","","","5","Y","N"
"21982513","Snat: a SNP annotation tool for bovine by integrating various sources of genomic information.","False","Y","high","Tool for SNP annotation not a database,","","","5","Y","N"
"""31218353"," 32938368"",DeepMito: accurate prediction of protein sub-mitochondrial localization using convolutional neural networks.","True","Y","high","Tool for protein localization prediction not a database,","","","5","N","N"
"25541727","ReNE: a cytoscape plugin for regulatory network enhancement.","True","Y","high","Tool for network enhancement not a database,","","","5","Y","N"
"29132360","NeoAnalysis: a Python-based toolbox for quick electrophysiological data processing and analysis.","False","Y","high","Tool for data analysis not a database,","","","5","Y","N"
"23051646","CloudMap: a cloud-based pipeline for analysis of mutant genome sequences.","True","Y","high","Tool for genome analysis not a database,","","","5","Y","N"
"28158419","NSSRF: global network similarity search with subgraph signatures and its applications.","False","Y","high","Tool for network search not a database,","","","5","Y","N"
"34342226","ppx: Programmatic Access to Proteomics Data Repositories.","False","Y","high","Tool for data access not a database,","","","5","Y","N"
"28640810","LASSIM-A network inference toolbox for genome-wide mechanistic modeling.","False","Y","high","Tool for network inference not a database,","","","5","Y","N"
"""30668479"," 33410688"",TargetDBP: Accurate DNA-Binding Protein Prediction Via Sequence-Based Multi-View Feature Learning.","True","Y","high","Tool for protein prediction not a database,","","","5","N","N"
"27170236","Advancing Exposure Science through Chemical Data Curation and Integration in the Comparative Toxicogenomics Database.","False","Y","medium","Paper about database curation not the database itself,","","","5","Y","N"
"22464129","BioLemmatizer: a lemmatization tool for morphological processing of biomedical text.","False","Y","high","Tool for text processing not a database,","","","5","Y","N"
"28338930","EXPath tool-a system for comprehensively analyzing regulatory pathways and coexpression networks from high-throughput transcriptome data.","True","Y","high","Tool for pathway analysis not a database,","","","5","Y","N"
"22647087","PyMS: a Python toolkit for processing of gas chromatography-mass spectrometry (GC-MS) data. Application and comparative study of selected tools.","False","Y","high","Tool for GC-MS processing not a database,","","","5","Y","N"
"30999845","GenHap: a novel computational method based on genetic algorithms for haplotype assembly.","False","Y","high","Method for haplotype assembly not a database,","","","5","Y","N"
"30423080","DREAM-Yara: an exact read mapper for very large databases with short update time.","False","Y","high","Tool for read mapping not a database,","","","5","Y","N"
"31974805","Speeding up the detection of non-iconic and iconic gestures (SPUDNIG): A toolkit for the automatic detection of hand movements and gestures in video data.","False","Y","high","Tool for gesture detection not a database,","","","5","Y","N"
"31175305","""YSTAFDB, a unified database of material stocks and flows for sustainability science.""","False","Y","high","Material flows database not bioresource,","","","5","Y","N"
"21898158","GazeAlyze: a MATLAB toolbox for the analysis of eye movement data.","False","Y","high","Tool for eye movement analysis not a database,","","","5","Y","N"
"32522662","NeuroPycon: An open-source python toolbox for fast multi-modal and reproducible brain connectivity pipelines.","True","Y","high","Tool for brain connectivity analysis not a database,","","","5","Y","N"
"32082281","FeGenie: A Comprehensive Tool for the Identification of Iron Genes and Iron Gene Neighborhoods in Genome and Metagenome Assemblies.","False","Y","high","Tool for gene identification not a database,","","","5","Y","N"
"30843052","PhenoPro: a novel toolkit for assisting in the diagnosis of Mendelian disease.","True","Y","high","Tool for disease diagnosis not a database,","","","5","Y","N"
"34235898","3DPhenoFish: Application for two- and three-dimensional fish morphological phenotype extraction from point cloud analysis.","False","Y","high","Tool for phenotype extraction not a database,","","","5","Y","N"
"30241466","ECPred: a tool for the prediction of the enzymatic functions of protein sequences based on the EC nomenclature.","True","Y","high","Tool for enzyme prediction not a database,","","","5","Y","N"
"30497363","SEDE-GPS: socio-economic data enrichment based on GPS information.","True","Y","high","Tool for data enrichment not a database,","","","5","Y","N"
"34058973","GLEANER: a web server for GermLine cycle Expression ANalysis and Epigenetic Roadmap visualization.","True","Y","medium","Described as web server for analysis/visualization - methodology tool,","","","6","N","N"
"34016708","Analyzing the vast coronavirus literature with CoronaCentral.","True","Y","medium","Paper about analyzing literature - analysis paper not a database,","","","6","N","N"
"28700989","DoriTool: A Bioinformatics Integrative Tool for Post-Association Functional Annotation.","True","Y","high","""Tool for annotation - pure methodology, despite having URL"",","","","6","N","N"
"30239679","AgBioData consortium recommendations for sustainable genomics and genetics databases for agriculture.","True","Y","medium","Paper about recommendations for databases - not a database itself,","","","6","N","N"
"22448897","WAVOS: a MATLAB toolkit for wavelet analysis and visualization of oscillatory systems.","False","Y","high","Toolkit for analysis/visualization - pure methodology tool without URL,","","","6","N","N"
"27530307","""C-DEVA: Detection, evaluation, visualization and annotation of clusters from biological networks.""","False","Y","high","""Tool for detection/evaluation/visualization - methodology, no URL"",","","","6","N","N"
"34023905","""AnnotSV and knotAnnotSV: a web server for human structural variations annotations, ranking and analysis.""","True","Y","medium","Web server for annotation/analysis - tool rather than data resource,","","","6","N","N"
"25921073","FunRich: An open access standalone functional enrichment and interaction network analysis tool.","True","Y","high","Analysis tool - pure methodology despite having URL,","","","6","N","N"
"33247936","VarStack: a web tool for data retrieval to interpret somatic variants in cancer.","True","Y","high","Web tool for data retrieval/interpretation - methodology tool,","","","6","N","N"
"27560970","hEIDI: An Intuitive Application Tool To Organize and Treat Large-Scale Proteomics Data.","True","Y","high","Application tool for organizing data - methodology tool,","","","6","N","N"
"26792120","Protein Sequence Annotation Tool (PSAT): a centralized web-based meta-server for high-throughput sequence annotations.","True","Y","high","Tool/meta-server for annotation - methodology,","","","6","N","N"
"24008416","PAVIS: a tool for Peak Annotation and Visualization.","False","Y","high","Tool for annotation/visualization - pure methodology without URL,","","","6","N","N"
"28077405","VRprofile: gene-cluster-detection-based profiling of virulence and antibiotic resistance traits encoded within genome sequences of pathogenic bacteria.","True","Y","high","Tool for profiling/detection - methodology,","","","6","N","N"
"32471392","BEAVR: a browser-based tool for the exploration and visualization of RNA-seq data.","True","Y","high","Tool for exploration/visualization - methodology,","","","6","N","N"
"26780094","Integrative genomic analysis by interoperation of bioinformatics tools in GenomeSpace.","True","Y","high","Integration platform for tools - methodology platform,","","","6","N","N"
"25964301","OrthoVenn: a web server for genome wide comparison and annotation of orthologous clusters across multiple species.","True","Y","medium","Web server for comparison/annotation - tool,","","","6","N","N"
"31598686","PIRATE: A fast and scalable pangenomics toolbox for clustering diverged orthologues in bacteria.","False","Y","high","Toolbox for clustering - pure methodology without URL,","","","6","N","N"
"22008641","MrBac: a web server for draft metabolic network reconstructions for bacteria.","True","Y","medium","Web server for network reconstruction - methodology tool,","","","6","N","N"
"33008309","PALMER: improving pathway annotation based on the biomedical literature mining with a constrained latent block model.","False","Y","high","Tool for improving annotation - methodology without URL,","","","6","N","N"
"33430993","kGCN: a graph-based deep learning framework for chemical structures.","False","Y","high","Deep learning framework - pure methodology without URL,","","","6","N","N"
"33613485","VirionFinder: Identification of Complete and Partial Prokaryote Virus Virion Protein From Virome Data Using the Sequence and Biochemical Properties of Amino Acids.","False","Y","high","Tool for identification using methodology - no URL,","","","6","N","N"
"26385205","SORTA: a system for ontology-based re-coding and technical annotation of biomedical phenotype data.","True","Y","high","System for annotation - methodology tool,","","","6","N","N"
"""29218917"," 33737208"",GeneDive: A gene interaction search and visualization tool to facilitate precision medicine.","True","Y","high","Tool for search/visualization - methodology,","","","6","N","N"
"34107016","VirusViz: comparative analysis and effective visualization of viral nucleotide and amino acid variants.","True","Y","high","Tool for analysis/visualization - methodology,","","","6","N","N"
"23209700","PROSPER: an integrated feature-based tool for predicting protease substrate cleavage sites.","True","Y","high","Tool for prediction - methodology,","","","6","N","N"
"22449399","MotViz: a tool for sequence motif prediction in parallel to structural visualization and analyses.","True","Y","high","Tool for prediction/visualization - methodology,","","","6","N","N"
"33765910","BugSeq: a highly accurate cloud platform for long-read metagenomic analyses.","True","Y","high","Platform for analyses - methodology tool,","","","6","N","N"
"24137668","GALAMOST: GPU-accelerated large-scale molecular simulation toolkit.","False","Y","high","Simulation toolkit - methodology without URL,","","","6","N","N"
"24021384","BioPig: a Hadoop-based analytic toolkit for large-scale sequence data.","False","Y","high","Analytic toolkit - methodology without URL,","","","6","N","N"
"28192130","iELVis: An open source MATLAB toolbox for localizing and visualizing human intracranial electrode data.","False","Y","high","Toolbox for localization/visualization - methodology without URL,","","","6","N","N"
"33431015","SYBA: Bayesian estimation of synthetic accessibility of organic compounds.","False","Y","high","Estimation method - pure methodology without URL,","","","6","N","N"
"26013488","Every Site Counts: Submitting Transcription Factor-Binding Site Information through the CollecTF Portal.","False","Y","high","Paper about submitting to portal - not the portal itself,","","","6","N","N"
"32183707","LCQS: an efficient lossless compression tool of quality scores with random access functionality.","False","Y","high","Compression tool - pure methodology without URL,","","","6","N","N"
"26751378","Neurokernel: An Open Source Platform for Emulating the Fruit Fly Brain.","False","Y","high","Platform for emulation - methodology without URL,","","","6","N","N"
"27713081","TrackMate: An open and extensible platform for single-particle tracking.","False","Y","high","Platform for tracking - methodology without URL,","","","6","N","N"
"31870277","MADOKA: an ultra-fast approach for large-scale protein structure similarity searching.","True","Y","medium","Approach for searching - methodology but has data component,","","","6","N","N"
"33090994","LocusFocus: Web-based colocalization for the annotation and functional follow-up of GWAS.","True","Y","high","Tool for colocalization/annotation - methodology,","","","6","N","N"
"27373836","""NBLAST: Rapid, Sensitive Comparison of Neuronal Structure and Construction of Neuron Family Databases.""","False","Y","high","Method for comparison - methodology without URL,","","","6","N","N"
"21632298","A sequential learning algorithm for complex-valued self-regulating resource allocation network-CSRAN.","False","Y","high","Learning algorithm - pure methodology without URL,","","","6","N","N"
"28961763","psygenet2r: a R/Bioconductor package for the analysis of psychiatric disease genes.","True","Y","high","R package for analysis - methodology tool,","","","6","N","N"
"25096057","morFeus: a web-based program to detect remotely conserved orthologs using symmetrical best hits and orthology network scoring.","True","Y","high","Program for detection - methodology tool,","","","6","N","N"
"25867189","""T346Hunter: a novel web-based tool for the prediction of type III, type IV and type VI secretion systems in bacterial genomes.""","True","Y","high","Tool for prediction - methodology,","","","6","N","N"
"36303767","""PASS: Protein Annotation Surveillance Site for Protein Annotation Using Homologous Clusters, NLP, and Sequence Similarity Networks.""","False","Y","high","Site for annotation using methods - methodology without URL,","","","6","N","N"
"21599929","CLOTU: an online pipeline for processing and clustering of 454 amplicon reads into OTUs followed by taxonomic annotation.","True","Y","high","Pipeline for processing/clustering - methodology,","","","6","N","N"
"26208093","""GREAM: A Web Server to Short-List Potentially Important Genomic Repeat Elements Based on Over-/Under-Representation in Specific Chromosomal Locations, Such as the Gene Neighborhoods, within or across 17 Mammalian Species.""","True","Y","medium","Web server for analysis - methodology tool,","","","6","N","N"
"25040013","Identifying mouse models for skin cancer using the Mouse Tumor Biology Database.","False","Y","high","Paper about using database - not the database itself,","","","6","N","N"
"24002112","M2SG: mapping human disease-related genetic variants to protein sequences and genomic loci.","True","Y","medium","Tool for mapping variants - methodology,","","","6","N","N"
"24404173","ClassyFlu: classification of influenza A viruses with Discriminatively trained profile-HMMs.","True","Y","high","Classification method - methodology,","","","6","N","N"
"33351632","BCL::Conf: Improved Open-Source Knowledge-Based Conformation Sampling Using the Crystallography Open Database.","True","Y","medium","Method using database - not the database itself,","","","6","N","N"
"27573070","gFinder: A Web-Based Bioinformatics Tool for the Analysis of N-Glycopeptides.","True","Y","high","Tool for analysis - methodology,","","","6","N","N"
"24215026","PTMTreeSearch: a novel two-stage tree-search algorithm with pruning rules for the identification of post-translational modification of proteins in MS/MS spectra.","True","Y","high","Algorithm for identification - methodology,","","","6","N","N"
"30261835","Sequence homology in eukaryotes (SHOE): interactive visual tool for promoter analysis.","True","Y","high","Tool for analysis - methodology,","","","6","N","N"
"28651562","GRAPE: a pathway template method to characterize tissue-specific functionality from gene expression profiles.","True","Y","high","Method to characterize functionality - methodology,","","","6","N","N"
"23717507","Serverification of molecular modeling applications: the Rosetta Online Server that Includes Everyone (ROSIE).","True","Y","medium","Server for molecular modeling - methodology tool,","","","6","N","N"
"23703215","WEB-based GEne SeT AnaLysis Toolkit (WebGestalt): update 2013.","True","Y","high","Toolkit for analysis - methodology,","","","6","N","N"
"27220974","BMPOS: a Flexible and User-Friendly Tool Sets for Microbiome Studies.","True","Y","high","Tool sets for studies - methodology,","","","6","N","N"
"32994472","Genopo: a nanopore sequencing analysis toolkit for portable Android devices.","False","Y","high","Analysis toolkit - methodology without URL,","","","6","N","N"
"31307376","PhenPath: a tool for characterizing biological functions underlying different phenotypes.","True","Y","high","Tool for characterizing - methodology,","","","6","N","N"
"29178837","VISPA2: a scalable pipeline for high-throughput identification and annotation of vector integration sites.","True","Y","high","Pipeline for identification - methodology,","","","6","N","N"
"29294048","XPAT: a toolkit to conduct cross-platform association studies with heterogeneous sequencing datasets.","False","Y","high","Toolkit for studies - methodology without URL,","","","6","N","N"
"23761454","SigniSite: Identification of residue-level genotype-phenotype correlations in protein multiple sequence alignments.","True","Y","high","Tool for identification - methodology,","","","6","N","N"
"28849567","ArrayTrack: An FDA and Public Genomic Tool.","True","Y","medium","Genomic tool but has data component,","","","6","N","N"
"22790981","GFam: a platform for automatic annotation of gene families.","True","Y","medium","Platform for annotation - methodology tool,","","","6","N","N"
"33932974","JEDi: java essential dynamics inspector - a molecular trajectory analysis toolkit.","False","Y","high","Toolkit for analysis - methodology without URL,","","","6","N","N"
"32738892","RiboMiner: a toolset for mining multi-dimensional features of the translatome with ribosome profiling data.","True","Y","high","Toolset for mining/analysis - methodology,","","","6","N","N"
"27895719","DRABAL: novel method to mine large high-throughput screening assays using Bayesian active learning.","False","Y","high","Method for mining - pure methodology without URL,","","","6","N","N"
"31605409","Molstack: A platform for interactive presentations of electron density and cryo-EM maps and their interpretations.","False","Y","high","Platform for presentations - visualization tool without URL,","","","6","N","N"
"23577105","aBEAT: a toolbox for consistent analysis of longitudinal adult brain MRI.","True","Y","high","Toolbox for analysis - methodology,","","","6","N","N"
"21718534","""CANGS DB: a stand-alone web-based database tool for processing, managing and analyzing 454 data in biodiversity studies.""","False","Y","high","Tool for processing/managing - methodology without URL,","","","6","N","N"
"28789639","CIPHER: a flexible and extensive workflow platform for integrative next-generation sequencing data analysis and genomic regulatory element prediction.","False","Y","high","Workflow platform for analysis - methodology without URL,","","","6","N","N"
"26130574","ProFET: Feature engineering captures high-level protein functions.","False","Y","high","Feature engineering method - methodology without URL,","","","6","N","N"
"25378307","DEEP: a general computational framework for predicting enhancers.","True","Y","high","Framework for prediction - methodology,","","","6","N","N"
"28186221","""Kollector: transcript-informed, targeted de novo assembly of gene loci.""","False","Y","high","Tool for assembly - methodology without URL,","","","6","N","N"
"29669518","IRProfiler - a software toolbox for high throughput immune receptor profiling.","False","Y","high","Software toolbox - methodology without URL,","","","6","N","N"
"31095290","ntEdit: scalable genome sequence polishing.","False","Y","high","Tool for sequence polishing - methodology without URL,","","","6","N","N"
"29741647","InterEvDock2: an expanded server for protein docking using evolutionary and biological information from homology models and multimeric inputs.","True","Y","medium","Server for docking - methodology tool,","","","6","N","N"
"25619558","OntoMate: a text-mining tool aiding curation at the Rat Genome Database.","True","Y","high","Tool for curation - methodology,","","","6","N","N"
"22591859","Arapan-S: a fast and highly accurate whole-genome assembly software for viruses and small genomes.","False","Y","high","Assembly software - methodology without URL,","","","6","N","N"
"25058159","iRegulon: from a gene list to a gene regulatory network using large motif and track collections.","True","Y","medium","Tool for network construction - methodology but with data component,","","","6","N","N"
"30054214","The DrugPattern tool for drug set enrichment analysis and its prediction for beneficial effects of oxLDL on type 2 diabetes.","True","Y","high","Tool for enrichment analysis - methodology,","","","6","N","N"
"34082700","""Cruxome: a powerful tool for annotating, interpreting and reporting genetic variants.""","True","Y","high","Tool for annotation/interpretation - methodology,","","","6","N","N"
"30815667","CAFU: a Galaxy framework for exploring unmapped RNA-Seq data.","False","Y","high","Framework for exploring - methodology without URL,","","","6","N","N"
"31364357","pClean: An Algorithm To Preprocess High-Resolution Tandem Mass Spectra for Database Searching.","False","Y","high","Algorithm for preprocessing - methodology without URL,","","","6","N","N"
"22292040","SurfaceSlide: a multitouch digital pathology platform.","False","Y","high","Platform for pathology - visualization tool without URL,","","","6","N","N"
"31056509","deGSM: Memory Scalable Construction Of Large Scale de Bruijn Graph.","False","Y","high","Tool for graph construction - methodology without URL,","","","6","N","N"
"31089974","RIL-Contour: a Medical Imaging Dataset Annotation Tool for and with Deep Learning.","False","Y","high","Annotation tool - methodology without URL,","","","6","N","N"
"26561344","COGNIZER: A Framework for Functional Annotation of Metagenomic Datasets.","True","Y","high","Framework for annotation - methodology,","","","6","N","N"
"31978042","ORSO (Online Resource for Social Omics): A data-driven social network connecting scientists to genomics datasets.","False","Y","high","Social network platform - not a bioresource database,","","","6","N","N"
"21700675","KEGGtranslator: visualizing and converting the KEGG PATHWAY database to various formats.","True","Y","high","Tool for visualizing/converting - methodology,","","","6","N","N"
"34371319","MDA-CF: Predicting MiRNA-Disease associations based on a cascade forest model by fusing multi-source information.","False","Y","high","Prediction method - pure methodology without URL,","","","6","N","N"
"21682142","MAPS: an interactive web server for membrane annotation of transmembrane protein structures.","True","Y","high","Web server for annotation - methodology,","","","6","N","N"
"31127704","VCF-Server: A web-based visualization tool for high-throughput variant data mining and management.","True","Y","medium","Tool for visualization/mining - methodology,","","","6","N","N"
"31086982","multiPhATE: bioinformatics pipeline for functional annotation of phage isolates.","False","Y","high","Pipeline for annotation - methodology without URL,","","","6","N","N"
"34798231","WeBrain: A web-based brainformatics platform of computational ecosystem for EEG big data analysis.","True","Y","medium","Platform for analysis - methodology but with data component,","","","6","N","N"
"29993756","PathEmb: Random Walk Based Document Embedding for Global Pathway Similarity Search.","False","Y","high","Method for similarity search - methodology without URL,","","","6","N","N"
"34034040","Human Health Exposure Analysis Resource (HHEAR): A model for incorporating the exposome into health studies.","False","Y","medium","Model/framework for studies - not a database,","","","6","N","N"
"24555844","PathNER: a tool for systematic identification of biological pathway mentions in the literature.","False","Y","high","Tool for identification - methodology without URL,","","","6","N","N"
"22480273","Tav4SB: integrating tools for analysis of kinetic models of biological systems.","True","Y","medium","Tool for analysis - methodology,","","","6","N","N"
"33607938","CANTARE: finding and visualizing network-based multi-omic predictive models.","False","Y","high","Tool for finding/visualizing - methodology without URL,","","","6","N","N"
"30128804","""Ambit-SMIRKS: a software module for reaction representation, reaction search and structure transformation.""","False","Y","high","Software module - methodology without URL,","","","6","N","N"
"25861770","MetaMirClust: Discovery and Exploration of Evolutionarily Conserved miRNA Clusters.","True","Y","high","Tool for discovery - methodology,","","","6","N","N"
"21696592","Structural influence of gene networks on their inference: analysis of C3NET.","True","Y","medium","Analysis method paper - not a database,","","","6","N","N"
"34019655","KEA3: improved kinase enrichment analysis via data integration.","True","Y","high","Tool for enrichment analysis - methodology,","","","6","N","N"
"23228284","CBS: an open platform that integrates predictive methods and epigenetics information to characterize conserved regulatory features in multiple Drosophila genomes.","True","Y","medium","Platform integrating methods - methodology but with data,","","","6","N","N"
"32035227","DeepCPI: A Deep Learning-based Framework for Large-scale in silico Drug Screening.","False","Y","high","Deep learning framework - methodology without URL,","","","6","N","N"
"31392324","SOCCOMAS: a FAIR web content management system that uses knowledge graphs and that is based on semantic programming.","False","Y","high","Web content management system - not a bioresource database,","","","6","N","N"
"28874813","""FunctionAnnotator, a versatile and efficient web tool for non-model organism annotation.""","True","Y","medium","Tool for annotation - methodology,","","","6","N","N"
"22889332","""Avogadro: an advanced semantic chemical editor, visualization, and analysis platform.""","True","Y","high","Editor/visualization platform - methodology,","","","6","N","N"
"32471342","MethGET: web-based bioinformatics software for correlating genome-wide DNA methylation and gene expression.","True","Y","high","Software for correlation analysis - methodology,","","","6","N","N"
"25569221","A RESTful API for accessing microbial community data for MG-RAST.","True","Y","medium","API for accessing data - interface not database,","","","6","N","N"
"25785185","""Ontorat: automatic generation of new ontology terms, annotations, and axioms based on ontology design patterns.""","True","Y","high","Tool for generation - methodology,","","","6","N","N"
"33834198","DisBalance: a platform to automatically build balance-based disease prediction models and discover microbial biomarkers from microbiome data.","True","Y","high","Platform for prediction - methodology tool,","","","6","N","N"
"22222089","ABrowse--a customizable next-generation genome browser framework.","True","Y","medium","Genome browser framework - visualization tool,","","","6","N","N"
"27392298","ABodyBuilder: Automated antibody structure prediction with data-driven accuracy estimation.","True","Y","high","Tool for structure prediction - methodology,","","","6","N","N"
"22888776","Cloudgene: a graphical execution platform for MapReduce programs on private and public clouds.","True","Y","high","Execution platform - computational infrastructure tool,","","","6","N","N"
"29850816","LncADeep: an ab initio lncRNA identification and functional annotation tool based on deep learning.","True","Y","high","Tool for identification - methodology,","","","6","N","N"
"23665844","MetPP: a computational platform for comprehensive two-dimensional gas chromatography time-of-flight mass spectrometry-based metabolomics.","False","Y","high","Computational platform for analysis - methodology without URL,","","","6","N","N"
"30453940","Developing a healthcare dataset information resource (DIR) based on Semantic Web.","False","Y","high","Paper about developing resource - not the resource itself,","","","6","N","N"
"26335387","SFESA: a web server for pairwise alignment refinement by secondary structure shifts.","True","Y","high","Web server for refinement - methodology,","","","6","N","N"
"22188791","THEME: a web tool for loop-design microarray data analysis.","True","Y","high","Tool for analysis - methodology,","","","6","N","N"
"22219203","PASSion: a pattern growth algorithm-based pipeline for splice junction detection in paired-end RNA-Seq data.","True","Y","high","Pipeline for detection - methodology,","","","6","N","N"
"30841853","iGEAK: an interactive gene expression analysis kit for seamless workflow using the R/shiny platform.","False","Y","high","Analysis kit/tool - methodology without URL,","","","6","N","N"
"28807044","MetaMeta: integrating metagenome analysis tools to improve taxonomic profiling.","False","Y","high","Tool integration platform - methodology without URL,","","","6","N","N"
"26499835","Relevance Rank Platform (RRP) for Functional Filtering of High Content Protein-Protein Interaction Data.","False","Y","high","Platform for filtering - methodology without URL,","","","6","N","N"
"34406385","qTeller: a tool for comparative multi-genomic gene expression analysis.","True","Y","high","Tool for comparative analysis - methodology,","","","6","N","N"
"31141125","""CNet: a multi-omics approach to detecting clinically associated, combinatory genomic signatures.""","False","Y","high","Approach for detection - methodology without URL,","","","6","N","N"
"32657389","PEDL: extracting protein-protein associations using deep language models and distant supervision.","False","Y","high","Method for extraction - methodology without URL,","","","6","N","N"
"26773058","CrossHub: a tool for multi-way analysis of The Cancer Genome Atlas (TCGA) in the context of gene expression regulation mechanisms.","False","Y","high","Tool for analysis - methodology without URL,","","","6","N","N"
"28379348","BEESEM: estimation of binding energy models using HT-SELEX data.","True","Y","high","Tool for estimation - methodology,","","","6","N","N"
"22923303","COMPADRE: an R and web resource for pathway activity analysis by component decompositions.","True","Y","medium","Resource for analysis - methodology tool,","","","6","N","N"
"29504905","Closha: bioinformatics workflow system for the analysis of massive sequencing data.","True","Y","high","Workflow system for analysis - methodology,","","","6","N","N"
"34433415","Fast and SNP-aware short read alignment with SALT.","False","Y","high","Alignment tool - methodology without URL,","","","6","N","N"
"33289897","""Seaview Version 5: A Multiplatform Software for Multiple Sequence Alignment, Molecular Phylogenetic Analyses, and Tree Reconciliation.""","True","Y","high","Software for alignment/analysis - methodology,","","","6","N","N"
"22672646","Biomine: predicting links between biological entities using network models of heterogeneous databases.","True","Y","medium","Tool for prediction using databases - methodology,","","","6","N","N"
"25637560","Omics Pipe: a community-based framework for reproducible multi-omics data analysis.","True","Y","high","Framework for analysis - methodology,","","","6","N","N"
"29112702","CommWalker: correctly evaluating modules in molecular networks in light of annotation bias.","True","Y","high","Tool for evaluation - methodology,","","","6","N","N"
"""24163125"," 31328773"",Tripal v1.1: a standards-based toolkit for construction of online genetic and genomic databases.","True","Y","medium","Toolkit for database construction - not a database,","","","6","N","N"
"22638578","iELM--a web server to explore short linear motif-mediated interactions.","True","Y","medium","Web server for exploration - methodology tool,","","","6","N","N"
"31262247","""MassComp, a lossless compressor for mass spectrometry data.""","False","Y","high","Compression tool - methodology without URL,","","","6","N","N"
"31723674","GeneDB and Wikidata.","False","Y","medium","Paper about integration - not a database itself,","","","6","N","N"
"25794139","CAPER 3.0: A Scalable Cloud-Based System for Data-Intensive Analysis of Chromosome-Centric Human Proteome Project Data Sets.","True","Y","medium","System for analysis - methodology but with data component,","","","6","N","N"
"31595406","www.3d-qsar.com: a web portal that brings 3-D QSAR to all electronic devices-the Py-CoMFA web application as tool to build models from pre-aligned datasets.","True","Y","high","Web application tool for building models - methodology,","","","6","N","N"
"24564609","cellXpress: a fast and user-friendly software platform for profiling cellular phenotypes.","True","Y","high","Software platform for profiling - methodology,","","","6","N","N"
"23895496","Data-mining the FlyAtlas online resource to identify core functional motifs across transporting epithelia.","False","Y","high","Paper about data-mining a resource - not the resource itself,","","","6","N","N"
"28830358","unitas: the universal tool for annotation of small RNAs.","False","Y","high","Tool for annotation - methodology without URL,","","","6","N","N"
"22693105","Automatically detecting workflows in PubChem.","True","Y","high","Tool for detection - methodology,","","","6","N","N"
"26807156","vSDC: a method to improve early recognition in virtual screening when limited experimental resources are available.","False","Y","high","Method for virtual screening - methodology without URL,","","","6","N","N"
"28193156","ECDomainMiner: discovering hidden associations between enzyme commission numbers and Pfam domains.","True","Y","high","Tool for discovering associations - methodology,","","","6","N","N"
"30367579","An online tool for measuring and visualizing phenotype similarities using HPO.","True","Y","high","Tool for measuring/visualizing - methodology,","","","6","N","N"
"30534948","atSNP Search: a web resource for statistically evaluating influence of human genetic variation on transcription factor binding.","True","Y","medium","Web resource for evaluation - methodology tool,","","","6","N","N"
"26568329","MAPanalyzer: a novel online tool for analyzing microtubule-associated proteins.","True","Y","high","Tool for analysis - methodology,","","","6","N","N"
"24364790","DiSCuS: an open platform for (not only) virtual screening results management.","True","Y","medium","Platform for results management - methodology,","","","6","N","N"
"31439692","Pediatric Cancer Variant Pathogenicity Information Exchange (PeCanPIE): a cloud-based platform for curating and classifying germline variants.","False","Y","high","Platform for curating - methodology without URL,","","","6","N","N"
"28502612","MARRVEL: Integration of Human and Model Organism Genetic Resources to Facilitate Functional Annotation of the Human Genome.","False","Y","high","Tool for integration/annotation - methodology without URL,","","","6","N","N"
"22720726","miREvo: an integrative microRNA evolutionary analysis platform for next-generation sequencing experiments.","True","Y","high","Platform for analysis - methodology,","","","6","N","N"
"23496976","AUREA: an open-source software system for accurate and user-friendly identification of relative expression molecular signatures.","True","Y","high","Software system for identification - methodology,","","","6","N","N"
"28407145","GEPIA: a web server for cancer and normal gene expression profiling and interactive analyses.","True","Y","medium","Web server for profiling/analysis - methodology,","","","6","N","N"
"25338045","ToxDBScan: Large-scale similarity screening of toxicological databases for drug candidates.","False","Y","high","Tool for screening - methodology without URL,","","","6","N","N"
"21609962","""PRI-CAT: a web-tool for the analysis, storage and visualization of plant ChIP-seq experiments.""","True","Y","high","Tool for analysis/storage - methodology,","","","6","N","N"
"25948583","SELPHI: correlation-based identification of kinase-associated networks from global phospho-proteomics data sets.","True","Y","high","Tool for identification - methodology,","","","6","N","N"
"30298069","""ImmuneDB, a Novel Tool for the Analysis, Storage, and Dissemination of Immune Repertoire Sequencing Data.""","True","Y","medium","Tool for analysis/storage - borderline but DB suffix suggests database","ImmuneDB","Immune Database","6","N","N"
"23883183","The KUPNetViz: a biological network viewer for multiple -omics datasets in kidney diseases.","False","Y","high","Network viewer - visualization tool without URL,","","","6","N","N"
"23819467","BioBin: a bioinformatics tool for automating the binning of rare variants using publicly available biological knowledge.","False","Y","high","Tool for binning - methodology without URL,","","","6","N","N"
"32324215","TFmotifView: a webserver for the visualization of transcription factor motifs in genomic regions.","True","Y","high","Webserver for visualization - methodology,","","","6","N","N"
"24829458","RBPmap: a web server for mapping binding sites of RNA-binding proteins.","True","Y","high","Web server for mapping - methodology,","","","6","N","N"
"34748542","RESCRIPt: Reproducible sequence taxonomy reference database management.","False","Y","high","Tool for database management - methodology without URL,","","","6","N","N"
"31580061","PCAViz: An Open-Source Python/JavaScript Toolkit for Visualizing Molecular Dynamics Simulations in the Web Browser.","True","Y","high","Toolkit for visualization - methodology,","","","6","N","N"
"28582416","JNSViewer-A JavaScript-based Nucleotide Sequence Viewer for DNA/RNA secondary structures.","True","Y","high","Viewer - visualization tool,","","","6","N","N"
"34735497","EntropyHub: An open-source toolkit for entropic time series analysis.","True","Y","high","Toolkit for analysis - methodology,","","","6","N","N"
"27174940","""PASMet: a web-based platform for prediction, modelling and analyses of metabolic systems.""","True","Y","high","Platform for prediction/analysis - methodology,","","","6","N","N"
"21441347","miTALOS: analyzing the tissue-specific regulation of signaling pathways by human and mouse microRNAs.","True","Y","high","Tool for analyzing regulation - methodology,","","","6","N","N"
"29329522","A-GAME: improving the assembly of pooled functional metagenomics sequence data.","True","Y","high","Tool for assembly improvement - methodology,","","","6","N","N"
"25943549","CCTOP: a Consensus Constrained TOPology prediction web server.","True","Y","high","Web server for prediction - methodology,","","","6","N","N"
"34623430","PATO: Pangenome Analysis Toolkit.","False","Y","high","Toolkit for analysis - methodology without URL,","","","6","N","N"
"25760677","PGTools: A Software Suite for Proteogenomic Data Analysis and Visualization.","True","Y","high","Software suite for analysis - methodology,","","","6","N","N"
"26671801","BMExpert: Mining MEDLINE for Finding Experts in Biomedical Domains Based on Language Model.","True","Y","high","Tool for mining/finding - methodology,","","","6","N","N"
"33264391","NetCoMi: network construction and comparison for microbiome data in R.","False","Y","high","R package for network construction - methodology without URL,","","","6","N","N"
"34600479","DECONbench: a benchmarking platform dedicated to deconvolution methods for tumor heterogeneity quantification.","True","Y","high","Benchmarking platform - methodology tool,","","","6","N","N"
"32449936","CVCDAP: an integrated platform for molecular and clinical analysis of cancer virtual cohorts.","True","Y","medium","Platform for analysis - methodology but with data component,","","","6","N","N"
"23330685","BioSM: metabolomics tool for identifying endogenous mammalian biochemical structures in chemical structure space.","True","Y","high","Tool for identification - methodology,","","","6","N","N"
"32165660","COMPSRA: a COMprehensive Platform for Small RNA-Seq data Analysis.","False","Y","high","Platform for analysis - methodology without URL,","","","6","N","N"
"26807911","CERENA: ChEmical REaction Network Analyzer--A Toolbox for the Simulation and Analysis of Stochastic Chemical Kinetics.","True","Y","high","Toolbox for simulation/analysis - methodology,","","","6","N","N"
"22901030","CaPSID: a bioinformatics platform for computational pathogen sequence identification in human genomes and transcriptomes.","False","Y","high","Platform for identification - methodology without URL,","","","6","N","N"
"33660783","""iLearnPlus: a comprehensive and automated machine-learning platform for nucleic acid and protein sequence analysis, prediction and visualization.""","True","Y","high","Platform for analysis/prediction - methodology,","","","6","N","N"
"27161010","ToxEvaluator: an integrated computational platform to aid the interpretation of toxicology study-related findings.","True","Y","high","Platform is a tool for interpretation/analysis not a data repository","","","7","N","N"
"33640787","OctSurf: Efficient hierarchical voxel-based molecular surface representation for protein-ligand affinity prediction.","True","Y","high","Methodology for prediction not a bioresource","","","7","N","N"
"34580179","OrtSuite: from genomes to prediction of microbial interactions within targeted ecosystem processes.","False","Y","high","Tool for prediction with no URL","","","7","N","N"
"34500471","scDeepSort: a pre-trained cell-type annotation method for single-cell transcriptomics using deep learning with a weighted graph neural network.","False","Y","high","Method for annotation with no URL","","","7","N","N"
"23304296","ICDA: a platform for Intelligent Care Delivery Analytics.","False","Y","high","Platform is an analytics tool not a data repository with no URL","","","7","N","N"
"25210953","SANTA: quantifying the functional content of molecular networks.","True","Y","medium","Tool for quantifying network content not a database","","","7","N","N"
"28716078","COGNATE: comparative gene annotation characterizer.","True","Y","high","Tool for gene annotation characterization","","","7","N","N"
"25329307","IMPACT_S: integrated multiprogram platform to analyze and combine tests of selection.","False","Y","high","Platform for analysis is a tool with no URL","","","7","N","N"
"34522291","HistoClean: Open-source software for histological image pre-processing and augmentation to improve development of robust convolutional neural networks.","False","Y","high","Software for image processing not a bioresource","","","7","N","N"
"26101548","Open Drug Discovery Toolkit (ODDT): a new open-source player in the drug discovery field.","False","Y","high","Toolkit is a tool not a data repository","","","7","N","N"
"32912315","GetOrganelle: a fast and versatile toolkit for accurate de novo assembly of organelle genomes.","False","Y","high","Toolkit for assembly is a tool","","","7","N","N"
"22689643","MoNetFamily: a web server to infer homologous modules and module-module interaction networks in vertebrates.","True","Y","medium","Web server for inferring networks is a tool","","","7","N","N"
"25990735","""MyProteinNet: build up-to-date protein interaction networks for organisms, tissues and user-defined contexts.""","True","Y","medium","Tool for building networks not a database","","","7","N","N"
"34618085","iRegNet: an integrative Regulatory Network analysis tool for Arabidopsis thaliana.","True","Y","high","Tool for network analysis","","","7","N","N"
"21715382","ncFANs: a web server for functional annotation of long non-coding RNAs.","True","Y","high","Web server for functional annotation is a tool","","","7","N","N"
"22679507","SR4GN: a species recognition software tool for gene normalization.","True","Y","high","Software tool for gene normalization","","","7","N","N"
"23636887","PhenoTips: patient phenotyping software for clinical and research use.","True","Y","high","Software for phenotyping not a data repository","","","7","N","N"
"29741719","""xiSPEC: web-based visualization, analysis and sharing of proteomics data.""","True","Y","medium","Tool for visualization and analysis not primary data repository","","","7","N","N"
"32778890","SurvivalMeth: a web server to investigate the effect of DNA methylation-related functional elements on prognosis.","True","Y","high","Web server for investigation/analysis is a tool","","","7","N","N"
"32894181","COCOA: coordinate covariation analysis of epigenetic heterogeneity.","True","Y","high","Method for analysis not a bioresource","","","7","N","N"
"25595311","VQone MATLAB toolbox: A graphical experiment builder for image and video quality evaluations: VQone MATLAB toolbox.","True","Y","high","Toolbox for building experiments is a tool","","","7","N","N"
"21791068","miRTar: an integrated system for identifying miRNA-target interactions in human.","True","Y","high","System for identifying interactions is a tool","","","7","N","N"
"""22600742"," 28981577"",O-miner: an integrative platform for automated analysis and mining of -omics data.","True","Y","high","Platform for analysis and mining is a tool","","","7","N","N"
"26859295","ePIANNO: ePIgenomics ANNOtation tool.","True","Y","high","Tool for annotation","","","7","N","N"
"27216779","QwikMD - Integrative Molecular Dynamics Toolkit for Novices and Experts.","False","Y","high","Toolkit for molecular dynamics is a tool","","","7","N","N"
"26521675","NEFI: Network Extraction From Images.","True","Y","high","Tool for extracting networks from images","","","7","N","N"
"30624651","TogoGenome/TogoStanza: modularized Semantic Web genome database.","False","Y","medium","No URL and focus on modularization suggests tool","","","7","N","N"
"24130465","GINI: from ISH images to gene interaction networks.","True","Y","high","Tool for creating networks from images","","","7","N","N"
"21520941","ScanRanker: Quality assessment of tandem mass spectra via sequence tagging.","True","Y","high","Tool for quality assessment","","","7","N","N"
"31114880","PrankWeb: a web server for ligand binding site prediction and visualization.","True","Y","high","Web server for prediction is a tool","","","7","N","N"
"24003033","E-TALEN: a web tool to design TALENs for genome engineering.","True","Y","high","Web tool for design is a tool","","","7","N","N"
"23071595","""Neurotree: a collaborative, graphical database of the academic genealogy of neuroscience.""","False","Y","medium","Database of academic genealogy but no URL","","","7","N","N"
"30084867","""LncFinder: an integrated platform for long non-coding RNA identification utilizing sequence intrinsic composition, structural information and physicochemical property.""","True","Y","high","Platform for identification is a tool","","","7","N","N"
"24280345","""A genome scale metabolic network for rice and accompanying analysis of tryptophan, auxin and serotonin biosynthesis regulation under biotic stress.""","True","Y","medium","Paper about analysis using existing resource","","","7","N","N"
"23236458","CINPER: an interactive web system for pathway prediction for prokaryotes.","True","Y","high","System for prediction is a tool","","","7","N","N"
"29382254","MethyMer: Design of combinations of specific primers for bisulfite sequencing of complete CpG islands.","False","Y","high","Tool for primer design","","","7","N","N"
"29718411","BUSCA: an integrative web server to predict subcellular localization of proteins.","True","Y","high","Web server for prediction is a tool","","","7","N","N"
"28155708","PARRoT- a homology-based strategy to quantify and compare RNA-sequencing from non-model organisms.","True","Y","high","Strategy/tool for quantifying RNA-seq","","","7","N","N"
"24484385","uPEPperoni: an online tool for upstream open reading frame location and analysis of transcript conservation.","True","Y","high","Tool for ORF location and analysis","","","7","N","N"
"30376556","""GHWR, a multi-method global heatwave and warm-spell record and toolbox.""","False","Y","medium","Record data but toolbox suggests tool focus","","","7","N","N"
"31764991","""ADDO: a comprehensive toolkit to detect, classify and visualize additive and non-additive quantitative trait loci.""","False","Y","high","Toolkit for detection and classification","","","7","N","N"
"24812338","RNASeqGUI: a GUI for analysing RNA-Seq data.","True","Y","high","GUI for analysis is a tool","","","7","N","N"
"33568057","GalaxyTrakr: a distributed analysis tool for public health whole genome sequence data accessible to non-bioinformaticians.","True","Y","high","Analysis tool not a database","","","7","N","N"
"33230148","ClassifyCNV: a tool for clinical annotation of copy-number variants.","False","Y","high","Tool for annotation","","","7","N","N"
"31843688","UniprotR: Retrieving and visualizing protein sequence and functional information from Universal Protein Resource (UniProt knowledgebase).","True","Y","high","Tool for retrieving and visualizing from existing resource","","","7","N","N"
"26530724","PHYLUCE is a software package for the analysis of conserved genomic loci.","True","Y","high","Software package for analysis","","","7","N","N"
"24927599","""High-throughput comparison, functional annotation, and metabolic modeling of plant genomes using the PlantSEED resource.""","False","Y","medium","Paper about using existing resource not database itself","","","7","N","N"
"25974630","FuncTree: Functional Analysis and Visualization for Large-Scale Omics Data.","True","Y","high","Tool for analysis and visualization","","","7","N","N"
"22815363","MolBioLib: a C++11 framework for rapid development and deployment of bioinformatics tasks.","False","Y","high","Framework for development is a tool","","","7","N","N"
"33800487","""iVar, an Interpretation-Oriented Tool to Manage the Update and Revision of Variant Annotation and Classification.""","False","Y","high","Tool for variant interpretation","","","7","N","N"
"31703551","MiPepid: MicroPeptide identification tool using machine learning.","False","Y","high","Tool for identification","","","7","N","N"
"32117104","sraX: A Novel Comprehensive Resistome Analysis Tool.","False","Y","high","Tool for analysis","","","7","N","N"
"29790754","EpiProfile 2.0: A Computational Platform for Processing Epi-Proteomics Mass Spectrometry Data.","False","Y","high","Platform for processing data is a tool","","","7","N","N"
"29947803","Quokka: a comprehensive tool for rapid and accurate prediction of kinase family-specific phosphorylation sites in the human proteome.","True","Y","high","Tool for prediction","","","7","N","N"
"23283513","EuLoc: a web-server for accurately predict protein subcellular localization in eukaryotes by incorporating various features of sequence segments into the general form of Chou's PseAAC.","True","Y","high","Web server for prediction is a tool","","","7","N","N"
"28545394","AGeNNT: annotation of enzyme families by means of refined neighborhood networks.","True","Y","high","Tool for annotation","","","7","N","N"
"23875761","""3Omics: a web-based systems biology tool for analysis, integration and visualization of human transcriptomic, proteomic and metabolomic data.""","True","Y","high","Tool for analysis integration and visualization","","","7","N","N"
"25855812","MTiOpenScreen: a web server for structure-based virtual screening.","True","Y","high","Web server for screening is a tool","","","7","N","N"
"22039405","SNPpy--database management for SNP data from genome wide association studies.","False","Y","high","Tool for database management not database itself","","","7","N","N"
"30692979","""iVikodak-A Platform and Standard Workflow for Inferring, Analyzing, Comparing, and Visualizing the Functional Potential of Microbial Communities.""","True","Y","high","Platform for analysis is a tool","","","7","N","N"
"33524015","REDCRAFT: A computational platform using residual dipolar coupling NMR data for determining structures of perdeuterated proteins in solution.","False","Y","high","Platform for determining structures is a tool","","","7","N","N"
"32606005","LDtrait: An Online Tool for Identifying Published Phenotype Associations in Linkage Disequilibrium.","True","Y","high","Tool for identifying associations","","","7","N","N"
"33228535","gCAnno: a graph-based single cell type annotation method.","False","Y","high","Method for annotation","","","7","N","N"
"34038559","Aviator: a web service for monitoring the availability of web services.","True","Y","high","Service for monitoring not a bioresource","","","7","N","N"
"25897123","miRiadne: a web tool for consistent integration of miRNA nomenclature.","True","Y","high","Tool for nomenclature integration","","","7","N","N"
"31727118","mPies: a novel metaproteomics tool for the creation of relevant protein databases and automatized protein annotation.","False","Y","high","Tool for creating databases not database itself","","","7","N","N"
"24906884","VarMod: modelling the functional effects of non-synonymous variants.","True","Y","high","Tool for modeling variant effects","","","7","N","N"
"30423077","Semantic Disease Gene Embeddings (SmuDGE): phenotype-based disease gene prioritization without phenotypes.","False","Y","high","Method for gene prioritization","","","7","N","N"
"32249316","ShinyLearner: A containerized benchmarking tool for machine-learning classification of tabular data.","False","Y","high","Tool for machine learning classification","","","7","N","N"
"27302920","A signaling visualization toolkit to support rational design of combination therapies and biomarker discovery: SiViT.","False","Y","high","Toolkit for visualization is a tool","","","7","N","N"
"22101143","BSMac: a MATLAB toolbox implementing a Bayesian spatial model for brain activation and connectivity.","True","Y","high","Toolbox implementing method","","","7","N","N"
"27153597","gEVAL - a web-based browser for evaluating genome assemblies.","True","Y","high","Browser for evaluating assemblies is a tool","","","7","N","N"
"30794548","BioNetApp: An interactive visual data analysis platform for molecular expressions.","False","Y","high","Platform for data analysis is a tool","","","7","N","N"
"31649730","""MTGO-SC, A Tool to Explore Gene Modules in Single-Cell RNA Sequencing Data.""","False","Y","high","Tool to explore gene modules","","","7","N","N"
"29399725","""POTENCI: prediction of temperature, neighbor and pH-corrected chemical shifts for intrinsically disordered proteins.""","True","Y","high","Tool for prediction","","","7","N","N"
"23081734","LFQuant: a label-free fast quantitative analysis tool for high-resolution LC-MS/MS proteomics data.","False","Y","high","Tool for quantitative analysis","","","7","N","N"
"34589187","PROMISed: A novel web-based tool to facilitate analysis and visualization of the molecular interaction networks from co-fractionation mass spectrometry (CF-MS) experiments.","True","Y","high","Tool for analysis and visualization","","","7","N","N"
"29084591","Using DIVAN to assess disease/trait-associated single nucleotide variants in genome-wide scale.","False","Y","high","Paper about using tool not database itself","","","7","N","N"
"29146965","Gpufit: An open-source toolkit for GPU-accelerated curve fitting.","False","Y","high","Toolkit for curve fitting","","","7","N","N"
"28503844","TypeLoader: A fast and efficient automated workflow for the annotation and submission of novel full-length HLA alleles.","False","Y","high","Workflow for annotation and submission","","","7","N","N"
"34428318","VIP-HL: Semi-automated ACMG/AMP variant interpretation platform for genetic hearing loss.","True","Y","high","Platform for variant interpretation is a tool","","","7","N","N"
"31067315","""iLearn: an integrated platform and meta-learner for feature engineering, machine-learning analysis and modeling of DNA, RNA and protein sequence data.""","False","Y","high","Platform for machine learning and analysis","","","7","N","N"
"30591010","DLAD4U: deriving and prioritizing disease lists from PubMed literature.","True","Y","high","Tool for deriving and prioritizing from literature","","","7","N","N"
"31995185","Refgenie: a reference genome resource manager.","True","Y","high","Tool for managing reference genomes","","","7","N","N"
"21474551","CycADS: an annotation database system to ease the development and update of BioCyc databases.","True","Y","high","System for database development not database itself","","","7","N","N"
"29741643","PANNZER2: a rapid functional annotation web server.","True","Y","high","Web server for annotation is a tool","","","7","N","N"
"27997202","Peptigram: A Web-Based Application for Peptidomics Data Visualization.","True","Y","high","Application for visualization is a tool","","","7","N","N"
"""24356117"," 26585827, 28968638"",Caveat emptor: single nucleotide polymorphism reporting in pharmacogenomics.","True","Y","medium","Commentary paper not a bioresource","","","7","N","N"
"32330239","SparkINFERNO: a scalable high-throughput pipeline for inferring molecular mechanisms of non-coding genetic variants.","True","Y","high","Pipeline for inferring mechanisms","","","7","N","N"
"28475309","Simbiotics: A Multiscale Integrative Platform for 3D Modeling of Bacterial Populations.","False","Y","high","Platform for modeling is a tool","","","7","N","N"
"28221024","iMet: A Network-Based Computational Tool To Assist in the Annotation of Metabolites from Tandem Mass Spectra.","True","Y","high","Tool for annotation","","","7","N","N"
"29940847","ToTem: a tool for variant calling pipeline optimization.","True","Y","high","Tool for pipeline optimization","","","7","N","N"
"25157598","MIDAS: a database-searching algorithm for metabolite identification in metabolomics.","True","Y","high","Algorithm for searching databases is a tool","","","7","N","N"
"22085524","POPISK: T-cell reactivity prediction using support vector machines and string kernels.","True","Y","high","Tool for prediction","","","7","N","N"
"30619469","PhageWeb - Web Interface for Rapid Identification and Characterization of Prophages in Bacterial Genomes.","True","Y","high","Interface for identification and characterization is a tool","","","7","N","N"
"28100700","PBrowse: a web-based platform for real-time collaborative exploration of genomic data.","True","Y","high","Platform for exploration is a tool","","","7","N","N"
"24178033","GPLEXUS: enabling genome-scale gene association network reconstruction and analysis for very large-scale expression data.","True","Y","high","Tool for network reconstruction and analysis","","","7","N","N"
"22856375","EnigmaVis: online interactive visualization of genome-wide association studies of the Enhancing NeuroImaging Genetics through Meta-Analysis (ENIGMA) consortium.","True","Y","high","Tool for visualization","","","7","N","N"
"24771340","NetVenn: an integrated network analysis web platform for gene lists.","True","Y","high","Platform for network analysis is a tool","","","7","N","N"
"22290570","VAR-MD: a tool to analyze whole exome-genome variants in small human pedigrees with mendelian inheritance.","True","Y","high","Tool to analyze variants","","","7","N","N"
"30097004","miREM: an expectation-maximization approach for prioritizing miRNAs associated with gene-set.","True","Y","high","Approach for prioritizing is a method","","","7","N","N"
"29235070","PredPsych: A toolbox for predictive machine learning-based approach in experimental psychology research.","False","Y","high","Toolbox for machine learning","","","7","N","N"
"31035919","pwrEWAS: a user-friendly tool for comprehensive power estimation for epigenome wide association studies (EWAS).","True","Y","high","Tool for power estimation","","","7","N","N"
"31810987","WormCat: An Online Tool for Annotation and Visualization of <i>Caenorhabditis elegans</i> Genome-Scale Data.","False","Y","high","Tool for annotation and visualization","","","7","N","N"
"31116477","MetaDome: Pathogenicity analysis of genetic variants through aggregation of homologous human protein domains.","True","Y","high","Tool for pathogenicity analysis","","","7","N","N"
"22591039","""MELTING, a flexible platform to predict the melting temperatures of nucleic acids.""","True","Y","high","Platform for prediction is a tool","","","7","N","N"
"28750104","BrEPS 2.0: Optimization of sequence pattern prediction for enzyme annotation.","True","Y","high","Tool for prediction and annotation","","","7","N","N"
"29701758","BNPMDA: Bipartite Network Projection for MiRNA-Disease Association prediction.","True","Y","high","Method for prediction","","","7","N","N"
"24503186","""CoreFlow: a computational platform for integration, analysis and modeling of complex biological data.""","False","Y","high","Platform for integration and analysis is a tool","","","7","N","N"
"26283419","BEACON: automated tool for Bacterial GEnome Annotation ComparisON.","True","Y","high","Tool for genome annotation comparison","","","7","N","N"
"30154154","TIP: A Web Server for Resolving Tumor Immunophenotype Profiling.","True","Y","high","Web server for resolving profiling is a tool","","","7","N","N"
"21854652","Haplo2Ped: a tool using haplotypes as markers for linkage analysis.","True","Y","high","Tool for linkage analysis","","","7","N","N"
"26858004","GIbPSs: a toolkit for fast and accurate analyses of genotyping-by-sequencing data without a reference genome.","False","Y","high","Toolkit for analysis","","","7","N","N"
"26773573","""VariOtator, a Software Tool for Variation Annotation with the Variation Ontology.""","False","Y","high","Software tool for annotation","","","7","N","N"
"32272889","""GOMCL: a toolkit to cluster, evaluate, and extract non-redundant associations of Gene Ontology-based functions.""","True","Y","high","Toolkit for clustering and evaluation","","","7","N","N"
"33059369","DeepHPV: a deep learning model to predict human papillomavirus integration sites.","False","Y","high","Model for prediction","","","7","N","N"
"34184051","BIGwas: Single-command quality control and association testing for multi-cohort and biobank-scale GWAS/PheWAS data.","False","Y","high","Tool for quality control and testing","","","7","N","N"
"28346786","Break Down in Order To Build Up: Decomposing Small Molecules for Fragment-Based Drug Design with eMolFrag.","True","Y","high","Tool for molecule decomposition","","","7","N","N"
"29293556","ORBDA: An openEHR benchmark dataset for performance assessment of electronic health record servers.","False","Y","high","Benchmark dataset for performance testing not primary bioresource","","","7","N","N"
"24850848","iSimp in BioC standard format: enhancing the interoperability of a sentence simplification system.","True","Y","high","System for sentence simplification","","","7","N","N"
"30428831","funcExplorer: a tool for fast data-driven functional characterisation of high-throughput expression data.","True","Y","high","Tool for functional characterization","","","7","N","N"
"22669910","MAGNET: MicroArray Gene expression and Network Evaluation Toolkit.","True","Y","high","Toolkit for evaluation","","","7","N","N"
"27532626","FRETBursts: An Open Source Toolkit for Analysis of Freely-Diffusing Single-Molecule FRET.","False","Y","high","Toolkit for analysis","","","7","N","N"
"34530727","TFTenricher: a python toolbox for annotation enrichment analysis of transcription factor target genes.","False","Y","high","Toolbox for enrichment analysis","","","7","N","N"
"27888230","ToxReporter: viewing the genome through the eyes of a toxicologist.","False","Y","high","Tool for viewing genome data","","","7","N","N"
"22430798","MethLAB: a graphical user interface package for the analysis of array-based DNA methylation data.","True","Y","high","Package for analysis","","","7","N","N"
"27809316","The MaxQuant computational platform for mass spectrometry-based shotgun proteomics.","True","Y","high","Platform for computational analysis","","","7","N","N"
"34111608","Xconnector: Retrieving and visualizing metabolites and pathways information from various database resources.","False","Y","high","Tool for retrieving and visualizing from existing resources","","","7","N","N"
"32860050","PUMA: PANDA Using MicroRNA Associations.","True","Y","medium","Method extending PANDA algorithm","","","7","N","N"
"29746620","Grouper: graph-based clustering and annotation for improved de novo transcriptome analysis.","False","Y","high","Tool for clustering and annotation","","","7","N","N"
"33407901","patRoon: open source software platform for environmental mass spectrometry based non-target screening.","False","Y","high","Software platform for screening","","","7","N","N"
"25964299","CATH FunFHMMer web server: protein functional annotations using functional family assignments.","True","Y","high","Web server for annotation is a tool","","","7","N","N"
"33186464","YQFC: a web tool to compare quantitative biological features between two yeast gene lists.","True","Y","high","Web tool for comparison","","","7","N","N"
"34739369","Bakta: rapid and standardized annotation of bacterial genomes via alignment-free sequence identification.","True","Y","high","Tool for genome annotation","","","7","N","N"
"26007653","StemChecker: a web-based tool to discover and explore stemness signatures in gene sets.","True","Y","high","Tool to discover signatures","","","7","N","N"
"33087062","""MetaLAFFA: a flexible, end-to-end, distributed computing-compatible metagenomic functional annotation pipeline.""","False","Y","high","Pipeline for annotation","","","7","N","N"
"33177550","COVID-Net: a tailored deep convolutional neural network design for detection of COVID-19 cases from chest X-ray images.","False","Y","high","Neural network for detection","","","7","N","N"
"33057676","IDseq-An open source cloud-based pipeline and analysis service for metagenomic pathogen detection and monitoring.","True","Y","high","Pipeline and analysis service is a tool","","","7","N","N"
"29423801","MiSeq: A Next Generation Sequencing Platform for Genomic Analysis.","False","Y","high","Sequencing platform technology not bioresource","","","7","N","N"
"29850798","PEA: an integrated R toolkit for plant epitranscriptome analysis.","True","Y","high","Toolkit for analysis","","","7","N","N"
"29718313","""UNRES server for physics-based coarse-grained simulations and prediction of protein structure, dynamics and thermodynamics.""","True","Y","high","Server for simulations and prediction is a tool","","","7","N","N"
"24677618","Jannovar: a java library for exome annotation.","True","Y","high","Library for annotation","","","7","N","N"
"29687309","DR2DI: a powerful computational tool for predicting novel drug-disease associations.","False","Y","high","Tool for prediction","","","7","N","N"
"30624692","PopCluster: an algorithm to identify genetic variants with ethnicity-dependent effects.","False","Y","high","Algorithm for identification","","","7","N","N"
"23592298","""iMole, a web based image retrieval system from biomedical literature.""","True","Y","high","System for image retrieval is a tool","","","7","N","N"
"29873773","""PSSMSearch: a server for modeling, visualization, proteome-wide discovery and annotation of protein motif specificity determinants.""","True","Y","high","Server for modeling and discovery is a tool","","","7","N","N"
"31324861","""SMAC, a computational system to link literature, biomedical and expression data.""","True","Y","high","System for linking data is a tool","","","7","N","N"
"27357693","VarElect: the phenotype-based variation prioritizer of the GeneCards Suite.","True","Y","high","Tool for prioritizing variations","","","7","N","N"
"34512300","The EBRAINS NeuroFeatureExtract: An Online Resource for the Extraction of Neural Activity Features From Electrophysiological Data.","False","Y","high","Tool for feature extraction","","","7","N","N"
"24135450","ReVeaLD: a user-driven domain-specific interactive search platform for biomedical research.","True","Y","medium","Platform for search is primarily a tool","","","7","N","N"
"21998740","""S-MART, a software toolbox to aid RNA-Seq data analysis.""","False","Y","high","Software toolbox for analysis","","","7","N","N"
"32397982","TAMA: improved metagenomic sequence classification through meta-analysis.","False","Y","high","Method for sequence classification","","","7","N","N"
"28970546","TM-Aligner: Multiple sequence alignment tool for transmembrane proteins with reduced time and improved accuracy.","True","Y","high","Tool for sequence alignment","","","7","N","N"
"30008988","A standardized workflow for submitting data to the Minimum Information about a Biosynthetic Gene cluster (MIBiG) repository: prospects for research-based educational experiences.","False","Y","high","Paper about workflow for data submission not repository itself","","","7","N","N"
"24387194","ITEP: an integrated toolkit for exploration of microbial pan-genomes.","False","Y","high","Toolkit for exploration","","","7","N","N"
"25258092","Exploring the sequence context of phosphorylatable amino acids: the contribution of the upgraded MAPRes tool.","True","Y","medium","Tool for exploring sequence context","","","7","N","N"
"25629585","MAGIC: an automated N-linked glycoprotein identification tool using a Y1-ion pattern matching algorithm and in silico MS² approach.","True","Y","high","Tool for identification","","","7","N","N"
"21824423","BLAST Ring Image Generator (BRIG): simple prokaryote genome comparisons.","False","Y","high","Tool for genome comparisons","","","7","N","N"
"27787826","Intrinsic Disorder and Semi-disorder Prediction by SPINE-D.","True","Y","high","Tool for prediction","","","7","N","N"
"25512689","PubstractHelper: A Web-based Text-Mining Tool for Marking Sentences in Abstracts from PubMed Using Multiple User-Defined Keywords.","True","Y","high","Tool for text mining","","","7","N","N"
"30845912","""RhoTermPredict: an algorithm for predicting Rho-dependent transcription terminators based on Escherichia coli, Bacillus subtilis and Salmonella enterica databases.""","False","Y","high","Algorithm for prediction","","","7","N","N"
"33095177","A Data Visualization and Dissemination Resource to Support HIV Prevention and Care at the Local Level: Analysis and Uses of the AIDSVu Public Data Resource.","False","Y","medium","Paper about using resource not resource itself","","","7","N","N"
"22536971","GIDL: a rule based expert system for GenBank Intelligent Data Loading into the Molecular Biodiversity Database.","False","Y","high","System for data loading is a tool","","","7","N","N"
"33080021","NAMS webserver: coding potential assessment and functional annotation of plant transcripts.","True","Y","high","Webserver for assessment and annotation is a tool","","","7","N","N"
"26784691","iMet-Q: A User-Friendly Tool for Label-Free Metabolomics Quantitation Using Dynamic Peak-Width Determination.","True","Y","high","Tool for quantitation","","","7","N","N"
"23450226","PolyCat: a resource for genome categorization of sequencing reads from allopolyploid organisms.","False","Y","high","Tool for categorization","","","7","N","N"
"28542466","ToNER: A tool for identifying nucleotide enrichment signals in feature-enriched RNA-seq data.","True","Y","high","Tool for identifying signals","","","7","N","N"
"30336361","iRecSpot-EF: Effective sequence based features for recombination hotspot prediction.","True","Y","high","Tool for prediction","","","7","N","N"
"22166047","RefNetBuilder: a platform for construction of integrated reference gene regulatory networks from expressed sequence tags.","False","Y","high","Platform for construction is a tool","","","7","N","N"
"32660416","MethylStar: A fast and robust pre-processing pipeline for bulk or single-cell whole-genome bisulfite sequencing data.","True","Y","high","Pipeline for preprocessing","","","7","N","N"
"33212503","DeepBL: a deep learning-based approach for in silico discovery of beta-lactamases.","True","Y","high","Approach for discovery is a method","","","7","N","N"
"24642064","KAnalyze: a fast versatile pipelined k-mer toolkit.","False","Y","high","Toolkit for k-mer analysis","","","7","N","N"
"30290815","malariaAtlas: an R interface to global malariometric data hosted by the Malaria Atlas Project.","False","Y","high","R interface to existing resource not database itself","","","7","N","N"
"32497138","G-OnRamp: Generating genome browsers to facilitate undergraduate-driven collaborative genome annotation.","True","Y","high","Tool for generating genome browsers","","","7","N","N"
"25890833","WHATIF: An open-source desktop application for extraction and management of the incidental findings from next-generation sequencing variant data.","True","Y","high","Application for extraction and management","","","7","N","N"
"34740063","FIMED: Flexible management of biomedical data.","True","Y","high","System for data management not primary repository","","","7","N","N"
"25938255","PIA: An Intuitive Protein Inference Engine with a Web-Based User Interface.","False","Y","high","Engine for protein inference is a tool","","","7","N","N"
"21256977","AskHERMES: An online question answering system for complex clinical questions.","True","Y","high","Question answering system is a tool","","","7","N","N"
"29968787","SSPIM: a beam shaping toolbox for structured selective plane illumination microscopy.","False","Y","high","Toolbox for microscopy","","","7","N","N"
"32637811","CCPRD: A Novel Analytical Framework for the Comprehensive Proteomic Reference Database Construction of NonModel Organisms.","False","Y","high","Framework for database construction not database itself","","","7","N","N"
"24093729","afterParty: turning raw transcriptomes into permanent resources.","False","Y","high","Tool for processing transcriptomes","","","7","N","N"
"22070889","PathCase-SB architecture and database design.","False","Y","high","Paper about database design not database itself","","","7","N","N"
"26558901","Bonn eXperimental System (BoXS): An open-source platform for interactive experiments in psychology and economics.","False","Y","high","Platform for experiments not bioresource","","","7","N","N"
"23593247","DomHR: accurately identifying domain boundaries in proteins using a hinge region strategy.","True","Y","high","Tool for identifying domain boundaries","","","7","N","N"
"31702789","BAGSE: a Bayesian hierarchical model approach for gene set enrichment analysis.","False","Y","high","Approach for enrichment analysis","","","7","N","N"
"34469455","PyPlutchik: Visualising and comparing emotion-annotated corpora.","False","Y","high","Tool for visualizing corpora","","","7","N","N"
"21714896","DOSim: an R package for similarity between diseases based on Disease Ontology.","True","Y","high","R package for computing similarity","","","7","N","N"
"34117875","""PuffAligner: a fast, efficient and accurate aligner based on the Pufferfish index.""","False","Y","high","Tool for alignment","","","7","N","N"
"27667790","cMapper: gene-centric connectivity mapper for EBI-RDF platform.","True","Y","high","Tool for mapping connectivity","","","7","N","N"
"33407088","nanotatoR: a tool for enhanced annotation of genomic structural variants.","False","Y","high","Tool for annotation","","","7","N","N"
"29360928","APAtrap: identification and quantification of alternative polyadenylation sites from RNA-seq data.","True","Y","high","Tool for identification and quantification","","","7","N","N"
"32144346","NBIA: a network-based integrative analysis framework - applied to pathway analysis.","True","Y","high","Framework for analysis","","","7","N","N"
"31088348","anamiR: integrated analysis of MicroRNA and gene expression profiling.","True","Y","high","Tool for integrated analysis","","","7","N","N"
"21932828","MetSign: a computational platform for high-resolution mass spectrometry-based metabolomics.","False","Y","high","Platform for metabolomics analysis","","","7","N","N"
"27803796","Identifying ELIXIR Core Data Resources.","False","Y","high","Commentary paper not a bioresource","","","7","N","N"
"34165490","SOMDE: a scalable method for identifying spatially variable genes with self-organizing map.","True","Y","high","Method for identifying genes","","","7","N","N"
"28859620","Orthonome - a new pipeline for predicting high quality orthologue gene sets applicable to complete and draft genomes.","True","Y","high","Pipeline for prediction","","","7","N","N"
"27071389","TurkPrime.com: A versatile crowdsourcing data acquisition platform for the behavioral sciences.","False","Y","high","Platform for crowdsourcing not bioresource","","","7","N","N"
"27801297","Path2enet: generation of human pathway-derived networks in an expression specific context.","True","Y","high","Tool for generating networks","","","7","N","N"
"26647377","Manta: rapid detection of structural variants and indels for germline and cancer sequencing applications.","False","Y","high","Tool for detection of variants","","","7","N","N"
"32997169","MetFID: artificial neural network-based compound fingerprint prediction for metabolite annotation.","False","Y","high","Method for prediction","","","7","N","N"
"27987175","""Pathway Analysis and Omics Data Visualization Using Pathway Genome Databases: FragariaCyc, a Case Study.""","False","Y","medium","Paper about using database not database itself","","","7","N","N"
"25346946","""XGlycScan: An Open-source Software For N-linked Glycosite Assignment, Quantification and Quality Assessment of Data from Mass Spectrometry-based Glycoproteomic Analysis.""","False","Y","high","Software for glycosite assignment and analysis","","","7","N","N"
"30596994","MoMo: discovery of statistically significant post-translational modification motifs.","True","Y","high","Tool for discovery of motifs","","","7","N","N"
"29949953","MARSI: metabolite analogues for rational strain improvement.","False","Y","high","Tool for strain improvement","","","7","N","N"
"25412255","CLCA: maximum common molecular substructure queries within the MetRxn database.","False","Y","high","Tool for queries within existing database","","","7","N","N"
"22923300","RIsearch: fast RNA-RNA interaction search using a simplified nearest-neighbor energy model.","True","Y","high","Tool for interaction search","","","7","N","N"
"33066733","LDkit: a parallel computing toolkit for linkage disequilibrium analysis.","False","Y","high","Toolkit for LD analysis","","","7","N","N"
"29297296","GTZ: a fast compression and cloud transmission tool optimized for FASTQ files.","False","Y","high","Tool for compression and transmission","","","7","N","N"
"34050762","ncFANs v2.0: an integrative platform for functional annotation of non-coding RNAs.","True","Y","high","Platform for annotation is a tool","","","7","N","N"
"31794005","Episo: quantitative estimation of RNA 5-methylcytosine at isoform level by high-throughput sequencing of RNA treated with bisulfite.","False","Y","high","Tool for quantitative estimation","","","7","N","N"
"32437517","SAINT: self-attention augmented inception-inside-inception network improves protein secondary structure prediction.","False","Y","high","Neural network for prediction","","","7","N","N"
"32085724","FastMM: an efficient toolbox for personalized constraint-based metabolic modeling.","False","Y","high","Toolbox for metabolic modeling","","","7","N","N"
"23732273","SPANNER: taxonomic assignment of sequences using pyramid matching of similarity profiles.","True","Y","high","Tool for taxonomic assignment","","","7","N","N"
"22113082","GenomicTools: a computational platform for developing high-throughput analytics in genomics.","False","Y","high","Platform for developing analytics","","","7","N","N"
"31845960","scTIM: seeking cell-type-indicative marker from single cell RNA-seq data by consensus optimization.","False","Y","high","Tool for seeking markers","","","7","N","N"
"31888639","Genome analysis and knowledge-driven variant interpretation with TGex.","True","Y","high","Tool for genome analysis and interpretation","","","7","N","N"
"30452539","CAARS: comparative assembly and annotation of RNA-Seq data.","False","Y","high","Tool for assembly and annotation","","","7","N","N"
"21423752","""HMMerThread: detecting remote, functional conserved domains in entire genomes by combining relaxed sequence-database searches with fold recognition.""","True","Y","high","Tool for detecting domains","","","7","N","N"
"28535831","CSOLNP: Numerical Optimization Engine for Solving Non-linearly Constrained Problems.","True","Y","high","Optimization engine is a tool","","","7","N","N"
"26138036","""CER Hub: An informatics platform for conducting comparative effectiveness research using multi-institutional, heterogeneous, electronic clinical data.""","False","Y","high","Platform for research is a tool","","","7","N","N"
"27052996","Transcription Factor Information System (TFIS): A Tool for Detection of Transcription Factor Binding Sites.","True","Y","high","Tool for detection of binding sites","","","7","N","N"
"29871933","TCIApathfinder: An R Client for the Cancer Imaging Archive REST API.","True","Y","high","R client for accessing existing archive","","","7","N","N"
"25766521","RNASeqBrowser: a genome browser for simultaneous visualization of raw strand specific RNAseq reads and UCSC genome browser custom tracks.","True","Y","high","Browser for visualization is a tool","","","7","N","N"
"31944675","cAST: Capillary-Based Platform for Real-Time Phenotypic Antimicrobial Susceptibility Testing.","False","Y","high","Platform for testing not a data repository","","","7","N","N"
"31287543","Semalytics: a semantic analytics platform for the exploration of distributed and heterogeneous cancer data in translational research.","False","Y","high","Platform for analytics is a tool","","","7","N","N"
"33508309","aScan: A Novel Method for the Study of Allele Specific Expression in Single Individuals.","False","Y","high","Method for studying expression","","","7","N","N"
"22901092","DTome: a web-based tool for drug-target interactome construction.","True","Y","high","Tool for interactome construction","","","7","N","N"
"27861637","Sam2bam: High-Performance Framework for NGS Data Preprocessing Tools.","False","Y","high","Framework for preprocessing","","","7","N","N"
"29934899","Enalos Suite: New Cheminformatics Platform for Drug Discovery and Computational Toxicology.","True","Y","high","Platform for drug discovery is a tool","","","7","N","N"
"30821321","Destin: toolkit for single-cell analysis of chromatin accessibility.","False","Y","high","Toolkit for analysis","","","7","N","N"
"34184738","DeepIPs: comprehensive assessment and computational identification of phosphorylation sites of SARS-CoV-2 infection using a deep learning-based approach.","True","Y","high","Tool for identification using deep learning","","","7","N","N"
"26315209","""CSN and CAVA: variant annotation tools for rapid, robust next-generation sequencing analysis in the clinical setting.""","False","Y","high","Tools for variant annotation","","","7","N","N"
"22280360","The EnzymeTracker: an open-source laboratory information management system for sample tracking.","True","Y","high","System for sample tracking not data repository","","","7","N","N"
"26743509","MMseqs software suite for fast and deep clustering and searching of large protein sequence sets.","False","Y","high","Software suite for clustering and searching","","","7","N","N"
"21647737","iScreen: world's first cloud-computing web server for virtual screening and de novo drug design based on TCM database@Taiwan.","True","Y","high","Web server for virtual screening is a tool","","","7","N","N"
"24833412","PLUS: open-source toolkit for ultrasound-guided intervention systems.","True","Y","high","Toolkit for intervention systems","","","7","N","N"
"25764973","GASS: genome structural annotation for Eukaryotes based on species similarity.","False","Y","high","Tool for genome annotation","","","7","N","N"
"34922446","GraphOmics: an interactive platform to explore and integrate multi-omics data.","True","Y","high","Platform for exploration and integration is a tool","","","7","N","N"
"27403208","""bSiteFinder, an improved protein-binding sites prediction server based on structural alignment: more accurate and less time-consuming.""","True","Y","high","Server for prediction is a tool","","","7","N","N"
"22369237","INDUS - a composition-based approach for rapid and accurate taxonomic classification of metagenomic sequences.","True","Y","high","Approach for classification is a method","","","7","N","N"
"22192575","MAKER2: an annotation pipeline and genome-database management tool for second-generation genome projects.","False","Y","high","Pipeline and management tool","","","7","N","N"
"26400040","Xtalk: a path-based approach for identifying crosstalk between signaling pathways.","True","Y","high","Approach for identifying crosstalk is a method","","","7","N","N"
"30903182","PedigreeNet: a web-based pedigree viewer for biological databases.","True","Y","high","Viewer for pedigrees is a tool","","","7","N","N"
"24340000","CyTargetLinker: a cytoscape app to integrate regulatory interactions in network analysis.","True","Y","high","App for integration is a tool","","","7","N","N"
"28334366","VCNet: vector-based gene co-expression network construction and its application to RNA-seq data.","False","Y","high","Tool for network construction","","","7","N","N"
"34499096","PsiNorm: a scalable normalization for single-cell RNA-seq data.","True","Y","high","Tool for normalization","","","7","N","N"
"28910280","""The eBioKit, a stand-alone educational platform for bioinformatics.""","False","Y","high","Educational platform not data repository","","","7","N","N"
"28716001","Variant Ranker: a web-tool to rank genomic data according to functional significance.","True","Y","high","Tool to rank variants","","","7","N","N"
"25971740","CAPRI: efficient inference of cancer progression models from cross-sectional data.","True","Y","high","Tool for inference of models","","","7","N","N"
"22685393","A platform-independent method for detecting errors in metagenomic sequencing data: DRISEE.","False","Y","high","Method for detecting errors","","","7","N","N"
"33431029","""The ChemicalToolbox: reproducible, user-friendly cheminformatics analysis on the Galaxy platform.""","True","Y","high","Toolbox for cheminformatics analysis","","","7","N","N"
"30129000","Construction of a Comprehensive Database from the Existing Viral Sequences Available from the International Nucleotide Sequence Database Collaboration.","False","Y","medium","Paper about database construction not database itself","","","7","N","N"
"28069594","SigMod: an exact and efficient method to identify a strongly interconnected disease-associated module in a gene network.","False","Y","high","Method for identifying modules","","","7","N","N"
"28081714","ClinGen Pathogenicity Calculator: a configurable system for assessing pathogenicity of genetic variants.","True","Y","high","System for assessing pathogenicity is a tool","","","7","N","N"
"29777317","Using SMILES strings for the description of chemical connectivity in the Crystallography Open Database.","False","Y","high","Paper about using database not database itself","","","7","N","N"
"28655339","India Allele Finder: a web-based annotation tool for identifying common alleles in next-generation sequencing data of Indian origin.","False","Y","high","Tool for identifying alleles","","","7","N","N"
"32537769","Using online tools at the Bovine Genome Database to manually annotate genes in the new reference genome.","False","Y","high","Paper about using database not database itself","","","7","N","N"
"33162997","""Efficient Sequencing, Assembly, and Annotation of Human KIR Haplotypes.""","True","Y","medium","Paper about sequencing method not database","","","7","N","N"
"22945789","JEnsembl: a version-aware Java API to Ensembl data systems.","False","Y","high","API for accessing existing database","","","7","N","N"
"28095769","PCM-SABRE: a platform for benchmarking and comparing outcome prediction methods in precision cancer medicine.","False","Y","high","Platform for benchmarking methods","","","7","N","N"
"25971742","GEO2Enrichr: browser extension and server app to extract gene sets from GEO and analyze them for biological functions.","True","Y","high","Tool for extracting and analyzing from existing resource","","","7","N","N"
"25879163","KPP: KEGG Pathway Painter.","True","Y","high","Tool for pathway visualization","","","7","N","N"
"32632821","Efficient System Wide Metabolic Pathway Comparisons in Multiple Microbes Using Genome to KEGG Orthology (G2KO) Pipeline Tool.","True","Y","high","Pipeline tool for pathway comparisons","","","7","N","N"
"33093586","Automatic construction of molecular similarity networks for visual graph mining in chemical space of bioactive peptides: an unsupervised learning approach.","True","Y","medium","Method for network construction using existing database","","","7","N","N"
"22942020","Assignment of protein sequences to existing domain and family classification systems: Pfam and the PDB.","True","Y","high","Tool for assignment to existing systems","","","7","N","N"
"32406920","AnnoLnc2: the one-stop portal to systematically annotate novel lncRNAs for human and mouse.","True","Y","high","Portal for annotation is a tool","","","7","N","N"
"28886064","SEXCMD: Development and validation of sex marker sequences for whole-exome/genome and RNA sequencing.","False","Y","high","Method for marker development","","","7","N","N"
"24194592","""GoMapMan: integration, consolidation and visualization of plant gene annotations within the MapMan ontology.""","True","Y","high","Tool for integration and visualization","","","7","N","N"
"26053019","HEPNet: A Knowledge Base Model of Human Energy Pool Network for Predicting the Energy Availability Status of an Individual.","False","Y","high","Model for prediction not database","","","7","N","N"
"33824193","BEExact: a Metataxonomic Database Tool for High-Resolution Inference of Bee-Associated Microbial Communities.","False","Y","high","Tool for inference","","","7","N","N"
"30487811","SeqVItA: Sequence Variant Identification and Annotation Platform for Next Generation Sequencing Data.","True","Y","high","Platform for identification and annotation is a tool","","","7","N","N"
"23034089","EpiExplorer: live exploration and global analysis of large epigenomic datasets.","True","Y","high","Tool for exploration and analysis","","","7","N","N"
"31049585","MyDGR: a server for identification and characterization of diversity-generating retroelements.","True","Y","high","Server for identification is a tool","","","7","N","N"
"21602267","PINTA: a web server for network-based gene prioritization from expression data.","True","Y","high","Web server for prioritization is a tool","","","7","N","N"
"""27185889"," 29564830"",CTLPScanner: a web server for chromothripsis-like pattern detection.","True","Y","high","Web server for detection is a tool","","","7","N","N"
"27363390","A De-Novo Genome Analysis Pipeline (DeNoGAP) for large-scale comparative prokaryotic genomics studies.","False","Y","high","Pipeline for analysis","","","7","N","N"
"32402073","AcrFinder: genome mining anti-CRISPR operons in prokaryotes and their viruses.","True","Y","high","Tool for genome mining","","","7","N","N"
"25583564","ALLMAPS: robust scaffold ordering based on multiple maps.","False","Y","high","Tool for scaffold ordering","","","7","N","N"
"21646342","""CSpritz: accurate prediction of protein disorder segments with annotation for homology, secondary structure and linear motifs.""","True","Y","high","Tool for prediction","","","7","N","N"
"33050927","iMOKA: k-mer based software to analyze large collections of sequencing data.","False","Y","high","Software for analysis","","","7","N","N"
"27330567","""BioTriangle: a web-accessible platform for generating various molecular representations for chemicals, proteins, DNAs/RNAs and their interactions.""","True","Y","high","Platform for generating representations is a tool","","","7","N","N"
"34019643","eVITTA: a web-based visualization and inference toolbox for transcriptome analysis.","True","Y","high","Toolbox for visualization and inference","","","7","N","N"
"23761449","PosMed: Ranking genes and bioresources based on Semantic Web Association Study.","True","Y","high","Tool for ranking and analysis not a data repository,","","","8","N","N"
"29036298","myVCF: a desktop application for high-throughput mutations data management.","True","Y","high","Desktop application for data management not a database,","","","8","N","N"
"31028400","""Updated MS²PIP web server delivers fast and accurate MS² peak intensity prediction for multiple fragmentation methods, instruments and labeling techniques.""","True","Y","high","Web server for prediction methodology not a data resource,","","","8","N","N"
"24564496","RMaNI: Regulatory Module Network Inference framework.","True","Y","high","Inference framework/tool not a database,","","","8","N","N"
"24838565","DINIES: drug-target interaction network inference engine based on supervised analysis.","True","Y","high","Inference engine/tool for analysis not a data repository,","","","8","N","N"
"27105848","miRNet - dissecting miRNA-target interactions and functional associations through network-based visual analysis.","True","Y","medium","Tool for dissecting/analysis though may contain data,","","","8","N","N"
"23431356","crcTRP: a translational research platform for colorectal cancer.","False","Y","high","Translational research platform is a tool not data repository,","","","8","N","N"
"29457794","Recon3D enables a three-dimensional view of gene variation in human metabolism.","True","Y","medium","Enables view suggests tool though may contain metabolic data,","","","8","N","N"
"34883995","COLAEVA: Visual Analytics and Data Mining Web-Based Tool for Virtual Coaching of Older Adult Populations.","False","Y","high","Analytics and data mining tool not a data repository,","","","8","N","N"
"31081014","iMKT: the integrative McDonald and Kreitman test.","True","Y","high","Statistical test tool not a data repository,","","","8","N","N"
"32061934","HMI-PRED: A Web Server for Structural Prediction of Host-Microbe Interactions Based on Interface Mimicry.","True","Y","high","Web server for prediction not a data repository,","","","8","N","N"
"25009553","YouGenMap: a web platform for dynamic multi-comparative mapping and visualization of genetic maps.","True","Y","medium","Platform for mapping and visualization is a tool,","","","8","N","N"
"25540186","Knowledge-based modeling of peptides at protein interfaces: PiPreD.","True","Y","high","Modeling tool not a data repository,","","","8","N","N"
"24244640","CNVannotator: a comprehensive annotation server for copy number variation in the human genome.","True","Y","high","Annotation server/tool not a database,","","","8","N","N"
"29325066","Toppar: an interactive browser for viewing association study results.","True","Y","high","Browser tool for viewing results not a data repository,","","","8","N","N"
"33186463","Exploring functionally annotated transcriptional consensus regulatory elements with CONREL.","True","Y","high","Tool for exploring annotations not a database,","","","8","N","N"
"25903923","KaBOB: ontology-based semantic integration of biomedical databases.","False","Y","high","Tool for integration of databases not a database itself,","","","8","N","N"
"33854104","""BonZeb: open-source, modular software tools for high-resolution zebrafish tracking and analysis.""","False","Y","high","Software tools for tracking and analysis not a database,","","","8","N","N"
"25996941","CleavPredict: A Platform for Reasoning about Matrix Metalloproteinases Proteolytic Events.","True","Y","high","Platform for reasoning/prediction is a tool,","","","8","N","N"
"32765587","ABC-GWAS: Functional Annotation of Estrogen Receptor-Positive Breast Cancer Genetic Variants.","True","Y","high","Tool for functional annotation not a database,","","","8","N","N"
"24253915","MEGANTE: a web-based system for integrated plant genome annotation.","True","Y","high","System for annotation is a tool not a database,","","","8","N","N"
"32275651","ORANGE: A CRISPR/Cas9-based genome editing toolbox for epitope tagging of endogenous proteins in neurons.","False","Y","high","Genome editing toolbox not a data repository,","","","8","N","N"
"21223570","A platform for processing expression of short time series (PESTS).","True","Y","high","Platform for processing is a tool not a database,","","","8","N","N"
"27780248","TheSNPpit-A High Performance Database System for Managing Large Scale SNP Data.","False","Y","high","Database system for managing data is infrastructure not a public database,","","","8","N","N"
"25883148","I-TASSER server: new development for protein structure and function predictions.","True","Y","high","Server for predictions is a tool not a database,","","","8","N","N"
"28445744","NMRbox: A Resource for Biomolecular NMR Computation.","False","Y","high","Resource for computation is a tool/platform not a database,","","","8","N","N"
"28402462","Omicseq: a web-based search engine for exploring omics datasets.","True","Y","high","Search engine tool for exploring not a database,","","","8","N","N"
"27179030","DeAnnIso: a tool for online detection and annotation of isomiRs from small RNA sequencing data.","True","Y","high","Tool for detection and annotation not a database,","","","8","N","N"
"24861622","MORPHIN: a web tool for human disease research by projecting model organism biology onto a human integrated gene network.","True","Y","high","Web tool for research/projection not a database,","","","8","N","N"
"31218882","SeqScrub: a web tool for automatic cleaning and annotation of FASTA file headers for bioinformatic applications.","True","Y","high","Tool for cleaning and annotation not a database,","","","8","N","N"
"25122463","RLIMS-P: an online text-mining tool for literature-based extraction of protein phosphorylation information.","True","Y","high","Text-mining tool for extraction not a database,","","","8","N","N"
"26010234","SEGEL: A Web Server for Visualization of Smoking Effects on Human Lung Gene Expression.","True","Y","high","Web server for visualization is a tool,","","","8","N","N"
"28782992","PDTCM: a systems pharmacology platform of traditional Chinese medicine for psoriasis.","False","Y","high","Systems pharmacology platform is a tool not a database,","","","8","N","N"
"29745832","cmFSM: a scalable CPU-MIC coordinated drug-finding tool by frequent subgraph mining.","False","Y","high","Drug-finding tool not a database,","","","8","N","N"
"31097708","TYGS is an automated high-throughput platform for state-of-the-art genome-based taxonomy.","False","Y","high","Platform for taxonomy classification is a tool,","","","8","N","N"
"28186905","HMMCAS: A Web Tool for the Identification and Domain Annotations of CAS Proteins.","True","Y","high","Web tool for identification not a database,","","","8","N","N"
"31375721","SPECTRUM - A MATLAB Toolbox for Proteoform Identification from Top-Down Proteomics Data.","False","Y","high","MATLAB toolbox for identification not a database,","","","8","N","N"
"34019636","pLannotate: engineered plasmid annotation.","True","Y","high","Tool for annotation not a database,","","","8","N","N"
"24090499","InsertionMapper: a pipeline tool for the identification of targeted sequences from multidimensional high throughput sequencing data.","True","Y","high","Pipeline tool for identification not a database,","","","8","N","N"
"31174603","NanoARG: a web service for detecting and contextualizing antimicrobial resistance genes from nanopore-derived metagenomes.","True","Y","high","Web service for detecting is a tool not a database,","","","8","N","N"
"28522612","GenomeVIP: a cloud platform for genomic variant discovery and interpretation.","False","Y","high","Cloud platform for discovery and interpretation is a tool,","","","8","N","N"
"24330842","TRAPID: an efficient online tool for the functional and comparative analysis of de novo RNA-Seq transcriptomes.","True","Y","high","Online tool for analysis not a database,","","","8","N","N"
"28387819","SLiMSearch: a framework for proteome-wide discovery and annotation of functional modules in intrinsically disordered regions.","True","Y","high","Framework for discovery and annotation is a tool,","","","8","N","N"
"32226440","PIANO: A Web Server for Pseudouridine-Site (Ψ) Identification and Functional Annotation.","True","Y","high","Web server for identification not a database,","","","8","N","N"
"26394715","SEQMINER: An R-Package to Facilitate the Functional Interpretation of Sequence-Based Associations.","True","Y","high","R package for interpretation is a tool not a database,","","","8","N","N"
"22513993","INRICH: interval-based enrichment analysis for genome-wide association studies.","True","Y","high","Tool for enrichment analysis not a database,","","","8","N","N"
"34570769","GRAFIMO: Variant and haplotype aware motif scanning on pangenome graphs.","False","Y","high","Tool for motif scanning not a database,","","","8","N","N"
"21969811","G-DOC: a systems medicine platform for personalized oncology.","False","Y","high","Systems medicine platform is a tool not a database,","","","8","N","N"
"22217600","MCScanX: a toolkit for detection and evolutionary analysis of gene synteny and collinearity.","True","Y","high","Toolkit for detection and analysis not a database,","","","8","N","N"
"30686929","rMyCoPortal - an R package to interface with the Mycology Collections Portal.","False","Y","high","R package interface tool not a database,","","","8","N","N"
"24829452","TogoTable: cross-database annotation system using the Resource Description Framework (RDF) data model.","True","Y","high","Annotation system tool not a database,","","","8","N","N"
"28407035","IcyTree: rapid browser-based visualization for phylogenetic trees and networks.","False","Y","high","Visualization tool not a database,","","","8","N","N"
"23660285","PhenoDigm: analyzing curated annotations to associate animal models with human diseases.","True","Y","high","Tool for analyzing annotations not a database,","","","8","N","N"
"22570420","COFACTOR: an accurate comparative algorithm for structure-based protein function annotation.","True","Y","high","Algorithm for function annotation is a tool,","","","8","N","N"
"33335686","ProdMX: Rapid query and analysis of protein functional domain based on compressed sparse matrices.","False","Y","high","Tool for query and analysis not a database,","","","8","N","N"
"27472806","""PhyloBot: A Web Portal for Automated Phylogenetics, Ancestral Sequence Reconstruction, and Exploration of Mutational Trajectories.""","True","Y","high","Web portal for automated phylogenetics is a tool,","","","8","N","N"
"30799505","BioMethyl: an R package for biological interpretation of DNA methylation data.","False","Y","high","R package for interpretation is a tool not a database,","","","8","N","N"
"21914205","GOMMA: a component-based infrastructure for managing and analyzing life science ontologies and their evolution.","True","Y","high","Infrastructure for managing ontologies is a tool,","","","8","N","N"
"34101722","CytoPy: An autonomous cytometry analysis framework.","True","Y","high","Analysis framework is a tool not a database,","","","8","N","N"
"23272111","MultiMetEval: comparative and multi-objective analysis of genome-scale metabolic models.","False","Y","high","Tool for comparative analysis not a database,","","","8","N","N"
"25196204","Vanno: a visualization-aided variant annotation tool.","True","Y","high","Variant annotation tool not a database,","","","8","N","N"
"32392343","Oviz-Bio: a web-based platform for interactive cancer genomics data visualization.","True","Y","high","Platform for visualization is a tool,","","","8","N","N"
"25254639","IDEPI: rapid prediction of HIV-1 antibody epitopes and other phenotypic features from sequence data using a flexible machine learning platform.","False","Y","high","Prediction platform/tool not a database,","","","8","N","N"
"23710727","REAPR: a universal tool for genome assembly evaluation.","True","Y","high","Tool for genome assembly evaluation not a database,","","","8","N","N"
"24953454","VANESA - a software application for the visualization and analysis of networks in system biology applications.","True","Y","high","Software application for visualization and analysis not a database,","","","8","N","N"
"27216254","miRiaD: A Text Mining Tool for Detecting Associations of microRNAs with Diseases.","True","Y","high","Text mining tool for detection not a database,","","","8","N","N"
"29788498","CellAtlasSearch: a scalable search engine for single cells.","True","Y","high","Search engine tool not a database,","","","8","N","N"
"25480116","LAILAPS: the plant science search engine.","True","Y","high","Search engine tool not a database,","","","8","N","N"
"21400696","Inferring protein function from homology using the Princeton Protein Orthology Database (P-POD).","False","Y","high","Paper about using database not the database itself,","","","8","N","N"
"30908818","RAId: Knowledge-Integrated Proteomics Web Service with Accurate Statistical Significance Assignment.","True","Y","high","Web service for analysis not a database,","","","8","N","N"
"22857267","MicrobesFlux: a web platform for drafting metabolic models from the KEGG database.","True","Y","high","Platform for drafting models is a tool,","","","8","N","N"
"34408730","DiTing: A Pipeline to Infer and Compare Biogeochemical Pathways From Metagenomic and Metatranscriptomic Data.","False","Y","high","Pipeline for inference is a tool not a database,","","","8","N","N"
"32985524","SV-HotSpot: detection and visualization of hotspots targeted by structural variants associated with gene expression.","False","Y","high","Tool for detection and visualization not a database,","","","8","N","N"
"25708359","ViralmiR: a support-vector-machine-based method for predicting viral microRNA precursors.","True","Y","high","Method for prediction not a database,","","","8","N","N"
"34078267","NoRCE: non-coding RNA sets cis enrichment tool.","False","Y","high","Enrichment tool not a database,","","","8","N","N"
"26821742","""RiboGalaxy: A browser based platform for the alignment, analysis and visualization of ribosome profiling data.""","True","Y","high","Platform for alignment and analysis is a tool,","","","8","N","N"
"34215788","OpenHSV: an open platform for laryngeal high-speed videoendoscopy.","False","Y","high","Platform for videoendoscopy processing not a database,","","","8","N","N"
"24367574","Switch of sensitivity dynamics revealed with DyGloSA toolbox for dynamical global sensitivity analysis as an early warning for system's critical transition.","True","Y","high","Toolbox for sensitivity analysis not a database,","","","8","N","N"
"27384129","mCSM-lig: quantifying the effects of mutations on protein-small molecule affinity in genetic disease and emergence of drug resistance.","True","Y","high","Tool for quantifying mutation effects not a database,","","","8","N","N"
"31765421","""MARGO (Massively Automated Real-time GUI for Object-tracking), a platform for high-throughput ethology.""","False","Y","high","Platform for object tracking is a tool,","","","8","N","N"
"26679008","ORBiT: Oak Ridge biosurveillance toolkit for public health dynamics.","False","Y","high","Toolkit for biosurveillance is a tool not a database,","","","8","N","N"
"30577887","Ultra-Rapid Reporting of GENomic Targets (URGENTseq): Clinical Next-Generation Sequencing Results within 48 Hours of Sample Collection.","False","Y","high","Sequencing reporting service not a database,","","","8","N","N"
"27706213","SeqKit: A Cross-Platform and Ultrafast Toolkit for FASTA/Q File Manipulation.","False","Y","high","Toolkit for file manipulation not a database,","","","8","N","N"
"27319297","ORION: a web server for protein fold recognition and structure prediction using evolutionary hybrid profiles.","True","Y","high","Web server for prediction not a database,","","","8","N","N"
"23527209","""SNPflow: a lightweight application for the processing, storing and automatic quality checking of genotyping assays.""","True","Y","high","Application for processing and quality checking not a database,","","","8","N","N"
"29860484","VarAFT: a variant annotation and filtration system for human next generation sequencing data.","True","Y","high","Annotation and filtration system/tool not a database,","","","8","N","N"
"24237904","SNPMeta: SNP annotation and SNP metadata collection without a reference genome.","False","Y","high","Tool for SNP annotation not a database,","","","8","N","N"
"34824199","Network medicine for disease module identification and drug repurposing with the NeDRex platform.","False","Y","high","Platform for disease module identification is a tool,","","","8","N","N"
"29733379","oriTfinder: a web-based tool for the identification of origin of transfers in DNA sequences of bacterial mobile genetic elements.","True","Y","high","Web-based tool for identification not a database,","","","8","N","N"
"30553884","GITAR: An Open Source Tool for Analysis and Visualization of Hi-C Data.","True","Y","high","Tool for analysis and visualization not a database,","","","8","N","N"
"31830251","FFLtool: a web server for transcription factor and miRNA feed forward loop analysis in human.","True","Y","high","Web server for analysis not a database,","","","8","N","N"
"31822517","SNP-CRISPR: A Web Tool for SNP-Specific Genome Editing.","True","Y","high","Web tool for genome editing not a database,","","","8","N","N"
"24116839","CoCoTools: open-source software for building connectomes using the CoCoMac anatomical database.","False","Y","high","Software tool for building connectomes not the database itself,","","","8","N","N"
"27016700","CD-REST: a system for extracting chemical-induced disease relation in literature.","True","Y","high","System for extracting relations is a tool,","","","8","N","N"
"27630248","GAPP: A Proteogenomic Software for Genome Annotation and Global Profiling of Post-translational Modifications in Prokaryotes.","False","Y","high","Software for genome annotation is a tool,","","","8","N","N"
"30888556","Elucidating the druggability of the human proteome with eFindSite.","False","Y","high","Tool for elucidating druggability not a database,","","","8","N","N"
"26226151","ElemeNT: a computational tool for detecting core promoter elements.","True","Y","high","Computational tool for detection not a database,","","","8","N","N"
"33119593","Tensorpac: An open-source Python toolbox for tensor-based phase-amplitude coupling measurement in electrophysiological brain signals.","False","Y","high","Python toolbox for measurement not a database,","","","8","N","N"
"27224977","Taxonomer: an interactive metagenomics analysis portal for universal pathogen detection and host mRNA expression profiling.","False","Y","high","Analysis portal tool not a database,","","","8","N","N"
"33486591","IHEC_RAAC: a online platform for identifying human enzyme classes via reduced amino acid cluster strategy.","True","Y","high","Platform for identifying enzyme classes is a tool,","","","8","N","N"
"26220891","GeneMatcher: a matching tool for connecting investigators with an interest in the same gene.","True","Y","high","Matching tool for connecting investigators not a database,","","","8","N","N"
"31106382","RegulationSpotter: annotation and interpretation of extratranscriptic DNA variants.","True","Y","high","Tool for annotation and interpretation not a database,","","","8","N","N"
"26087185","Virus-Clip: a fast and memory-efficient viral integration site detection tool at single-base resolution with annotation capability.","True","Y","high","Detection tool not a database,","","","8","N","N"
"24502797","""TUIT, a BLAST-based tool for taxonomic classification of nucleotide sequences.""","False","Y","high","Tool for taxonomic classification not a database,","","","8","N","N"
"22563070","""GEMSiRV: a software platform for GEnome-scale metabolic model simulation, reconstruction and visualization.""","True","Y","high","Software platform for simulation and reconstruction is a tool,","","","8","N","N"
"31448343","Using the MR-Base platform to investigate risk factors and drug targets for thousands of phenotypes.","False","Y","high","Paper about using platform not the platform itself,","","","8","N","N"
"30252043","SanXoT: a modular and versatile package for the quantitative analysis of high-throughput proteomics experiments.","True","Y","high","Package for quantitative analysis not a database,","","","8","N","N"
"""24861621"," 30931480"",NetworkAnalyst--integrative approaches for protein-protein interaction network analysis and visual exploration.","True","Y","high","Tool for network analysis and exploration not a database,","","","8","N","N"
"28982288","MPTM: A tool for mining protein post-translational modifications from literature.","True","Y","high","Tool for mining literature not a database,","","","8","N","N"
"32426808","MetaSanity: an integrated microbial genome evaluation and annotation pipeline.","True","Y","high","Pipeline for evaluation and annotation not a database,","","","8","N","N"
"31410449","ROBOKOP: an abstraction layer and user interface for knowledge graphs to support question answering.","True","Y","high","User interface for knowledge graphs is a tool,","","","8","N","N"
"24438389","""antibacTR: dynamic antibacterial-drug-target ranking integrating comparative genomics, structural analysis and experimental annotation.""","True","Y","high","Tool for ranking not a database,","","","8","N","N"
"25627673","Aber-OWL: a framework for ontology-based data access in biology.","True","Y","high","Framework for data access is a tool not a database,","","","8","N","N"
"24782522","SWISS-MODEL: modelling protein tertiary and quaternary structure using evolutionary information.","True","Y","high","Tool for modeling protein structure not a database,","","","8","N","N"
"23632162","PlantGSEA: a gene set enrichment analysis toolkit for plant community.","True","Y","high","Toolkit for enrichment analysis not a database,","","","8","N","N"
"26517951","PhyreStorm: A Web Server for Fast Structural Searches Against the PDB.","True","Y","high","Web server for structural searches not a database,","","","8","N","N"
"31796413","RNASeqR: An R Package for Automated Two-Group RNA-Seq Analysis Workflow.","True","Y","high","R package for analysis workflow not a database,","","","8","N","N"
"30497361","miRTissue: a web application for the analysis of miRNA-target interactions in human tissues.","True","Y","high","Web application for analysis not a database,","","","8","N","N"
"25950237","""The Phyre2 web portal for protein modeling, prediction and analysis.""","True","Y","high","Web portal for modeling and prediction not a database,","","","8","N","N"
"25900361","Enzyme Function Initiative-Enzyme Similarity Tool (EFI-EST): A web tool for generating protein sequence similarity networks.","True","Y","high","Web tool for generating networks not a database,","","","8","N","N"
"34112240","LigTMap: ligand and structure-based target identification and activity prediction for small molecular compounds.","True","Y","high","Tool for target identification and prediction not a database,","","","8","N","N"
"21558324","mirConnX: condition-specific mRNA-microRNA network integrator.","True","Y","high","Network integrator tool not a database,","","","8","N","N"
"24949626","""IIS--Integrated Interactome System: a web-based platform for the annotation, analysis and visualization of protein-metabolite-gene-drug interactions by integrating a variety of data sources and tools.""","True","Y","high","Platform for annotation and analysis is a tool,","","","8","N","N"
"31114888","""Evolview v3: a webserver for visualization, annotation, and management of phylogenetic trees.""","True","Y","high","Webserver for visualization and management not a database,","","","8","N","N"
"29621297","""iCopyDAV: Integrated platform for copy number variations-Detection, annotation and visualization.""","True","Y","high","Platform for detection and annotation is a tool,","","","8","N","N"
"32392342","""EnzymeMiner: automated mining of soluble enzymes with diverse structures, catalytic properties and stabilities.""","True","Y","high","Tool for mining enzymes not a database,","","","8","N","N"
"33156877","MAVSCOT: A fuzzy logic-based HIV diagnostic system with indigenous multi-lingual interfaces for rural Africa.","False","Y","high","Diagnostic system tool not a database,","","","8","N","N"
"29873706","SPRENO: a BioC module for identifying organism terms in figure captions.","True","Y","high","Module for identifying terms not a database,","","","8","N","N"
"28053114","FEELnc: a tool for long non-coding RNA annotation and its application to the dog transcriptome.","False","Y","high","Tool for RNA annotation not a database,","","","8","N","N"
"26155959","iVAX: An integrated toolkit for the selection and optimization of antigens and the design of epitope-driven vaccines.","False","Y","high","Integrated toolkit for vaccine design not a database,","","","8","N","N"
"32122303","GenomeQC: a quality assessment tool for genome assemblies and gene structure annotations.","True","Y","high","Quality assessment tool not a database,","","","8","N","N"
"31199464","CoCoScore: context-aware co-occurrence scoring for text mining applications using distant supervision.","False","Y","high","Tool for text mining not a database,","","","8","N","N"
"22689645","PBSword: a web server for searching similar protein-protein binding sites.","True","Y","high","Web server for searching not a database,","","","8","N","N"
"34240464","Ligand Binding Site Comparison - LiBiSCo - a web-based tool for analyzing interactions between proteins and ligands to explore amino acid specificity within active sites.","True","Y","high","Web-based tool for analyzing interactions not a database,","","","8","N","N"
"25977294","DIANA-miRPath v3.0: deciphering microRNA function with experimental support.","True","Y","high","Tool for deciphering function not a database,","","","8","N","N"
"24519378","SurvMicro: assessment of miRNA-based prognostic signatures for cancer clinical outcomes by multivariate survival analysis.","True","Y","high","Tool for assessment by analysis not a database,","","","8","N","N"
"33441136","AlzGPS: a genome-wide positioning systems platform to catalyze multi-omics for Alzheimer's drug discovery.","True","Y","medium","Platform for catalyzing drug discovery is likely a tool though GPS naming unusual,","","","8","N","N"
"29696732","""Seshat: A Web service for accurate annotation, validation, and analysis of TP53 variants generated by conventional and next-generation sequencing.""","True","Y","high","Web service for annotation and validation is a tool,","","","8","N","N"
"29070035","SaVanT: a web-based tool for the sample-level visualization of molecular signatures in gene expression profiles.","True","Y","high","Web-based tool for visualization not a database,","","","8","N","N"
"28541490","GLANET: genomic loci annotation and enrichment tool.","True","Y","high","Tool for annotation and enrichment not a database,","","","8","N","N"
"32402084","MISCAST: MIssense variant to protein StruCture Analysis web SuiTe.","True","Y","high","Web suite for analysis is a tool not a database,","","","8","N","N"
"26425409","Experiences in supporting the structured collection of cancer nanotechnology data using caNanoLab.","False","Y","high","Paper about supporting data collection not the database itself,","","","8","N","N"
"22369265","i-rDNA: alignment-free algorithm for rapid in silico detection of ribosomal gene fragments from metagenomic sequence data sets.","True","Y","high","Algorithm for detection not a database,","","","8","N","N"
"32134472","iMRM: a platform for simultaneously identifying multiple kinds of RNA modifications.","True","Y","high","Platform for identifying modifications is a tool,","","","8","N","N"
"22743224","GO-Elite: a flexible solution for pathway and ontology over-representation.","True","Y","high","Tool for pathway analysis not a database,","","","8","N","N"
"29558135","""PACOM: A Versatile Tool for Integrating, Filtering, Visualizing, and Comparing Multiple Large Mass Spectrometry Proteomics Data Sets.""","False","Y","high","Tool for integrating and comparing data not a database,","","","8","N","N"
"26391627","Pcetk: A pDynamo-based Toolkit for Protonation State Calculations in Proteins.","False","Y","high","Toolkit for calculations not a database,","","","8","N","N"
"21989112","""FluReF, an automated flu virus reassortment finder based on phylogenetic trees.""","True","Y","high","Finder tool based on phylogenetic analysis not a database,","","","8","N","N"
"27990826","X!TandemPipeline: A Tool to Manage Sequence Redundancy for Protein Inference and Phosphosite Identification.","True","Y","high","Pipeline tool for managing redundancy not a database,","","","8","N","N"
"26047590","Visual annotation display (VLAD): a tool for finding functional themes in lists of genes.","True","Y","high","Tool for finding functional themes not a database,","","","8","N","N"
"31760951","TS-GOEA: a web tool for tissue-specific gene set enrichment analysis based on gene ontology.","True","Y","high","Web tool for enrichment analysis not a database,","","","8","N","N"
"31449516","CNEr: A toolkit for exploring extreme noncoding conservation.","True","Y","high","Toolkit for exploring conservation not a database,","","","8","N","N"
"29490010","SECLAF: a webserver and deep neural network design tool for hierarchical biological sequence classification.","True","Y","high","Webserver and design tool for classification not a database,","","","8","N","N"
"24258321","""PyGaze: an open-source, cross-platform toolbox for minimal-effort programming of eyetracking experiments.""","False","Y","high","Toolbox for programming experiments not a database,","","","8","N","N"
"27131362","miEAA: microRNA enrichment analysis and annotation.","True","Y","high","Tool for enrichment analysis and annotation not a database,","","","8","N","N"
"34233619","Sequoia: an interactive visual analytics platform for interpretation and feature extraction from nanopore sequencing datasets.","False","Y","high","Platform for visual analytics and interpretation not a database,","","","8","N","N"
"28498994","ThreaDomEx: a unified platform for predicting continuous and discontinuous protein domains by multiple-threading and segment assembly.","True","Y","high","Platform for prediction is a tool not a database,","","","8","N","N"
"29854184","SpindleSphere: A Web-based Platform for Large-scale Sleep Spindle Analysis and Visualization.","False","Y","high","Platform for analysis and visualization not a database,","","","8","N","N"
"27825033","VirusDetect: An automated pipeline for efficient virus discovery using deep sequencing of small RNAs.","True","Y","high","Automated pipeline for virus discovery not a database,","","","8","N","N"
"30864657","""MitoZ: a toolkit for animal mitochondrial genome assembly, annotation and visualization.""","False","Y","high","Toolkit for genome assembly and annotation not a database,","","","8","N","N"
"23029291","ThioFinder: a web-based tool for the identification of thiopeptide gene clusters in DNA sequences.","True","Y","high","Web-based tool for identification not a database,","","","8","N","N"
"25636267","MaxMod: a hidden Markov model based novel interface to MODELLER for improved prediction of protein 3D models.","True","Y","high","Interface for prediction tool not a database,","","","8","N","N"
"29325066","Toppar: an interactive browser for viewing association study results.","True","Y","high","Browser tool for viewing results not a database,","","","8","N","N"
"31853227","GBDTCDA: Predicting circRNA-disease Associations Based on Gradient Boosting Decision Tree with Multiple Biological Data Fusion.","True","Y","high","Prediction tool not a database,","","","8","N","N"
"30517749","ORTHOSCOPE: An Automatic Web Tool for Phylogenetically Inferring Bilaterian Orthogroups with User-Selected Taxa.","True","Y","high","Web tool for phylogenetic inference not a database,","","","8","N","N"
"29135934","UltraPse: A Universal and Extensible Software Platform for Representing Biological Sequences.","False","Y","high","Software platform for representing sequences not a database,","","","8","N","N"
"33720028","""HOPES: An Integrative Digital Phenotyping Platform for Data Collection, Monitoring, and Machine Learning.""","False","Y","high","Platform for data collection and monitoring is a tool,","","","8","N","N"
"24210098","Metadata-driven comparative analysis tool for sequences (meta-CATS): an automated process for identifying significant sequence variations that correlate with virus attributes.","True","Y","high","Analysis tool for identifying variations not a database,","","","8","N","N"
"32898474","SYLARAS: A Platform for the Statistical Analysis and Visual Display of Systemic Immunoprofiling Data and Its Application to Glioblastoma.","False","Y","high","Platform for statistical analysis and display not a database,","","","8","N","N"
"""23160414"," 23703206"",Accelerating literature curation with text-mining tools: a case study of using PubTator to curate genes in PubMed abstracts.","True","Y","high","Paper about using text-mining tool not the tool itself,","","","8","N","N"
"21450055","Rice-Map: a new-generation rice genome browser.","True","Y","high","Genome browser tool not a database,","","","8","N","N"
"27986896","easyGWAS: A Cloud-Based Platform for Comparing the Results of Genome-Wide Association Studies.","False","Y","high","Cloud platform for comparing results is a tool,","","","8","N","N"
"30657872","AllerCatPro-prediction of protein allergenicity potential from the protein sequence.","True","Y","high","Tool for prediction not a database,","","","8","N","N"
"32421835","InterPred: a webtool to predict chemical autofluorescence and luminescence interference.","True","Y","high","Webtool for prediction not a database,","","","8","N","N"
"27829362","CASTIN: a system for comprehensive analysis of cancer-stromal interactome.","False","Y","high","System for comprehensive analysis is a tool,","","","8","N","N"
"29692801","""iCN718, an Updated and Improved Genome-Scale Metabolic Network Reconstruction of <i>Acinetobacter baumannii</i> AYE.""","False","Y","high","Metabolic network reconstruction is a model not a database,","","","8","N","N"
"33341884","Pyfastx: a robust Python package for fast random access to sequences from plain and gzipped FASTA/Q files.","True","Y","high","Python package for file access not a database,","","","8","N","N"
"24674136","TSSAR: TSS annotation regime for dRNA-seq data.","True","Y","high","Annotation regime/tool not a database,","","","8","N","N"
"26983021","""GeneAnalytics: An Integrative Gene Set Analysis Tool for Next Generation Sequencing, RNAseq and Microarray Data.""","False","Y","high","Gene set analysis tool not a database,","","","8","N","N"
"26691694","Dintor: functional annotation of genomic and proteomic data.","True","Y","high","Tool for functional annotation not a database,","","","8","N","N"
"34023887","DomainViz: intuitive visualization of consensus domain distributions across groups of proteins.","True","Y","high","Visualization tool not a database,","","","8","N","N"
"""28472511"," 31114916"",""WebGestalt 2017: a more comprehensive, powerful, flexible and interactive gene set enrichment analysis toolkit.""","True","Y","high","Enrichment analysis toolkit not a database,","","","8","N","N"
"22717648","wANNOVAR: annotating genetic variants for personal genomes via the web.","True","Y","high","Tool for annotating variants not a database,","","","8","N","N"
"26779400","AURA 2: Empowering discovery of post-transcriptional networks.","True","Y","high","Tool for empowering discovery not a database,","","","8","N","N"
"23895370","Confero: an integrated contrast data and gene set platform for computational analysis and biological interpretation of omics data.","False","Y","high","Platform for computational analysis is a tool,","","","8","N","N"
"24091140","Fast automated protein NMR data collection and assignment by ADAPT-NMR on Bruker spectrometers.","True","Y","high","Tool for automated data collection and assignment not a database,","","","8","N","N"
"28268841","AMP: A platform for managing and mining data in the treatment of Autism Spectrum Disorder.","False","Y","high","Platform for managing and mining data is a tool,","","","8","N","N"
"22583488","3DMolNavi: a web-based retrieval and navigation tool for flexible molecular shape comparison.","True","Y","high","Retrieval and navigation tool not a database,","","","8","N","N"
"28967166","""VariantValidator: Accurate validation, mapping, and formatting of sequence variation descriptions.""","True","Y","high","Tool for validation and formatting not a database,","","","8","N","N"
"24949426","""Tools and databases of the KOMICS web portal for preprocessing, mining, and dissemination of metabolomics data.""","False","Y","high","Portal with tools and databases is infrastructure not a single database,","","","8","N","N"
"29189001","Searching Online Chemical Data Repositories via the ChemAgora Portal.","False","Y","high","Portal for searching repositories is a tool,","","","8","N","N"
"30096176","BioPS: System for screening and assessment of biofuel-production potential of cyanobacteria.","True","Y","high","System for screening and assessment is a tool,","","","8","N","N"
"29272359","""BioSeq-Analysis: a platform for DNA, RNA and protein sequence analysis based on machine learning approaches.""","True","Y","high","Platform for sequence analysis is a tool,","","","8","N","N"
"32330179","EasyParallel: A GUI platform for parallelization of STRUCTURE and NEWHYBRIDS analyses.","False","Y","high","GUI platform for parallelization is a tool,","","","8","N","N"
"26384541","mpdcm: A toolbox for massively parallel dynamic causal modeling.","False","Y","high","Toolbox for causal modeling not a database,","","","8","N","N"
"24022982","LTMap: a web server for assessing the potential liver toxicity by genome-wide transcriptional expression data.","True","Y","high","Web server for assessing toxicity is a tool,","","","8","N","N"
"26860211","ksRepo: a generalized platform for computational drug repositioning.","False","Y","high","Platform for computational drug repositioning is a tool,","","","8","N","N"
"29106469","DFAST: a flexible prokaryotic genome annotation pipeline for faster genome publication.","True","Y","high","Annotation pipeline tool not a database,","","","8","N","N"
"29528364","iFeature: a Python package and web server for features extraction and selection from protein and peptide sequences.","True","Y","high","Package and web server for feature extraction not a database,","","","8","N","N"
"31690272","MoMI-G: modular multi-scale integrated genome graph browser.","False","Y","high","Genome graph browser tool not a database,","","","8","N","N"
"23281853","FastAnnotator--an efficient transcript annotation web tool.","True","Y","high","Annotation web tool not a database,","","","8","N","N"
"""26669964"," 29322439"",CircInteractome: A web tool for exploring circular RNAs and their interacting proteins and microRNAs.","True","Y","medium","Web tool for exploring though may contain interaction data,","","","8","N","N"
"32449938","PseudoChecker: an integrated online platform for gene inactivation inference.","True","Y","high","Platform for inference is a tool,","","","8","N","N"
"26258475","""pGenN, a gene normalization tool for plant genes and proteins in scientific literature.""","False","Y","high","Gene normalization tool not a database,","","","8","N","N"
"22610856","GENIES: gene network inference engine based on supervised analysis.","True","Y","high","Network inference engine tool not a database,","","","8","N","N"
"34814330","Purimeth: an integrated web-based tool for estimating and accounting for tumor purity in cancer DNA methylation studies.","True","Y","high","Web-based tool for estimating purity not a database,","","","8","N","N"
"30979097","MoleGear: A Java-Based Platform for Evolutionary De Novo Molecular Design.","False","Y","high","Platform for molecular design is a tool,","","","8","N","N"
"31395072","MLMDA: a machine learning approach to predict and validate MicroRNA-disease associations by integrating of heterogenous information sources.","True","Y","high","Machine learning approach for prediction not a database,","","","8","N","N"
"31077305","Entrezpy: a Python library to dynamically interact with the NCBI Entrez databases.","True","Y","high","Python library to interact with databases not a database itself,","","","8","N","N"
"21672955","PHAST: a fast phage search tool.","True","Y","high","Search tool not a database,","","","8","N","N"
"29699486","Integrative analysis and machine learning on cancer genomics data using the Cancer Systems Biology Database (CancerSysDB).","False","Y","high","Paper about using database not the database itself,","","","8","N","N"
"31790389","CDSeq: A novel complete deconvolution method for dissecting heterogeneous samples using gene expression data.","False","Y","high","Deconvolution method not a database,","","","8","N","N"
"30010738","HRPDviewer: human ribosome profiling data viewer.","True","Y","high","Data viewer tool not a database,","","","8","N","N"
"32383756","TeamTat: a collaborative text annotation tool.","True","Y","high","Collaborative annotation tool not a database,","","","8","N","N"
"28365735","AnnoSys-implementation of a generic annotation system for schema-based data using the example of biodiversity collection data.","True","Y","high","Annotation system tool not a database,","","","8","N","N"
"30201843","Geppetto: a reusable modular open platform for exploring neuroscience data and models.","False","Y","high","Platform for exploring data is a tool,","","","8","N","N"
"32568373","CandiMeth: Powerful yet simple visualization and quantification of DNA methylation at candidate genes.","False","Y","high","Tool for visualization and quantification not a database,","","","8","N","N"
"29944754","iReceptor: A platform for querying and analyzing antibody/B-cell and T-cell receptor repertoire data across federated repositories.","False","Y","high","Platform for querying federated repositories is a tool,","","","8","N","N"
"30949694","OrganellarGenomeDRAW (OGDRAW) version 1.3.1: expanded toolkit for the graphical visualization of organellar genomes.","True","Y","high","Toolkit for visualization not a database,","","","8","N","N"
"22419842","GIST: Genomic island suite of tools for predicting genomic islands in genomic sequences.","True","Y","high","Suite of tools for prediction not a database,","","","8","N","N"
"27485446","HiPub: translating PubMed and PMC texts to networks for knowledge discovery.","True","Y","high","Tool for translating texts to networks not a database,","","","8","N","N"
"24336809","NeuroPID: a predictor for identifying neuropeptide precursors from metazoan proteomes.","True","Y","high","Predictor tool not a database,","","","8","N","N"
"24727366","""'In silico expression analysis', a novel PathoPlant web tool to identify abiotic and biotic stress conditions associated with specific cis-regulatory sequences.""","True","Y","high","Web tool for analysis not a database,","","","8","N","N"
"21696594","BioGraph: unsupervised biomedical knowledge discovery via automated hypothesis generation.","True","Y","high","Tool for knowledge discovery and hypothesis generation not a database,","","","8","N","N"
"26407127","miRTex: A Text Mining System for miRNA-Gene Relation Extraction.","True","Y","high","Text mining system for extraction not a database,","","","8","N","N"
"22102585","GenomeView: a next-generation genome browser.","False","Y","high","Genome browser tool not a database,","","","8","N","N"
"21375730","""MIR@NT@N: a framework integrating transcription factors, microRNAs and their targets to identify sub-network motifs in a meta-regulation network model.""","True","Y","high","Framework for identifying network motifs is a tool,","","","8","N","N"
"26328606","Pan-Tetris: an interactive visualisation for Pan-genomes.","True","Y","high","Interactive visualization tool not a database,","","","8","N","N"
"29961849","KREAP: an automated Galaxy platform to quantify in vitro re-epithelialization kinetics.","False","Y","high","Automated platform for quantification is a tool,","","","8","N","N"
"30566501","A survey of digitized data from U.S. fish collections in the iDigBio data aggregator.","False","Y","high","Paper about data survey not a database,","","","8","N","N"
"24923820","Egas: a collaborative and interactive document curation platform.","True","Y","high","Document curation platform is a tool,","","","8","N","N"
"29300482","Chemotext: A Publicly Available Web Server for Mining Drug-Target-Disease Relationships in PubMed.","True","Y","high","Web server for mining literature not a database,","","","8","N","N"
"""26442528"," 28460067"",Genomes to natural products PRediction Informatics for Secondary Metabolomes (PRISM).","True","Y","high","Prediction informatics tool not a database,","","","8","N","N"
"31805063","SparkGA2: Production-quality memory-efficient Apache Spark based genome analysis framework.","False","Y","high","Genome analysis framework is a tool,","","","8","N","N"
"29987232","NTyroSite: Computational Identification of Protein Nitrotyrosine Sites Using Sequence Evolutionary Features.","True","Y","high","Computational identification tool not a database,","","","8","N","N"
"31315562","MCtandem: an efficient tool for large-scale peptide identification on many integrated core (MIC) architecture.","False","Y","high","Tool for peptide identification not a database,","","","8","N","N"
"31741225","AGONOTES: A Robot Annotator for Argonaute Proteins.","True","Y","high","Robot annotator tool not a database,","","","8","N","N"
"23577215","Molecular Optical Simulation Environment (MOSE): a platform for the simulation of light propagation in turbid media.","True","Y","high","Simulation platform tool not a database,","","","8","N","N"
"32897080","METATRYP v 2.0: Metaproteomic Least Common Ancestor Analysis for Taxonomic Inference Using Specialized Sequence Assemblies-Standalone Software and Web Servers for Marine Microorganisms and Coronaviruses.","True","Y","high","Software for taxonomic inference not a database,","","","8","N","N"
"30497372","PanoromiX: a time-course network medicine platform integrating molecular assays and pathophenotypic data.","False","Y","high","Network medicine platform is a tool,","","","8","N","N"
"28583068","lncRNA-screen: an interactive platform for computationally screening long non-coding RNAs in large genomics datasets.","False","Y","high","Interactive platform for screening is a tool,","","","8","N","N"
"30052770","MR4Cancer: a web server prioritizing master regulators for cancer.","True","Y","high","Web server for prioritizing regulators is a tool,","","","8","N","N"
"22255823","MEET: motif elements estimation toolkit.","True","Y","high","Estimation toolkit not a database,","","","8","N","N"
"25311246","trieFinder: an efficient program for annotating Digital Gene Expression (DGE) tags.","True","Y","high","Program for annotating is a tool not a database,","","","8","N","N"
"27565795","mRAISE: an alternative algorithmic approach to ligand-based virtual screening.","True","Y","high","Algorithmic approach for screening is a tool,","","","8","N","N"
"23884480","OncodriveCLUST: exploiting the positional clustering of somatic mutations to identify cancer genes.","True","Y","high","Tool for exploiting clustering to identify genes not a database,","","","8","N","N"
"27515514","COMAN: a web server for comprehensive metatranscriptomics analysis.","True","Y","high","Web server for analysis not a database,","","","8","N","N"
"31106371","CHOPCHOP v3: expanding the CRISPR web toolbox beyond genome editing.","True","Y","high","CRISPR web toolbox not a database,","","","8","N","N"
"32821910","reconCNV: interactive visualization of copy number data from high-throughput sequencing.","True","Y","high","Visualization tool not a database,","","","8","N","N"
"25881313","ANDSystem: an Associative Network Discovery System for automated literature mining in the field of biology.","False","Y","high","System for automated literature mining is a tool,","","","8","N","N"
"26078786","ChemDIS: a chemical-disease inference system based on chemical-protein interactions.","True","Y","high","Inference system tool not a database,","","","8","N","N"
"23130999","mGOASVM: Multi-label protein subcellular localization based on gene ontology and support vector machines.","True","Y","high","Method for protein localization not a database,","","","8","N","N"
"30903186","BrAPI-an application programming interface for plant breeding applications.","True","Y","high","Application programming interface not a database,","","","8","N","N"
"24423189","gsGator: an integrated web platform for cross-species gene set analysis.","True","Y","high","Web platform for gene set analysis is a tool,","","","8","N","N"
"28843534","SalivaPRINT Toolkit - Protein profile evaluation and phenotype stratification.","False","Y","high","Toolkit for evaluation and stratification not a database,","","","8","N","N"
"24735413","ngs.plot: Quick mining and visualization of next-generation sequencing data by integrating genomic databases.","False","Y","high","Tool for mining and visualization not a database,","","","8","N","N"
"""27174934"," 29796670"",HotSpot Wizard 2.0: automated design of site-specific mutations and smart libraries in protein engineering.","True","Y","high","Tool for automated design not a database,","","","8","N","N"
"28501650","PROBer Provides a General Toolkit for Analyzing Sequencing-Based Toeprinting Assays.","False","Y","high","Toolkit for analyzing assays not a database,","","","8","N","N"
"27792763","""PopSc: Computing Toolkit for Basic Statistics of Molecular Population Genetics Simultaneously Implemented in Web-Based Calculator, Python and R.""","False","Y","high","Computing toolkit for statistics not a database,","","","8","N","N"
"33954706","EMNUSS: a deep learning framework for secondary structure annotation in cryo-EM maps.","True","Y","high","Deep learning framework for annotation not a database,","","","8","N","N"
"26315905","EPGA2: memory-efficient de novo assembler.","False","Y","high","De novo assembler tool not a database,","","","8","N","N"
"21515632","PicXAA-Web: a web-based platform for non-progressive maximum expected accuracy alignment of multiple biological sequences.","True","Y","high","Web-based platform for alignment is a tool,","","","8","N","N"
"25982732","PathRings: a web-based tool for exploration of ortholog and expression data in biological pathways.","True","Y","high","Web-based tool for exploration not a database,","","","8","N","N"
"23331614","Genecentric: a package to uncover graph-theoretic structure in high-throughput epistasis data.","True","Y","high","Package for uncovering structure not a database,","","","8","N","N"
"25059528","BactImAS: a platform for processing and analysis of bacterial time-lapse microscopy movies.","False","Y","high","Platform for processing and analysis not a database,","","","8","N","N"
"29040649","ClusterCAD: a computational platform for type I modular polyketide synthase design.","True","Y","high","Computational platform for design is a tool,","","","8","N","N"
"25982853","ProtDCal: A program to compute general-purpose-numerical descriptors for sequences and 3D-structures of proteins.","True","Y","high","Program for computing descriptors not a database,","","","8","N","N"
"31081035","LOMETS2: improved meta-threading server for fold-recognition and structure-based function annotation for distant-homology proteins.","True","Y","high","Meta-threading server for fold-recognition is a tool,","","","8","N","N"
"27756204","RNAdualPF: software to compute the dual partition function with sample applications in molecular evolution theory.","True","Y","high","Software for computing functions not a database,","","","8","N","N"
"27490165","CS-MINER: A Tool for Association Mining in Binding-Database.","True","Y","high","Tool for association mining not a database,","","","8","N","N"
"33346083","mrMLM v4.0.2: An R Platform for Multi-locus Genome-wide Association Studies.","True","Y","high","R platform for association studies is a tool,","","","8","N","N"
"34076241","Mantis: flexible and consensus-driven genome annotation.","False","Y","high","Tool for genome annotation not a database,","","","8","N","N"
"26697911","The Biobank Economic Modeling Tool (BEMT): Online Financial Planning to Facilitate Biobank Sustainability.","True","Y","high","Economic modeling tool not a database,","","","8","N","N"
"33381797","ChemGenerator: a web server for generating potential ligands for specific targets.","True","Y","high","Web server for generating ligands is a tool,","","","8","N","N"
"23826350","Prioritizing Potentially Druggable Mutations with dGene: An Annotation Tool for Cancer Genome Sequencing Data.","False","Y","high","Annotation tool for prioritizing mutations not a database,","","","8","N","N"
"22480257","VESPA: software to facilitate genomic annotation of prokaryotic organisms through integration of proteomic and transcriptomic data.","True","Y","high","Software to facilitate annotation not a database,","","","8","N","N"
"30649350","Xolik: finding cross-linked peptides with maximum paired scores in linear time.","True","Y","high","Tool for finding cross-linked peptides not a database,","","","8","N","N"
"22693223","pKNOT v.2: the protein KNOT web server.","True","Y","high","Web server tool not a database,","","","8","N","N"
"33094747","Structural-based connectivity and omic phenotype evaluations (SCOPE): a cheminformatics toolbox for investigating lipidomic changes in complex systems.","False","Y","high","Cheminformatics toolbox not a database,","","","8","N","N"
"30525460","Tn-Core: A Toolbox for Integrating Tn-seq Gene Essentiality Data and Constraint-Based Metabolic Modeling.","False","Y","high","Toolbox for integrating data not a database,","","","8","N","N"
"28472340","""MiSTIC, an integrated platform for the analysis of heterogeneity in large tumour transcriptome datasets.""","True","Y","high","Platform for analysis is a tool,","","","8","N","N"
"33824393","hReg-CNCC reconstructs a regulatory network in human cranial neural crest cells and annotates variants in a developmental context.","False","Y","high","Tool that reconstructs networks and annotates variants not a database,","","","8","N","N"
"31606387","icSHAPE-pipe: A comprehensive toolkit for icSHAPE data analysis and evaluation.","False","Y","high","Toolkit for data analysis not a database,","","","8","N","N"
"22508222","DIVERGENOME: a bioinformatics platform to assist population genetics and genetic epidemiology studies.","False","Y","high","Bioinformatics platform to assist studies is a tool,","","","8","N","N"
"32864883","DeepRescore: Leveraging Deep Learning to Improve Peptide Identification in Immunopeptidomics.","False","Y","high","Tool leveraging deep learning for identification not a database,","","","8","N","N"
"32582274","HARMONIES: A Hybrid Approach for Microbiome Networks Inference via Exploiting Sparsity.","False","Y","high","Approach for network inference not a database,","","","8","N","N"
"22285826","""The Transcriptome Analysis and Comparison Explorer--T-ACE: a platform-independent, graphical tool to process large RNAseq datasets of non-model organisms.""","False","Y","high","Graphical tool to process datasets not a database,","","","8","N","N"
"31214154","""Geptop 2.0: An Updated, More Precise, and Faster Geptop Server for Identification of Prokaryotic Essential Genes.""","True","Y","high","Server for identification of genes is a tool,","","","8","N","N"
"26210358","VCF-Miner: GUI-based application for mining variants and annotations stored in VCF files.","True","Y","high","Application for mining variants not a database,","","","8","N","N"
"34563271","GenUI: interactive and extensible open source software platform for de novo molecular generation and cheminformatics.","False","Y","high","Software platform for molecular generation is a tool,","","","8","N","N"
"34352075","MERIDA: a novel Boolean logic-based integer linear program for personalized cancer therapy.","False","Y","high","Integer linear program for therapy is a tool,","","","8","N","N"
"29733382","""An integrative model for alternative polyadenylation, IntMAP, delineates mTOR-modulated endoplasmic reticulum stress response.""","True","Y","high","Integrative model for polyadenylation is a tool,","","","8","N","N"
"25338717","FlaiMapper: computational annotation of small ncRNA-derived fragments using RNA-seq high-throughput data.","False","Y","high","Tool for computational annotation not a database,","","","8","N","N"
"31830252","SSIPe: accurately estimating protein-protein binding affinity change upon mutations using evolutionary profiles in combination with an optimized physical energy function.","True","Y","high","Tool for estimating binding affinity not a database,","","","8","N","N"
"25547242","WEBnm@ v2.0: Web server and services for comparing protein flexibility.","True","Y","high","Web server for comparing flexibility is a tool,","","","8","N","N"
"24683129","jsPsych: a JavaScript library for creating behavioral experiments in a Web browser.","True","Y","high","JavaScript library for creating experiments not a database,","","","8","N","N"
"27378292","ConsPred: a rule-based (re-)annotation framework for prokaryotic genomes.","False","Y","high","Rule-based annotation framework is a tool,","","","8","N","N"
"33827413","EzMAP: Easy Microbiome Analysis Platform.","False","Y","high","Analysis platform is a tool,","","","8","N","N"
"24926252","Automated collection of imaging and phenotypic data to centralized and distributed data repositories.","False","Y","high","Paper about data collection process not a database,","","","8","N","N"
"26791506","""MG-RAST, a Metagenomics Service for Analysis of Microbial Community Structure and Function.""","True","Y","high","Service for analysis is a tool not a database,","","","8","N","N"
"21410990","AnyExpress: integrated toolkit for analysis of cross-platform gene expression data using a fast interval matching algorithm.","False","Y","high","Integrated toolkit for analysis not a database,","","","8","N","N"
"29554289","GenomeDISCO: a concordance score for chromosome conformation capture experiments using random walks on contact map graphs.","False","Y","high","Concordance score method not a database,","","","8","N","N"
"30576492","Accelerating annotation of articles via automated approaches: evaluation of the neXtA5 curation-support tool by neXtProt.","False","Y","high","Paper evaluating curation-support tool not a database,","","","8","N","N"
"26664458","ChemDes: an integrated web-based platform for molecular descriptor and fingerprint computation.","True","Y","high","Platform for computation is a tool,","","","8","N","N"
"23832245","PhosphoChain: a novel algorithm to predict kinase and phosphatase networks from high-throughput expression data.","True","Y","high","Algorithm to predict networks not a database,","","","8","N","N"
"32960944","MMAP: a cloud computing platform for mining the maximum accuracy of predicting phenotypes from genotypes.","True","Y","high","Cloud computing platform for mining/predicting is a tool,","","","8","N","N"
"23729471","BeEP Server: Using evolutionary information for quality assessment of protein structure models.","True","Y","high","Server for quality assessment is a tool,","","","8","N","N"
"22693219","GeneView: a comprehensive semantic search engine for PubMed.","True","Y","high","Search engine for PubMed not a database,","","","8","N","N"
"""28520987"," 33963869"",ProteoSign: an end-user online differential proteomics statistical analysis platform.","True","Y","high","Statistical analysis platform is a tool,","","","8","N","N"
"29410279","StructureFold2: Bringing chemical probing data into the computational fold of RNA structural analysis.","False","Y","high","Tool for RNA structural analysis not a database,","","","8","N","N"
"33964156","ptm: an R package for the study of methionine sulfoxidation and other posttranslational modifications.","True","Y","high","R package for study of modifications not a database,","","","8","N","N"
"23408875","Getting more out of biomedical documents with GATE's full lifecycle open source text analytics.","False","Y","high","Text analytics tool not a database,","","","8","N","N"
"31073595","INGA 2.0: improving protein function prediction for the dark proteome.","True","Y","high","Tool for improving protein function prediction not a database,","","","8","N","N"
"27608726","COME: a robust coding potential calculation tool for lncRNA identification and characterization based on multiple features.","False","Y","high","Calculation tool for lncRNA identification not a database,","","","8","N","N"
"34132422","ivTerm-An R package for interactive visualization of functional analysis results of meta-omics data.","False","Y","high","R package for visualization not a database,","","","8","N","N"
"27974882","PLAT: An Automated Fault and Behavioural Anomaly Detection Tool for PLC Controlled Manufacturing Systems.","False","Y","high","Fault detection tool not a database,","","","8","N","N"
"32589017","MS-CleanR: A Feature-Filtering Workflow for Untargeted LC-MS Based Metabolomics.","False","Y","high","Feature-filtering workflow tool not a database,","","","8","N","N"
"21622954","Swimming into peptidomimetic chemical space using pepMMsMIMIC.","True","Y","high","Tool for swimming into chemical space not a database,","","","8","N","N"
"23452721","MethylPCA: a toolkit to control for confounders in methylome-wide association studies.","False","Y","high","Toolkit to control confounders not a database,","","","8","N","N"
"26333403","FASTR: A novel data format for concomitant representation of RNA sequence and secondary structure information.","True","Y","high","Data format not a database,","","","8","N","N"
"24130305","ORMAN: optimal resolution of ambiguous RNA-Seq multimappings in the presence of novel isoforms.","True","Y","high","Tool for optimal resolution of mappings not a database,","","","8","N","N"
"32510568","CCLA: an accurate method and web server for cancer cell line authentication using gene expression profiles.","True","Y","high","Method and web server for authentication not a database,","","","8","N","N"
"27508329","Connection Map for Compounds (CMC): A Server for Combinatorial Drug Toxicity and Efficacy Analysis.","True","Y","high","Server for analysis not a database,","","","8","N","N"
"23898041","CrusView: a Java-based visualization platform for comparative genomics analyses in Brassicaceae species.","True","Y","high","Visualization platform for analyses not a database,","","","8","N","N"
"34625425","""The Mutational Signature Comprehensive Analysis Toolkit (musicatk) for the Discovery, Prediction, and Exploration of Mutational Signatures.""","False","Y","high","Toolkit for discovery and prediction not a database,","","","8","N","N"
"30343671","PoSE: visualization of patterns of sequence evolution using PAML and MATLAB.","False","Y","high","Tool for visualization not a database,","","","8","N","N"
"30821318","SW-Tandem: a highly efficient tool for large-scale peptide identification with parallel spectrum dot product on Sunway TaihuLight.","False","Y","high","Tool for peptide identification not a database,","","","8","N","N"
"33256603","""Isabl Platform, a digital biobank for processing multimodal patient data.""","False","Y","high","Platform for processing patient data is infrastructure not a public database,","","","8","N","N"
"30944313","Metascape provides a biologist-oriented resource for the analysis of systems-level datasets.","False","Y","high","Resource for analysis is a tool not a database,","","","8","N","N"
"34019657","ProteinTools: a toolkit to analyze protein structures.","True","Y","high","Toolkit to analyze structures not a database,","","","8","N","N"
"26795595","detectMITE: A novel approach to detect miniature inverted repeat transposable elements in genomes.","False","Y","high","Approach to detect elements not a database,","","","8","N","N"
"29492894","DNA Multiple Sequence Alignment Guided by Protein Domains: The MSA-PAD 2.0 Method.","True","Y","high","Method for sequence alignment not a database,","","","8","N","N"
"25757547","SIFTER-T: a scalable and optimized framework for the SIFTER phylogenomic method of probabilistic protein domain annotation.","True","Y","high","Framework for phylogenomic method not a database,","","","8","N","N"
"34592148","Anipose: A toolkit for robust markerless 3D pose estimation.","True","Y","high","Toolkit for pose estimation not a database,","","","8","N","N"
"21689434","PhyloMap: an algorithm for visualizing relationships of large sequence data sets and its application to the influenza A virus genome.","True","Y","high","Algorithm for visualizing relationships not a database,","","","8","N","N"
"24336806","NetCoffee: a fast and accurate global alignment approach to identify functionally conserved proteins in multiple networks.","False","Y","high","Alignment approach to identify proteins not a database,","","","8","N","N"
"26020645","UniqTag: Content-Derived Unique and Stable Identifiers for Gene Annotation.","False","Y","high","Tool for generating identifiers not a database,","","","8","N","N"
"34663069","TopProperty: Robust Metaprediction of Transmembrane and Globular Protein Features Using Deep Neural Networks.","True","Y","high","Metaprediction tool not a database,","","","8","N","N"
"24186831","Variobox: automatic detection and annotation of human genetic variants.","True","Y","high","Tool for detection and annotation not a database,","","","8","N","N"
"27832067","MinePath: Mining for Phenotype Differential Sub-paths in Molecular Pathways.","True","Y","high","Mining tool for pathways not a data repository","","","9","N","N"
"30715466","SpyCLIP: an easy-to-use and high-throughput compatible CLIP platform for the characterization of protein-RNA interactions with high accuracy.","False","Y","high","Platform is a tool for characterization no URL","","","9","N","N"
"28415074","NaviCom: a web application to create interactive molecular network portraits using multi-level omics data.","True","Y","high","Application to create visualizations not a data repository","","","9","N","N"
"22110059","""pTransgenesis: a cross-species, modular transgenesis resource.""","False","Y","high","Resource without URL likely methodology","","","9","N","N"
"25433698","Lipid-Pro: a computational lipid identification solution for untargeted lipidomics on data-independent acquisition tandem mass spectrometry platforms.","True","Y","high","Computational identification solution is a tool","","","9","N","N"
"27835690","Vidjil: A Web Platform for Analysis of High-Throughput Repertoire Sequencing.","True","Y","high","Platform for analysis is a tool not database","","","9","N","N"
"31850063","LD-annot: A Bioinformatics Tool to Automatically Provide Candidate SNPs With Annotations for Genetically Linked Genes.","False","Y","high","Tool for annotation no URL","","","9","N","N"
"31029079","CSESA: an R package to predict Salmonella enterica serotype based on newly incorporated spacer pairs of CRISPR.","True","Y","high","R package for prediction is software tool","","","9","N","N"
"33287694","multiGSEA: a GSEA-based pathway enrichment analysis for multi-omics data.","True","Y","high","Analysis tool for enrichment not database","","","9","N","N"
"32849767","rboAnalyzer: A Software to Improve Characterization of Non-coding RNAs From Sequence Database Search Output.","False","Y","high","Software for characterization no URL","","","9","N","N"
"34665648","MetaMLP: A Fast Word Embedding Based Classifier to Profile Target Gene Databases in Metagenomic Samples.","False","Y","high","Classifier tool for profiling databases not itself a database","","","9","N","N"
"31425122","FlyIT: Drosophila Embryogenesis Image Annotation based on Image Tiling and Convolutional Neural Networks.","False","Y","high","Tool for annotation no URL","","","9","N","N"
"26399714","htsint: a Python library for sequencing pipelines that combines data through gene set generation.","False","Y","high","Python library for pipelines is software","","","9","N","N"
"23248008","McGenus: a Monte Carlo algorithm to predict RNA secondary structures with pseudoknots.","True","Y","high","Algorithm for prediction not database","","","9","N","N"
"25372567","HemI: a toolkit for illustrating heatmaps.","True","Y","high","Toolkit for visualization not data repository","","","9","N","N"
"25358478","MS-GF+ makes progress towards a universal database search tool for proteomics.","False","Y","high","Database search tool not database itself","","","9","N","N"
"24699831","""MetalS(3), a database-mining tool for the identification of structurally similar metal sites.""","True","Y","high","Database-mining tool not database itself","","","9","N","N"
"31110304","GREIN: An Interactive Web Platform for Re-analyzing GEO RNA-seq Data.","True","Y","high","Platform for re-analyzing data is a tool","","","9","N","N"
"26001643","Wyrm: A Brain-Computer Interface Toolbox in Python.","False","Y","high","Toolbox is software not database","","","9","N","N"
"27587665","GTRAC: fast retrieval from compressed collections of genomic variants.","False","Y","high","Retrieval method not database","","","9","N","N"
"21296751","GOSSIP: a method for fast and accurate global alignment of protein structures.","True","Y","high","Method for alignment not database","","","9","N","N"
"27091472","MutSpec: a Galaxy toolbox for streamlined analyses of somatic mutation spectra in human and mouse cancer genomes.","False","Y","high","Toolbox for analyses not database","","","9","N","N"
"27216711","Ehapp2: Estimate haplotype frequencies from pooled sequencing data with prior database information.","False","Y","high","Tool to estimate frequencies not database","","","9","N","N"
"32047171","HemoSYS: A Toolkit for Image-based Systems Biology of Tumor Hemodynamics.","False","Y","high","Toolkit for analysis not database","","","9","N","N"
"33448242","Ab-Ligity: identifying sequence-dissimilar antibodies that bind to the same epitope.","True","Y","high","Tool for identifying antibodies not database","","","9","N","N"
"23145044","MetaSee: an interactive and extendable visualization toolbox for metagenomic sample analysis and comparison.","False","Y","high","Visualization toolbox is software","","","9","N","N"
"21799897","SEAS: a system for SEED-based pathway enrichment analysis.","True","Y","high","System for analysis is a tool","","","9","N","N"
"32071071","BlobToolKit - Interactive Quality Assessment of Genome Assemblies.","True","Y","high","Toolkit for quality assessment not database","","","9","N","N"
"23462700","FindZebra: a search engine for rare diseases.","True","Y","high","Search engine is a tool not database","","","9","N","N"
"34599234","Productive visualization of high-throughput sequencing data using the SeqCode open portable platform.","True","Y","high","Platform for visualization is a tool","","","9","N","N"
"28185571","HIPPI: highly accurate protein family classification with ensembles of HMMs.","False","Y","high","Classification method not database","","","9","N","N"
"25252881","ARYANA: Aligning Reads by Yet Another Approach.","False","Y","high","Alignment method not database","","","9","N","N"
"24009693","DistMap: a toolkit for distributed short read mapping on a Hadoop cluster.","False","Y","high","Toolkit for mapping is software","","","9","N","N"
"23945046","kClust: fast and sensitive clustering of large protein sequence databases.","True","Y","high","Clustering tool for databases not database itself","","","9","N","N"
"30012088","Matataki: an ultrafast mRNA quantification method for large-scale reanalysis of RNA-Seq data.","False","Y","high","Quantification method not database","","","9","N","N"
"26837755","""SapTrap, a Toolkit for High-Throughput CRISPR/Cas9 Gene Modification in Caenorhabditis elegans.""","False","Y","high","Toolkit for gene modification not database","","","9","N","N"
"32909033","Principles of Large-scale Evidence Generation and Evaluation across a Network of Databases (LEGEND).","False","Y","high","About principles and methodology not database","","","9","N","N"
"31229654","PipeIT: A Singularity Container for Molecular Diagnostic Somatic Variant Calling on the Ion Torrent Next-Generation Sequencing Platform.","False","Y","high","Pipeline container is software not database","","","9","N","N"
"23026555","""MetaSAMS--a novel software platform for taxonomic classification, functional annotation and comparative analysis of metagenome datasets.""","True","Y","high","Software platform for analysis not data repository","","","9","N","N"
"33649586","Fast searches of large collections of single-cell data using scfind.","False","Y","high","Search tool not database","","","9","N","N"
"27171416","GapBlaster-A Graphical Gap Filler for Prokaryote Genomes.","False","Y","high","Tool for gap filling not database","","","9","N","N"
"30477418","""pyHIVE, a health-related image visualization and engineering system using Python.""","True","Y","high","Visualization system is software not database","","","9","N","N"
"25521246","iPhos: a toolkit to streamline the alkaline phosphatase-assisted comprehensive LC-MS phosphoproteome investigation.","False","Y","high","Toolkit for investigation is software","","","9","N","N"
"28336542","""Seten: a tool for systematic identification and comparison of processes, phenotypes, and diseases associated with RNA-binding proteins from condition-specific CLIP-seq profiles.""","True","Y","high","Tool for identification not database","","","9","N","N"
"31028388","SEanalysis: a web tool for super-enhancer associated regulatory analysis.","True","Y","high","Tool for analysis not database","","","9","N","N"
"26209433","GeneVetter: a web tool for quantitative monogenic assessment of rare diseases.","True","Y","high","Tool for assessment not database","","","9","N","N"
"29949966","DeepFam: deep learning based alignment-free method for protein family modeling and prediction.","True","Y","high","Method for prediction not database","","","9","N","N"
"23286517","""OPPL-Galaxy, a Galaxy tool for enhancing ontology exploitation as part of bioinformatics workflows.""","False","Y","high","Tool for ontology not database","","","9","N","N"
"24218542","CoIN: a network analysis for document triage.","True","Y","high","Analysis tool for triage not database","","","9","N","N"
"31782758","Proactive visual and statistical analysis of genomic data in Epiviz.","True","Y","high","Analysis tool not database","","","9","N","N"
"23110816","Sagace: a web-based search engine for biomedical databases in Japan.","True","Y","high","Search engine not database","","","9","N","N"
"31919449","SWeeP: representing large biological sequences datasets in compact vectors.","False","Y","high","Method for representation not database","","","9","N","N"
"32742665","The Nigerian Bioinformatics and Genomics Network (NBGN): a collaborative platform to advance bioinformatics and genomics in Nigeria.","False","Y","high","Collaborative network not database","","","9","N","N"
"22708584","Primer-BLAST: a tool to design target-specific primers for polymerase chain reaction.","True","Y","high","Tool for design not database","","","9","N","N"
"31577829","""ProphET, prophage estimation tool: A stand-alone prophage sequence prediction tool with self-updating reference database.""","False","Y","high","Prediction tool not database","","","9","N","N"
"26969411","HiView: an integrative genome browser to leverage Hi-C results for the interpretation of GWAS variants.","True","Y","high","Browser for interpretation is a tool","","","9","N","N"
"28493881","shinyheatmap: Ultra fast low memory heatmap web interface for big data genomics.","True","Y","high","Visualization interface not database","","","9","N","N"
"21959868","Tripal: a construction toolkit for online genome databases.","False","Y","high","Toolkit for building databases not database itself","","","9","N","N"
"30871459","Keanu: a novel visualization tool to explore biodiversity in metagenomes.","False","Y","high","Visualization tool not database","","","9","N","N"
"27973534","climwin: An R Toolbox for Climate Window Analysis.","False","Y","high","R toolbox is software not database","","","9","N","N"
"29472547","FISSA: A neuropil decontamination toolbox for calcium imaging signals.","False","Y","high","Toolbox for decontamination is software","","","9","N","N"
"26714571","""Pathosphere.org: pathogen detection and characterization through a web-based, open source informatics platform.""","True","Y","high","Platform for detection is a tool","","","9","N","N"
"25228379","Tangram: a comprehensive toolbox for mobile element insertion detection.","False","Y","high","Toolbox for detection is software","","","9","N","N"
"21930504","The BioMart interface to the eMouseAtlas gene expression database EMAGE.","False","Y","high","About interface to database not database itself","","","9","N","N"
"29361894","The visualCMAT: A web-server to select and interpret correlated mutations/co-evolving residues in protein families.","True","Y","high","Web-server for selection/interpretation is a tool","","","9","N","N"
"27814681","WUFlux: an open-source platform for <sup>13</sup>C metabolic flux analysis of bacterial metabolism.","True","Y","high","Platform for flux analysis is a tool","","","9","N","N"
"22559942","Tavaxy: integrating Taverna and Galaxy workflows with cloud computing support.","True","Y","high","Workflow integration platform is software","","","9","N","N"
"33149150","Introducing Biomedisa as an open-source online platform for biomedical image segmentation.","False","Y","high","Segmentation platform is a tool","","","9","N","N"
"28361684","NEArender: an R package for functional interpretation of 'omics' data via network enrichment analysis.","True","Y","high","R package for interpretation is software","","","9","N","N"
"32524530","GAD: A Python Script for Dividing Genome Annotation Files into Feature-Based Files.","False","Y","high","Python script is software not database","","","9","N","N"
"24911103","GASOLINE: a Greedy And Stochastic algorithm for optimal Local multiple alignment of Interaction NEtworks.","True","Y","high","Algorithm for alignment not database","","","9","N","N"
"32621219","Estimating the Quality of 3D Protein Models Using the ModFOLD7 Server.","True","Y","high","Server for estimation is a tool","","","9","N","N"
"31504851","""BioSeq-Analysis2.0: an updated platform for analyzing DNA, RNA and protein sequences at sequence level and residue level based on machine learning approaches.""","True","Y","high","Platform for analyzing is a tool","","","9","N","N"
"24053737","SynTView - an interactive multi-view genome browser for next-generation comparative microorganism genomics.","True","Y","high","Browser is a tool not database","","","9","N","N"
"""23599922"," 24578403"",LASAGNA-Search: an integrated web tool for transcription factor binding site search and visualization.","True","Y","high","Tool for search not database","","","9","N","N"
"33433999","""Mutation Maker, An Open Source Oligo Design Platform for Protein Engineering.""","False","Y","high","Design platform is a tool","","","9","N","N"
"22539671","DecoyFinder: an easy-to-use python GUI application for building target-specific decoy sets.","True","Y","high","Application for building is software","","","9","N","N"
"32460307","CodAn: predictive models for precise identification of coding regions in eukaryotic transcripts.","False","Y","high","Predictive model tool not database","","","9","N","N"
"30423087","piMGM: incorporating multi-source priors in mixed graphical models for learning disease networks.","True","Y","high","Method for learning networks not database","","","9","N","N"
"32640979","SOAPTyping: an open-source and cross-platform tool for sequence-based typing for HLA class I and II alleles.","False","Y","high","Tool for typing not database","","","9","N","N"
"30791017","The ichthyology collection at the Natural History Museum of El Salvador (MUHNES): Species checklist and new country records.","False","Y","high","About collection records not database","","","9","N","N"
"28968788","CSAR: a contig scaffolding tool using algebraic rearrangements.","False","Y","high","Scaffolding tool not database","","","9","N","N"
"31584621","Meltos: multi-sample tumor phylogeny reconstruction for structural variants.","False","Y","high","Reconstruction tool not database","","","9","N","N"
"28646874","CMSA: a heterogeneous CPU/GPU computing system for multiple similar RNA/DNA sequence alignment.","False","Y","high","Computing system for alignment is software","","","9","N","N"
"27307614","deBWT: parallel construction of Burrows-Wheeler Transform for large collection of genomes with de Bruijn-branch encoding.","False","Y","high","Construction method not database","","","9","N","N"
"29036410","SPRINT: an SNP-free toolkit for identifying RNA editing sites.","True","Y","high","Toolkit for identifying is software","","","9","N","N"
"32091001","""A Step-by-Step Implementation of DeepBehavior, Deep Learning Toolbox for Automated Behavior Analysis.""","False","Y","high","Toolbox for analysis is software","","","9","N","N"
"32127593","TASH: Toolbox for the Automated Segmentation of Heschl's gyrus.","False","Y","high","Toolbox for segmentation is software","","","9","N","N"
"29893890","RNA Framework: an all-in-one toolkit for the analysis of RNA structures and post-transcriptional modifications.","True","Y","high","Toolkit for analysis is software","","","9","N","N"
"27898761","transPLANT Resources for Triticeae Genomic Data.","False","Y","high","About resources not database itself","","","9","N","N"
"29370760","Scuba: scalable kernel-based gene prioritization.","False","Y","high","Gene prioritization method not database","","","9","N","N"
"23812996","GeneScissors: a comprehensive approach to detecting and correcting spurious transcriptome inference owing to RNA-seq reads misalignment.","True","Y","high","Approach for detecting is a tool","","","9","N","N"
"29528370","METHCOMP: a special purpose compression platform for DNA methylation data.","False","Y","high","Compression platform is a tool","","","9","N","N"
"25332013","BIFI: a Taverna plugin for a simplified and user-friendly workflow platform.","False","Y","high","Plugin for workflow is software","","","9","N","N"
"30597002","Libra: scalable k-mer-based tool for massive all-vs-all metagenome comparisons.","True","Y","high","Tool for comparisons not database","","","9","N","N"
"28453649","""PMut: a web-based tool for the annotation of pathological variants on proteins, 2017 update.""","True","Y","high","Tool for annotation not database","","","9","N","N"
"33750289","Y-LineageTracker: a high-throughput analysis framework for Y-chromosomal next-generation sequencing data.","True","Y","high","Analysis framework is a tool","","","9","N","N"
"34809571","HaplotypeTools: a toolkit for accurately identifying recombination and recombinant genotypes.","False","Y","high","Toolkit for identifying is software","","","9","N","N"
"30975223","Moonstone: a novel natural language processing system for inferring social risk from clinical narratives.","False","Y","high","NLP system for inferring is a tool","","","9","N","N"
"21715387","FFAS server: novel features and applications.","True","Y","high","Server is a tool not database","","","9","N","N"
"26426330","Re-Annotator: Annotation Pipeline for Microarray Probe Sequences.","False","Y","high","Pipeline for annotation is software","","","9","N","N"
"26931639","LabDisk for SAXS: a centrifugal microfluidic sample preparation platform for small-angle X-ray scattering.","False","Y","high","Sample preparation platform is hardware/method","","","9","N","N"
"22865922","""Topograph, a software platform for precursor enrichment corrected global protein turnover measurements.""","False","Y","high","Software platform for measurements is a tool","","","9","N","N"
"24564732","The Risa R/Bioconductor package: integrative data analysis from experimental metadata and back again.","False","Y","high","R package for analysis is software","","","9","N","N"
"25173349","""Economic evaluation of a brief education, self-management and upper limb exercise training in people with rheumatoid arthritis (EXTRA) programme: a trial-based analysis.""","True","Y","high","Economic evaluation study not database","","","9","N","N"
"22689639","BiForce Toolbox: powerful high-throughput computational analysis of gene-gene interactions in genome-wide association studies.","False","Y","high","Toolbox for analysis is software","","","9","N","N"
"26045019","The mouse gene expression database: New features and how to use them effectively.","False","Y","high","About using database not database itself","","","9","N","N"
"24699831","""MetalS(3), a database-mining tool for the identification of structurally similar metal sites.""","True","Y","high","Database-mining tool not database","","","9","N","N"
"34016050","digIS: towards detecting distant and putative novel insertion sequence elements in prokaryotic genomes.","False","Y","high","Detection tool not database","","","9","N","N"
"30325669","Embrapa Network for Brazilian Plant Genetic Resources Conservation.","False","Y","high","About network not database","","","9","N","N"
"27348712","The Perseus computational platform for comprehensive analysis of (prote)omics data.","True","Y","high","Computational platform for analysis is a tool","","","9","N","N"
"27401169","Evaluation of the Tobii EyeX Eye tracking controller and Matlab toolkit for research.","False","Y","high","Evaluation paper not database","","","9","N","N"
"31151998","GRAF-pop: A Fast Distance-Based Method To Infer Subject Ancestry from Multiple Genotype Datasets Without Principal Components Analysis.","True","Y","high","Method for inferring not database","","","9","N","N"
"30903685","ASTRAL-MP: scaling ASTRAL to very large datasets using randomization and parallelization.","False","Y","high","Scaling method not database","","","9","N","N"
"""29281002"," 31114900"",An automated benchmarking platform for MHC class II binding prediction methods.","True","Y","high","Benchmarking platform is a tool","","","9","N","N"
"23895341","Dovetailing biology and chemistry: integrating the Gene Ontology with the ChEBI chemical ontology.","True","Y","high","About integration methodology not database","","","9","N","N"
"29240889","GeoBoost: accelerating research involving the geospatial metadata of virus GenBank records.","True","Y","high","Tool for accelerating research not database","","","9","N","N"
"24990605","ARBitrator: a software pipeline for on-demand retrieval of auto-curated nifH sequences from GenBank.","True","Y","high","Pipeline for retrieval is software","","","9","N","N"
"30137226","ImaGEO: integrative gene expression meta-analysis from GEO database.","True","Y","high","Meta-analysis tool not database","","","9","N","N"
"29842948","GB2sequin - A file converter preparing custom GenBank files for database submission.","True","Y","high","File converter is a tool","","","9","N","N"
"29954441","""INSaFLU: an automated open web-based bioinformatics suite """"from-reads"""" for influenza whole-genome-sequencing-based surveillance.""","True","Y","high","Bioinformatics suite is software","","","9","N","N"
"22492627","SAVoR: a server for sequencing annotation and visualization of RNA structures.","True","Y","high","Server for annotation is a tool","","","9","N","N"
"23782616","""ChroMoS: an integrated web tool for SNP classification, prioritization and functional interpretation.""","True","Y","high","Tool for classification not database","","","9","N","N"
"33999180","OpenAnnotate: a web server to annotate the chromatin accessibility of genomic regions.","True","Y","high","Server to annotate is a tool","","","9","N","N"
"21596783","AnnotQTL: a new tool to gather functional and comparative information on a genomic region.","True","Y","high","Tool to gather information not database","","","9","N","N"
"31114925","ImmuneRegulation: a web-based tool for identifying human immune regulatory elements.","True","Y","high","Tool for identifying not database","","","9","N","N"
"24065654","PANNOTATOR: an automated tool for annotation of pan-genomes.","True","Y","high","Tool for annotation not database","","","9","N","N"
"33206961","TopoDB: a novel multifunctional management system for laboratory animal colonies.","False","Y","high","DB suffix but management system is software","","","9","N","N"
"23493324","ChemoPy: freely available python package for computational biology and chemoinformatics.","False","Y","high","Python package is software","","","9","N","N"
"34037802","G2PDeep: a web-based deep-learning framework for quantitative phenotype prediction and discovery of genomic markers.","True","Y","high","Framework for prediction is a tool","","","9","N","N"
"23417655","PRoNTo: pattern recognition for neuroimaging toolbox.","False","Y","high","Toolbox for pattern recognition is software","","","9","N","N"
"31014374","TransLiG: a de novo transcriptome assembler that uses line graph iteration.","False","Y","high","Assembler is software not database","","","9","N","N"
"25165094","MIRPIPE: quantification of microRNAs in niche model organisms.","True","Y","high","Quantification pipeline is software","","","9","N","N"
"23293600","CoCoMac 2.0 and the future of tract-tracing databases.","False","Y","high","About future of databases not database itself","","","9","N","N"
"22693224","PsRobot: a web-based plant small RNA meta-analysis toolbox.","True","Y","high","Toolbox for meta-analysis is software","","","9","N","N"
"29669011","AnnotSV: an integrated tool for structural variations annotation.","True","Y","high","Tool for annotation not database","","","9","N","N"
"23624262","Validation of the curation pipeline of UniCarb-DB: building a global glycan reference MS/MS repository.","False","Y","high","About validation of pipeline not database","","","9","N","N"
"32108855","Bio2Rxn: sequence-based enzymatic reaction predictions by a consensus strategy.","True","Y","high","Prediction tool not database","","","9","N","N"
"34585726","EpiSurf: metadata-driven search server for analyzing amino acid changes within epitopes of SARS-CoV-2 and other viral species.","True","Y","high","Search server for analyzing is a tool","","","9","N","N"
"24911789","CELLO2GO: a web server for protein subCELlular LOcalization prediction with functional gene ontology annotation.","True","Y","high","Server for prediction is a tool","","","9","N","N"
"28510698","XSuLT: a web server for structural annotation and representation of sequence-structure alignments.","True","Y","high","Server for annotation is a tool","","","9","N","N"
"23766290","INMEX--a web-based tool for integrative meta-analysis of expression data.","True","Y","high","Tool for meta-analysis not database","","","9","N","N"
"23625965","ValiDichro: a website for validating and quality control of protein circular dichroism spectra.","True","Y","high","Website for validation is a tool","","","9","N","N"
"34001434","TaxonKit: A practical and efficient NCBI taxonomy toolkit.","True","Y","high","Toolkit is software not database","","","9","N","N"
"27153000","RVTESTS: an efficient and comprehensive tool for rare variant association analysis using sequence data.","False","Y","high","Tool for analysis not database","","","9","N","N"
"29091996","""Visualization portal for genetic variation (VizGVar): a tool for interactive visualization of SNPs and somatic mutations in exons, genes and protein domains.""","True","Y","high","Tool for visualization not database","","","9","N","N"
"29184056","Functional mapping and annotation of genetic associations with FUMA.","False","Y","high","Tool for functional mapping not database","","","9","N","N"
"28460063","WoPPER: Web server for Position Related data analysis of gene Expression in Prokaryotes.","True","Y","high","Web server for analysis is a tool","","","9","N","N"
"22945945","GenScalpel: an application for sequence retrieval and extraction from the GenBank flatfile.","True","Y","high","Application for retrieval is a tool","","","9","N","N"
"25570666","WELCOME – innovative integrated care platform using wearable sensing and smart cloud computing for COPD patients with comorbidities.","False","Y","high","Care platform is healthcare system not database","","","9","N","N"
"22646023","""OLSVis: an animated, interactive visual browser for bio-ontologies.""","True","Y","high","Browser is a tool not database","","","9","N","N"
"28521733","NFPscanner: a webtool for knowledge-based deciphering of biomedical networks.","True","Y","high","Tool for deciphering not database","","","9","N","N"
"29385402","G2S: a web-service for annotating genomic variants on 3D protein structures.","True","Y","high","Service for annotating is a tool","","","9","N","N"
"28582457","OGUMI-A new mobile application to conduct common-pool resource experiments in continuous time.","False","Y","high","Mobile application not database","","","9","N","N"
"29718162","lncFunTK: a toolkit for functional annotation of long noncoding RNAs.","True","Y","high","Toolkit for annotation is software","","","9","N","N"
"25703262","Oncotator: cancer variant annotation tool.","True","Y","high","Annotation tool not database","","","9","N","N"
"28659129","SLMSuite: a suite of algorithms for segmenting genomic profiles.","False","Y","high","Suite of algorithms is software","","","9","N","N"
"34261540","DeepProg: an ensemble of deep-learning and machine-learning models for prognosis prediction using multi-omics data.","False","Y","high","Ensemble models for prediction is a tool","","","9","N","N"
"25506822","VAAPA: a web platform for visualization and analysis of alternative polyadenylation.","False","Y","high","Platform for visualization is a tool","","","9","N","N"
"28768481","PiiL: visualization of DNA methylation and gene expression data in gene pathways.","False","Y","high","Visualization tool not database","","","9","N","N"
"26921390","""ETE 3: Reconstruction, Analysis, and Visualization of Phylogenomic Data.""","True","Y","high","Tool for reconstruction and analysis not database","","","9","N","N"
"30298955","CardioVAI: An automatic implementation of ACMG-AMP variant interpretation guidelines in the diagnosis of cardiovascular diseases.","True","Y","high","Implementation tool for diagnosis not database","","","9","N","N"
"29728244","MONTRA: An agile architecture for data publishing and discovery.","False","Y","high","Architecture for data publishing is framework","","","9","N","N"
"33490984","SEQUIN: An imaging and analysis platform for quantification and characterization of synaptic structures in mouse.","False","Y","high","Platform for quantification is a tool","","","9","N","N"
"30239879","Trips-Viz: a transcriptome browser for exploring Ribo-Seq data.","True","Y","high","Browser for exploring is a tool","","","9","N","N"
"21602264","miRvestigator: web application to identify miRNAs responsible for co-regulated gene expression patterns discovered through transcriptome profiling.","True","Y","high","Application to identify is a tool","","","9","N","N"
"24892985","NqA: an R-based algorithm for the normalization and analysis of microRNA quantitative real-time polymerase chain reaction data.","True","Y","high","Algorithm for normalization is software","","","9","N","N"
"22073040","ClubSub-P: Cluster-Based Subcellular Localization Prediction for Gram-Negative Bacteria and Archaea.","True","Y","high","Prediction tool not database","","","9","N","N"
"32833550","EasyAmber: A comprehensive toolbox to automate the molecular dynamics simulation of proteins.","True","Y","high","Toolbox for simulation is software","","","9","N","N"
"23515897","OrthoRBH: A streamlined pipeline for mining large gene family sequences in related species.","False","Y","high","Pipeline for mining is software","","","9","N","N"
"23989082","PhenDisco: phenotype discovery system for the database of genotypes and phenotypes.","True","Y","high","Discovery system is a tool","","","9","N","N"
"30893816","CuDDI: A CUDA-Based Application for Extracting Drug-Drug Interaction Related Substance Terms from PubMed Literature.","False","Y","high","Application for extracting is software","","","9","N","N"
"21586520","Genome-wide association studies pipeline (GWASpi): a desktop application for genome-wide SNP analysis and management.","True","Y","high","Pipeline application is software","","","9","N","N"
"33911090","COSMAS: a lightweight toolbox for cardiac optical mapping analysis.","False","Y","high","Toolbox for analysis is software","","","9","N","N"
"""23047564"," 23257199"",Pathway-based visualization of cross-platform microarray datasets.","True","Y","high","Visualization tool not database","","","9","N","N"
"26013811","DeAnnCNV: a tool for online detection and annotation of copy number variations from whole-exome sequencing data.","True","Y","high","Tool for detection not database","","","9","N","N"
"34358228","PhyloFisher: A phylogenomic package for resolving eukaryotic relationships.","False","Y","high","Package for phylogenomic analysis is software","","","9","N","N"
"28453650","""plantiSMASH: automated identification, annotation and expression analysis of plant biosynthetic gene clusters.""","True","Y","high","Automated identification tool not database","","","9","N","N"
"30351394","VCPA: genomic variant calling pipeline and data management tool for Alzheimer's Disease Sequencing Project.","True","Y","high","Pipeline and management tool not database","","","9","N","N"
"25887214","PathwayBooster: a tool to support the curation of metabolic pathways.","True","Y","high","Tool to support curation not database","","","9","N","N"
"31053848","OrthoVenn2: a web server for whole-genome comparison and annotation of orthologous clusters across multiple species.","True","Y","high","Web server for comparison is a tool","","","9","N","N"
"31971940","""Knowledge-guided analysis of """"omics"""" data using the KnowEnG cloud platform.""","False","Y","high","Cloud platform for analysis is a tool","","","9","N","N"
"23079107","CellNOptR: a flexible toolkit to train protein signaling networks to data using multiple logic formalisms.","False","Y","high","Toolkit for training is software","","","9","N","N"
"30219844","TCellXTalk facilitates the detection of co-modified peptides for the study of protein post-translational modification cross-talk in T cells.","True","Y","high","Tool for detection not database","","","9","N","N"
"23792952","UP-TORR: online tool for accurate and Up-to-Date annotation of RNAi Reagents.","True","Y","high","Tool for annotation not database","","","9","N","N"
"33711505","EasyMAP: A user-friendly online platform for analyzing 16S ribosomal DNA sequencing data.","True","Y","high","Platform for analyzing is a tool","","","9","N","N"
"25969446","The TOPCONS web server for consensus prediction of membrane protein topology and signal peptides.","True","Y","high","Server for prediction is a tool","","","9","N","N"
"32421769","PlaToLoCo: the first web meta-server for visualization and annotation of low complexity regions in proteins.","True","Y","high","Meta-server for visualization is a tool","","","9","N","N"
"29401212","GEMMER: GEnome-wide tool for Multi-scale Modeling data Extraction and Representation for Saccharomyces cerevisiae.","True","Y","high","Tool for data extraction not database","","","9","N","N"
"32245404","MI-MAAP: marker informativeness for multi-ancestry admixed populations.","True","Y","high","Tool for marker informativeness not database","","","9","N","N"
"23768135","bioNerDS: exploring bioinformatics' database and software use through literature mining.","False","Y","high","Tool for exploring database use not database","","","9","N","N"
"22956357","""PhysioScripts: an extensible, open source platform for the processing of physiological data.""","True","Y","high","Platform for processing is software","","","9","N","N"
"30541062","CASMAP: detection of statistically significant combinations of SNPs in association mapping.","False","Y","high","Detection method not database","","","9","N","N"
"23082188","MOCAT: a metagenomics assembly and gene prediction toolkit.","True","Y","high","Toolkit for assembly is software","","","9","N","N"
"33963857","Proteo3Dnet: a web server for the integration of structural information with interactomics data.","True","Y","high","Server for integration is a tool","","","9","N","N"
"32437538","scTPA: a web tool for single-cell transcriptome analysis of pathway activation signatures.","True","Y","high","Tool for analysis not database","","","9","N","N"
"28057684","iSmaRT: a toolkit for a comprehensive analysis of small RNA-Seq data.","True","Y","high","Toolkit for analysis is software","","","9","N","N"
"25894945","Isotope-targeted glycoproteomics (IsoTaG): a mass-independent platform for intact N- and O-glycopeptide discovery and analysis.","False","Y","high","Platform for discovery is a method","","","9","N","N"
"22190598","AnnotCompute: annotation-based exploration and meta-analysis of genomics experiments.","True","Y","high","Tool for exploration and meta-analysis not database","","","9","N","N"
"27586009","InteGO2: a web tool for measuring and visualizing gene semantic similarities using Gene Ontology.","True","Y","high","Tool for measuring similarities not database","","","9","N","N"
"26980517","HerDing: herb recommendation system to treat diseases using genes and chemicals.","True","Y","high","Recommendation system is a tool","","","9","N","N"
"28007912","GARLIC: a bioinformatic toolkit for aetiologically connecting diseases and cell type-specific regulatory maps.","False","Y","high","Toolkit for connecting is software","","","9","N","N"
"22743774","Icy: an open bioimage informatics platform for extended reproducible research.","True","Y","high","Platform for research is software","","","9","N","N"
"30623477","eSHAFTS: Integrated and graphical drug design software based on 3D molecular similarity.","True","Y","high","Drug design software not database","","","9","N","N"
"31214700","PatientExploreR: an extensible application for dynamic visualization of patient clinical history from electronic health records in the OMOP common data model.","True","Y","high","Application for visualization is software","","","9","N","N"
"34023906","MyCLADE: a multi-source domain annotation server for sequence functional exploration.","True","Y","high","Server for annotation is a tool","","","9","N","N"
"28637269","Announcing the Genome Atlas of Bamboo and Rattan (GABR) project: promoting research in evolution and in economically and ecologically beneficial plants.","False","Y","high","Announcement about project not database","","","9","N","N"
"25673340","MESMER: minimal ensemble solutions to multiple experimental restraints.","False","Y","high","Method for ensemble solutions not database","","","9","N","N"
"31130993","DiVenn: An Interactive and Integrated Web-Based Visualization Tool for Comparing Gene Lists.","True","Y","high","Visualization tool not database","","","9","N","N"
"33623058","EXACT: a collaboration toolset for algorithm-aided annotation of images with annotation version control.","False","Y","high","Toolset for annotation is software","","","9","N","N"
"29304726","PIVOT: platform for interactive analysis and visualization of transcriptomics data.","False","Y","high","Platform for analysis is a tool","","","9","N","N"
"32485553","SCALPEL3: A scalable open-source library for healthcare claims databases.","False","Y","high","Library for healthcare claims is software","","","9","N","N"
"34015821","ProtCHOIR: a tool for proteome-scale generation of homo-oligomers.","True","Y","high","Tool for generation not database","","","9","N","N"
"31882993","ShinyGO: a graphical gene-set enrichment tool for animals and plants.","True","Y","high","Tool for enrichment not database","","","9","N","N"
"27473062","Evo-Devo-EpiR: a genome-wide search platform for epistatic control on the evolution of development.","False","Y","high","Search platform is a tool","","","9","N","N"
"33161418","MobiDetails: online DNA variants interpretation.","True","Y","high","Tool for interpretation not database","","","9","N","N"
"23281648","C-mii: a tool for plant miRNA and target identification.","True","Y","high","Tool for identification not database","","","9","N","N"
"31393554","RICOPILI: Rapid Imputation for COnsortias PIpeLIne.","False","Y","high","Pipeline for imputation is software","","","9","N","N"
"26708336","rCGH: a comprehensive array-based genomic profile platform for precision medicine.","True","Y","high","Platform for genomic profiling is a tool","","","9","N","N"
"23452048","Wolf2Pack--portal based atomistic force-field development.","True","Y","high","Portal for force-field development is a tool","","","9","N","N"
"31649733","CEPICS: A Comparison and Evaluation Platform for Integration Methods in Cancer Subtyping.","False","Y","high","Platform for comparison is a tool","","","9","N","N"
"32407491","iBioProVis: interactive visualization and analysis of compound bioactivity space.","True","Y","high","Visualization tool not database","","","9","N","N"
"29718114","""MiRGOFS: a GO-based functional similarity measurement for miRNAs, with applications to the prediction of miRNA subcellular localization and miRNA-disease association.""","True","Y","high","Measurement tool for prediction not database","","","9","N","N"
"25522378","DREADD: a chemogenetic GPCR signaling platform.","False","Y","high","Signaling platform is methodology not database","","","9","N","N"
"23356573","Seq2Ref: a web server to facilitate functional interpretation.","True","Y","high","Server to facilitate interpretation is a tool","","","9","N","N"
"30753697","DeepRibo: a neural network for precise gene annotation of prokaryotes by combining ribosome profiling signal and binding site patterns.","False","Y","high","Neural network for annotation is a tool","","","9","N","N"
"25380960","IntSide: a web server for the chemical and biological examination of drug side effects.","True","Y","high","Server for examination is a tool","","","9","N","N"
"28082394","TSSPlant: a new tool for prediction of plant Pol II promoters.","True","Y","high","Tool for prediction not database","","","9","N","N"
"32439998","TraPS-VarI: Identifying genetic variants altering phosphotyrosine based signalling motifs.","True","Y","high","Tool for identifying variants not database","","","9","N","N"
"25957349","Tax4Fun: predicting functional profiles from metagenomic 16S rRNA data.","True","Y","high","Tool for predicting not database","","","9","N","N"
"26956673","CoeViz: a web-based tool for coevolution analysis of protein residues.","True","Y","high","Tool for analysis not database","","","9","N","N"
"29092929","WebMeV: A Cloud Platform for Analyzing and Visualizing Cancer Genomic Data.","True","Y","high","Platform for analyzing is a tool","","","9","N","N"
"21646339","PileLineGUI: a desktop environment for handling genome position files in next-generation sequencing studies.","True","Y","high","Desktop environment is software not database","","","9","N","N"
"33063413","HerbiPAD: a free web platform to comprehensively analyze constitutive property and herbicide-likeness to estimate chemical bioavailability.","True","Y","high","Platform for analysis is a tool","","","9","N","N"
"34019664","DeepGOWeb: fast and accurate protein function prediction on the (Semantic) Web.","True","Y","high","Prediction tool not database","","","9","N","N"
"23276706","PRASA: an integrated web server that analyzes protein interaction types.","True","Y","high","Server for analysis is a tool","","","9","N","N"
"23985960","BCILAB: a platform for brain-computer interface development.","False","Y","high","Platform for development is software","","","9","N","N"
"34213323","pdCSM-cancer: Using Graph-Based Signatures to Identify Small Molecules with Anticancer Properties.","True","Y","high","Tool for identifying molecules not database","","","9","N","N"
"25503062","ViVar: a comprehensive platform for the analysis and visualization of structural genomic variation.","True","Y","high","Platform for analysis is a tool","","","9","N","N"
"29092935","CRAVAT 4: Cancer-Related Analysis of Variants Toolkit.","False","Y","high","Toolkit for analysis is software","","","9","N","N"
"27043857","PDB2Graph: A toolbox for identifying critical amino acids map in proteins based on graph theory.","False","Y","high","Toolbox for identifying is software","","","9","N","N"
"33211865","Asymmetron: a toolkit for the identification of strand asymmetry patterns in biological sequences.","False","Y","high","Toolkit for identification is software","","","9","N","N"
"31907209","pVACtools: A Computational Toolkit to Identify and Visualize Cancer Neoantigens.","True","Y","high","Toolkit to identify is software","","","9","N","N"
"32620910","""MARES, a replicable pipeline and curated reference database for marine eukaryote metabarcoding.""","False","Y","high","Pipeline not database","","","9","N","N"
"23951102","Dizeez: an online game for human gene-disease annotation.","True","Y","high","Game for annotation is a tool","","","9","N","N"
"23716644","BiDaS: a web-based Monte Carlo BioData Simulator based on sequence/feature characteristics.","True","Y","high","Simulator is a tool not database","","","9","N","N"
"32981139","Whole-Brain Image Analysis and Anatomical Atlas 3D Generation Using MagellanMapper.","False","Y","high","Tool for image analysis not database","","","9","N","N"
"27153567","ProtAnnot: an App for Integrated Genome Browser to display how alternative splicing and transcription affect proteins.","True","Y","high","App for display is software not database","","","9","N","N"
"25028726","MToolBox: a highly automated pipeline for heteroplasmy annotation and prioritization analysis of human mitochondrial variants in high-throughput sequencing.","False","Y","high","Pipeline for annotation is software","","","9","N","N"
"28459991","GASS-WEB: a web server for identifying enzyme active sites based on genetic algorithms.","True","Y","high","Server for identifying is a tool","","","9","N","N"
"21420460","AllerML: markup language for allergens.","True","Y","high","Markup language is a standard not database","","","9","N","N"
"31241221","PAMAM: Power analysis in multiancestry admixture mapping.","True","Y","high","Power analysis tool not database","","","9","N","N"
"24715218","CancerEST: a web-based tool for automatic meta-analysis of public EST data.","True","Y","high","Tool for meta-analysis not database","","","9","N","N"
"29186322","SAPP: functional genome annotation and analysis through a semantic framework using FAIR principles.","True","Y","high","Framework for annotation is software","","","9","N","N"
"26626150","MERAV: a tool for comparing gene expression across human tissues and cell types.","True","Y","high","Tool for comparing/analyzing data","","","10","N","N"
"30772429","VGSC2: Second generation vector graph toolkit of genome synteny and collinearity.","True","Y","high","Toolkit is a tool for visualization","","","10","N","N"
"23209562","Wiki-pi: a web-server of annotated human protein-protein interactions to aid in discovery of protein function.","True","Y","high","Web server is a tool; no database suffix","","","10","N","N"
"30956140","exceRpt: A Comprehensive Analytic Platform for Extracellular RNA Profiling.","True","Y","high","Platform for analysis is a tool","","","10","N","N"
"27297497","VDJviz: a versatile browser for immunogenomics data.","False","Y","high","Browser tool; no URL strengthens false positive","","","10","N","N"
"26542446","EnzDP: improved enzyme annotation for metabolic network reconstruction based on domain composition profiles.","True","Y","high","Tool for annotation/reconstruction","","","10","N","N"
"25433696","LigDig: a web server for querying ligand-protein interactions.","True","Y","high","Web server for querying is a tool","","","10","N","N"
"34788279","MGEnrichment: A web application for microglia gene list enrichment analysis.","True","Y","high","Web application for analysis is a tool","","","10","N","N"
"27130330","G-DOC Plus - an integrative bioinformatics platform for precision medicine.","True","Y","high","Integration platform is a tool","","","10","N","N"
"27151202","CSM-lig: a web server for assessing and comparing protein-small molecule affinities.","True","Y","high","Web server for assessment is a tool","","","10","N","N"
"23803467","GRN2SBML: automated encoding and annotation of inferred gene regulatory networks complying with SBML.","True","Y","high","Tool for encoding/annotation","","","10","N","N"
"29788413","ezTag: tagging biomedical concepts via interactive learning.","True","Y","high","Tool for tagging is methodology","","","10","N","N"
"32324217","MusiteDeep: a deep-learning based webserver for protein post-translational modification site prediction and visualization.","True","Y","high","Prediction tool methodology","","","10","N","N"
"33999207","PERCEPTRON: an open-source GPU-accelerated proteoform identification pipeline for top-down proteomics.","True","Y","high","Pipeline is a methodology tool","","","10","N","N"
"29474519","ViCTree: an automated framework for taxonomic classification from protein sequences.","True","Y","high","Framework for classification is methodology","","","10","N","N"
"26666970","MycoCAP - Mycobacterium Comparative Analysis Platform.","True","Y","medium","Platform for analysis is typically a tool","","","10","N","N"
"26975659","NetDecoder: a network biology platform that decodes context-specific biological networks and gene activities.","True","Y","medium","Platform for decoding/analysis is a tool","","","10","N","N"
"27391578","SwissSimilarity: A Web Tool for Low to Ultra High Throughput Ligand-Based Virtual Screening.","True","Y","high","Web tool for screening is methodology","","","10","N","N"
"22645168","AS-EAST: a functional annotation tool for putative proteins encoded by alternatively spliced transcripts.","True","Y","high","Tool for annotation is methodology","","","10","N","N"
"32810405","BRIDGE: An Open Platform for Reproducible High-Throughput Free Energy Simulations.","False","Y","high","Platform for simulations is a tool; no URL","","","10","N","N"
"24312569","Real-time fMRI pattern decoding and neurofeedback using FRIEND: an FSL-integrated BCI toolbox.","False","Y","high","Toolbox is a tool; no URL","","","10","N","N"
"23180575","Vivaldi: visualization and validation of biomacromolecular NMR structures from the PDB.","True","Y","high","Tool for visualization and validation","","","10","N","N"
"21513511","Ultra-fast sequence clustering from similarity networks with SiLiX.","True","Y","high","Method for clustering","","","10","N","N"
"24493591","CellGeo: a computational platform for the analysis of shape changes in cells with complex geometries.","False","Y","high","Platform for analysis is a tool; no URL","","","10","N","N"
"26481321","BubbleGUM: automatic extraction of phenotype molecular signatures and comprehensive visualization of multiple Gene Set Enrichment Analyses.","True","Y","high","Tool for extraction and visualization","","","10","N","N"
"32442279","""Fluxer: a web application to compute, analyze and visualize genome-scale metabolic flux networks.""","True","Y","high","Web application to compute/analyze is a tool","","","10","N","N"
"31917259","Gclust: A Parallel Clustering Tool for Microbial Genomic Data.","True","Y","high","Tool for clustering is methodology","","","10","N","N"
"31924845","SWAV: a web-based visualization browser for sliding window analysis.","True","Y","high","Browser/visualization tool","","","10","N","N"
"21586582","iPBA: a tool for protein structure comparison using sequence alignment strategies.","True","Y","high","Tool for comparison is methodology","","","10","N","N"
"29473009","COREMIC: a web-tool to search for a niche associated CORE MICrobiome.","True","Y","high","Web-tool for searching is methodology","","","10","N","N"
"21372341","Key2Ann: a tool to process sequence sets by replacing database identifiers with a human-readable annotation.","True","Y","high","Tool to process/replace is methodology","","","10","N","N"
"22829735","RAmiRNA: Software suite for generation of SVMbased prediction models of mature miRNAs.","True","Y","high","Software for prediction is methodology","","","10","N","N"
"32436933","iWhale: a computational pipeline based on Docker and SCons for detection and annotation of somatic variants in cancer WES data.","True","Y","high","Pipeline for detection is methodology","","","10","N","N"
"24444495","Igloo-Plot: a tool for visualization of multidimensional datasets.","True","Y","high","Tool for visualization is methodology","","","10","N","N"
"31261733","3D-PP: A Tool for Discovering Conserved Three-Dimensional Protein Patterns.","True","Y","high","Tool for discovering patterns is methodology","","","10","N","N"
"33243176","CAPRIB: a user-friendly tool to study amino acid changes and selection for the exploration of intra-genus evolution.","False","Y","high","Tool for studying is methodology; no URL","","","10","N","N"
"28449106","""MicrobiomeAnalyst: a web-based tool for comprehensive statistical, visual and meta-analysis of microbiome data.""","True","Y","high","Tool for analysis is methodology","","","10","N","N"
"21904425","SSPred: A prediction server based on SVM for the identification and classification of proteins involved in bacterial secretion systems.","True","Y","high","Prediction server is methodology tool","","","10","N","N"
"24300438","ISRNA: an integrative online toolkit for short reads from high-throughput sequencing data.","True","Y","high","Toolkit is a tool","","","10","N","N"
"31775760","MySeq: privacy-protecting browser-based personal Genome analysis for genomics education and exploration.","False","Y","high","Browser tool for analysis; no URL","","","10","N","N"
"26498826","HiFive: a tool suite for easy and efficient HiC and 5C data analysis.","True","Y","high","Tool suite for analysis is methodology","","","10","N","N"
"28460065","SBSPKSv2: structure-based sequence analysis of polyketide synthases and non-ribosomal peptide synthetases.","True","Y","high","Tool for structure-based analysis","","","10","N","N"
"24574118","Canto: an online tool for community literature curation.","True","Y","high","Tool for curation is methodology","","","10","N","N"
"28453684","MAPPI-DAT: data management and analysis for protein-protein interaction data from the high-throughput MAPPIT cell microarray platform.","False","Y","high","Tool for data management/analysis; no URL","","","10","N","N"
"26589277","SomVarIUS: somatic variant identification from unpaired tissue samples.","True","Y","high","Tool for identification is methodology","","","10","N","N"
"31106342","MutationDistiller: user-driven identification of pathogenic DNA variants.","True","Y","high","Tool for identification is methodology","","","10","N","N"
"30630411","CoMetGeNe: mining conserved neighborhood patterns in metabolic and genomic contexts.","True","Y","high","Tool for mining patterns is methodology","","","10","N","N"
"21602510","""GProX, a user-friendly platform for bioinformatics analysis and visualization of quantitative proteomics data.""","False","Y","high","Platform for analysis is a tool; no URL","","","10","N","N"
"33893803","ADMETlab 2.0: an integrated online platform for accurate and comprehensive predictions of ADMET properties.","True","Y","high","Platform for predictions is methodology tool","","","10","N","N"
"32978617","CrossICC: iterative consensus clustering of cross-platform gene expression data without adjusting batch effect.","True","Y","high","Tool for clustering/analysis","","","10","N","N"
"21977986","ProDiGe: Prioritization Of Disease Genes with multitask machine learning from positive and unlabeled examples.","True","Y","high","Tool for prioritization using machine learning","","","10","N","N"
"26044712","""CATNAP: a tool to compile, analyze and tally neutralizing antibody panels.""","True","Y","high","Tool to compile/analyze is methodology","","","10","N","N"
"29961853","MrBait: universal identification and design of targeted-enrichment capture probes.","True","Y","high","Tool for identification and design","","","10","N","N"
"21593126","HMMER web server: interactive sequence similarity searching.","True","Y","high","Web server for searching is a tool","","","10","N","N"
"33554860","""shinyDepMap, a tool to identify targetable cancer genes and their functional connections from Cancer Dependency Map data.""","True","Y","high","Tool to identify is methodology","","","10","N","N"
"29728050","ProLego: tool for extracting and visualizing topological modules in protein structures.","True","Y","high","Tool for extracting/visualizing is methodology","","","10","N","N"
"32163221","A toolbox for brain network construction and classification (BrainNetClass).","False","Y","high","Toolbox is a tool; no URL","","","10","N","N"
"24289158","wKinMut: an integrated tool for the analysis and interpretation of mutations in human protein kinases.","True","Y","high","Tool for analysis and interpretation","","","10","N","N"
"21500218","MDAnalysis: a toolkit for the analysis of molecular dynamics simulations.","True","Y","high","Toolkit for analysis is methodology","","","10","N","N"
"24609470","OMIGA: Optimized Maker-Based Insect Genome Annotation.","True","Y","high","Tool for annotation","","","10","N","N"
"34622387","StackHCV: a web-based integrative machine-learning framework for large-scale identification of hepatitis C virus NS5B inhibitors.","True","Y","high","Framework for identification is methodology","","","10","N","N"
"27864762","""In Silico Methods for Cell Annotation, Quantification of Gene Expression, and Cell Geometry at Single-Cell Resolution Using 3DCellAtlas.""","False","Y","high","Methods paper; no database","","","10","N","N"
"32814975","FuSe: a tool to move RNA-Seq analyses from chromosomal/gene loci to functional grouping of mRNA transcripts.","True","Y","high","Tool to move/analyze is methodology","","","10","N","N"
"27485441","NET-GE: a web-server for NETwork-based human gene enrichment.","True","Y","high","Web-server for enrichment is a tool","","","10","N","N"
"29931246","MolArt: a molecular structure annotation and visualization tool.","True","Y","high","Tool for annotation and visualization","","","10","N","N"
"25878034","NGS-eval: NGS Error analysis and novel sequence VAriant detection tooL.","True","Y","high","Tool for analysis and detection","","","10","N","N"
"33279968","""Gene Circuit Explorer (GeneEx): an interactive web-app for visualizing, simulating and analyzing gene regulatory circuits.""","True","Y","high","Web-app for visualizing/analyzing is a tool","","","10","N","N"
"32673477","Pred-Skin: A Web Portal for Accurate Prediction of Human Skin Sensitizers.","False","Y","high","Portal for prediction is methodology; no URL","","","10","N","N"
"25159034","MendeLIMS: a web-based laboratory information management system for clinical genome sequencing.","True","Y","high","Management system is a tool not a database","","","10","N","N"
"30472416","AncestryPainter: A Graphic Program for Displaying Ancestry Composition of Populations and Individuals.","True","Y","high","Program for displaying is visualization tool","","","10","N","N"
"23104888","MycPermCheck: the Mycobacterium tuberculosis permeability prediction tool for small molecules.","True","Y","high","Prediction tool is methodology","","","10","N","N"
"31657565","LFQ-Analyst: An Easy-To-Use Interactive Web Platform To Analyze and Visualize Label-Free Proteomics Data Preprocessed with MaxQuant.","True","Y","high","Platform to analyze/visualize is a tool","","","10","N","N"
"27316337","PGA: an R/Bioconductor package for identification of novel peptides using a customized database derived from RNA-Seq.","True","Y","high","R package for identification is methodology tool","","","10","N","N"
"32392295","CausalMGM: an interactive web-based causal discovery tool.","True","Y","high","Tool for discovery is methodology","","","10","N","N"
"21545712","""SNiPlay: a web-based tool for detection, management and analysis of SNPs. Application to grapevine diversity projects.""","True","Y","high","Tool for detection and analysis","","","10","N","N"
"24875471","""PTHGRN: unraveling post-translational hierarchical gene regulatory networks using PPI, ChIP-seq and gene expression data.""","True","Y","high","Tool for unraveling/constructing networks","","","10","N","N"
"28572580","UROPA: a tool for Universal RObust Peak Annotation.","False","Y","high","Tool for annotation; no URL","","","10","N","N"
"32160038","AptaBlocks Online: A Web-Based Toolkit for the In Silico Design of Oligonucleotide Sticky Bridges.","False","Y","high","Toolkit for design; no URL","","","10","N","N"
"26504140","GenoWAP: GWAS signal prioritization through integrated analysis of genomic functional annotation.","True","Y","high","Tool for prioritization through analysis","","","10","N","N"
"28467460","MGmapper: Reference based mapping and taxonomy annotation of metagenomics sequence reads.","True","Y","high","Tool for mapping and annotation","","","10","N","N"
"27142836","iMap4: An open source toolbox for the statistical fixation mapping of eye movement data with linear mixed modeling.","False","Y","high","Toolbox is a tool; no URL","","","10","N","N"
"27153675","TreeDom: a graphical web tool for analysing domain architecture evolution.","True","Y","high","Tool for analyzing is methodology","","","10","N","N"
"34772921","Mesmerize is a dynamically adaptable user-friendly analysis platform for 2D and 3D calcium imaging data.","False","Y","high","Platform for analysis is a tool; no URL","","","10","N","N"
"22581768","PEP-FOLD: an updated de novo structure prediction server for both linear and disulfide bonded cyclic peptides.","True","Y","high","Prediction server is methodology tool","","","10","N","N"
"30137425","TranSurVeyor: an improved database-free algorithm for finding non-reference transpositions in high-throughput sequencing data.","False","Y","high","Algorithm for finding is methodology; no URL","","","10","N","N"
"24338423","ReSeqTools: an integrated toolkit for large-scale next-generation sequencing based resequencing analysis.","False","Y","high","Toolkit is a tool; no URL","","","10","N","N"
"29218876","OWL-NETS: Transforming OWL Representations for Improved Network Inference.","False","Y","high","Tool for transforming; no URL","","","10","N","N"
"26434581","mirPRo-a novel standalone program for differential expression and variation analysis of miRNAs.","False","Y","high","Program for analysis is a tool; no URL","","","10","N","N"
"32976679","Spage2vec: Unsupervised representation of localized spatial gene expression signatures.","False","Y","high","Method for representation; no URL","","","10","N","N"
"34034647","GWENA: gene co-expression networks analysis and extended modules characterization in a single Bioconductor package.","True","Y","high","R package for analysis is a tool","","","10","N","N"
"""21459847"," 31045208"",""The IntFOLD server: an integrated web resource for protein fold recognition, 3D model quality assessment, intrinsic disorder prediction, domain prediction and ligand binding site prediction.""","True","Y","high","Server for prediction is methodology tool","","","10","N","N"
"32735312","PyRice: a Python package for querying Oryza sativa databases.","False","Y","high","Python package for querying is a tool; no URL","","","10","N","N"
"27670777","FAMSA: Fast and accurate multiple sequence alignment of huge protein families.","True","Y","high","Tool for sequence alignment is methodology","","","10","N","N"
"24532728","GUILDify: a web server for phenotypic characterization of genes through biological data integration and network-based prioritization algorithms.","True","Y","high","Web server for prioritization is a tool","","","10","N","N"
"31070716","ResPRE: high-accuracy protein contact prediction by coupling precision matrix with deep residual neural networks.","True","Y","high","Prediction tool is methodology","","","10","N","N"
"29069412","""MEBS, a software platform to evaluate large (meta)genomic collections according to their metabolic machinery: unraveling the sulfur cycle.""","False","Y","high","Software platform for evaluation; no URL","","","10","N","N"
"31799609","""RNA-Puzzles toolkit: a computational resource of RNA 3D structure benchmark datasets, structure manipulation, and evaluation tools.""","False","Y","high","Toolkit is a tool; no URL","","","10","N","N"
"22689642","BIPS: BIANA Interolog Prediction Server. A tool for protein-protein interaction inference.","True","Y","high","Prediction server is methodology tool","","","10","N","N"
"22826541","RILogo: visualizing RNA-RNA interactions.","True","Y","high","Tool for visualizing is methodology","","","10","N","N"
"22178299","""SimTB, a simulation toolbox for fMRI data under a model of spatiotemporal separability.""","True","Y","high","Toolbox for simulation is a tool","","","10","N","N"
"21757464","""PDBpaint, a visualization webservice to tag protein structures with sequence annotations.""","True","Y","high","Webservice for visualization is a tool","","","10","N","N"
"26384564","Beegle: from literature mining to disease-gene discovery.","True","Y","high","Tool for mining and discovery","","","10","N","N"
"27153697","FRAGSION: ultra-fast protein fragment library generation by IOHMM sampling.","True","Y","high","Tool for library generation","","","10","N","N"
"27479659","TepiTool: A Pipeline for Computational Prediction of T Cell Epitope Candidates.","True","Y","high","Pipeline for prediction is methodology","","","10","N","N"
"32921303","ANDDigest: a new web-based module of ANDSystem for the search of knowledge in the scientific literature.","True","Y","high","Module for search is a tool","","","10","N","N"
"29583068","HLPI-Ensemble: Prediction of human lncRNA-protein interactions based on ensemble strategy.","True","Y","high","Prediction tool is methodology","","","10","N","N"
"32463229","PINE: An Automation Tool to Extract and Visualize Protein-Centric Functional Networks.","False","Y","high","Tool to extract/visualize; no URL","","","10","N","N"
"26263006","GDSCalc: A Web-Based Application for Evaluating Discrete Graph Dynamical Systems.","False","Y","high","Application for evaluating; no URL","","","10","N","N"
"31616466","""""""EviMass"""": A Literature Evidence-Based Miner for Human Microbial Associations.""","True","Y","high","Miner tool for extracting associations","","","10","N","N"
"32857502","PypKa: A Flexible Python Module for Poisson-Boltzmann-Based p<i>K</i><sub>a</sub> Calculations.","False","Y","high","Python module for calculations; no URL","","","10","N","N"
"21826555","VSDMIP 1.5: an automated structure- and ligand-based virtual screening platform with a PyMOL graphical user interface.","False","Y","high","Platform for virtual screening is a tool; no URL","","","10","N","N"
"25262644","CEM-designer: design of custom expression microarrays in the post-ENCODE Era.","True","Y","high","Tool for design","","","10","N","N"
"28057566","SemanticSCo: A platform to support the semantic composition of services for gene expression analysis.","False","Y","high","Platform for composition is a tool; no URL","","","10","N","N"
"30551257","CytoML for cross-platform cytometry data sharing.","False","Y","high","Tool for data sharing; no URL","","","10","N","N"
"23614390","Peppy: proteogenomic search software.","True","Y","high","Search software is a tool","","","10","N","N"
"24389116","Automatic sorting of toxicological information into the IUCLID (International Uniform Chemical Information Database) endpoint-categories making use of the semantic search engine Go3R.","True","Y","high","Search engine tool for sorting","","","10","N","N"
"29800349","""GDA, a web-based tool for Genomics and Drugs integrated analysis.""","True","Y","high","Tool for integrated analysis","","","10","N","N"
"22069465","Segtor: rapid annotation of genomic coordinates and single nucleotide variations using segment trees.","True","Y","high","Tool for annotation","","","10","N","N"
"30447998","BioJupies: Automated Generation of Interactive Notebooks for RNA-Seq Data Analysis in the Cloud.","True","Y","high","Tool for automated generation of notebooks","","","10","N","N"
"29257129","""Verification of Arabidopsis stock collections using SNPmatch, a tool for genotyping high-plexed samples.""","True","Y","high","Tool for genotyping","","","10","N","N"
"33737026","GCsnap: Interactive Snapshots for the Comparison of Protein-Coding Genomic Contexts.","False","Y","high","Tool for comparison; no URL","","","10","N","N"
"34023895","LigAdvisor: a versatile and user-friendly web-platform for drug design.","True","Y","high","Platform for drug design is a tool","","","10","N","N"
"30273353","meaRtools: An R package for the analysis of neuronal networks recorded on microelectrode arrays.","True","Y","high","R package for analysis is a tool","","","10","N","N"
"27306108","GPS-Lipid: a robust tool for the prediction of multiple lipid modification sites.","True","Y","high","Tool for prediction","","","10","N","N"
"31391056","""Architecture and usability of OntoKeeper, an ontology evaluation tool.""","False","Y","high","Evaluation tool; no URL","","","10","N","N"
"34544908","GAMUT: A genomics big data management tool.","False","Y","high","Management tool; no URL","","","10","N","N"
"29126218","LIBRA-WA: a web application for ligand binding site detection and protein function recognition.","True","Y","high","Web application for detection is a tool","","","10","N","N"
"23846595","JBioWH: an open-source Java framework for bioinformatics data integration.","False","Y","high","Framework is a tool; no URL","","","10","N","N"
"29643843","SIPSim: A Modeling Toolkit to Predict Accuracy and Aid Design of DNA-SIP Experiments.","False","Y","high","Toolkit for prediction/modeling; no URL","","","10","N","N"
"31164211","OntoSIDES: Ontology-based student progress monitoring on the national evaluation system of French Medical Schools.","False","Y","high","Monitoring system is a tool; no URL","","","10","N","N"
"28203720","HpQTL: a geometric morphometric platform to compute the genetic architecture of heterophylly.","False","Y","high","Platform to compute; no URL","","","10","N","N"
"28700230","LigQ: A Webserver to Select and Prepare Ligands for Virtual Screening.","True","Y","high","Webserver to select/prepare is a tool","","","10","N","N"
"30519231","BAC-BROWSER: The Tool for Visualization and Analysis of Prokaryotic Genomes.","True","Y","high","Tool for visualization and analysis","","","10","N","N"
"26155308","The Chemical Validation and Standardization Platform (CVSP): large-scale automated validation of chemical structure datasets.","True","Y","high","Platform for validation is a tool","","","10","N","N"
"34930955","""GuPPy, a Python toolbox for the analysis of fiber photometry data.""","False","Y","high","Toolbox is a tool; no URL","","","10","N","N"
"30118475","ggsashimi: Sashimi plot revised for browser- and annotation-independent splicing visualization.","False","Y","high","Tool for visualization; no URL","","","10","N","N"
"28544559","PipeCraft: Flexible open-source toolkit for bioinformatics analysis of custom high-throughput amplicon sequencing data.","False","Y","high","Toolkit is a tool; no URL","","","10","N","N"
"24931489","""An iCRISPR platform for rapid, multiplexable, and inducible genome editing in human pluripotent stem cells.""","False","Y","high","Platform for genome editing is a tool; no URL","","","10","N","N"
"28482028","Web3DMol: interactive protein structure visualization based on WebGL.","True","Y","high","Tool for visualization","","","10","N","N"
"22981419","nSTAT: open-source neural spike train analysis toolbox for Matlab.","False","Y","high","Toolbox is a tool; no URL","","","10","N","N"
"29618009","Constructing lightweight and flexible pipelines using Plugin-Based Microbiome Analysis (PluMA).","True","Y","high","Framework for constructing pipelines is a tool","","","10","N","N"
"29790950","""The research data management platform (RDMP): A novel, process driven, open-source tool for the management of longitudinal cohorts of clinical data.""","False","Y","high","Platform for management is a tool; no URL","","","10","N","N"
"21994224","Pyicos: a versatile toolkit for the analysis of high-throughput sequencing data.","True","Y","high","Toolkit for analysis is a tool","","","10","N","N"
"31802128","RAACBook: a web server of reduced amino acid alphabet for sequence-dependent inference by using Chou's five-step rule.","True","Y","high","Web server for inference is a tool","","","10","N","N"
"26021595","ADAPT-NMR 3.0: utilization of BEST-type triple-resonance NMR experiments to accelerate the process of data collection and assignment.","False","Y","high","Tool for data collection; no URL","","","10","N","N"
"22813356","LXtoo: an integrated live Linux distribution for the bioinformatics community.","True","Y","high","Linux distribution is a tool","","","10","N","N"
"30564458","""ComPath: an ecosystem for exploring, analyzing, and curating mappings across pathway databases.""","True","Y","high","Ecosystem for exploring/analyzing is a tool","","","10","N","N"
"22553363","ZINCPharmer: pharmacophore search of the ZINC database.","True","Y","high","Search tool for database","","","10","N","N"
"21984760","""MyBioNet: interactively visualize, edit and merge biological networks on the web.""","True","Y","high","Tool to visualize/edit/merge is methodology","","","10","N","N"
"29113997","ImaEdge - a platform for quantitative analysis of the spatiotemporal dynamics of cortical proteins during cell polarization.","False","Y","high","Platform for analysis is a tool; no URL","","","10","N","N"
"23737450","webPDBinder: a server for the identification of ligand binding sites on protein structures.","True","Y","high","Server for identification is a tool","","","10","N","N"
"30064362","HiCcompare: an R-package for joint normalization and comparison of HI-C datasets.","True","Y","high","R package for comparison is a tool","","","10","N","N"
"28472432","""agriGO v2.0: a GO analysis toolkit for the agricultural community, 2017 update.""","True","Y","high","Toolkit for analysis is a tool","","","10","N","N"
"33713107","MetaPrism: A versatile toolkit for joint taxa/gene analysis of metagenomic sequencing data.","False","Y","high","Toolkit for analysis is a tool; no URL","","","10","N","N"
"31960894","sismonr: simulation of in silico multi-omic networks with adjustable ploidy and post-transcriptional regulation in R.","True","Y","high","Tool for simulation","","","10","N","N"
"34715518","GeneCoNet: A web application server for constructing cancer patient-specific gene correlation networks with prognostic gene pairs.","True","Y","high","Server for constructing networks is a tool","","","10","N","N"
"28594829","""Mendel,MD: A user-friendly open-source web tool for analyzing WES and WGS in the diagnosis of patients with Mendelian disorders.""","True","Y","high","Tool for analyzing","","","10","N","N"
"29788290","BAGEL4: a user-friendly web server to thoroughly mine RiPPs and bacteriocins.","True","Y","high","Web server to mine is a tool","","","10","N","N"
"26774237","A new e-learning platform for radiology education (RadEd).","False","Y","high","E-learning platform is a tool; no URL","","","10","N","N"
"24928667","OutbreakTools: a new platform for disease outbreak analysis using the R software.","False","Y","high","Platform for analysis is a tool; no URL","","","10","N","N"
"32235513","PIDS: A User-Friendly Plant DNA Fingerprint Database Management System.","False","Y","high","Management system is a tool; no URL","","","10","N","N"
"27864814","""nodeGame: Real-time, synchronous, online experiments in the browser.""","True","Y","high","Platform for experiments is a tool","","","10","N","N"
"27575624","OpenMS: a flexible open-source software platform for mass spectrometry data analysis.","True","Y","high","Software platform for analysis is a tool","","","10","N","N"
"21596791","rBioNet: A COBRA toolbox extension for reconstructing high-quality biochemical networks.","False","Y","high","Toolbox extension is a tool; no URL","","","10","N","N"
"26315904","LIBRA: LIgand Binding site Recognition Application.","True","Y","high","Application for recognition is a tool","","","10","N","N"
"26564970","pubmed.mineR: an R package with text-mining algorithms to analyse PubMed abstracts.","True","Y","high","R package for analysis is a tool","","","10","N","N"
"27187206","SoFIA: a data integration framework for annotating high-throughput datasets.","False","Y","high","Framework for integration is a tool; no URL","","","10","N","N"
"33027504","PredHPI: an integrated web server platform for the detection and visualization of host-pathogen interactions using sequence-based methods.","True","Y","high","Server for detection is a tool","","","10","N","N"
"33751366","TRIPODD: a Novel Fluorescence Imaging Platform for In Situ Quantification of Drug Distribution and Therapeutic Response.","False","Y","high","Imaging platform is a tool; no URL","","","10","N","N"
"34279599","AVPIden: a new scheme for identification and functional prediction of antiviral peptides based on machine learning approaches.","True","Y","high","Scheme for identification/prediction is methodology","","","10","N","N"
"23735058","AllerTOP--a server for in silico prediction of allergens.","True","Y","high","Server for prediction is methodology","","","10","N","N"
"23671333","IgBLAST: an immunoglobulin variable domain sequence analysis tool.","True","Y","high","Tool for analysis","","","10","N","N"
"23256920","""CpGAVAS, an integrated web server for the annotation, visualization, analysis, and GenBank submission of completely sequenced chloroplast genome sequences.""","True","Y","high","Web server for annotation/analysis is a tool","","","10","N","N"
"26840129","""MutAid: Sanger and NGS Based Integrated Pipeline for Mutation Identification, Validation and Annotation in Human Molecular Genetics.""","False","Y","high","Pipeline for identification is methodology; no URL","","","10","N","N"
"24830957","iBIOMES Lite: summarizing biomolecular simulation data in limited settings.","False","Y","high","Tool for summarizing; no URL","","","10","N","N"
"33526072","GeneWalk identifies relevant gene functions for a biological context using network representation learning.","False","Y","high","Tool that identifies using method; no URL","","","10","N","N"
"31368353","OSkirc: a web tool for identifying prognostic biomarkers in kidney renal clear cell carcinoma.","True","Y","high","Tool for identifying","","","10","N","N"
"27151197","PathwAX: a web server for network crosstalk based pathway annotation.","True","Y","high","Web server for annotation is a tool","","","10","N","N"
"27174935","tRNAscan-SE On-line: integrating search and context for analysis of transfer RNA genes.","True","Y","high","Tool for search and analysis","","","10","N","N"
"22434844","""Argo: an integrative, interactive, text mining-based workbench supporting curation.""","True","Y","high","Workbench for curation is a tool","","","10","N","N"
"33110420","MDACP: A Pathogen Genome and Metagenome Analysis Cloud Platform.","False","Y","high","Platform for analysis is a tool; no URL","","","10","N","N"
"29678128","SpirPep: an in silico digestion-based platform to assist bioactive peptides discovery from a genome-wide database.","True","Y","high","Platform to assist discovery is a tool","","","10","N","N"
"30794647","IMACEL: A cloud-based bioimage analysis platform for morphological analysis and image classification.","False","Y","high","Platform for analysis is a tool; no URL","","","10","N","N"
"23677614","aLeaves facilitates on-demand exploration of metazoan gene family trees on MAFFT sequence alignment server with enhanced interactivity.","True","Y","high","Tool that facilitates exploration","","","10","N","N"
"32503412","PS4DR: a multimodal workflow for identification and prioritization of drugs based on pathway signatures.","False","Y","high","Workflow for identification is methodology; no URL","","","10","N","N"
"31419935","VIST - a Variant-Information Search Tool for precision oncology.","True","Y","high","Search tool is methodology","","","10","N","N"
"21515631","miRanalyzer: an update on the detection and analysis of microRNAs in high-throughput sequencing experiments.","True","Y","high","Tool for detection and analysis","","","10","N","N"
"27769238","BCM: toolkit for Bayesian analysis of Computational Models using samplers.","False","Y","high","Toolkit for analysis is a tool; no URL","","","10","N","N"
"25928765","coMET: visualisation of regional epigenome-wide association scan results and DNA co-methylation patterns.","True","Y","high","Tool for visualization","","","10","N","N"
"33787851","OMAmer: tree-driven and alignment-free protein assignment to subfamilies outperforms closest sequence approaches.","False","Y","high","Method for assignment; no URL","","","10","N","N"
"26658293","EPIMIC: A Simple Homemade Computer Program for Real-Time EPIdemiological Surveillance and Alert Based on MICrobiological Data.","True","Y","high","Program for surveillance is a tool","","","10","N","N"
"28929973","Vermont: a multi-perspective visual interactive platform for mutational analysis.","False","Y","high","Platform for analysis is a tool; no URL","","","10","N","N"
"25953080","CerebralWeb: a Cytoscape.js plug-in to visualize networks stratified by subcellular localization.","True","Y","high","Plug-in for visualization is a tool","","","10","N","N"
"27150811","StructMAn: annotation of single-nucleotide polymorphisms in the structural context.","True","Y","high","Tool for annotation","","","10","N","N"
"32657416","MutCombinator: identification of mutated peptides allowing combinatorial mutations using nucleotide-based graph search.","True","Y","high","Tool for identification using search","","","10","N","N"
"30639259","HTiP: High-Throughput Immunomodulator Phenotypic Screening Platform to Reveal IAP Antagonists as Anti-cancer Immune Enhancers.","False","Y","high","Screening platform is a tool; no URL","","","10","N","N"
"23327649","Kerfuffle: a web tool for multi-species gene colocalization analysis.","True","Y","high","Tool for analysis","","","10","N","N"
"22747501","PePPER: a webserver for prediction of prokaryote promoter elements and regulons.","True","Y","high","Webserver for prediction is methodology","","","10","N","N"
"34037702","SimText: a text mining framework for interactive analysis and visualization of similarities among biomedical entities.","True","Y","high","Framework for analysis is a tool","","","10","N","N"
"23630176","BioBlend: automating pipeline analyses within Galaxy and CloudMan.","True","Y","high","Tool for automating pipelines","","","10","N","N"
"32616517","LEMMI: a continuous benchmarking platform for metagenomics classifiers.","False","Y","high","Platform for benchmarking is a tool; no URL","","","10","N","N"
"29897411","comoRbidity: an R package for the systematic analysis of disease comorbidities.","False","Y","high","R package for analysis is a tool; no URL","","","10","N","N"
"34365010","SILO: A Computational Method for Detecting Copy Number Gain in Clinical Specimens Analyzed on a Next-Generation Sequencing Platform.","False","Y","high","Method for detecting; no URL","","","10","N","N"
"21975133","Biblio-MetReS: a bibliometric network reconstruction application and server.","True","Y","high","Application for reconstruction is a tool","","","10","N","N"
"24048354","Toxygates: interactive toxicity analysis on a hybrid microarray and linked data platform.","False","Y","high","Platform for analysis is a tool; no URL","","","10","N","N"
"22125388","HGT-Gen: a tool for generating a phylogenetic tree with horizontal gene transfer.","True","Y","high","Tool for generating is methodology","","","10","N","N"
"28877673","LAIT: a local ancestry inference toolkit.","False","Y","high","Toolkit is a tool; no URL","","","10","N","N"
"26133872","ChiMS: Open-source instrument control software platform on LabVIEW for imaging/depth profiling mass spectrometers.","False","Y","high","Software platform for control; no URL","","","10","N","N"
"24618462","The Bio-Community Perl toolkit for microbial ecology.","True","Y","high","Toolkit is a tool","","","10","N","N"
"33378370","FLIMJ: An open-source ImageJ toolkit for fluorescence lifetime image data analysis.","False","Y","high","Toolkit for analysis is a tool; no URL","","","10","N","N"
"32637989","TreeSAPP: the Tree-based Sensitive and Accurate Phylogenetic Profiler.","False","Y","high","Profiler is a tool; no URL","","","10","N","N"
"27131357","""PHYLOViZ Online: web-based tool for visualization, phylogenetic inference, analysis and sharing of minimum spanning trees.""","True","Y","high","Tool for visualization and analysis","","","10","N","N"
"26357328","RBioCloud: A Light-Weight Framework for Bioconductor and R-based Jobs on the Cloud.","True","Y","high","Framework for running jobs is a tool","","","10","N","N"
"33381819","Padhoc: a computational pipeline for pathway reconstruction on the fly.","False","Y","high","Pipeline for reconstruction is methodology; no URL","","","10","N","N"
"22952662","TARGETgene: a tool for identification of potential therapeutic targets in cancer.","True","Y","high","Tool for identification","","","10","N","N"
"31308550","EPIC: software toolkit for elution profile-based inference of protein complexes.","True","Y","high","Toolkit for inference is methodology","","","10","N","N"
"22369494","UASIS: Universal Automatic SNP Identification System.","True","Y","high","System for identification is methodology","","","10","N","N"
"30652568","CAFE MOCHA: An Integrated Platform for Discovering Clinically Relevant Molecular Changes in Cancer-An Example of Distant Metastasis- and Recurrence-Linked Classifiers in Head and Neck Squamous Cell Carcinoma.","False","Y","high","Platform for discovering is a tool; no URL","","","10","N","N"
"32328193","MSpectraAI: a powerful platform for deciphering proteome profiling of multi-tumor mass spectrometry data by using deep neural networks.","False","Y","high","Platform for deciphering is a tool; no URL","","","10","N","N"
"25009129","StemSearch: RNA search tool based on stem identification and indexing.","True","Y","high","Search tool is methodology","","","10","N","N"
"22616108","ApiNATOMY: a novel toolkit for visualizing multiscale anatomy schematics with phenotype-related information.","True","Y","high","Toolkit for visualizing is a tool","","","10","N","N"
"34791104","Prototheca-ID: a web-based application for molecular identification of Prototheca species.","True","Y","high","Application for identification is a tool","","","10","N","N"
"28619054","HGPEC: a Cytoscape app for prediction of novel disease-gene and disease-disease associations and evidence collection based on a random walk on heterogeneous network.","False","Y","high","App for prediction is methodology; no URL","","","10","N","N"
"23797110","FijiWings: an open source toolkit for semiautomated morphometric analysis of insect wings.","False","Y","high","Toolkit for analysis is a tool; no URL","","","10","N","N"
"32320656","CytoMAP: A Spatial Analysis Toolbox Reveals Features of Myeloid Cell Organization in Lymphoid Tissues.","False","Y","high","Toolbox is a tool; no URL","","","10","N","N"
"26447887","TRANSIT--A Software Tool for Himar1 TnSeq Analysis.","False","Y","high","Software tool for analysis; no URL","","","10","N","N"
"25062914","tmBioC: improving interoperability of text-mining tools with BioC.","True","Y","high","Tool for improving interoperability","","","10","N","N"
"21630457","ProteoConnections: a bioinformatics platform to facilitate proteome and phosphoproteome analyses.","False","Y","high","Platform for analyses is a tool; no URL","","","10","N","N"
"31114876","""BEERE: a web server for biomedical entity expansion, ranking and explorations.""","True","Y","high","Web server for expansion/ranking is a tool","","","10","N","N"
"25075290","BioJS: an open source standard for biological visualisation - its status in 2014.","True","Y","high","Standard for visualization is a tool","","","10","N","N"
"23259794","""RNAmap2D - calculation, visualization and analysis of contact and distance maps for RNA and protein-RNA complex structures.""","True","Y","high","Tool for calculation/visualization","","","10","N","N"
"27867422","""ClassyFire: automated chemical classification with a comprehensive, computable taxonomy.""","True","Y","high","Tool for automated classification","","","10","N","N"
"21992029","Genome-wide prediction of splice-modifying SNPs in human genes using a new analysis pipeline called AASsites.","True","Y","high","Pipeline for prediction is methodology","","","10","N","N"
"24363378","SplicePlot: a utility for visualizing splicing quantitative trait loci.","True","Y","high","Utility for visualizing is a tool","","","10","N","N"
"32492257","bitacora: A comprehensive tool for the identification and annotation of gene families in genome assemblies.","False","Y","high","Tool for identification and annotation; no URL","","","10","N","N"
"24792156","XTMS: pathway design in an eXTended metabolic space.","True","Y","high","Tool for pathway design","","","10","N","N"
"30416381","BERMP: a cross-species classifier for predicting m<sup>6</sup>A sites by integrating a deep learning algorithm and a random forest approach.","True","Y","high","Classifier for prediction is methodology","","","10","N","N"
"21596789","""GenPlay, a multipurpose genome analyzer and browser.""","True","Y","high","Analyzer and browser are tools","","","10","N","N"
"27846806","GEN3VA: aggregation and analysis of gene expression signatures from related studies.","True","Y","high","Tool for aggregation and analysis","","","10","N","N"
"21938634","Using cisTargetX to predict transcriptional targets and networks in Drosophila.","True","Y","high","Tool to predict is methodology","","","10","N","N"
"29504895","FunGeneNet: a web tool to estimate enrichment of functional interactions in experimental gene sets.","True","Y","high","Tool to estimate enrichment","","","10","N","N"
"26306458","MSIseq: Software for Assessing Microsatellite Instability from Catalogs of Somatic Mutations.","False","Y","high","Software for assessing is a tool; no URL","","","10","N","N"
"21715386","KOBAS 2.0: a web server for annotation and identification of enriched pathways and diseases.","True","Y","high","Web server for annotation is a tool","","","10","N","N"
"26069265","Change-O: a toolkit for analyzing large-scale B cell immunoglobulin repertoire sequencing data.","True","Y","high","Toolkit for analyzing is a tool","","","10","N","N"
"21541350","jMOTU and Taxonerator: turning DNA Barcode sequences into annotated operational taxonomic units.","True","Y","high","Tool for turning sequences into units","","","10","N","N"
"28472372","ProteinsPlus: a web portal for structure analysis of macromolecules.","True","Y","high","Portal for analysis is a tool","","","10","N","N"
"32468536","Drugena: A Fully Automated Immunoinformatics Platform for the Design of Antibody-Drug Conjugates Against Neurodegenerative Diseases.","False","Y","high","Platform for design is a tool; no URL","","","10","N","N"
"30865284","PleioNet: a web-based visualization tool for exploring pleiotropy across complex traits.","True","Y","high","Tool for exploring/visualization","","","10","N","N"
"22373396","Populous: a tool for building OWL ontologies from templates.","False","Y","high","Tool for building; no URL","","","10","N","N"
"24838562","ProTox: a web server for the in silico prediction of rodent oral toxicity.","True","Y","high","Web server for prediction is methodology","","","10","N","N"
"22098775","TRENTOOL: a Matlab open source toolbox to analyse information flow in time series data with transfer entropy.","False","Y","high","Toolbox for analysis is a tool; no URL","","","10","N","N"
"25496383","CompPhy: a web-based collaborative platform for comparing phylogenies.","True","Y","high","Platform for comparing is a tool","","","10","N","N"
"29974823","Health Equity Assessment Toolkit Plus (HEAT Plus): software for exploring and comparing health inequalities using uploaded datasets.","False","Y","high","Software for exploring is a tool; no URL","","","10","N","N"
"30101336","""LipidFinder on LIPID MAPS: peak filtering, MS searching and statistical analysis for lipidomics.""","True","Y","high","Tool for filtering/searching/analysis","","","10","N","N"
"26739209","SuccinSite: a computational tool for the prediction of protein succinylation sites by exploiting the amino acid patterns and properties.","True","Y","high","Tool for prediction","","","10","N","N"
"22180410","PopDrowser: the Population Drosophila Browser.","True","Y","high","Browser is a tool","","","10","N","N"
"27513885","Defining and Detecting Complex Peak Relationships in Mass Spectral Data: The Mz.unity Algorithm.","True","Y","high","Algorithm for detecting is methodology","","","10","N","N"
"30587115","ACES: a machine learning toolbox for clustering analysis and visualization.","False","Y","high","Toolbox is a tool; no URL","","","10","N","N"
"29028892","""Nephele: a cloud platform for simplified, standardized and reproducible microbiome data analysis.""","True","Y","high","Platform for analysis is a tool","","","10","N","N"
"30767086","Dimorphite-DL: an open-source program for enumerating the ionization states of drug-like small molecules.","True","Y","high","Program for enumerating is methodology","","","10","N","N"
"28578698","dictyExpress: a web-based platform for sequence data management and analytics in Dictyostelium and beyond.","False","Y","high","Platform for management/analytics is a tool; no URL","","","10","N","N"
"33689914","MutVis: Automated framework for analysis and visualization of mutational signatures in pathogenic bacterial strains.","False","Y","high","Framework for analysis/visualization; no URL","","","10","N","N"
"26511083","GOTA: GO term annotation of biomedical literature.","True","Y","high","Tool for annotation","","","10","N","N"
"32215567","CRiSP: accurate structure prediction of disulfide-rich peptides with cystine-specific sequence alignment and machine learning.","True","Y","high","Tool for prediction","","","10","N","N"
"28824589","Fast and Simple Analysis of MiSeq Amplicon Sequencing Data with MetaAmp.","True","Y","high","Tool for analysis","","","10","N","N"
"24894505","SMaSH: a benchmarking toolkit for human genome variant calling.","False","Y","high","Toolkit for benchmarking is a tool; no URL","","","10","N","N"
"21513519","MI-GWAS: a SAS platform for the analysis of inherited and maternal genetic effects in genome-wide association studies using log-linear models.","True","Y","high","Platform for analysis is a tool","","","10","N","N"
"21385461","""LabKey Server: an open source platform for scientific data integration, analysis and collaboration.""","True","Y","high","Platform for integration/analysis is a tool","","","10","N","N"
"29069344","DEEPre: sequence-based enzyme EC number prediction by deep learning.","True","Y","high","Tool for prediction","","","10","N","N"
"34557218","""ggVennDiagram: An Intuitive, Easy-to-Use, and Highly Customizable R Package to Generate Venn Diagram.""","True","Y","high","R package to generate diagrams is a tool","","","10","N","N"
"32521246","iEcology: Harnessing Large Online Resources to Generate Ecological Insights.","False","Y","high","Method for harnessing resources; no URL","","","10","N","N"
"31804670","ImPLoc: a multi-instance deep learning model for the prediction of protein subcellular localization based on immunohistochemistry images.","False","Y","high","Prediction model is methodology; no URL","","","10","N","N"
"28165111","MotifNet: a web-server for network motif analysis.","True","Y","high","Web-server for analysis is a tool","","","10","N","N"
"29369293","CardioClassifier: disease- and gene-specific computational decision support for clinical genome interpretation.","True","Y","high","Tool for decision support/interpretation","","","10","N","N"
"24930140","""miR-PREFeR: an accurate, fast and easy-to-use plant miRNA prediction tool using small RNA-Seq data.""","False","Y","high","Prediction tool; no URL","","","10","N","N"
"25938432","Tn-seq explorer: a tool for analysis of high-throughput sequencing data of transposon mutant libraries.","True","Y","high","Tool for analysis","","","10","N","N"
"34029094","DeepFrag: An Open-Source Browser App for Deep-Learning Lead Optimization.","True","Y","high","App for optimization is a tool","","","10","N","N"
"31794006","eCAMI: simultaneous classification and motif identification for enzyme annotation.","False","Y","high","Tool for classification/identification; no URL","","","10","N","N"
"28155633","Multi-CAR: a tool of contig scaffolding using multiple references.","True","Y","high","Tool for scaffolding","","","10","N","N"
"29106441","""Orchid: a novel management, annotation and machine learning framework for analyzing cancer mutations.""","False","Y","high","Framework for management/analysis; no URL","","","10","N","N"
"31305071","WinProphet: A User-Friendly Pipeline Management System for Proteomics Data Analysis Based on Trans-Proteomic Pipeline.","True","Y","high","Management system for pipelines is a tool","","","10","N","N"
"25969449","GalaxyPepDock: a protein-peptide docking tool based on interaction similarity and energy optimization.","True","Y","high","Tool for docking is methodology","","","10","N","N"
"25086503","High-resolution structure determination by continuous-rotation data collection in MicroED.","False","Y","high","Method paper; no database","","","10","N","N"
"31510693","hicGAN infers super resolution Hi-C data with generative adversarial networks.","False","Y","high","Method for inference; no URL","","","10","N","N"
"21258060","""WIST: toolkit for rapid, customized LIMS development.""","True","Y","high","Toolkit for LIMS development is a tool","","","10","N","N"
"31504195","VisFeature: a stand-alone program for visualizing and analyzing statistical features of biological sequences.","False","Y","high","Program for visualizing/analyzing; no URL","","","10","N","N"
"23323735","SyntTax: a web server linking synteny to prokaryotic taxonomy.","True","Y","high","Web server for linking is a tool","","","10","N","N"
"26801957","ELASPIC web-server: proteome-wide structure-based prediction of mutation effects on protein stability and binding affinity.","True","Y","high","Web-server for prediction is methodology","","","10","N","N"
"31626280","CSMD: a computational subtraction-based microbiome discovery pipeline for species-level characterization of clinical metagenomic samples.","False","Y","high","Pipeline for discovery is methodology; no URL","","","10","N","N"
"24237261","Mercator: a fast and simple web server for genome scale functional annotation of plant sequence data.","True","Y","high","Web server for annotation is a tool","","","10","N","N"
"31091262","Mutplot: An easy-to-use online tool for plotting complex mutation data with flexibility.","True","Y","high","Tool for plotting","","","10","N","N"
"30825368","Aggrescan3D standalone package for structure-based prediction of protein aggregation properties.","False","Y","high","Package for prediction is methodology; no URL","","","10","N","N"
"32315327","""Dataflow programming for the analysis of molecular dynamics with AViS, an analysis and visualization software application.""","True","Y","high","Software for analysis/visualization","","","10","N","N"
"23815231","WEP: a high-performance analysis pipeline for whole-exome data.","True","Y","high","Pipeline for analysis is methodology","","","10","N","N"
"29110634","""JS-MS: a cross-platform, modular javascript viewer for mass spectrometry signals.""","False","Y","high","Viewer is a tool; no URL","","","10","N","N"
"22531214","NuST: analysis of the interplay between nucleoid organization and gene expression.","True","Y","high","Tool for analysis","","","10","N","N"
"21624158","HyQue: evaluating hypotheses using Semantic Web technologies.","True","Y","high","Tool for evaluating hypotheses","","","10","N","N"
"25644271","Transposome: a toolkit for annotation of transposable element families from unassembled sequence reads.","True","Y","high","Toolkit for annotation is a tool","","","10","N","N"
"27097021","Inforna 2.0: A Platform for the Sequence-Based Design of Small Molecules Targeting Structured RNAs.","False","Y","high","Platform for design is a tool; no URL","","","10","N","N"
"24403538","Allerdictor: fast allergen prediction using text classification techniques.","True","Y","high","Tool for prediction","","","10","N","N"
"30908487","""Searching algorithm for Type IV effector proteins (S4TE) 2.0: Improved tools for Type IV effector prediction, analysis and comparison in proteobacteria.""","True","Y","high","Tool for prediction and analysis","","","10","N","N"
"32881948","PortaDrop: A portable digital microfluidic platform providing versatile opportunities for Lab-On-A-Chip applications.","False","Y","high","Platform for lab applications is hardware; no URL","","","10","N","N"
"30908262","SNeCT: Scalable Network Constrained Tucker Decomposition for Multi-Platform Data Profiling.","False","Y","high","Method for decomposition; no URL","","","10","N","N"
"25505092","NMRFAM-SPARKY: enhanced software for biomolecular NMR spectroscopy.","True","Y","high","Software for spectroscopy is a tool","","","10","N","N"
"29425325","Selenzyme: enzyme selection tool for pathway design.","True","Y","high","Tool for selection","","","10","N","N"
"25659145","UFSRAT: Ultra-fast Shape Recognition with Atom Types--the discovery of novel bioactive small molecular scaffolds for FKBP12 and 11βHSD1.","True","Y","high","Tool for shape recognition/discovery","","","10","N","N"
"25697908","CapsidMaps: protein-protein interaction pattern discovery platform for the structural analysis of virus capsids using Google Maps.","True","Y","high","Platform for discovery/analysis is a tool","","","10","N","N"
"23729469","PELE web server: atomistic study of biomolecular systems at your fingertips.","True","Y","high","Web server for study is a tool","","","10","N","N"
"32777825","APRICOT: Advanced Platform for Reproducible Infrastructures in the Cloud via Open Tools.","False","Y","high","Platform for infrastructures is a tool; no URL","","","10","N","N"
"33750951","Demonstrating the utility of flexible sequence queries against indexed short reads with FlexTyper.","False","Y","high","Tool for queries; no URL","","","10","N","N"
"27153572","Visual Omics Explorer (VOE): a cross-platform portal for interactive data visualization.","True","Y","high","Portal for visualization is a tool","","","10","N","N"
"31764940","SCGid: a consensus approach to contig filtering and genome prediction from single-cell sequencing libraries of uncultured eukaryotes.","False","Y","high","Tool for filtering and prediction; no URL","","","10","N","N"
"22834945","Condor-COPASI: high-throughput computing for biochemical networks.","False","Y","high","Tool for computing; no URL","","","10","N","N"
"25580224","The Cytoscape app article collection.","False","Y","high","Article collection about apps; no database","","","10","N","N"
"31070723","Graphical data mining of cancer mechanisms with SEMA.","True","Y","high","Tool for data mining","","","10","N","N"
"32495578","[TCMATCOV--a bioinformatics platform to predict efficacy of TCM against COVID-19].","False","Y","high","Platform to predict is a tool; no URL","","","10","N","N"
"32393170","methCancer-gen: a DNA methylome dataset generator for user-specified cancer type based on conditional variational autoencoder.","False","Y","high","Generator tool for datasets; no URL","","","10","N","N"
"30586417","ROCA - An ArcGIS toolbox for road alignment identification and horizontal curve radii computation.","True","Y","high","Toolbox for computation is a tool","","","10","N","N"
"22292078","SPPS: a sequence-based method for predicting probability of protein-protein interaction partners.","True","Y","high","Method for predicting","","","10","N","N"
"21385030","SubMAP: aligning metabolic pathways with subnetwork mappings.","True","Y","high","Tool for aligning","","","10","N","N"
"28334101","RefBool: a reference-based algorithm for discretizing gene expression data.","False","Y","high","Algorithm for discretizing; no URL","","","10","N","N"
"30272244","Ribose-Map: a bioinformatics toolkit to map ribonucleotides embedded in genomic DNA.","False","Y","high","Toolkit to map is methodology; no URL","","","10","N","N"
"34614189","metaGEM: reconstruction of genome scale metabolic models directly from metagenomes.","False","Y","high","Tool for reconstruction; no URL","","","10","N","N"
"22272252","LipidXplorer: a software for consensual cross-platform lipidomics.","True","Y","high","Software for lipidomics analysis","","","10","N","N"
"24925766","L.U.St: a tool for approximated maximum likelihood supertree reconstruction.","False","Y","high","Tool for reconstruction; no URL","","","10","N","N"
"29617954","AGORA: organellar genome annotation from the amino acid and nucleotide references.","True","Y","high","Tool for annotation","","","10","N","N"
"33787871","Wormicloud: a new text summarization tool based on word clouds to explore the C. elegans literature.","True","Y","high","Tool for text summarization","","","10","N","N"
"28410421","phylo-node: A molecular phylogenetic toolkit using Node.js.","False","Y","high","Toolkit is a tool; no URL","","","10","N","N"
"28369246","PARTIE: a partition engine to separate metagenomic and amplicon projects in the Sequence Read Archive.","False","Y","high","Engine to separate is a tool; no URL","","","10","N","N"
"34339812","PharmDE: A new expert system for drug-excipient compatibility evaluation.","True","Y","high","Expert system for evaluation is a tool","","","10","N","N"
"22844100","HapZipper: sharing HapMap populations just got easier.","False","Y","high","Tool for sharing; no URL","","","10","N","N"
"32640981","HEnRY: a DZIF LIMS tool for the collection and documentation of biomaterials in multicentre studies.","False","Y","high","LIMS tool; no URL","","","10","N","N"
"25426929","""ALLocator: an interactive web platform for the analysis of metabolomic LC-ESI-MS datasets, enabling semi-automated, user-revised compound annotation and mass isotopomer ratio analysis.""","True","Y","high","Platform for analysis is a tool","","","10","N","N"
"21828087","""OrganismTagger: detection, normalization and grounding of organism entities in biomedical documents.""","True","Y","high","Tool for detection/normalization","","","10","N","N"
"33431000","rMSIcleanup: an open-source tool for matrix-related peak annotation in mass spectrometry imaging and its application to silver-assisted laser desorption/ionization.","False","Y","high","Tool for annotation; no URL","","","10","N","N"
"27750378","""PopHR: a knowledge-based platform to support integration, analysis, and visualization of population health data.""","False","Y","high","""Integration platform is a tool, not a database""","","","11","N","N"
"26072472","MSProGene: integrative proteogenomics beyond six-frames and single nucleotide polymorphisms.","False","Y","high","Methodology tool for proteogenomics analysis","","","11","N","N"
"34581565","Rapid Automated Annotation and Analysis of N-Glycan Mass Spectrometry Imaging Data Sets Using NGlycDB in METASPACE.","False","Y","high","About using NGlycDB tool for analysis","","","11","N","N"
"28172359","CIIPro: a new read-across portal to fill data gaps using public large-scale chemical and biological data.","False","Y","high","Portal is a tool for filling data gaps not a data repository","","","11","N","N"
"29954834","UMATracker: an intuitive image-based tracking platform.","False","Y","high","Tracking platform is a tool not a database","","","11","N","N"
"34928054","LINT-Web: A Web-Based Lipidomic Data Mining Tool Using Intra-Omic Integrative Correlation Strategy.","True","Y","high","Data mining tool not a data repository","","","11","N","N"
"31373611","circMeta: a unified computational framework for genomic feature annotation and differential expression analysis of circular RNAs.","False","Y","high","Computational framework is a methodology tool","","","11","N","N"
"31461459","Neural computational model GrowthEstimate: A model for studying living resources through digestive efficiency.","False","Y","high","Computational model is a methodology tool","","","11","N","N"
"24345673","BOLDSync: a MATLAB-based toolbox for synchronized stimulus presentation in functional MRI.","False","Y","high","Toolbox for stimulus presentation not a database","","","11","N","N"
"30388204","SJARACNe: a scalable software tool for gene network reverse engineering from big data.","False","Y","high","""Software tool for network reverse engineering, not a database""","","","11","N","N"
"21666259","PAComplex: a web server to infer peptide antigen families and binding models from TCR-pMHC complexes.","True","Y","high","Web server for inference/prediction not a data repository","","","11","N","N"
"33351756","Diagnostic Regions Attention Network (DRA-Net) for Histopathology WSI Recommendation and Retrieval.","False","Y","high","Neural network methodology tool","","","11","N","N"
"30652574","""TQuest, A Web-Based Platform to Enable Precision Medicine by Linking a Tumor's Genetic Defects to Therapeutic Options.""","True","Y","high","Platform for linking data not a data repository","","","11","N","N"
"32091584","DL4papers: a deep learning approach for the automatic interpretation of scientific articles.","True","Y","high","Deep learning approach is methodology not a database","","","11","N","N"
"30561550","lordFAST: sensitive and Fast Alignment Search Tool for LOng noisy Read sequencing Data.","False","Y","high","Alignment search tool not a database","","","11","N","N"
"24788790","""ModuleRole: a tool for modulization, role determination and visualization in protein-protein interaction networks.""","True","Y","high","""Tool for analysis and visualization, not a database""","","","11","N","N"
"31100074","""coreMRI: A high-performance, publicly available MR simulation platform on the cloud.""","True","Y","high","Simulation platform is a tool not a database","","","11","N","N"
"22927906","Genometa--a fast and accurate classifier for short metagenomic shotgun reads.","True","Y","high","Classifier tool not a database","","","11","N","N"
"32324845","alona: a web server for single-cell RNA-seq analysis.","True","Y","high","Web server for analysis not a data repository","","","11","N","N"
"28062447","Cross-React: a new structural bioinformatics method for predicting allergen cross-reactivity.","True","Y","high","Method for prediction not a database","","","11","N","N"
"33334310","Menoci: lightweight extensible web portal enhancing data management for biomedical research projects.","False","Y","high","Portal for data management is a tool not a database","","","11","N","N"
"24825613","SIBIS: a Bayesian model for inconsistent protein sequence estimation.","True","Y","high","Bayesian model is a methodology tool","","","11","N","N"
"23511729","pepgrep: A tool for peptide MS/MS pattern matching.","True","Y","high","Tool for pattern matching not a database","","","11","N","N"
"29244010","RocSampler: regularizing overlapping protein complexes in protein-protein interaction networks.","True","Y","high","Method for regularizing complexes not a database","","","11","N","N"
"31562102","CORAL: Verification-Aware OpenCL Based Read Mapper for Heterogeneous Systems.","False","Y","high","Read mapper is a tool not a database","","","11","N","N"
"34020551","TERL: classification of transposable elements by convolutional neural networks.","False","Y","high","Classification method not a database","","","11","N","N"
"27620863","CellTree: an R/bioconductor package to infer the hierarchical structure of cell populations from single-cell RNA-seq data.","True","Y","high","R package for analysis not a database","","","11","N","N"
"24475049","istar: a web platform for large-scale protein-ligand docking.","True","Y","high","Platform for docking analysis is a tool not a database","","","11","N","N"
"24907353","miRror-Suite: decoding coordinated regulation by microRNAs.","True","Y","high","Tool for decoding regulation not a database","","","11","N","N"
"23630321","The RNAsnp web server: predicting SNP effects on local RNA secondary structure.","True","Y","high","Web server for prediction not a database","","","11","N","N"
"30886627","DMfold: A Novel Method to Predict RNA Secondary Structure With Pseudoknots Based on Deep Learning and Improved Base Pair Maximization Principle.","False","Y","high","Method for prediction not a database","","","11","N","N"
"26708333","simDEF: definition-based semantic similarity measure of gene ontology terms for functional similarity analysis of genes.","True","Y","high","Similarity measure tool not a database","","","11","N","N"
"23311574","MAPI: a software framework for distributed biomedical applications.","True","Y","high","Software framework is a tool not a database","","","11","N","N"
"34944842","Mapping the Melanoma Plasma Proteome (MPP) Using Single-Shot Proteomics Interfaced with the WiMT Database.","False","Y","high","About using a database for mapping not the database itself","","","11","N","N"
"31307061","PRSice-2: Polygenic Risk Score software for biobank-scale data.","True","Y","high","Software tool for calculating risk scores not a database","","","11","N","N"
"31028635","""Seq-Well: A Sample-Efficient, Portable Picowell Platform for Massively Parallel Single-Cell RNA Sequencing.""","False","Y","high","Platform for sequencing is a methodology/device not a database","","","11","N","N"
"27153588","Ferret: a user-friendly Java tool to extract data from the 1000 Genomes Project.","True","Y","high","Tool for extracting data from other databases not a database itself","","","11","N","N"
"24955134","iDrug: a web-accessible and interactive drug discovery and design platform.","True","Y","high","Platform for drug discovery is a tool not a database","","","11","N","N"
"29262775","ShinyGPAS: interactive genomic prediction accuracy simulator based on deterministic formulas.","True","Y","high","Simulator is a tool not a database","","","11","N","N"
"22892045","Web-based GIS: the vector-borne disease airline importation risk (VBD-AIR) tool.","True","Y","high","GIS tool for risk assessment not a database","","","11","N","N"
"24370496","PARAMO: a PARAllel predictive MOdeling platform for healthcare analytic research using electronic health records.","False","Y","high","Modeling platform is a tool not a database","","","11","N","N"
"29329398","LeNup: learning nucleosome positioning from DNA sequences with improved convolutional neural networks.","False","Y","high","Learning method is a tool not a database","","","11","N","N"
"26054769","STITCHER: A web resource for high-throughput design of primers for overlapping PCR applications.","True","Y","high","Tool for primer design not a database","","","11","N","N"
"27436110","PETModule: a motif module based approach for enhancer target gene prediction.","True","Y","high","Approach for prediction not a database","","","11","N","N"
"22800180","AMDA 2.13: A major update for automated cross-platform microarray data analysis.","False","Y","high","Tool for data analysis not a database","","","11","N","N"
"30824909","DECO: decompose heterogeneous population cohorts for patient stratification and discovery of sample biomarkers using omic data profiling.","True","Y","high","Method for decomposition and stratification not a database","","","11","N","N"
"31147687","Path2Surv: Pathway/gene set-based survival analysis using multiple kernel learning.","False","Y","high","Tool for survival analysis not a database","","","11","N","N"
"33978743","InterEvDock3: a combined template-based and free docking server with increased performance through explicit modeling of complex homologs and integration of covariation-based contact maps.","True","Y","high","Docking server is a tool not a database","","","11","N","N"
"34581805","""BioSeq-BLM: a platform for analyzing DNA, RNA and protein sequences based on biological language models.""","True","Y","high","Analysis platform is a tool not a database","","","11","N","N"
"27306075","lncRNATargets: A platform for lncRNA target prediction based on nucleic acid thermodynamics.","True","Y","high","Platform for prediction is a tool not a database","","","11","N","N"
"30097014","EAPB: entropy-aware path-based metric for ontology quality.","False","Y","high","Metric for ontology quality is a method not a database","","","11","N","N"
"30590444","Improved mutant function prediction via PACT: Protein Analysis and Classifier Toolkit.","False","Y","high","Toolkit for prediction is a tool not a database","","","11","N","N"
"34113009","GenomeDiver: a platform for phenotype-guided medical genomic diagnosis.","False","Y","high","Platform for diagnosis is a tool not a database","","","11","N","N"
"31882996","Bioinformatics pipeline using JUDI: Just Do It!","False","Y","high","Pipeline tool not a database","","","11","N","N"
"27071849","Fast and sensitive taxonomic classification for metagenomics with Kaiju.","True","Y","high","Classification tool not a database","","","11","N","N"
"30102335","CharGer: clinical Characterization of Germline variants.","False","Y","high","Tool for characterization not a database","","","11","N","N"
"22594998","Genovar: a detection and visualization tool for genomic variants.","True","Y","high","Detection and visualization tool not a database","","","11","N","N"
"22607234","Multiple structure alignment with msTALI.","True","Y","high","Alignment tool not a database","","","11","N","N"
"27741327","New functionality of RNAComposer: an application to shape the axis of miR160 precursor structure.","True","Y","high","Application/tool for structure shaping not a database","","","11","N","N"
"24304890","Vespucci: a system for building annotated databases of nascent transcripts.","False","Y","high","System for building databases is a tool not a database itself","","","11","N","N"
"21527030","STSE: Spatio-Temporal Simulation Environment Dedicated to Biology.","True","Y","high","Simulation environment is a tool not a database","","","11","N","N"
"34600480","SamQL: a structured query language and filtering tool for the SAM/BAM file format.","False","Y","high","Query language tool not a database","","","11","N","N"
"22253821","Armadillo 1.1: an original workflow platform for designing and conducting phylogenetic analysis and simulations.","True","Y","high","Workflow platform is a tool not a database","","","11","N","N"
"34108470","R2DT is a framework for predicting and visualising RNA secondary structure using templates.","True","Y","high","Framework for prediction is a tool not a database","","","11","N","N"
"29950002","SigMat: a classification scheme for gene signature matching.","False","Y","high","Classification scheme is a method not a database","","","11","N","N"
"23292636","TargetHunter: an in silico target identification tool for predicting therapeutic potential of small organic molecules based on chemogenomic database.","True","Y","high","Tool for target identification not a database itself","","","11","N","N"
"27480116","""Gene, Environment and Methylation (GEM): a tool suite to efficiently navigate large scale epigenome wide association studies and integrate genotype and interaction between genotype and environment.""","True","Y","high","Tool suite for navigation not a database","","","11","N","N"
"22533540","XCMS Online: a web-based platform to process untargeted metabolomic data.","True","Y","high","Platform for processing data is a tool not a database","","","11","N","N"
"31477013","Cytokit: a single-cell analysis toolkit for high dimensional fluorescent microscopy imaging.","False","Y","high","Toolkit for analysis not a database","","","11","N","N"
"30590442","PredGly: predicting lysine glycation sites for Homo sapiens based on XGboost feature optimization.","False","Y","high","Prediction tool not a database","","","11","N","N"
"27105847","SL2: an interactive webtool for modeling of missing segments in proteins.","True","Y","high","Tool for modeling not a database","","","11","N","N"
"27697780","The OncoArray Consortium: A Network for Understanding the Genetic Architecture of Common Cancers.","False","Y","high","Consortium/network not a database","","","11","N","N"
"22039206","RAPSearch2: a fast and memory-efficient protein similarity search tool for next-generation sequencing data.","True","Y","high","Search tool not a database","","","11","N","N"
"32407533","MinReact: a systematic approach for identifying minimal metabolic networks.","False","Y","high","Approach for identification is a method not a database","","","11","N","N"
"29420797","Octopus-toolkit: a workflow to automate mining of public epigenomic and transcriptomic next-generation sequencing data.","False","Y","high","Toolkit/workflow for mining data not a database","","","11","N","N"
"23800136","MetaPathways: a modular pipeline for constructing pathway/genome databases from environmental sequence information.","True","Y","high","Pipeline for constructing databases is a tool not a database itself","","","11","N","N"
"33848166","MAPLE: A Microbiome Analysis Pipeline Enabling Optimal Peptide Search and Comparative Taxonomic and Functional Analysis.","True","Y","high","Pipeline for analysis is a tool not a database","","","11","N","N"
"29036533","gVolante for standardizing completeness assessment of genome and transcriptome assemblies.","True","Y","high","Tool for assessment not a database","","","11","N","N"
"29454313","StructRNAfinder: an automated pipeline and web server for RNA families prediction.","True","Y","high","Pipeline for prediction is a tool not a database","","","11","N","N"
"26153368","The ImageJ ecosystem: An open platform for biomedical image analysis.","False","Y","high","Platform for image analysis is a tool not a database","","","11","N","N"
"27797764","RedNemo: topology-based PPI network reconstruction via repeated diffusion with neighborhood modifications.","True","Y","high","Method for network reconstruction not a database","","","11","N","N"
"31131411","PatchSearch: a web server for off-target protein identification.","True","Y","high","Web server for identification is a tool not a database","","","11","N","N"
"26722765","Introduction of the Python script STRinNGS for analysis of STR regions in FASTQ or BAM files and expansion of the Danish STR sequence database to 11 STRs.","True","Y","medium","About a Python script and database expansion not the database itself","","","11","N","N"
"28614402","Providing researchers with online access to NHLBI biospecimen collections: The results of the first six years of the NHLBI BioLINCC program.","False","Y","high","About providing access to collections not the database itself","","","11","N","N"
"33200776","kTWAS: integrating kernel machine with transcriptome-wide association studies improves statistical power and reveals novel genes.","False","Y","high","Method for integration not a database","","","11","N","N"
"34101036","MLatom 2: An Integrative Platform for Atomistic Machine Learning.","False","Y","high","Platform for machine learning is a tool not a database","","","11","N","N"
"28686798","multiplierz v2.0: A Python-based ecosystem for shared access and analysis of native mass spectrometry data.","False","Y","high","Ecosystem/tool for analysis not a database","","","11","N","N"
"24130308","FFAS-3D: improving fold recognition by including optimized structural features and template re-ranking.","True","Y","high","Tool for fold recognition not a database","","","11","N","N"
"34418956","airpg: automatically accessing the inverted repeats of archived plastid genomes.","True","Y","high","Tool for accessing data not a database itself","","","11","N","N"
"30508485","Chemical Space and Diversity of the NuBBE Database: A Chemoinformatic Characterization.","False","Y","high","About characterization of a database not the database itself","","","11","N","N"
"33835022","""Artistoo, a library to build, share, and explore simulations of cells and tissues in the web browser.""","False","Y","high","Library for simulations is a tool not a database","","","11","N","N"
"28076444","WiseEye: Next Generation Expandable and Programmable Camera Trap Platform for Wildlife Research.","False","Y","high","Camera trap platform is a device not a database","","","11","N","N"
"25247892","""Taxamatch, an algorithm for near ('fuzzy') matching of scientific names in taxonomic databases.""","False","Y","high","Algorithm for matching not a database","","","11","N","N"
"28453681","Sphinx: merging knowledge-based and ab initio approaches to improve protein loop prediction.","True","Y","high","Approach for prediction not a database","","","11","N","N"
"28155723","LocExpress: a web server for efficiently estimating expression of novel transcripts.","True","Y","high","Web server for estimation is a tool not a database","","","11","N","N"
"28888961","The SeqAn C++ template library for efficient sequence analysis: A resource for programmers.","False","Y","high","Library/tool for programming not a database","","","11","N","N"
"33736590","AlphaPart-R implementation of the method for partitioning genetic trends.","True","Y","high","R implementation of a method not a database","","","11","N","N"
"28402416","ReGaTE: Registration of Galaxy Tools in Elixir.","False","Y","high","Tool registration system not a database","","","11","N","N"
"31755270","""ThermoRawFileParser: Modular, Scalable, and Cross-Platform RAW File Conversion.""","False","Y","high","File parser/converter tool not a database","","","11","N","N"
"32267142","""iNrich, Rapid and Robust Method to Enrich N-Terminal Proteome in a Highly Multiplexed Platform.""","False","Y","high","Method for enrichment not a database","","","11","N","N"
"24894500","Tedna: a transposable element de novo assembler.","True","Y","high","Assembler tool not a database","","","11","N","N"
"30825371","MetaMarker: a pipeline for de novo discovery of novel metagenomic biomarkers.","False","Y","high","Pipeline for discovery is a tool not a database","","","11","N","N"
"28108657","RIsearch2: suffix array-based large-scale prediction of RNA-RNA interactions and siRNA off-targets.","True","Y","high","Tool for prediction not a database","","","11","N","N"
"24160861","ReactionMap: an efficient atom-mapping algorithm for chemical reactions.","True","Y","high","""Map suffix but algorithm for mapping, methodology not data""","","","11","N","N"
"24799436","deepTools: a flexible platform for exploring deep-sequencing data.","True","Y","high","Platform/tools for exploring existing data not a database","","","11","N","N"
"34589189","Cancer DEIso: An integrative analysis platform for investigating differentially expressed gene-level and isoform-level human cancer markers.","True","Y","high","Analysis platform is a tool not a database","","","11","N","N"
"28369462","drVM: a new tool for efficient genome assembly of known eukaryotic viruses from metagenomes.","False","Y","high","Tool for genome assembly not a database","","","11","N","N"
"27399597","Development of a Korean Fracture Risk Score (KFRS) for Predicting Osteoporotic Fracture Risk: Analysis of Data from the Korean National Health Insurance Service.","True","Y","high","About development of a risk score not a database","","","11","N","N"
"32892221","Scopy: an integrated negative design python library for desirable HTS/VS database design.","False","Y","high","Python library for database design is a tool not a database itself","","","11","N","N"
"32517646","CapsNet-SSP: multilane capsule network for predicting human saliva-secretory proteins.","True","Y","high","Neural network for prediction not a database","","","11","N","N"
"28334194","swga: a primer design toolkit for selective whole genome amplification.","False","Y","high","Toolkit for primer design not a database","","","11","N","N"
"30574164","VarQ: A Tool for the Structural and Functional Analysis of Human Protein Variants.","True","Y","high","Tool for analysis not a database","","","11","N","N"
"27084946","DanQ: a hybrid convolutional and recurrent deep neural network for quantifying the function of DNA sequences.","False","Y","high","Neural network method not a database","","","11","N","N"
"22635116","""OnGuard, a computational platform for quantitative kinetic modeling of guard cell physiology.""","False","Y","high","Computational platform for modeling is a tool not a database","","","11","N","N"
"26410841","CustusX: an open-source research platform for image-guided therapy.","True","Y","high","Platform for image-guided therapy is a tool not a database","","","11","N","N"
"24479419","QTrim: a novel tool for the quality trimming of sequence reads generated using the Roche/454 sequencing platform.","False","Y","high","Tool for quality trimming not a database","","","11","N","N"
"34086858","wQFM: highly accurate genome-scale species tree estimation from weighted quartets.","False","Y","high","Tool for tree estimation not a database","","","11","N","N"
"22600737","ProBiS-2012: web server and web services for detection of structurally similar binding sites in proteins.","True","Y","high","Web server for detection is a tool not a database","","","11","N","N"
"30535063","SPRING: a next-generation compressor for FASTQ data.","False","Y","high","Compressor tool not a database","","","11","N","N"
"27153591","DUDes: a top-down taxonomic profiler for metagenomics.","True","Y","high","Profiler tool not a database","","","11","N","N"
"23173819","TIGRESS: Trustful Inference of Gene REgulation using Stability Selection.","True","Y","high","Tool for inference not a database","","","11","N","N"
"31624250","An accurate registration of the BigBrain dataset with the MNI PD25 and ICBM152 atlases.","True","Y","high","About registration of datasets not a database itself","","","11","N","N"
"28155921","MISSA 2.0: an updated synthetic biology toolbox for assembly of orthogonal CRISPR/Cas systems.","False","Y","high","Toolbox for assembly is a tool not a database","","","11","N","N"
"31116390","deepDR: a network-based deep learning approach to in silico drug repositioning.","False","Y","high","Deep learning approach is a method not a database","","","11","N","N"
"30343662","A new cross-platform architecture for epi-info software suite.","False","Y","high","Software architecture not a database","","","11","N","N"
"26828375","FastaHerder2: Four Ways to Research Protein Function and Evolution with Clustering and Clustered Databases.","False","Y","high","Tool for clustering not a database itself","","","11","N","N"
"31392323","CROSSMAPPER: estimating cross-mapping rates and optimizing experimental design in multi-species sequencing studies.","False","Y","high","Tool for estimation not a database","","","11","N","N"
"21542931","The PathOlogist: an automated tool for pathway-centric analysis.","True","Y","high","Tool for analysis not a database","","","11","N","N"
"23617301","D-Light on promoters: a client-server system for the analysis and visualization of cis-regulatory elements.","True","Y","high","System for analysis is a tool not a database","","","11","N","N"
"26559507","BRAKER1: Unsupervised RNA-Seq-Based Genome Annotation with GeneMark-ET and AUGUSTUS.","True","Y","high","Tool for genome annotation not a database","","","11","N","N"
"31454399","Integrative Meta-Assembly Pipeline (IMAP): Chromosome-level genome assembler combining multiple de novo assemblies.","False","Y","high","Pipeline for assembly is a tool not a database","","","11","N","N"
"29036597","Faucet: streaming de novo assembly graph construction.","False","Y","high","Tool for assembly not a database","","","11","N","N"
"28460136","ModFOLD6: an accurate web server for the global and local quality estimation of 3D protein models.","True","Y","high","Web server for estimation is a tool not a database","","","11","N","N"
"27663499","FastRFS: fast and accurate Robinson-Foulds Supertrees using constrained exact optimization.","False","Y","high","Tool for tree construction not a database","","","11","N","N"
"25652236","BACA: bubble chArt to compare annotations.","True","Y","high","Tool for comparison not a database","","","11","N","N"
"28379298","Gracob: a novel graph-based constant-column biclustering method for mining growth phenotype data.","True","Y","high","Method for biclustering not a database","","","11","N","N"
"31028376","scMatch: a single-cell gene expression profile annotation tool using reference datasets.","False","Y","high","Tool for annotation not a database","","","11","N","N"
"21306634","Tree Pruner: An efficient tool for selecting data from a biased genetic database.","False","Y","high","Tool for selecting data from databases not a database itself","","","11","N","N"
"31026417","Automated Identification and Quantification of Signals in Multichannel Immunofluorescence Images: The SignalFinder-IF Platform.","False","Y","high","Platform for identification is a tool not a database","","","11","N","N"
"25455337","""A toolbox for residue iteration decomposition (RIDE)--A method for the decomposition, reconstruction, and single trial analysis of event related potentials.""","False","Y","high","Toolbox for analysis method not a database","","","11","N","N"
"23046922","Parallel-META: efficient metagenomic data analysis based on high-performance computation.","True","Y","high","Tool for data analysis not a database","","","11","N","N"
"22135418","Metscape 2 bioinformatics tool for the analysis and visualization of metabolomics and gene expression data.","True","Y","high","Tool for analysis not a database","","","11","N","N"
"30417014","Parallel MapReduce: Maximizing Cloud Resource Utilization and Performance Improvement Using Parallel Execution Strategies.","False","Y","high","Computing strategy not a database","","","11","N","N"
"30977807","Lipid Mini-On: mining and ontology tool for enrichment analysis of lipidomic data.","True","Y","high","Tool for mining and ontology analysis not a database","","","11","N","N"
"25183489","ballaxy: web services for structural bioinformatics.","True","Y","high","Web services tool not a database","","","11","N","N"
"21982300","Open Babel: An open chemical toolbox.","True","Y","high","Toolbox for chemistry not a database","","","11","N","N"
"27632205","Expanding the UniFrac Toolbox.","False","Y","high","About expanding a toolbox not a database","","","11","N","N"
"22953731","CTen: a web-based platform for identifying enriched cell types from heterogeneous microarray data.","True","Y","high","Platform for identifying cell types is a tool not a database","","","11","N","N"
"31103932","""MyoRobot 2.0: An advanced biomechatronics platform for automated, environmentally controlled skeletal muscle single fiber biomechanics assessment employing inbuilt real-time optical imaging.""","False","Y","high","Biomechatronics platform is a device not a database","","","11","N","N"
"""21784873"," 25979264"",Genome-scale phylogenetic function annotation of large and diverse protein families.","True","Y","high","Tool for annotation not a database","","","11","N","N"
"22454539","Platform-independent and label-free quantitation of proteomic data using MS1 extracted ion chromatograms in skyline: application to protein acetylation and phosphorylation.","False","Y","high","About method for quantitation not a database","","","11","N","N"
"22689644","MFEprimer-2.0: a fast thermodynamics-based program for checking PCR primer specificity.","True","Y","high","Program for checking primers not a database","","","11","N","N"
"28028736","Fast H-DROP: A thirty times accelerated version of H-DROP for interactive SVM-based prediction of helical domain linkers.","True","Y","high","Tool for prediction not a database","","","11","N","N"
"30717676","A new version of the ANDSystem tool for automatic extraction of knowledge from scientific publications with expanded functionality for reconstruction of associative gene networks by considering tissue-specific gene expression.","True","Y","high","Tool for extraction not a database","","","11","N","N"
"27612452","""Mergeomics: a web server for identifying pathological pathways, networks, and key regulators via multidimensional data integration.""","True","Y","high","Web server for identification is a tool not a database","","","11","N","N"
"26834843","MetFrag relaunched: incorporating strategies beyond in silico fragmentation.","True","Y","high","Tool for fragmentation not a database","","","11","N","N"
"30290126","Design of the LifeArc Index Set and Retrospective Review of Its Performance: A Collection for Sharing.","False","Y","high","About design and review not a database","","","11","N","N"
"21944492","Reprint of: Simulation Platform: a cloud-based online simulation environment.","False","Y","high","Simulation platform is a tool not a database","","","11","N","N"
"21524302","Simrank: Rapid and sensitive general-purpose k-mer search tool.","True","Y","high","Search tool not a database","","","11","N","N"
"26072498","FERAL: network-based classifier with application to breast cancer outcome prediction.","True","Y","high","Classifier tool not a database","","","11","N","N"
"22374845","Integration of the OpenIGTLink network protocol for image-guided therapy with the medical platform MeVisLab.","False","Y","high","About protocol integration not a database","","","11","N","N"
"33002005","""RNAthor - fast, accurate normalization, visualization and statistical analysis of RNA probing data resolved by capillary electrophoresis.""","True","Y","high","Tool for normalization and analysis not a database","","","11","N","N"
"28368827","BRANE Clust: Cluster-Assisted Gene Regulatory Network Inference Refinement.","True","Y","high","Tool for network inference not a database","","","11","N","N"
"26729273","""ChainRank, a chain prioritisation method for contextualisation of biological networks.""","False","Y","high","Method for prioritization not a database","","","11","N","N"
"23609542","BLAST: a more efficient report with usability improvements.","True","Y","high","About improvements to BLAST tool not a database","","","11","N","N"
"30064374","TOPAZ: asymmetric suffix array neighbourhood search for massive protein databases.","False","Y","high","Search tool for databases not a database itself","","","11","N","N"
"24886360","WebChem Viewer: a tool for the easy dissemination of chemical and structural data sets.","True","Y","high","Tool for dissemination not a database","","","11","N","N"
"33028846","Graph-based exploitation of gene ontology using GOxploreR for scrutinizing biological significance.","False","Y","high","Tool for exploiting gene ontology not a database","","","11","N","N"
"23275695","Simplifier: a web tool to eliminate redundant NGS contigs.","True","Y","high","Tool for eliminating contigs not a database","","","11","N","N"
"27307637","RCK: accurate and efficient inference of sequence- and structure-based protein-RNA binding models from RNAcompete data.","True","Y","high","Tool for inference not a database","","","11","N","N"
"31829207","Genepanel.iobio - an easy to use web tool for generating disease- and phenotype-associated gene lists.","True","Y","high","Tool for generating gene lists not a database","","","11","N","N"
"28327910","Phenobook: an open source software for phenotypic data collection.","False","Y","high","Software for data collection is a tool not a database","","","11","N","N"
"30764760","ADS-HCSpark: A scalable HaplotypeCaller leveraging adaptive data segmentation to accelerate variant calling on Spark.","False","Y","high","Tool for variant calling not a database","","","11","N","N"
"30735513","Using the CustusX toolkit to create an image guided bronchoscopy application: Fraxinus.","True","Y","high","About using a toolkit not a database","","","11","N","N"
"22611129","Efficient RNA pairwise structure comparison by SETTER method.","True","Y","high","Method for comparison not a database","","","11","N","N"
"24479510","VIP Barcoding: composition vector-based software for rapid species identification based on DNA barcoding.","True","Y","high","Software for species identification not a database","","","11","N","N"
"29950013","HFSP: high speed homology-driven function annotation of proteins.","False","Y","high","Tool for annotation not a database","","","11","N","N"
"32530465","Galactic Circos: User-friendly Circos plots within the Galaxy platform.","False","Y","high","Tool for creating plots not a database","","","11","N","N"
"26705418","Cohort Profile: The Framingham Heart Study (FHS): overview of milestones in cardiovascular epidemiology.","True","Y","high","Cohort profile not a database","","","11","N","N"
"24799435","SymD webserver: a platform for detecting internally symmetric protein structures.","True","Y","high","Platform for detection is a tool not a database","","","11","N","N"
"31813964","Pathway Tools version 23.0 update: software for pathway/genome informatics and systems biology.","True","Y","high","Software tool not a database","","","11","N","N"
"24395359","A single-tube assembly of DNA using the transfer-PCR (TPCR) platform.","False","Y","high","PCR platform/method not a database","","","11","N","N"
"31423613","GalaxyDock3: Protein-ligand docking that considers the full ligand conformational flexibility.","True","Y","high","Docking tool not a database","","","11","N","N"
"24504981","The OMSSAPercolator: an automated tool to validate OMSSA results.","False","Y","high","Tool for validation not a database","","","11","N","N"
"26162614","EMDLAB: A toolbox for analysis of single-trial EEG dynamics using empirical mode decomposition.","False","Y","high","Toolbox for analysis not a database","","","11","N","N"
"23304279","""Meeting the electronic health record """"meaningful use"""" criterion for the HL7 infobutton standard using OpenInfobutton and the Librarian Infobutton Tailoring Environment (LITE).""","False","Y","high","About meeting standards not a database","","","11","N","N"
"32652926","Keras R-CNN: library for cell detection in biological images using deep neural networks.","False","Y","high","Library for cell detection is a tool not a database","","","11","N","N"
"21472892","Mutation update for the PORCN gene.","True","Y","high","About mutation update not a database","","","11","N","N"
"23603108","Pride-asap: automatic fragment ion annotation of identified PRIDE spectra.","True","Y","high","Tool for annotation not a database","","","11","N","N"
"30689724","ensembldb: an R package to create and use Ensembl-based annotation resources.","True","Y","high","R package is a tool not a database","","","11","N","N"
"23292739","KEGGParser: parsing and editing KEGG pathway maps in Matlab.","True","Y","high","Parser tool not a database","","","11","N","N"
"29617950","Reactome Pengine: a web-logic API to the Homo sapiens reactome.","True","Y","high","API tool not a database","","","11","N","N"
"28605774","GenomeHubs: simple containerized setup of a custom Ensembl database and web server for any species.","True","Y","high","Tool for setting up databases not a database itself","","","11","N","N"
"23856246","The exomes of the NCI-60 panel: a genomic resource for cancer biology and systems pharmacology.","False","Y","high","About exomes resource not a database","","","11","N","N"
"22685160","""Improving links between literature and biological data with text mining: a case study with GEO, PDB and MEDLINE.""","True","Y","high","About text mining method not a database","","","11","N","N"
"25047258","How to submit MS proteomics data to ProteomeXchange via the PRIDE database.","True","Y","high","About how to submit to a database not the database itself","","","11","N","N"
"26525081","An Open-source Toolbox for Analysing and Processing PhysioNet Databases in MATLAB and Octave.","False","Y","high","Toolbox for analyzing databases not a database itself","","","11","N","N"
"23064119","SPLOOCE: a new portal for the analysis of human splicing variants.","False","Y","high","Portal for analysis is a tool not a database","","","11","N","N"
"23618375","SNVDis: a proteome-wide analysis service for evaluating nsSNVs in protein functional sites and pathways.","True","Y","high","Analysis service is a tool not a database","","","11","N","N"
"30295728","DIGREM: an integrated web-based platform for detecting effective multi-drug combinations.","True","Y","high","Platform for detection is a tool not a database","","","11","N","N"
"27153725","NMRPro: an integrated web component for interactive processing and visualization of NMR spectra.","True","Y","high","Tool for processing and visualization not a database","","","11","N","N"
"33481821","PFRED: A computational platform for siRNA and antisense oligonucleotides design.","False","Y","high","Platform for design is a tool not a database","","","11","N","N"
"23894142","MaGnET: Malaria Genome Exploration Tool.","True","Y","high","Exploration tool not a database","","","11","N","N"
"28093075","GAVIN: Gene-Aware Variant INterpretation for medical sequencing.","True","Y","high","Tool for variant interpretation not a database","","","11","N","N"
"""25943547"," 29905871"",HMMER web server: 2015 update.","True","Y","high","Web server tool not a database","","","11","N","N"
"27131383","LassoProt: server to analyze biopolymers with lassos.","True","Y","high","Server for analysis is a tool not a database","","","11","N","N"
"24370983","SECRETOOL: integrated secretome analysis tool for fungi.","True","Y","high","Analysis tool not a database","","","11","N","N"
"31366358","HUPAN: a pan-genome analysis pipeline for human genomes.","True","Y","high","Pipeline for analysis is a tool not a database","","","11","N","N"
"23729504","CNVinspector: a web-based tool for the interactive evaluation of copy number variations in single patients and in cohorts.","True","Y","high","Tool for evaluation not a database","","","11","N","N"
"27604408","ExonImpact: Prioritizing Pathogenic Alternative Splicing Events.","True","Y","high","Tool for prioritizing events not a database","","","11","N","N"
"27084944","MBROLE 2.0-functional enrichment of chemical compounds.","True","Y","high","Tool for functional enrichment not a database","","","11","N","N"
"24265686","""PANADA: protein association network annotation, determination and analysis.""","True","Y","high","""Tool for annotation, determination and analysis not a database""","","","11","N","N"
"31379284","JAMAevidence: An Instructional Resource for Evidence-Based Medicine.","False","Y","high","Instructional resource not a data database","","","11","N","N"
"23946503","omiRas: a Web server for differential expression analysis of miRNAs derived from small RNA-Seq data.","True","Y","high","Web server for analysis is a tool not a database","","","11","N","N"
"32181809","TCRBuilder: multi-state T-cell receptor structure prediction.","True","Y","high","Tool for structure prediction not a database","","","11","N","N"
"32479601","CReSCENT: CanceR Single Cell ExpressioN Toolkit.","True","Y","high","Toolkit for analysis not a database","","","11","N","N"
"25803548","mQTL.NMR: an integrated suite for genetic mapping of quantitative variations of (1)H NMR-based metabolic profiles.","True","Y","high","Suite for genetic mapping is a tool not a database","","","11","N","N"
"27457481","NMRFx Processor: a cross-platform NMR data processing program.","False","Y","high","Data processing program is a tool not a database","","","11","N","N"
"26576653","JSpeciesWS: a web server for prokaryotic species circumscription based on pairwise genome comparison.","True","Y","high","Web server for comparison is a tool not a database","","","11","N","N"
"22743773","""BioImageXD: an open, general-purpose and high-throughput image-processing platform.""","False","Y","high","Image-processing platform is a tool not a database","","","11","N","N"
"32750074","RNAAgeCalc: A multi-tissue transcriptional age calculator.","True","Y","high","Calculator tool not a database","","","11","N","N"
"24895432","""CFM-ID: a web server for annotation, spectrum prediction and metabolite identification from tandem mass spectra.""","True","Y","high","Web server for prediction and identification is a tool not a database","","","11","N","N"
"21383910","SeqMaT: A sequence manipulation tool for phylogenetic analysis.","True","Y","high","Manipulation tool not a database","","","11","N","N"
"32150535","ProteoClade: A taxonomic toolkit for multi-species and metaproteomic analysis.","False","Y","high","Toolkit for analysis not a database","","","11","N","N"
"33705981","TSUNAMI: Translational Bioinformatics Tool Suite for Network Analysis and Mining.","True","Y","high","Tool suite for analysis not a database","","","11","N","N"
"31588775","""ELIMU-MDx: a web-based, open-source platform for storage, management and analysis of diagnostic qPCR data.""","False","Y","high","Platform for storage and management is a tool not a database","","","11","N","N"
"32770988","OncoPDSS: an evidence-based clinical decision support system for oncology pharmacotherapy at the individual level.","True","Y","high","Decision support system is a tool not a database","","","11","N","N"
"25119676","Improvements to pairwise sequence comparison (PASC): a genome-based web tool for virus classification.","True","Y","high","Web tool for comparison not a database","","","11","N","N"
"23677617","SGAtools: one-stop analysis and visualization of array-based genetic interaction screens.","True","Y","high","Tool for analysis not a database","","","11","N","N"
"33836063","MendelVar: gene prioritization at GWAS loci using phenotypic enrichment of Mendelian disease genes.","True","Y","high","Tool for gene prioritization not a database","","","11","N","N"
"21622957","DARIO: a ncRNA detection and analysis tool for next-generation sequencing experiments.","True","Y","high","Detection and analysis tool not a database","","","11","N","N"
"22268718","""SoMART: a web server for plant miRNA, tasiRNA and target gene analysis.""","True","Y","high","Web server for analysis is a tool not a database","","","11","N","N"
"29549628","IIKmTA: Inter and Intra Kingdom miRNA-Target Analyzer.","True","Y","high","Analyzer tool not a database","","","11","N","N"
"23226516","iPiG: integrating peptide spectrum matches into genome browser visualizations.","False","Y","high","Tool for integration not a database","","","11","N","N"
"28035026","InMoDe: tools for learning and visualizing intra-motif dependencies of DNA binding sites.","True","Y","high","Tools for learning not a database","","","11","N","N"
"26861821","TRONCO: an R package for the inference of cancer progression models from heterogeneous genomic data.","True","Y","high","R package for inference is a tool not a database","","","11","N","N"
"24395755","FamAnn: an automated variant annotation pipeline to facilitate target discovery for family-based sequencing studies.","False","Y","high","Pipeline for annotation is a tool not a database","","","11","N","N"
"27493193","FARAO: the flexible all-round annotation organizer.","True","Y","high","Tool for annotation organization not a database","","","11","N","N"
"23695286","Phenotype-Genotype Integrator (PheGenI): synthesizing genome-wide association study (GWAS) data with existing genomic resources.","False","Y","high","Tool for synthesizing GWAS data not a database","","","11","N","N"
"33872372","miRMaster 2.0: multi-species non-coding RNA sequencing analyses at scale.","True","Y","high","Tool for sequencing analyses not a database","","","11","N","N"
"21443786","ISsaga is an ensemble of web-based methods for high throughput identification and semi-automatic annotation of insertion sequences in prokaryotic genomes.","True","Y","high","Ensemble of methods is a tool not a database","","","11","N","N"
"29942087","Pan4Draft: A Computational Tool to Improve the Accuracy of Pan-Genomic Analysis Using Draft Genomes.","True","Y","high","Computational tool for analysis not a database","","","11","N","N"
"22639196","MaxOcc: a web portal for maximum occurrence analysis.","True","Y","high","Web portal for analysis is a tool not a database","","","11","N","N"
"21330290","FIMO: scanning for occurrences of a given motif.","True","Y","high","Tool for motif scanning not a database","","","11","N","N"
"26092861","""IBiSS, a versatile and interactive tool for integrated sequence and 3D structure analysis of large macromolecular complexes.""","True","Y","high","Tool for analysis not a database","","","11","N","N"
"22319563","ECOMICS: a web-based toolkit for investigating the biomolecular web in ecosystems using a trans-omics approach.","True","Y","high","Toolkit for investigation is a tool not a database","","","11","N","N"
"32138767","WhatsGNU: a tool for identifying proteomic novelty.","False","Y","high","Tool for identification not a database","","","11","N","N"
"29040384","SELANSI: a toolbox for simulation of stochastic gene regulatory networks.","False","Y","high","Toolbox for simulation is a tool not a database","","","11","N","N"
"28114729","Mutantelec: An In Silico mutation simulation platform for comparative electrostatic potential profiling of proteins.","False","Y","high","Simulation platform is a tool not a database","","","11","N","N"
"25883137","FAF-Drugs3: a web server for compound property calculation and chemical library design.","True","Y","high","Web server for calculation is a tool not a database","","","11","N","N"
"34955819","Comprehensive Analysis of Chemical Structures That Have Been Tested as CFTR Activating Substances in a Publicly Available Database CandActCFTR.","False","Y","high","About analysis of a database not the database itself","","","11","N","N"
"26527189","GITIRBio: A Semantic and Distributed Service Oriented-Architecture for Bioinformatics Pipeline.","True","Y","high","Service architecture for pipeline is a tool not a database","","","11","N","N"
"28764727","EMQIT: a machine learning approach for energy based PWM matrix quality improvement.","True","Y","high","Machine learning approach is a method not a database","","","11","N","N"
"31633026","MIBI-TOF: A multiplexed imaging platform relates cellular phenotypes and tissue structure.","False","Y","high","Imaging platform is a methodology/device not a database","","","11","N","N"
"31461461","COSPLAY: An expandable toolbox for combinatorial and swift generation of expression plasmids in yeast.","False","Y","high","Toolbox for generation is a tool not a database","","","11","N","N"
"28682264","NGS-FC: A Next-Generation Sequencing Data Format Converter.","True","Y","high","Format converter tool not a database","","","11","N","N"
"22618878","PocketAnnotate: towards site-based function annotation.","True","Y","high","Tool for annotation not a database","","","11","N","N"
"29893885","EviNet: a web platform for network enrichment analysis with flexible definition of gene sets.","True","Y","high","Platform for enrichment analysis is a tool not a database","","","11","N","N"
"24330140","NEMATIC: a simple and versatile tool for the in silico analysis of plant-nematode interactions.","True","Y","high","Tool for analysis not a database","","","11","N","N"
"24574113","CanSNPer: a hierarchical genotype classifier of clonal pathogens.","False","Y","high","Classifier tool not a database","","","11","N","N"
"23686313","PPISURV: a novel bioinformatics tool for uncovering the hidden role of specific genes in cancer survival outcome.","True","Y","high","Tool for uncovering gene roles not a database","","","11","N","N"
"21306991","RATT: Rapid Annotation Transfer Tool.","False","Y","high","Annotation transfer tool not a database","","","11","N","N"
"27250555","""Vcfanno: fast, flexible annotation of genetic variants.""","False","Y","high","Pure methodology tool for annotation without data repository","","","12","N","N"
"24564791","QTREDS: a Ruby on Rails-based platform for omics laboratories.","True","Y","high","Platform for laboratory management (tool) not a data repository","","","12","N","N"
"30526489","GOnet: a tool for interactive Gene Ontology analysis.","True","Y","high","""'Tool for' pattern indicates methodology, not data collection""","","","12","N","N"
"26002883","pwOmics: an R package for pathway-based integration of time-series omics data using public database knowledge.","True","Y","high","R package for analysis (tool) not a database itself","","","12","N","N"
"22351021","Exploiting Multisite Gateway and pENFRUIT plasmid collection for fruit genetic engineering.","False","Y","high","Methodology paper about using plasmid collection for engineering","","","12","N","N"
"31459550","InterSpin: Integrated Supportive Webtools for Low- and High-Field NMR Analyses Toward Molecular Complexity.","True","Y","high","""Webtools for analysis (methodology), not data repository""","","","12","N","N"
"27516337","Mycofier: a new machine learning-based classifier for fungal ITS sequences.","False","Y","high","""Machine learning classifier (methodology tool), not database""","","","12","N","N"
"24810851","e-RNA: a collection of web servers for comparative RNA structure prediction and visualisation.","True","Y","high","Collection of web servers for prediction (tools) not data repository","","","12","N","N"
"23735196","Ontology-Based Querying with Bio2RDF's Linked Open Data.","False","Y","high","Paper about querying methodology not the database itself","","","12","N","N"
"22955989","Annotation of functional variation in personal genomes using RegulomeDB.","False","Y","high","Paper about USING RegulomeDB not the database announcement","","","12","N","N"
"25805426","Real-Time Motion Capture Toolbox (RTMocap): an open-source code for recording 3-D motion kinematics to study action-effect anticipations during motor and social interactions.","False","Y","high","Toolbox for motion capture (methodology tool)","","","12","N","N"
"26543174","meRanTK: methylated RNA analysis ToolKit.","True","Y","high","""ToolKit for analysis (methodology), not data repository""","","","12","N","N"
"31266480","TASKA: A modular task management system to support health research studies.","True","Y","high","Task management system (tool) not a data repository","","","12","N","N"
"24872424","""CODOC: efficient access, analysis and compression of depth of coverage signals.""","True","Y","high","""Tool for access, analysis and compression (methodology)""","","","12","N","N"
"26193336","""MCaVoH: A toolkit for mining, classification and visualization of human microbiota.""","False","Y","high","""Toolkit for mining/classification (methodology), not data repository""","","","12","N","N"
"26411868","MDD-SOH: exploiting maximal dependence decomposition to identify S-sulfenylation sites with substrate motifs.","True","Y","high","""Methodology for identifying sites (prediction tool), not database""","","","12","N","N"
"31295871","TGStools: A Bioinformatics Suit to Facilitate Transcriptome Analysis of Long Reads from Third Generation Sequencing Platform.","False","Y","high","Bioinformatics suite for analysis (tools) not data repository","","","12","N","N"
"29985979","RNAvista: a webserver to assess RNA secondary structures with non-canonical base pairs.","True","Y","high","Webserver for assessment (methodology tool) not data repository","","","12","N","N"
"31599058","PhyloSuite: An integrated and scalable desktop platform for streamlined molecular sequence data management and evolutionary phylogenetics studies.","False","Y","high","Desktop platform for data management (tool) not a data repository","","","12","N","N"
"25368506","Quality Control for RNA-Seq (QuaCRS): An Integrated Quality Control Pipeline.","True","Y","high","Quality control pipeline (methodology tool)","","","12","N","N"
"22582806","PROLIX: rapid mining of protein-ligand interactions in large crystal structure databases.","False","Y","high","Tool for mining databases not the database itself","","","12","N","N"
"28214993","SCALEUS: Semantic Web Services Integration for Biomedical Applications.","True","Y","high","Integration platform (tool) not data repository","","","12","N","N"
"31453632","AOPERA: A proposed methodology and inventory of effective tools to link chemicals to adverse outcome pathways.","True","Y","medium","""'Methodology and inventory of tools' - primarily methodology focused""","","","12","N","N"
"26803163","""BISQUE: locus- and variant-specific conversion of genomic, transcriptomic and proteomic database identifiers.""","True","Y","high","Conversion tool for identifiers (methodology) not data repository","","","12","N","N"
"32564239","SUPFUNSIM: Spatial Filtering Toolbox for EEG.","False","Y","high","Toolbox for signal processing (methodology tool)","","","12","N","N"
"32415965","Palantir: a springboard for the analysis of secondary metabolite gene clusters in large-scale genome mining projects.","True","Y","high","Springboard/tool for analysis not data repository","","","12","N","N"
"27025440","GenoMatrix: A Software Package for Pedigree-Based and Genomic Prediction Analyses on Complex Traits.","True","Y","high","Software package for analysis (methodology tool)","","","12","N","N"
"33075075","PyHIST: A Histological Image Segmentation Tool.","False","Y","high","Segmentation tool (methodology)","","","12","N","N"
"28333216","""BuddySuite: Command-Line Toolkits for Manipulating Sequences, Alignments, and Phylogenetic Trees.""","True","Y","high","Toolkits for manipulation (methodology)","","","12","N","N"
"30963287","TeachOpenCADD: a teaching platform for computer-aided drug design using open source packages and data.","False","Y","high","Teaching platform (educational tool) not data repository","","","12","N","N"
"21622656","CoMet--a web server for comparative functional profiling of metagenomes.","True","Y","high","Web server for profiling (analysis tool) not data repository","","","12","N","N"
"29028896","PyDREAM: high-dimensional parameter inference for biological models in python.","False","Y","high","Parameter inference tool (methodology)","","","12","N","N"
"33685491","Giotto: a toolbox for integrative analysis and visualization of spatial expression data.","False","Y","high","Toolbox for analysis (methodology tool)","","","12","N","N"
"25863133","PlantMirnaT: miRNA and mRNA integrated analysis fully utilizing characteristics of plant sequencing data.","False","Y","high","Analysis tool (methodology) not data repository","","","12","N","N"
"28093410","FASTdoop: a versatile and efficient library for the input of FASTA and FASTQ files for MapReduce Hadoop bioinformatics applications.","True","Y","high","Library for file input (methodology tool)","","","12","N","N"
"29452392","pBRIT: gene prioritization by correlating functional and phenotypic annotations through integrative data fusion.","True","Y","high","Gene prioritization tool (methodology) not data repository","","","12","N","N"
"28521008","GeMSTONE: orchestrated prioritization of human germline mutations in the cloud.","True","Y","high","Prioritization tool (methodology)","","","12","N","N"
"31070714","G-OnRamp: a Galaxy-based platform for collaborative annotation of eukaryotic genomes.","True","Y","high","Platform for annotation (tool) not data repository","","","12","N","N"
"32092438","RPINBASE: An online toolbox to extract features for predicting RNA-protein interactions.","True","Y","high","""Toolbox for feature extraction/prediction (methodology), BASE suffix but toolbox indicates tool""","","","12","N","N"
"30904554","RaaMLab: A MATLAB toolbox that generates amino acid groups and reduced amino acid modes.","False","Y","high","MATLAB toolbox for generation (methodology tool)","","","12","N","N"
"31586868","ChaRTr: An R toolbox for modeling choices and response times in decision-making tasks.","False","Y","high","R toolbox for modeling (methodology)","","","12","N","N"
"26794315","TFBSTools: an R/bioconductor package for transcription factor binding site analysis.","True","Y","high","R package for analysis (methodology tool)","","","12","N","N"
"30649189","CluMSID: an R package for similarity-based clustering of tandem mass spectra to aid feature annotation in metabolomics.","True","Y","high","R package for clustering (methodology tool)","","","12","N","N"
"33787835","AASRA: an anchor alignment-based small RNA annotation pipeline†.","False","Y","high","Annotation pipeline (methodology tool)","","","12","N","N"
"33464891","TopSuite Web Server: A Meta-Suite for Deep-Learning-Based Protein Structure and Quality Prediction.","True","Y","high","Web server for prediction (methodology tool)","","","12","N","N"
"32313959","Zebra2: advanced and easy-to-use web-server for bioinformatic analysis of subfamily-specific and conserved positions in diverse protein superfamilies.","True","Y","high","Web server for analysis (methodology tool)","","","12","N","N"
"26313379","GARN: Sampling RNA 3D Structure Space with Game Theory and Knowledge-Based Scoring Strategies.","True","Y","high","Sampling tool with methodology approach not data repository","","","12","N","N"
"22576177","CPSS: a computational platform for the analysis of small RNA deep sequencing data.","True","Y","high","Computational platform for analysis (methodology tool)","","","12","N","N"
"23277275","EasyProt--an easy-to-use graphical platform for proteomics data analysis.","True","Y","high","Graphical platform for analysis (methodology tool)","","","12","N","N"
"30789126","SNP-IT Tool for Identifying Subspecies and Associated Lineages of Mycobacterium tuberculosis Complex.","False","Y","high","'Tool for identifying' pattern (methodology)","","","12","N","N"
"34132767","VoroContacts: a tool for the analysis of interatomic contacts in macromolecular structures.","True","Y","high","'Tool for analysis' pattern (methodology)","","","12","N","N"
"33123113","PUMAA: A Platform for Accessible Microbiome Analysis in the Undergraduate Classroom.","False","Y","high","Educational platform for analysis (teaching tool)","","","12","N","N"
"34048569","IUPred3: prediction of protein disorder enhanced with unambiguous experimental annotation and visualization of evolutionary conservation.","True","Y","high","'Prediction of' pattern (methodology tool)","","","12","N","N"
"32050905","GsmPlot: a web server to visualize epigenome data in NCBI.","True","Y","high","Web server for visualization (methodology tool)","","","12","N","N"
"28950836","VCFtoTree: a user-friendly tool to construct locus-specific alignments and phylogenies from thousands of anthropologically relevant genome sequences.","False","Y","high","'Tool to construct' pattern (methodology)","","","12","N","N"
"25653163","CAGEr: precise TSS data retrieval and high-resolution promoterome mining for integrative analyses.","True","Y","high","Tool for data retrieval and mining (methodology)","","","12","N","N"
"21967760","ProfileChaser: searching microarray repositories based on genome-wide patterns of differential expression.","True","Y","high","Tool for searching repositories not repository itself","","","12","N","N"
"28334977","sCLIP-an integrated platform to study RNA-protein interactomes in biomedical research: identification of CSTF2tau in alternative processing of small nuclear RNAs.","False","Y","high","Platform to study/analyze (methodology tool)","","","12","N","N"
"33581338","rePROBE: Workflow for Revised Probe Assignment and Updated Probe-set Annotation in Microarrays.","False","Y","high","Workflow for annotation (methodology)","","","12","N","N"
"21712246","CAMPAIGN: an open-source library of GPU-accelerated data clustering algorithms.","True","Y","high","Library of clustering algorithms (methodology tool)","","","12","N","N"
"28355123","GFFview: A Web Server for Parsing and Visualizing Annotation Information of Eukaryotic Genome.","False","Y","high","Web server for parsing/visualization (methodology tool)","","","12","N","N"
"23028496","""MyDas, an extensible Java DAS server.""","False","Y","high","Java server software (tool)","","","12","N","N"
"26803155","MuCor: mutation aggregation and correlation.","True","Y","high","Tool for aggregation/correlation (methodology)","","","12","N","N"
"29379090","GO FEAT: a rapid web-based functional annotation tool for genomic and transcriptomic data.","True","Y","high","'Annotation tool' pattern (methodology)","","","12","N","N"
"28407117","NNAlign: a platform to construct and evaluate artificial neural network models of receptor-ligand interactions.","True","Y","high","Platform to construct models (methodology tool)","","","12","N","N"
"32697844","PEWO: a collection of workflows to benchmark phylogenetic placement.","False","Y","high","Collection of workflows (methodology tools)","","","12","N","N"
"34260589","COVIDomic: A multi-modal cloud-based platform for identification of risk factors associated with COVID-19 severity.","False","Y","high","Platform for identification/analysis (methodology tool)","","","12","N","N"
"34362304","BREC: an R package/Shiny app for automatically identifying heterochromatin boundaries and estimating local recombination rates along chromosomes.","False","Y","high","R package for identification (methodology tool)","","","12","N","N"
"22495752","""GeneclusterViz: a tool for conserved gene cluster visualization, exploration and analysis.""","True","Y","high","'Tool for visualization/analysis' pattern (methodology)","","","12","N","N"
"23918248","Pclust: protein network visualization highlighting experimental data.","True","Y","high","Visualization tool (methodology)","","","12","N","N"
"34050164","Automated annotation and visualisation of high-resolution spatial proteomic mass spectrometry imaging data using HIT-MAP.","False","Y","high","'Automated annotation' methodology paper about using HIT-MAP","","","12","N","N"
"24037212","CruzDB: software for annotation of genomic intervals with UCSC genome-browser database.","False","Y","high","Software for annotation (tool) using another database","","","12","N","N"
"34733246","fIDBAC: A Platform for Fast Bacterial Genome Identification and Typing.","True","Y","high","Platform for identification (methodology tool)","","","12","N","N"
"28011789","myGenomeBrowser: building and sharing your own genome browser.","True","Y","high","Tool for building browsers (methodology)","","","12","N","N"
"28678736","LifeStyle-Specific-Islands (LiSSI): Integrated Bioinformatics Platform for Genomic Island Analysis.","False","Y","high","Platform for analysis (methodology tool)","","","12","N","N"
"33876217","CanDriS: posterior profiling of cancer-driving sites based on two-component evolutionary model.","True","Y","high","Profiling tool based on model (methodology)","","","12","N","N"
"22684630","""RobiNA: a user-friendly, integrated software solution for RNA-Seq-based transcriptomics.""","True","Y","high","Software solution for analysis (methodology tool)","","","12","N","N"
"25886982","""GREGOR: evaluating global enrichment of trait-associated variants in epigenomic features using a systematic, data-driven approach.""","True","Y","high","""Tool for evaluating enrichment using methodology, data-driven approach""","","","12","N","N"
"23825367","CellMix: a comprehensive toolbox for gene expression deconvolution.","True","Y","high","Toolbox for deconvolution (methodology)","","","12","N","N"
"29309510","Mustguseal: a server for multiple structure-guided sequence alignment of protein families.","True","Y","high","Server for alignment (methodology tool)","","","12","N","N"
"22618877","TaxMan: a server to trim rRNA reference databases and inspect taxonomic coverage.","True","Y","high","Server for trimming databases (methodology tool)","","","12","N","N"
"34882760","OCTAVA: An open-source toolbox for quantitative analysis of optical coherence tomography angiography images.","False","Y","high","Toolbox for analysis (methodology)","","","12","N","N"
"33304261","MP3: Medical Software for Processing Multi-Parametric Images Pipelines.","False","Y","high","Software for processing pipelines (methodology)","","","12","N","N"
"25697399","2HiGWAS: a unifying high-dimensional platform to infer the global genetic architecture of trait development.","False","Y","high","Platform to infer architecture (methodology tool)","","","12","N","N"
"28362877","ARACHNE: A neural-neuroglial network builder with remotely controlled parallel computing.","False","Y","high","Network builder tool (methodology)","","","12","N","N"
"30986215","GOOGA: A platform to synthesize mapping experiments and identify genomic structural diversity.","False","Y","high","Platform for synthesis/identification (methodology tool)","","","12","N","N"
"26925206","KENeV: A web-application for the automated reconstruction and visualization of the enriched metabolic and signaling super-pathways deriving from genomic experiments.","True","Y","high","Web application for reconstruction (methodology tool)","","","12","N","N"
"28651569","ReTrOS: a MATLAB toolbox for reconstructing transcriptional activity from gene and protein expression data.","False","Y","high","MATLAB toolbox for reconstruction (methodology)","","","12","N","N"
"23375020","FANTOM: Functional and taxonomic analysis of metagenomes.","True","Y","high","Tool for analysis (methodology)","","","12","N","N"
"33691770","gapseq: informed prediction of bacterial metabolic pathways and reconstruction of accurate metabolic models.","False","Y","high","Prediction tool (methodology)","","","12","N","N"
"28799219","MMM: A toolbox for integrative structure modeling.","False","Y","high","Toolbox for modeling (methodology)","","","12","N","N"
"34388468","ChAlPred: A web server for prediction of allergenicity of chemical compounds.","True","Y","high","Web server for prediction (methodology tool)","","","12","N","N"
"24667292","GeneSense: a new approach for human gene annotation integrated with protein-protein interaction networks.","True","Y","high","'Approach for annotation' (methodology)","","","12","N","N"
"25010047","Visualizing molecular profiles of glioblastoma with GBM-BioDP.","True","Y","high","Tool for visualizing (methodology)","","","12","N","N"
"21882083","""Graphical model based multivariate analysis (GAMMA): an open-source, cross-platform neuroimaging data analysis software package.""","False","Y","high","Software package for analysis (methodology)","","","12","N","N"
"34019646","OmicsAnalyst: a comprehensive web-based platform for visual analytics of multi-omics data.","True","Y","high","Platform for visual analytics (methodology tool)","","","12","N","N"
"27802571","Aquerium: A web application for comparative exploration of domain-based protein occurrences on the taxonomically clustered genome tree.","True","Y","high","Web application for exploration (methodology tool)","","","12","N","N"
"25577389","A guideline for the annotation of UTR regulatory elements in the UTRsite collection.","False","Y","high","Paper about annotation guidelines not database itself","","","12","N","N"
"28493862","FIMTrack: An open source tracking and locomotion analysis software for small animals.","True","Y","high","Tracking/analysis software (methodology tool)","","","12","N","N"
"24728853","Codon Optimization OnLine (COOL): a web-based multi-objective optimization platform for synthetic gene design.","True","Y","high","Optimization platform (methodology tool)","","","12","N","N"
"33576798","OpenContami: a web-based application for detecting microbial contaminants in next-generation sequencing data.","True","Y","high","Application for detecting (methodology tool)","","","12","N","N"
"33137091","netboxr: Automated discovery of biological process modules by network analysis in R.","True","Y","high","R tool for automated discovery (methodology)","","","12","N","N"
"32683454","GeoBoost2: a natural languageprocessing pipeline for GenBank metadata enrichment for virus phylogeography.","True","Y","high","Pipeline for metadata enrichment (methodology)","","","12","N","N"
"27522608","HOMCOS: an updated server to search and model complex 3D structures.","True","Y","high","Server for searching/modeling (methodology tool)","","","12","N","N"
"31584171","MOBscan: Automated Annotation of MOB Relaxases.","True","Y","high","Automated annotation tool (methodology)","","","12","N","N"
"24311580","LigSearch: a knowledge-based web server to identify likely ligands for a protein target.","True","Y","high","Web server to identify ligands (methodology tool)","","","12","N","N"
"33963861","BENZ WS: the Bologna ENZyme Web Server for four-level EC number annotation.","False","Y","high","Web server for annotation (methodology tool)","","","12","N","N"
"26223881","Orthology for comparative genomics in the mouse genome database.","False","Y","high","Paper about orthology in MGD not database itself","","","12","N","N"
"26982769","Polish activity within Orphanet Europe--state of art of database and services.","False","Y","high","Paper about database services not database announcement","","","12","N","N"
"25946108","MorphoGraphX: A platform for quantifying morphogenesis in 4D.","True","Y","high","Platform for quantifying (methodology tool)","","","12","N","N"
"28129750","DisArticle: a web server for SVM-based discrimination of articles on traditional medicine.","True","Y","high","Web server for discrimination (methodology tool)","","","12","N","N"
"26882227","MENGA: A New Comprehensive Tool for the Integration of Neuroimaging Data and the Allen Human Brain Transcriptome Atlas.","False","Y","high","Tool for integration (methodology)","","","12","N","N"
"30445432","gmRAD: an integrated SNP calling pipeline for genetic mapping with RADseq across a hybrid population.","False","Y","high","Pipeline for SNP calling (methodology)","","","12","N","N"
"23562645","BioAnnote: a software platform for annotating biomedical documents with application in medical learning environments.","False","Y","high","Software platform for annotating (methodology tool)","","","12","N","N"
"24573480","Prediction of intrinsic disorder in proteins using MFDp2.","True","Y","high","'Prediction of' pattern (methodology tool)","","","12","N","N"
"29718100","TMCrys: predict propensity of success for transmembrane protein crystallization.","False","Y","high","'Predict propensity' (methodology tool)","","","12","N","N"
"24574115","BioPlat: a software for human cancer biomarker discovery.","True","Y","high","Software for discovery (methodology tool)","","","12","N","N"
"26253738","DynaMIT: the dynamic motif integration toolkit.","False","Y","high","Toolkit for integration (methodology)","","","12","N","N"
"29086046","ChemSAR: an online pipelining platform for molecular SAR modeling.","True","Y","high","Platform for modeling (methodology tool)","","","12","N","N"
"27883025","MathIOmica: An Integrative Platform for Dynamic Omics.","False","Y","high","Platform for integration (methodology tool)","","","12","N","N"
"23363224","HTQC: a fast quality control toolkit for Illumina sequencing data.","False","Y","high","Toolkit for quality control (methodology)","","","12","N","N"
"29186292","SATORI: a system for ontology-guided visual exploration of biomedical data repositories.","True","Y","high","System for exploration of other repositories (methodology tool)","","","12","N","N"
"32915321","MetaboShiny: interactive analysis and metabolite annotation of mass spectrometry-based metabolomics data.","False","Y","high","Tool for analysis/annotation (methodology)","","","12","N","N"
"25688256","MRM-DIFF: data processing strategy for differential analysis in large scale MRM-based lipidomics studies.","True","Y","high","Data processing strategy (methodology)","","","12","N","N"
"25505091","JEPEG: a summary statistics based tool for gene-level joint testing of functional variants.","False","Y","high","Tool for joint testing (methodology)","","","12","N","N"
"23716633","miRmap web: Comprehensive microRNA target prediction online.","True","Y","high","Online prediction tool (methodology)","","","12","N","N"
"29657302","miRNAtools: Advanced Training Using the miRNA Web of Knowledge.","True","Y","high","Training tools (educational methodology)","","","12","N","N"
"25316677","SNPsnap: a Web-based tool for identification and annotation of matched SNPs.","True","Y","high","'Tool for identification' pattern (methodology)","","","12","N","N"
"29790943","""Mutalisk: a web-based somatic MUTation AnaLyIS toolKit for genomic, transcriptional and epigenomic signatures.""","True","Y","high","ToolKit for analysis (methodology)","","","12","N","N"
"26490503","Web-based Gene Pathogenicity Analysis (WGPA): a web platform to interpret gene pathogenicity from personal genome data.","False","Y","high","Platform to interpret pathogenicity (methodology tool)","","","12","N","N"
"29912383","""GeneSpy, a user-friendly and flexible genomic context visualizer.""","True","Y","high","Visualizer tool (methodology)","","","12","N","N"
"30295744","QuagmiR: a cloud-based application for isomiR big data analytics.","True","Y","high","Application for analytics (methodology tool)","","","12","N","N"
"31540350","Application of the SwissDrugDesign Online Resources in Virtual Screening.","False","Y","high","Paper about application of resources not resource itself","","","12","N","N"
"25294921","FungiFun2: a comprehensive online resource for systematic analysis of gene lists from fungal species.","True","Y","high","Resource/tool for systematic analysis (methodology)","","","12","N","N"
"29024463","""IChem: A Versatile Toolkit for Detecting, Comparing, and Predicting Protein-Ligand Interactions.""","False","Y","high","""Toolkit for detecting/predicting (methodology), 'I' is interaction not database""","","","12","N","N"
"27153714","""NSimScan: DNA comparison tool with increased speed, sensitivity and accuracy.""","False","Y","high","Comparison tool (methodology)","","","12","N","N"
"32477414","SCSA: A Cell Type Annotation Tool for Single-Cell RNA-seq Data.","False","Y","high","Annotation tool (methodology)","","","12","N","N"
"30065368","""Quanti.us: a tool for rapid, flexible, crowd-based annotation of images.""","False","Y","high","'Tool for annotation' (methodology)","","","12","N","N"
"21307310","The pINDUCER lentiviral toolkit for inducible RNA interference in vitro and in vivo.","False","Y","high","Toolkit for RNA interference (methodology)","","","12","N","N"
"27153722","AlgoRun: a Docker-based packaging system for platform-agnostic implemented algorithms.","True","Y","high","Packaging system for algorithms (methodology tool)","","","12","N","N"
"30689722","Varanto: variant enrichment analysis and annotation.","True","Y","high","Tool for enrichment analysis (methodology)","","","12","N","N"
"34478500","""OPUS-X: an open-source toolkit for protein torsion angles, secondary structure, solvent accessibility, contact map predictions and 3D folding.""","False","Y","high","Toolkit for predictions (methodology)","","","12","N","N"
"21956165","NHLBI-AbDesigner: an online tool for design of peptide-directed antibodies.","True","Y","high","'Tool for design' pattern (methodology)","","","12","N","N"
"29462238","SecretSanta: flexible pipelines for functional secretome prediction.","False","Y","high","Pipelines for prediction (methodology)","","","12","N","N"
"30562930","miRNAmotif-A Tool for the Prediction of Pre-miRNA⁻Protein Interactions.","True","Y","high","'Tool for prediction' pattern (methodology)","","","12","N","N"
"21976864","VSDK: Virtual screening of small molecules using AutoDock Vina on Windows platform.","True","Y","high","Virtual screening tool (methodology)","","","12","N","N"
"34069990","Dadaist2: A Toolkit to Automate and Simplify Statistical Analysis and Plotting of Metabarcoding Experiments.","False","Y","high","Toolkit for analysis (methodology)","","","12","N","N"
"27479078","""MetLab: An In Silico Experimental Design, Simulation and Analysis Tool for Viral Metagenomics Studies.""","False","Y","high","""Tool for experimental design, simulation (methodology)""","","","12","N","N"
"23395672","OralCard: a bioinformatic tool for the study of oral proteome.","True","Y","high","'Tool for study' pattern (methodology)","","","12","N","N"
"30657937","NextPBM: a platform to study cell-specific transcription factor binding and cooperativity.","False","Y","high","Platform to study (methodology tool)","","","12","N","N"
"34556557","GhostiPy: An Efficient Signal Processing and Spectral Analysis Toolbox for Large Data.","False","Y","high","Toolbox for signal processing (methodology)","","","12","N","N"
"26998997","miTALOS v2: Analyzing Tissue Specific microRNA Function.","True","Y","high","Tool for analyzing function (methodology)","","","12","N","N"
"22230938","Sign: large-scale gene network estimation environment for high performance computing.","True","Y","high","Environment for estimation (methodology tool)","","","12","N","N"
"""27153688"," 29506019"",A simple method to control over-alignment in the MAFFT multiple sequence alignment program.","True","Y","high","Method for controlling alignment (methodology improvement)","","","12","N","N"
"30169737","PDV: an integrative proteomics data viewer.","True","Y","high","Data viewer (visualization tool)","","","12","N","N"
"31504187","SimkaMin: fast and resource frugal de novo comparative metagenomics.","False","Y","high","Tool for comparative metagenomics (methodology)","","","12","N","N"
"34502629","""BioPyC, an Open-Source Python Toolbox for Offline Electroencephalographic and Physiological Signals Classification.""","False","Y","high","Toolbox for signal classification (methodology)","","","12","N","N"
"32196115","SingleCellSignalR: inference of intercellular networks from single-cell transcriptomics.","False","Y","high","Tool for inference (methodology)","","","12","N","N"
"30767762","FunMappOne: a tool to hierarchically organize and visually navigate functional gene annotations in multiple experiments.","False","Y","high","'Tool to organize/navigate' (methodology)","","","12","N","N"
"27610931","rRNAFilter: A Fast Approach for Ribosomal RNA Read Removal Without a Reference Database.","False","Y","high","Tool for read removal (methodology)","","","12","N","N"
"25670880","Intelligent Access to Sequence and Structure Databases (IASSD) - an interface for accessing information from major web databases.","False","Y","high","Interface for accessing other databases (tool) not database itself","","","12","N","N"
"31694550","WheatCRISPR: a web-based guide RNA design tool for CRISPR/Cas9-mediated genome editing in wheat.","True","Y","high","'Design tool for CRISPR' (methodology)","","","12","N","N"
"25568279","""GlycoMine: a machine learning-based approach for predicting N-, C- and O-linked glycosylation in the human proteome.""","True","Y","high","'Machine learning approach for predicting' (methodology)","","","12","N","N"
"31358873","ORCA-SPOT: An Automatic Killer Whale Sound Detection Toolkit Using Deep Learning.","False","Y","high","Detection toolkit (methodology)","","","12","N","N"
"24994891","FindPath: a Matlab solution for in silico design of synthetic metabolic pathways.","True","Y","high","Solution for design (methodology tool)","","","12","N","N"
"34009308","DeepChargePredictor: a web server for predicting QM-based atomic charges via state-of-the-art machine-learning algorithms.","True","Y","high","Web server for predicting (methodology tool)","","","12","N","N"
"32600310","NASQAR: a web-based platform for high-throughput sequencing data analysis and visualization.","True","Y","high","Platform for analysis/visualization (methodology tool)","","","12","N","N"
"22198341","HHblits: lightning-fast iterative protein sequence searching by HMM-HMM alignment.","True","Y","high","Searching tool by alignment (methodology)","","","12","N","N"
"26124555","BlastXtract2: Improving early exploration of (meta) genomes.","False","Y","high","Tool for exploration (methodology)","","","12","N","N"
"21603635","""RMDAP: a versatile, ready-to-use toolbox for multigene genetic transformation.""","False","Y","high","Toolbox for genetic transformation (methodology)","","","12","N","N"
"22665320","MSQuant: a platform for stable isotope-based quantitative proteomics.","False","Y","high","Platform for quantitative proteomics (methodology tool)","","","12","N","N"
"30010777","CoMSA: compression of protein multiple sequence alignment files.","True","Y","high","Compression tool (methodology)","","","12","N","N"
"29029016","diffuStats: an R package to compute diffusion-based scores on biological networks.","True","Y","high","R package for computation (methodology)","","","12","N","N"
"21840875","Absynte: a web tool to analyze the evolution of orthologous archaeal and bacterial gene clusters.","True","Y","high","'Tool to analyze' pattern (methodology)","","","12","N","N"
"30497358","PanDelos: a dictionary-based method for pan-genome content discovery.","False","Y","high","'Method for discovery' pattern (methodology)","","","12","N","N"
"32108858","""CRAMER: a lightweight, highly customizable web-based genome browser supporting multiple visualization instances.""","False","Y","high","Genome browser (visualization tool) not data repository","","","12","N","N"
"30268435","ProteoStorm: An Ultrafast Metaproteomics Database Search Framework.","False","Y","high","Search framework (methodology tool)","","","12","N","N"
"23419376","Nozzle: a report generation toolkit for data analysis pipelines.","True","Y","high","Report generation toolkit (methodology)","","","12","N","N"
"21257609","OrthoNets: simultaneous visual analysis of orthologs and their interaction neighborhoods across different organisms.","True","Y","high","Visual analysis tool (methodology)","","","12","N","N"
"30066655","OC-2-KB: integrating crowdsourcing into an obesity and cancer knowledge base curation system.","False","Y","high","Curation system (tool) not the knowledge base itself","","","12","N","N"
"32967423","Spritz: A Proteogenomic Database Engine.","True","Y","high","""'Database Engine' is software to create databases, not database itself""","","","12","N","N"
"30395211","Aequatus: an open-source homology browser.","False","Y","high","Homology browser (visualization tool)","","","12","N","N"
"25881043","GraphSAW: a web-based system for graphical analysis of drug interactions and side effects using pharmaceutical and molecular data.","True","Y","high","System for graphical analysis (methodology tool)","","","12","N","N"
"34358314","LipiDisease: associate lipids to diseases using literature mining.","True","Y","high","Tool for associating via literature mining (methodology)","","","12","N","N"
"32638008","ProVision: a web-based platform for rapid analysis of proteomics data processed by MaxQuant.","True","Y","high","Platform for analysis (methodology tool)","","","12","N","N"
"33126862","""NBZIMM: negative binomial and zero-inflated mixed models, with application to microbiome/metagenomics data analysis.""","False","Y","high","Statistical models for analysis (methodology)","","","12","N","N"
"30180163","SIG-DB: Leveraging homomorphic encryption to securely interrogate privately held genomic databases.","False","Y","high","Tool for interrogating databases not database itself","","","12","N","N"
"29352322","qPortal: A platform for data-driven biomedical research.","False","Y","high","Platform for research (methodology tool)","","","12","N","N"
"34146104","AdaTiSS: a novel data-Adaptive robust method for identifying Tissue Specificity Scores.","False","Y","high","'Method for identifying' pattern (methodology)","","","12","N","N"
"27323392","compendiumdb: an R package for retrieval and storage of functional genomics data.","True","Y","high","R package for retrieval/storage (tool) not data repository itself","","","12","N","N"
"25934264","""FEATnotator: A tool for integrated annotation of sequence features and variation, facilitating interpretation in genomics experiments.""","False","Y","high","'Tool for annotation' pattern (methodology)","","","12","N","N"
"34182919","Transcript annotation tool (TransAT): an R package for retrieving annotations for transcript-specific genetic variants.","False","Y","high","'Annotation tool' R package (methodology)","","","12","N","N"
"29562347","""GraftM: a tool for scalable, phylogenetically informed classification of genes within metagenomes.""","False","Y","high","'Tool for classification' pattern (methodology)","","","12","N","N"
"30219850","""BhGLM: Bayesian hierarchical GLMs and survival models, with applications to genomics and epidemiology.""","False","Y","high","Statistical models (methodology)","","","12","N","N"
"29228271","LitPathExplorer: a confidence-based visual text analytics tool for exploring literature-enriched pathway models.","True","Y","high","'Tool for exploring' pattern (methodology)","","","12","N","N"
"29057658","PhoStar: Identifying Tandem Mass Spectra of Phosphorylated Peptides before Database Search.","False","Y","high","Tool for identifying spectra (methodology)","","","12","N","N"
"25977292","BCSearch: fast structural fragment mining over large collections of protein structures.","True","Y","high","Mining tool (methodology)","","","12","N","N"
"22893372","omniBiomarker: A Web-Based Application for Knowledge-Driven Biomarker Identification.","True","Y","high","Application for identification (methodology tool)","","","12","N","N"
"27585593","SPAI: an interactive platform for indel analysis.","False","Y","high","Interactive platform for analysis (methodology tool)","","","12","N","N"
"33201237","AlgPred 2.0: an improved method for predicting allergenic proteins and mapping of IgE epitopes.","True","Y","high","'Method for predicting' pattern (methodology)","","","12","N","N"
"29846656","The BaMM web server for de-novo motif discovery and regulatory sequence analysis.","True","Y","high","Web server for discovery (methodology tool)","","","12","N","N"
"23369106","SNPranker 2.0: a gene-centric data mining tool for diseases associated SNP prioritization in GWAS.","True","Y","high","'Data mining tool for prioritization' (methodology)","","","12","N","N"
"22789588","MyMiner: a web application for computer-assisted biocuration and text annotation.","True","Y","high","Application for biocuration (methodology tool)","","","12","N","N"
"32164557","BLAMM: BLAS-based algorithm for finding position weight matrix occurrences in DNA sequences on CPUs and GPUs.","False","Y","high","Algorithm for finding occurrences (methodology)","","","12","N","N"
"24371156","ALEA: a toolbox for allele-specific epigenomics analysis.","True","Y","high","Toolbox for analysis (methodology)","","","12","N","N"
"23620293","DIALIGN at GOBICS--multiple sequence alignment using various sources of external information.","True","Y","high","Alignment tool (methodology)","","","12","N","N"
"20127269","mantisGRID: a grid platform for DICOM medical images management in Colombia and Latin America.","False","Y","high","Grid platform for image management (infrastructure tool)","","","12","N","N"
"21659320","The LabelHash server and tools for substructure-based functional annotation.","True","Y","high","Server and tools for annotation (methodology)","","","12","N","N"
"30229363","ImFEATbox: a toolbox for extraction and analysis of medical image features.","False","Y","high","Toolbox for extraction/analysis (methodology)","","","12","N","N"
"33847981","EasyCloneYALI: Toolbox for CRISPR-Mediated Integrations and Deletions in Yarrowia lipolytica.","False","Y","high","Toolbox for CRISPR operations (methodology)","","","12","N","N"
"25664462","HPOSim: an R package for phenotypic similarity measure and enrichment analysis based on the human phenotype ontology.","False","Y","high","R package for similarity measure (methodology)","","","12","N","N"
"31350874","DISPOT: a simple knowledge-based protein domain interaction statistical potential.","True","Y","high","Statistical potential (methodology)","","","12","N","N"
"22034520","SVGMap: configurable image browser for experimental data.","True","Y","high","Image browser (visualization tool)","","","12","N","N"
"27907142","IBiSA_Tools: A Computational Toolkit for Ion-Binding State Analysis in Molecular Dynamics Trajectories of Ion Channels.","True","Y","high","Toolkit for analysis (methodology)","","","12","N","N"
"30869596","Cross-Platform Ubiquitous Volume Rendering Using Programmable Shaders in VTK for Scientific and Medical Visualization.","False","Y","high","Rendering technology (methodology)","","","12","N","N"
"28397319","DaMold: A data-mining platform for variant annotation and visualization in molecular diagnostics research.","True","Y","high","Platform for data mining/annotation (methodology tool)","","","12","N","N"
"33067876","HDAC3i-Finder: A Machine Learning-based Computational Tool to Screen for HDAC3 Inhibitors.","False","Y","high","'Tool to screen' with machine learning (methodology)","","","12","N","N"
"23826173","Genomer--a Swiss army knife for genome scaffolding.","True","Y","high","Tool for genome scaffolding (methodology)","","","12","N","N"
"26868127","Seqinspector: position-based navigation through the ChIP-seq data landscape to identify gene expression regulators.","True","Y","high","Navigation tool to identify regulators (methodology)","","","12","N","N"
"29278730","CM-viewer: Visualizing interaction network of co-mutated and mutually exclusively mutated cancer genes.","True","Y","high","Visualization tool (methodology)","","","12","N","N"
"27923350","ConEVA: a toolbox for comprehensive assessment of protein contacts.","True","Y","high","Toolbox for assessment (methodology)","","","12","N","N"
"22434837","AntiFam: a tool to help identify spurious ORFs in protein annotation.","False","Y","high","'Tool to identify' pattern (methodology)","","","12","N","N"
"28187421","miRquant 2.0: an Expanded Tool for Accurate Annotation and Quantification of MicroRNAs and their isomiRs from Small RNA-Sequencing Data.","False","Y","high","'Tool for annotation/quantification' (methodology)","","","12","N","N"
"23148880","prfectBLAST: a platform-independent portable front end for the command terminal BLAST+ stand-alone suite.","True","Y","high","Front end interface (methodology tool)","","","12","N","N"
"30321303","ParGenes: a tool for massively parallel model selection and phylogenetic tree inference on thousands of genes.","False","Y","high","'Tool for model selection/inference' (methodology)","","","12","N","N"
"21943367","iCTNet: a Cytoscape plugin to produce and analyze integrative complex traits networks.","True","Y","high","Cytoscape plugin for analysis (methodology tool)","","","12","N","N"
"21602921","Gitools: analysis and visualisation of genomic data using interactive heat-maps.","True","Y","high","Tools for analysis/visualization (methodology)","","","12","N","N"
"28369222","EthSEQ: ethnicity annotation from whole exome sequencing data.","False","Y","high","Tool for ethnicity annotation (methodology)","","","12","N","N"
"27603265","bcgTree: automatized phylogenetic tree building from bacterial core genomes.","True","Y","high","Tool for tree building (methodology)","","","12","N","N"
"27577860","3D-Lab: a collaborative web-based platform for molecular modeling.","False","Y","high","Platform for molecular modeling (methodology tool)","","","12","N","N"
"24299301","OneBac: platform for scalable and high-titer production of adeno-associated virus serotype 1-12 vectors for gene therapy.","False","Y","high","Platform for virus production (methodology)","","","12","N","N"
"25377177","""The Global Consortium for Drug-resistant Tuberculosis Diagnostics (GCDD): design of a multi-site, head-to-head study of three rapid tests to detect extensively drug-resistant tuberculosis.""","False","Y","high","Study design paper not database","","","12","N","N"
"28969593","BioCarian: search engine for exploratory searches in heterogeneous biological databases.","True","Y","high","Search engine for searching databases (tool) not database itself","","","12","N","N"
"31544213","Bionitio: demonstrating and facilitating best practices for bioinformatics command-line software.","False","Y","high","Demonstration tool (methodology)","","","12","N","N"
"27084943","MAGIC-web: a platform for untargeted and targeted N-linked glycoprotein identification.","True","Y","high","Platform for identification (methodology tool)","","","12","N","N"
"22500000","ChemSpot: a hybrid system for chemical named entity recognition.","True","Y","high","System for named entity recognition (methodology)","","","12","N","N"
"21636893","X-CHIP: an integrated platform for high-throughput protein crystallization and on-the-chip X-ray diffraction data collection.","False","Y","high","Platform for crystallization (methodology)","","","12","N","N"
"26035098","DockBench: An Integrated Informatic Platform Bridging the Gap between the Robust Validation of Docking Protocols and Virtual Screening Simulations.","False","Y","high","Platform for docking validation (methodology tool)","","","12","N","N"
"31161212","RNA-align: quick and accurate alignment of RNA 3D structures based on size-independent TM-scoreRNA.","True","Y","high","Alignment tool (methodology)","","","12","N","N"
"26333163","Classification of Amino Acid Substitutions in Mismatch Repair Proteins Using PON-MMR2.","True","Y","high","Classification tool (methodology)","","","12","N","N"
"26525406","SIMcheck: a Toolbox for Successful Super-resolution Structured Illumination Microscopy.","False","Y","high","Toolbox for microscopy (methodology)","","","12","N","N"
"30401579","mQC: A post-mapping data exploration tool for ribosome profiling.","False","Y","high","'Exploration tool' (methodology)","","","12","N","N"
"21349868","Gene List significance at-a-glance with GeneValorization.","True","Y","high","Tool for significance assessment (methodology)","","","12","N","N"
"25708243","SCMPSP: Prediction and characterization of photosynthetic proteins based on a scoring card method.","True","Y","high","'Prediction and characterization' tool (methodology)","","","12","N","N"
"31885044","BioMedR: an R/CRAN package for integrated data analysis pipeline in biomedical study.","True","Y","high","R package for analysis pipeline (methodology)","","","12","N","N"
"31841564","GLAMbox: A Python toolbox for investigating the association between gaze allocation and decision behaviour.","True","Y","high","Toolbox for investigating associations (methodology)","","","12","N","N"
"33267792","LabPipe: an extensible bioinformatics toolkit to manage experimental data and metadata.","False","Y","high","Toolkit to manage data (methodology tool)","","","12","N","N"
"34255817","HieRFIT: a hierarchical cell type classification tool for projections from complex single-cell atlas datasets.","False","Y","high","Classification tool (methodology)","","","12","N","N"
"23658416","A poor man's BLASTX--high-throughput metagenomic protein database search using PAUDA.","True","Y","high","Database search tool (methodology) not database itself","","","12","N","N"
"31263867","Benchmarking fold detection by DaliLite v.5.","True","Y","high","Benchmarking/fold detection tool (methodology)","","","12","N","N"
"34273956","TCM-Blast for traditional Chinese medicine genome alignment with integrated resources.","True","Y","high","Alignment tool (methodology)","","","12","N","N"
"32306927","DolphinNext: a distributed data processing platform for high throughput genomics.","False","Y","high","Data processing platform (methodology tool)","","","12","N","N"
"29868863","ProAcePred: prokaryote lysine acetylation sites prediction based on elastic net feature optimization.","True","Y","high","'Prediction' tool (methodology)","","","12","N","N"
"34789335","DockStream: a docking wrapper to enhance de novo molecular design.","False","Y","high","Docking wrapper (methodology tool)","","","12","N","N"
"30117804","""MAPLE (modular automated platform for large-scale experiments), a robot for integrated organism-handling and phenotyping.""","False","Y","high","Robotic platform (methodology)","","","12","N","N"
"33618440","BioDWH2: an automated graph-based data warehouse and mapping tool.","False","Y","high","""Data warehouse tool (software to build warehouses), not database itself""","","","12","N","N"
"23667459","The PARIGA server for real time filtering and analysis of reciprocal BLAST results.","True","Y","high","Server for filtering/analysis (methodology tool)","","","12","N","N"
"32128697","Titta: A toolbox for creating PsychToolbox and Psychopy experiments with Tobii eye trackers.","False","Y","high","Toolbox for creating experiments (methodology)","","","12","N","N"
"29590301","""GENEASE: real time bioinformatics tool for multi-omics and disease ontology exploration, analysis and visualization.""","True","Y","high","'Tool for exploration/analysis' (methodology)","","","12","N","N"
"30519990","MER: a shell script and annotation server for minimal named entity recognition and linking.","True","Y","high","Annotation server (methodology tool)","","","12","N","N"
"23436208","Share and enjoy: anatomical models database--generating and sharing cardiovascular model data using web services.","False","Y","high","Paper about sharing models not database announcement itself","","","12","N","N"
"""27095192"," 33885785"",Interactive tree of life (iTOL) v3: an online tool for the display and annotation of phylogenetic and other trees.","True","Y","high","'Tool for display/annotation' (visualization methodology)","","","12","N","N"
"25099887","GHOSTX: an improved sequence homology search algorithm using a query suffix array and a database suffix array.","True","Y","high","Homology search algorithm (methodology)","","","12","N","N"
"31045205","MRPrimerW2: an enhanced tool for rapid design of valid high-quality primers with multiple search modes for qPCR experiments.","True","Y","high","'Tool for design' pattern (methodology)","","","12","N","N"
"28061810","Pyviko: an automated Python tool to design gene knockouts in complex viruses with overlapping genes.","True","Y","high","'Tool to design' pattern (methodology)","","","12","N","N"
"28187516","Collaborating to Compete: Blood Profiling Atlas in Cancer (BloodPAC) Consortium.","False","Y","high","Paper about consortium not database announcement","","","12","N","N"
"25613183","Being PRO-ACTive: What can a Clinical Trial Database Reveal About ALS?","False","Y","high","Paper analyzing database not database announcement","","","12","N","N"
"25584184","AISO: Annotation of Image Segments with Ontologies.","True","Y","high","Annotation tool (methodology)","","","12","N","N"
"26002882","PopGeV: a web-based large-scale population genome browser.","True","Y","high","Genome browser (visualization tool)","","","12","N","N"
"22459120","PseAAC-Builder: a cross-platform stand-alone program for generating various special Chou's pseudo-amino acid compositions.","True","Y","high","Program for generating compositions (methodology tool)","","","12","N","N"
"23530580","TPMS: a set of utilities for querying collections of gene trees.","False","Y","high","Set of utilities for querying (methodology tools)","","","12","N","N"
"28815771","""Molstack-Interactive visualization tool for presentation, interpretation, and validation of macromolecules and electron density maps.""","True","Y","high","Visualization tool (methodology)","","","12","N","N"
"28544705","Sma3s: A universal tool for easy functional annotation of proteomes and transcriptomes.","False","Y","high","'Tool for annotation' (methodology)","","","12","N","N"
"25231908","PseKNC-General: a cross-platform package for generating various modes of pseudo nucleotide compositions.","True","Y","high","Package for generating compositions (methodology tool)","","","12","N","N"
"23661305","NanoPad: an integrated platform for bacterial production of camel nanobodies aimed at detecting environmental biomarkers.","False","Y","high","Platform for bacterial production (methodology)","","","12","N","N"
"32024464","ECFS-DEA: an ensemble classifier-based feature selection for differential expression analysis on expression profiles.","True","Y","high","Classifier-based feature selection tool (methodology)","","","12","N","N"
"24206562","CellFateScout - a bioinformatics tool for elucidating small molecule signaling pathways that drive cells in a specific direction.","False","Y","high","'Tool for elucidating' pathways (methodology)","","","12","N","N"
"31581246","""KETOS: Clinical decision support and machine learning as a service - A training and deployment platform based on Docker, OMOP-CDM, and FHIR Web Services.""","False","Y","high","Training/deployment platform (methodology infrastructure)","","","12","N","N"
"21205783","Towards BioDBcore: a community-defined information specification for biological databases.","False","Y","high","Paper about database specification standards not database","","","12","N","N"
"32212690","ChemSchematicResolver: A Toolkit to Decode 2D Chemical Diagrams with Labels and R-Groups into Annotated Chemical Named Entities.","True","Y","high","Toolkit to decode diagrams (methodology)","","","12","N","N"
"32108478","MAPDP: A Cloud-Based Computational Platform for Immunopeptidomics Analyses.","False","Y","high","Computational platform for analyses (methodology tool)","","","12","N","N"
"25431288","International network of twin registries (INTR): building a platform for international collaboration.","False","Y","high","Paper about building collaborative platform not database","","","12","N","N"
"30947281","CLEESE: An open-source audio-transformation toolbox for data-driven experiments in speech and music cognition.","False","Y","high","Audio-transformation toolbox (methodology)","","","12","N","N"
"25344501","iDoComp: a compression scheme for assembled genomes.","True","Y","high","Compression scheme (methodology)","","","12","N","N"
"21989414","NeuriteQuant: an open source toolkit for high content screens of neuronal morphogenesis.","False","Y","high","Toolkit for screens (methodology)","","","12","N","N"
"34048546","BENviewer: a gene interaction network visualization server based on graph embedding model.","True","Y","high","Visualization server (methodology tool)","","","12","N","N"
"31893451","Machine Learning-Based Annotation of Long Noncoding RNAs Using PLncPRO.","False","Y","high","Machine learning annotation tool (methodology)","","","12","N","N"
"28451970","An Agile Functional Analysis of Metagenomic Data Using SUPER-FOCUS.","True","Y","high","Functional analysis tool (methodology)","","","12","N","N"
"32196032","PRESCIENT: platform for the rapid evaluation of antibody success using integrated microfluidics enabled technology.","False","Y","high","Platform for evaluation using microfluidics (methodology)","","","12","N","N"
"30032202","TreeGrafter: phylogenetic tree-based annotation of proteins with Gene Ontology terms and other annotations.","False","Y","high","Tree-based annotation tool (methodology)","","","12","N","N"
"28724534","""m6aViewer: software for the detection, analysis, and visualization of &lt;i&gt;N&lt;/i&gt;&lt;sup&gt;6&lt;/sup&gt;-methyladenosine peaks from m&lt;sup&gt;6&lt;/sup&gt;A-seq/ME-RIP sequencing data.""","True","Y","high","'Software for detection/analysis' (methodology)","","","12","N","N"
"34804056","FlowKit: A Python Toolkit for Integrated Manual and Automated Cytometry Analysis Workflows.","False","Y","high","Toolkit for analysis workflows (methodology)","","","12","N","N"
"30124998","SLING: a tool to search for linked genes in bacterial datasets.","False","Y","high","'Tool to search' pattern (methodology)","","","12","N","N"
"22434836","""CvManGO, a method for leveraging computational predictions to improve literature-based Gene Ontology annotations.""","True","Y","high","'Method for improving annotations' (methodology)","","","12","N","N"
"34259329","AniAMPpred: artificial intelligence guided discovery of novel antimicrobial peptides in animal kingdom.","True","Y","high","'Discovery tool' using AI (methodology)","","","12","N","N"
"22389011","The Bluejay genome browser.","True","Y","high","Genome browser (visualization tool)","","","12","N","N"
"23497219","REGSTATTOOLS: freeware statistical tools for the analysis of disease population databases used in health and social studies.","True","Y","high","Statistical tools for analysis (methodology)","","","12","N","N"
"23023984","InterMine: a flexible data warehouse system for the integration and analysis of heterogeneous biological data.","True","Y","high","""Data warehouse system (software infrastructure), not database itself""","","","12","N","N"
"26420923","ADSBET2: Automated Determination of Salt-Bridge Energy-Terms version 2.","False","Y","high","Automated determination tool (methodology)","","","12","N","N"
"31779604","AMON: annotation of metabolite origins via networks to integrate microbiome and metabolome data.","False","Y","high","'Annotation tool via networks' (methodology)","","","12","N","N"
"24330401","iMir: an integrated pipeline for high-throughput analysis of small non-coding RNA data obtained by smallRNA-Seq.","True","Y","high","Pipeline for analysis (methodology)","","","12","N","N"
"25349885","SeqAssist: a novel toolkit for preliminary analysis of next-generation sequencing data.","False","Y","high","Toolkit for analysis (methodology)","","","12","N","N"
"31513641","uORF-Tools-Workflow for the determination of translation-regulatory upstream open reading frames.","False","Y","high","Workflow for determination (methodology)","","","12","N","N"
"30026069","GraphVar 2.0: A user-friendly toolbox for machine learning on functional connectivity measures.","False","Y","high","Toolbox for machine learning (methodology)","","","12","N","N"
"28472272","modlAMP: Python for antimicrobial peptides.","False","Y","high","Python library (methodology tool)","","","12","N","N"
"30287930","""Fast robust dose calculation on GPU for high-precision <sup>1</sup>H, <sup>4</sup>He, <sup>12</sup>C and <sup>16</sup>O ion therapy: the FRoG platform.""","False","Y","high","Platform for dose calculation (methodology)","","","12","N","N"
"23888102","Graphical contig analyzer for all sequencing platforms (G4ALL): a new stand-alone tool for finishing and draft generation of bacterial genomes.","True","Y","high","Tool for finishing genomes (methodology)","","","12","N","N"
"31510921","CytoConverter: a web-based tool to convert karyotypes to genomic coordinates.","True","Y","high","'Tool to convert' pattern (methodology)","","","12","N","N"
"21624888","""SwissDock, a protein-small molecule docking web service based on EADock DSS.""","True","Y","high","Docking web service (methodology tool)","","","12","N","N"
"30509188","Full-length title: NRPPUR database search and in vitro analysis identify an NRPS-PKS biosynthetic gene cluster with a potential antibiotic effect.","False","Y","high","Paper about using database for analysis not database announcement","","","12","N","N"
"34208327","""Deep-Framework: A Distributed, Scalable, and Edge-Oriented Framework for Real-Time Analysis of Video Streams.""","False","Y","high","Framework for video analysis (methodology)","","","12","N","N"
"30409338","SCREEN-DR: Collaborative platform for diabetic retinopathy.","True","Y","high","Collaborative platform for image analysis (methodology tool)","","","12","N","N"
"31350561","""BioNorm: deep learning-based event normalization for the curation of reaction databases.""","False","Y","high","""Methodology tool for data curation, not a database itself""","","","13","N","N"
"32588040","""mAML: an automated machine learning pipeline with a microbiome repository for human disease classification.""","True","Y","high","""Machine learning pipeline/tool, not primarily a data resource""","","","13","N","N"
"22909249","""Bio.Phylo: a unified toolkit for processing, analyzing and visualizing phylogenetic trees in Biopython.""","True","Y","high","""Toolkit for analysis, not a database""","","","13","N","N"
"29070028","""riboviz: analysis and visualization of ribosome profiling datasets.""","True","Y","high","""Analysis and visualization tool, not a database""","","","13","N","N"
"29927076","The GWIPS-viz Browser.","False","Y","medium","""Browser tool without URL; likely visualization tool only""","","","13","N","N"
"21653513","""FACIL: Fast and Accurate Genetic Code Inference and Logo.""","True","Y","high","""Tool for inference, not a database""","","","13","N","N"
"32703160","""BiPOm: a rule-based ontology to represent and infer molecule knowledge from a biological process-centered viewpoint.""","False","Y","high","""Ontology system, not a data repository""","","","13","N","N"
"26405458","""DAPPER: a data-mining resource for protein-protein interactions.""","False","Y","medium","""Data-mining resource without URL; unclear if houses data""","","","13","N","N"
"29086120","""QuBiLS-MAS, open source multi-platform software for atom- and bond-based topological (2D) and chiral (2.5D) algebraic molecular descriptors computations.""","False","Y","high","""Software for computations, not a database""","","","13","N","N"
"32785962","""The Repository Chemotion: Infrastructure for Sustainable Research in Chemistry*.""","False","Y","medium","""Repository mentioned but lacks URL; infrastructure focus""","","","13","N","N"
"32791200","""BMT: Bioinformatics mini toolbox for comprehensive DNA and protein analysis.""","False","Y","high","""Toolbox for analysis, not a database""","","","13","N","N"
"27655341","""Automating NEURON Simulation Deployment in Cloud Resources.""","False","Y","high","""Automation tool, not a database""","","","13","N","N"
"31319888","""Shiny-Seq: advanced guided transcriptome analysis.""","True","Y","high","""Analysis tool, not a database""","","","13","N","N"
"32399567","""FastTargetPred: a program enabling the fast prediction of putative protein targets for input chemical databases.""","False","Y","high","""Prediction program/tool, not a database""","","","13","N","N"
"32469073","""piNET: a versatile web platform for downstream analysis and visualization of proteomics data.""","True","Y","high","""Platform for analysis and visualization, not data repository""","","","13","N","N"
"21372087","""GBOOST: a GPU-based tool for detecting gene-gene interactions in genome-wide case control studies.""","True","Y","high","""Tool for detection, not a database""","","","13","N","N"
"22827703","""Short read sequence typing (SRST): multi-locus sequence types from short reads.""","False","Y","high","""Typing method/tool, not a database""","","","13","N","N"
"22335941","""BLANNOTATOR: enhanced homology-based function prediction of bacterial proteins.""","True","Y","high","""Prediction tool, not a database""","","","13","N","N"
"34556781","""An updated, computable MEDication-Indication resource for biomedical research.""","False","Y","medium","""Resource mentioned but lacks URL and unclear if it houses data""","","","13","N","N"
"27153686","""MOLGENIS/connect: a system for semi-automatic integration of heterogeneous phenotype data with applications in biobanks.""","True","Y","high","""Integration system/tool, not a database""","","","13","N","N"
"21450711","""pathClass: an R-package for integration of pathway knowledge into support vector machines for biomarker discovery.""","True","Y","high","""R package/tool for integration, not a database""","","","13","N","N"
"22139937","""NRG-CING: integrated validation reports of remediated experimental biomolecular NMR data and coordinates in wwPDB.""","True","Y","high","""Validation report system, not a primary database""","","","13","N","N"
"27824078","""PGAdb-builder: A web service tool for creating pan-genome allele database for molecular fine typing.""","True","Y","high","""Tool for creating databases, not a database itself""","","","13","N","N"
"22789590","""CBrowse: a SAM/BAM-based contig browser for transcriptome assembly visualization and analysis.""","True","Y","high","""Browser for visualization, not a database""","","","13","N","N"
"34061826","""Galaxy-ML: An accessible, reproducible, and scalable machine learning toolkit for biomedicine.""","True","Y","high","""Machine learning toolkit, not a database""","","","13","N","N"
"22253280","""BamView: visualizing and interpretation of next-generation sequencing read alignments.""","True","Y","high","""Visualization tool, not a database""","","","13","N","N"
"23761453","""The FunFOLD2 server for the prediction of protein-ligand interactions.""","True","Y","high","""Prediction server/tool, not a database""","","","13","N","N"
"33129201","""IHP-PING-generating integrated human protein-protein interaction networks on-the-fly.""","False","Y","high","""Network generation tool, not a database""","","","13","N","N"
"34429154","""CogTale: an online platform for the evaluation, synthesis, and dissemination of evidence from cognitive interventions studies.""","False","Y","high","""Platform for evaluation/synthesis, not a data repository""","","","13","N","N"
"27603513","""SMEpred workbench: A web server for predicting efficacy of chemicallymodified siRNAs.""","True","Y","high","""Prediction workbench/server, not a database""","","","13","N","N"
"32669554","""CerebrA, registration and manual label correction of Mindboggle-101 atlas for MNI-ICBM152 template.""","False","Y","high","""Registration and correction tool, not a database""","","","13","N","N"
"26192091","""The Plant Genome Integrative Explorer Resource: PlantGenIE.org.""","False","Y","medium","""Explorer resource but lacks URL; may be tool or database""","","","13","N","N"
"32321166","""APAlyzer: a bioinformatics package for analysis of alternative polyadenylation isoforms.""","True","Y","high","""Analysis package/tool, not a database""","","","13","N","N"
"29688376","""GEOMetaCuration: a web-based application for accurate manual curation of Gene Expression Omnibus metadata.""","True","Y","high","""Curation application/tool, not a database""","","","13","N","N"
"32427338","""RiboToolkit: an integrated platform for analysis and annotation of ribosome profiling data to decode mRNA translation at codon resolution.""","True","Y","high","""Toolkit for analysis, not a database""","","","13","N","N"
"32038719","""4See: A Flexible Browser to Explore 4C Data.""","False","Y","high","""Browser tool, not a database""","","","13","N","N"
"33856212","""DiagnoTop: A Computational Pipeline for Discriminating Bacterial Pathogens without Database Search.""","False","Y","high","""Computational pipeline/tool, not a database""","","","13","N","N"
"24458950","""ngsTools: methods for population genetics analyses from next-generation sequencing data.""","False","Y","high","""Methods/tools for analysis, not a database""","","","13","N","N"
"24603983","""Frag'r'Us: knowledge-based sampling of protein backbone conformations for de novo structure-based protein design.""","True","Y","high","""Sampling tool for protein design, not a database""","","","13","N","N"
"22257670","""AnnTools: a comprehensive and versatile annotation toolkit for genomic variants.""","False","Y","high","""Annotation toolkit/tool, not a database""","","","13","N","N"
"24608033","""The EMPRES-i genetic module: a novel tool linking epidemiological outbreak information and genetic characteristics of influenza viruses.""","True","Y","high","""Tool/module for linking data, not a primary database""","","","13","N","N"
"30103816","""EMBLmyGFF3: a converter facilitating genome annotation submission to European Nucleotide Archive.""","False","Y","high","""Converter tool, not a database""","","","13","N","N"
"31657800","""Analyzing Tumor Gene Expression Factors with the CorExplorer Web Portal.""","False","Y","high","""Analysis portal/tool, not a database""","","","13","N","N"
"28011779","""cerebroViz: an R package for anatomical visualization of spatiotemporal brain data.""","True","Y","high","""R package for visualization, not a database""","","","13","N","N"
"22829724","""FunSys: Software for functional analysis of prokaryotic transcriptome and proteome.""","False","Y","high","""Software for analysis, not a database""","","","13","N","N"
"28520717","""Modular Protein Expression Toolbox (MoPET), a standardized assembly system for defined expression constructs and expression optimization libraries.""","False","Y","high","""Expression toolbox/system, not a database""","","","13","N","N"
"34723958","""linus: Conveniently explore, share, and present large-scale biological trajectory data in a web browser.""","False","Y","high","""Tool for exploration/presentation, not a database""","","","13","N","N"
"26607492","""RNA-Enrich: a cut-off free functional enrichment testing method for RNA-seq with improved detection power.""","True","Y","high","""Enrichment testing method/tool, not a database""","","","13","N","N"
"28472395","""SinCHet: a MATLAB toolbox for single cell heterogeneity analysis in cancer.""","True","Y","high","""MATLAB toolbox for analysis, not a database""","","","13","N","N"
"31106379","""Drug ReposER: a web server for predicting similar amino acid arrangements to known drug binding interfaces for potential drug repositioning.""","True","Y","high","""Prediction server/tool, not a database""","","","13","N","N"
"30520559","""Cytomine: Toward an Open and Collaborative Software Platform for Digital Pathology Bridged to Molecular Investigations.""","False","Y","high","""Software platform, not a database""","","","13","N","N"
"31757073","""ORCAE-AOCC: A Centralized Portal for the Annotation of African Orphan Crop Genomes.""","False","Y","high","""Annotation portal/tool, not a database""","","","13","N","N"
"29444233","""BetaSerpentine: a bioinformatics tool for reconstruction of amyloid structures.""","True","Y","high","""Reconstruction tool, not a database""","","","13","N","N"
"31068132","""SpliceV: analysis and publication quality printing of linear and circular RNA splicing, expression and regulation.""","False","Y","high","""Analysis tool, not a database""","","","13","N","N"
"21278189","""Conveyor: a workflow engine for bioinformatic analyses.""","True","Y","high","""Workflow engine, not a database""","","","13","N","N"
"28498899","""MAGenTA: a Galaxy implemented tool for complete Tn-Seq analysis and data visualization.""","True","Y","high","""Tool for analysis, not a database""","","","13","N","N"
"27760520","""Health Equity Assessment Toolkit (HEAT): software for exploring and comparing health inequalities in countries.""","False","Y","high","""Software toolkit for assessment, not a database""","","","13","N","N"
"22521603","""VirtualToxLab - a platform for estimating the toxic potential of drugs, chemicals and natural products.""","True","Y","high","""Platform for estimation/prediction, not a database""","","","13","N","N"
"22154230","""MultiBac: expanding the research toolbox for multiprotein complexes.""","False","Y","high","""Toolbox, not a database""","","","13","N","N"
"25712693","""GlycanAnalysis Plug-in: a database search tool for N-glycan structures using mass spectrometry.""","True","Y","high","""Search tool, not a database itself""","","","13","N","N"
"32226594","""NanoSolveIT Project: Driving nanoinformatics research to develop innovative and integrated tools for <i>in silico</i> nanosafety assessment.""","False","Y","high","""Project developing tools, not a database""","","","13","N","N"
"28187412","""Omics Fusion - A Platform for Integrative Analysis of Omics Data.""","True","Y","high","""Platform for integrative analysis, not a database""","","","13","N","N"
"25643705","""BRCA1 Circos: a visualisation resource for functional analysis of missense variants.""","True","Y","high","""Visualization resource/tool, not a database""","","","13","N","N"
"28090216","""ChemEngine: harvesting 3D chemical structures of supplementary data from PDF files.""","False","Y","high","""Harvesting tool, not a database""","","","13","N","N"
"34100911","""MNHN-Tree-Tools: a toolbox for tree inference using multi-scale clustering of a set of sequences.""","True","Y","high","""Toolbox for inference, not a database""","","","13","N","N"
"28472356","""BepiPred-2.0: improving sequence-based B-cell epitope prediction using conformational epitopes.""","True","Y","high","""Prediction tool with version number, not a database""","","","13","N","N"
"24957597","""PubServer: literature searches by homology.""","True","Y","high","""Search server, not a database""","","","13","N","N"
"31801523","""RCorp: a resource for chemical disease semantic extraction in Chinese.""","False","Y","high","""Semantic extraction resource/tool, not a database""","","","13","N","N"
"28369334","""NeBcon: protein contact map prediction using neural network training coupled with naïve Bayes classifiers.""","True","Y","high","""Prediction tool, not a database""","","","13","N","N"
"23819482","""WS-SNPs&GO: a web server for predicting the deleterious effect of human protein variants using functional annotation.""","True","Y","high","""Prediction web server, not a database""","","","13","N","N"
"28472498","""BusyBee Web: metagenomic data analysis by bootstrapped supervised binning and annotation.""","True","Y","high","""Analysis tool, not a database""","","","13","N","N"
"32117417","""NG-Tax 2.0: A Semantic Framework for High-Throughput Amplicon Analysis.""","True","Y","high","""Semantic framework for analysis, not a database""","","","13","N","N"
"23793516","""MuPIT interactive: webserver for mapping variant positions to annotated, interactive 3D structures.""","True","Y","high","""Mapping webserver/tool, not a database""","","","13","N","N"
"30721922","""G4Hunter web application: a web server for G-quadruplex prediction.""","True","Y","high","""Prediction web server, not a database""","","","13","N","N"
"30782112","""SLIM: a flexible web application for the reproducible processing of environmental DNA metabarcoding data.""","True","Y","high","""Processing application, not a database""","","","13","N","N"
"33006480","""Fast-GBS v2.0: an analysis toolkit for genotyping-by-sequencing data.""","False","Y","high","""Analysis toolkit, not a database""","","","13","N","N"
"25893865","""PsyGlass: Capitalizing on Google Glass for naturalistic data collection.""","False","Y","high","""Data collection tool, not a database""","","","13","N","N"
"26028532","""KeyGenes, a Tool to Probe Tissue Differentiation Using a Human Fetal Transcriptional Atlas.""","False","Y","high","""Tool despite 'atlas' - tool using an atlas, not the atlas itself""","","","13","N","N"
"27059780","""CollapsABEL: an R library for detecting compound heterozygote alleles in genome-wide association studies.""","True","Y","high","""R library for detection, not a database""","","","13","N","N"
"23985157","""MONA - Interactive manipulation of molecule collections.""","True","Y","high","""Manipulation tool, not a database""","","","13","N","N"
"21421552","""SplamiR--prediction of spliced miRNAs in plants.""","True","Y","high","""Prediction tool, not a database""","","","13","N","N"
"31510666","""NPS: scoring and evaluating the statistical significance of peptidic natural product-spectrum matches.""","True","Y","high","""Scoring/evaluation tool, not a database""","","","13","N","N"
"22492646","""CRNreals: a toolbox for distinguishability and identifiability analysis of biochemical reaction networks.""","True","Y","high","""Toolbox for analysis, not a database""","","","13","N","N"
"30537264","""Scavager: A Versatile Postsearch Validation Algorithm for Shotgun Proteomics Based on Gradient Boosting.""","False","Y","high","""Validation algorithm, not a database""","","","13","N","N"
"24128146","""StreamingTrim 1.0: a Java software for dynamic trimming of 16S rRNA sequence data from metagenetic studies.""","False","Y","high","""Trimming software, not a database""","","","13","N","N"
"28317029","""Listeriomics: an Interactive Web Platform for Systems Biology of <i>Listeria</i>.""","False","Y","high","""Interactive platform for systems biology, not a database""","","","13","N","N"
"33051675","""PheWAS-ME: a web-app for interactive exploration of multimorbidity patterns in PheWAS.""","True","Y","high","""Web-app for exploration, not a database itself""","","","13","N","N"
"33257674","""Mining potentially actionable kinase gene fusions in cancer cell lines with the KuNG FU database.""","False","Y","high","""Paper about mining from a database, not the database itself""","","","13","N","N"
"29036536","""wft4galaxy: a workflow testing tool for galaxy.""","False","Y","high","""Workflow testing tool, not a database""","","","13","N","N"
"21216777","""HiSpOD: probe design for functional DNA microarrays.""","True","Y","high","""Probe design tool, not a database""","","","13","N","N"
"27716038","""ChiLin: a comprehensive ChIP-seq and DNase-seq quality control and analysis pipeline.""","False","Y","high","""Quality control pipeline, not a database""","","","13","N","N"
"26411869","""CLUSTERnGO: a user-defined modelling platform for two-stage clustering of time-series data.""","True","Y","high","""Modeling platform for clustering, not a database""","","","13","N","N"
"29106449","""AlloSigMA: allosteric signaling and mutation analysis server.""","True","Y","high","""Analysis server, not a database""","","","13","N","N"
"32651737","""Magic Curiosity Arousing Tricks (MagicCATs): A Novel stimulus collection to induce epistemic emotions.""","False","Y","high","""Stimulus collection for psychology, not a bioresource database""","","","13","N","N"
"22874241","""Dicoogle Mobile: a medical imaging platform for Android.""","False","Y","high","""Imaging platform, not a database""","","","13","N","N"
"34384353","""Comprior: facilitating the implementation and automated benchmarking of prior knowledge-based feature selection approaches on gene expression data sets.""","False","Y","high","""Benchmarking tool, not a database""","","","13","N","N"
"28632401","""MOTIFSIM 2.1: An Enhanced Software Platform for Detecting Similarity in Multiple DNA Motif Data Sets.""","False","Y","high","""Software for detection, not a database""","","","13","N","N"
"29330515","""HyphaTracker: An ImageJ toolbox for time-resolved analysis of spore germination in filamentous fungi.""","False","Y","high","""ImageJ toolbox for analysis, not a database""","","","13","N","N"
"21904437","""ValFold: Program for the aptamer truncation process.""","False","Y","high","""Program/tool, not a database""","","","13","N","N"
"33973667","""QSARINS-Chem standalone version: A new platform-independent software to profile chemicals for physico-chemical properties, fate, and toxicity.""","False","Y","high","""Software for profiling, not a database""","","","13","N","N"
"26004672","""The MARK-AGE extended database: data integration and pre-processing.""","False","Y","high","""Data integration/preprocessing system, not primary database""","","","13","N","N"
"26400716","""MicNeSs: genotyping microsatellite loci from a collection of (NGS) reads.""","False","Y","high","""Genotyping tool, not a database""","","","13","N","N"
"28177064","""CPSS 2.0: a computational platform update for the analysis of small RNA sequencing data.""","True","Y","high","""Computational platform for analysis, not a database""","","","13","N","N"
"21674231","""Metaxa: a software tool for automated detection and discrimination among ribosomal small subunit (12S/16S/18S) sequences of archaea, bacteria, eukaryotes, mitochondria, and chloroplasts in metagenomes and environmental sequencing datasets.""","True","Y","high","""Software tool for detection, not a database""","","","13","N","N"
"24838564","""CopraRNA and IntaRNA: predicting small RNA targets, networks and interaction domains.""","True","Y","high","""Prediction tools, not databases""","","","13","N","N"
"27270714","""ANItools web: a web tool for fast genome comparison within multiple bacterial strains.""","True","Y","high","""Web tool for comparison, not a database""","","","13","N","N"
"30190555","""High-throughput and high-sensitivity phosphoproteomics with the EasyPhos platform.""","False","Y","high","""Phosphoproteomics platform/method, not a database""","","","13","N","N"
"21821150","""Research-IQ: development and evaluation of an ontology-anchored integrative query tool.""","False","Y","high","""Query tool, not a database""","","","13","N","N"
"21261974","""PileLine: a toolbox to handle genome position information in next-generation sequencing studies.""","True","Y","high","""Toolbox, not a database""","","","13","N","N"
"30717659","""BioReader: a text mining tool for performing classification of biomedical literature.""","True","Y","high","""Text mining tool, not a database""","","","13","N","N"
"22064852","""eQuilibrator--the biochemical thermodynamics calculator.""","True","Y","high","""Calculator tool, not a database""","","","13","N","N"
"27153576","""Pathway analysis by randomization incorporating structure-PARIS: an update.""","True","Y","high","""Analysis method with update, not a database""","","","13","N","N"
"30275593","""Fast and accurate data collection for macromolecular crystallography using the JUNGFRAU detector.""","False","Y","high","""Data collection method, not a database""","","","13","N","N"
"22402612","""rehh: an R package to detect footprints of selection in genome-wide SNP data from haplotype structure.""","True","Y","high","""R package for detection, not a database""","","","13","N","N"
"23325621","""CRAVAT: cancer-related analysis of variants toolkit.""","True","Y","high","""Analysis toolkit, not a database""","","","13","N","N"
"27809763","""muBLASTP: database-indexed protein sequence search on multicore CPUs.""","False","Y","high","""Search tool, not a database""","","","13","N","N"
"28453561","""A WebGIS platform for the monitoring of Farm Animal Genetic Resources (GENMON).""","True","Y","high","""Monitoring platform, not a database""","","","13","N","N"
"25149069","""MT-Toolbox: improved amplicon sequencing using molecule tags.""","False","Y","high","""Toolbox, not a database""","","","13","N","N"
"26476368","""Metadata management for high content screening in OMERO.""","True","Y","high","""Metadata management system, not a database""","","","13","N","N"
"30830479","""CSgator: an integrated web platform for compound set analysis.""","True","Y","high","""Platform for analysis, not a database""","","","13","N","N"
"32210056","""No More Tears: Mining Sequencing Data for Novel <i>Bt</i> Cry Toxins with CryProcessor.""","True","Y","high","""Mining tool, not a database""","","","13","N","N"
"29523070","""Textpresso Central: a customizable platform for searching, text mining, viewing, and curating biomedical literature.""","True","Y","high","""Platform for text mining, not a database""","","","13","N","N"
"23599424","""The mzQuantML data standard for mass spectrometry-based quantitative studies in proteomics.""","True","Y","high","""Data standard, not a database""","","","13","N","N"
"26552596","""TOGGLE: toolbox for generic NGS analyses.""","False","Y","high","""Toolbox, not a database""","","","13","N","N"
"33150354","""The technology behind TB DEPOT: a novel public analytics platform integrating tuberculosis clinical, genomic, and radiological data for visual and statistical exploration.""","False","Y","high","""Analytics platform, not a primary database""","","","13","N","N"
"23536269","""MSiReader: an open-source interface to view and analyze high resolving power MS imaging files on Matlab platform.""","False","Y","high","""Viewer/analysis interface, not a database""","","","13","N","N"
"31991337","""FrogAncestryCalc: A standalone batch likelihood computation tool for ancestry inference panels catalogued in FROG-kb.""","True","Y","high","""Computation tool using a database, not the database itself""","","","13","N","N"
"31222198","""Duphold: scalable, depth-based annotation and curation of high-confidence structural variant calls.""","False","Y","high","""Annotation tool, not a database""","","","13","N","N"
"31856831","""GTX.Digest.VCF: an online NGS data interpretation system based on intelligent gene ranking and large-scale text mining.""","True","Y","high","""Interpretation system, not a database""","","","13","N","N"
"32745209","""VRmol: an integrative web-based virtual reality system to explore macromolecular structure.""","True","Y","high","""Virtual reality exploration system, not a database""","","","13","N","N"
"27153652","""ARACNe-AP: gene network reverse engineering through adaptive partitioning inference of mutual information.""","False","Y","high","""Network inference tool, not a database""","","","13","N","N"
"27829364","""LSCplus: a fast solution for improving long read accuracy by short read alignment.""","True","Y","high","""Solution for read accuracy improvement, not a database""","","","13","N","N"
"26500754","""RDF2Graph a tool to recover, understand and validate the ontology of an RDF resource.""","False","Y","high","""Validation tool, not a database""","","","13","N","N"
"23597757","""on-course(®) portal: a tool for in-service training and career development for biomedical scientists.""","True","Y","high","""Training portal, not a research database""","","","13","N","N"
"32293238","""SWIFTCORE: a tool for the context-specific reconstruction of genome-scale metabolic networks.""","True","Y","high","""Reconstruction tool, not a database""","","","13","N","N"
"29788317","""FragFit: a web-application for interactive modeling of protein segments into cryo-EM density maps.""","True","Y","high","""Modeling application, not a database""","","","13","N","N"
"34525303","""ReactionDataExtractor: A Tool for Automated Extraction of Information from Chemical Reaction Schemes.""","True","Y","high","""Extraction tool, not a database""","","","13","N","N"
"25361575","""BiobankConnect: software to rapidly connect data elements for pooled analysis across biobanks using ontological and lexical indexing.""","True","Y","high","""Connection software, not a database""","","","13","N","N"
"33191949","""NanoJ: a high-performance open-source super-resolution microscopy toolbox.""","False","Y","high","""Microscopy toolbox, not a database""","","","13","N","N"
"26315900","""InteractiveROSETTA: a graphical user interface for the PyRosetta protein modeling suite.""","True","Y","high","""GUI for modeling, not a database""","","","13","N","N"
"33073517","""CEN-tools: an integrative platform to identify the contexts of essential genes.""","False","Y","high","""Integrative platform, not a database""","","","13","N","N"
"25992600","""Applying the ARRIVE Guidelines to an In Vivo Database.""","False","Y","high","""Paper about applying guidelines, not a database""","","","13","N","N"
"26743511","""Homology-driven assembly of NOn-redundant protEin sequence sets (NOmESS) for mass spectrometry.""","True","Y","high","""Assembly method, not a database""","","","13","N","N"
"31893286","""PgRC: pseudogenome-based read compressor.""","False","Y","high","""Read compressor tool, not a database""","","","13","N","N"
"21813477","""The GNAT library for local and remote gene mention normalization.""","False","Y","high","""Library/tool for normalization, not a database""","","","13","N","N"
"29383467","""Enabling the hypothesis-driven prioritization of ligand candidates in big databases: Screenlamp and its application to GPCR inhibitor discovery for invasive species control.""","False","Y","high","""Tool for prioritization in databases, not a database itself""","","","13","N","N"
"28119307","""ASCIIGenome: a command line genome browser for console terminals.""","True","Y","high","""Browser tool, not a database""","","","13","N","N"
"34158507","""scGCN is a graph convolutional networks algorithm for knowledge transfer in single cell omics.""","False","Y","high","""Algorithm, not a database""","","","13","N","N"
"23452317","""Phenoscope: an automated large-scale phenotyping platform offering high spatial homogeneity.""","False","Y","high","""Phenotyping platform, not a database""","","","13","N","N"
"23412913","""Detecting sequence homology at the gene cluster level with MultiGeneBlast.""","False","Y","high","""Detection tool, not a database""","","","13","N","N"
"30657870","""OLGA: fast computation of generation probabilities of B- and T-cell receptor amino acid sequences and motifs.""","False","Y","high","""Computation tool, not a database""","","","13","N","N"
"22546559","""Identification of mirtrons in rice using MirtronPred: a tool for predicting plant mirtrons.""","True","Y","high","""Prediction tool, not a database""","","","13","N","N"
"22345617","""DOMIRE: a web server for identifying structural domains and their neighbors in proteins.""","True","Y","high","""Identification web server, not a database""","","","13","N","N"
"22594999","""ProDis-ContSHC: learning protein dissimilarity measures and hierarchical context coherently for protein-protein comparison in protein database retrieval.""","False","Y","high","""Method for database retrieval, not a database""","","","13","N","N"
"27910954","""Mal-Lys: prediction of lysine malonylation sites in proteins integrated sequence-based features with mRMR feature selection.""","True","Y","high","""Prediction tool, not a database""","","","13","N","N"
"33606709","""Chainchecker: An application to visualise and explore transmission chains for Ebola virus disease.""","True","Y","high","""Visualization application, not a database""","","","13","N","N"
"34068389","""Match Algorithms for Scientific Names in FlorItaly, the Portal to the Flora of Italy.""","False","Y","high","""Matching algorithms, not a database""","","","13","N","N"
"30988307","""Spy&Go purification of SpyTag-proteins using pseudo-SpyCatcher to access an oligomerization toolbox.""","False","Y","high","""Purification method/toolbox, not a database""","","","13","N","N"
"22761703","""WNP: a novel algorithm for gene products annotation from weighted functional networks.""","False","Y","high","""Algorithm, not a database""","","","13","N","N"
"26059716","""DISTMIX: direct imputation of summary statistics for unmeasured SNPs from mixed ethnicity cohorts.""","False","Y","high","""Imputation method, not a database""","","","13","N","N"
"21394829","""WAVe: web analysis of the variome.""","True","Y","high","""Web analysis tool, not a database""","","","13","N","N"
"26704597","""Foldalign 2.5: multithreaded implementation for pairwise structural RNA alignment.""","True","Y","high","""Alignment implementation, not a database""","","","13","N","N"
"28911113","""MCbiclust: a novel algorithm to discover large-scale functionally related gene sets from massive transcriptomics data collections.""","False","Y","high","""Algorithm, not a database""","","","13","N","N"
"28633441","""BioQueue: a novel pipeline framework to accelerate bioinformatics analysis.""","True","Y","high","""Pipeline framework, not a database""","","","13","N","N"
"33907838","""Demetra Application: An integrated genotype analysis web server for clinical genomics in endometriosis.""","True","Y","high","""Analysis web server/application, not a database""","","","13","N","N"
"26148193","""Basic Emotions in the Nencki Affective Word List (NAWL BE): New Method of Classifying Emotional Stimuli.""","True","Y","high","""Classification method, not a database of biological data""","","","13","N","N"
"29300846","""ChopStitch: exon annotation and splice graph construction using transcriptome assembly and whole genome sequencing data.""","False","Y","high","""Annotation tool, not a database""","","","13","N","N"
"25513722","""iDrug-Target: predicting the interactions between drug compounds and target proteins in cellular networking via benchmark dataset optimization approach.""","True","Y","high","""Prediction tool, not a database""","","","13","N","N"
"32301980","""Galaxy HiCExplorer 3: a web server for reproducible Hi-C, capture Hi-C and single-cell Hi-C data analysis, quality control and visualization.""","True","Y","high","""Web server for analysis, not a database""","","","13","N","N"
"22419406","""Cellulose-builder: a toolkit for building crystalline structures of cellulose.""","True","Y","high","""Building toolkit, not a database""","","","13","N","N"
"27587666","""PanTools: representation, storage and exploration of pan-genomic data.""","True","Y","high","""Tools for data representation, not a database""","","","13","N","N"
"21519818","""PRICE (PRotein Interface Conservation and Energetics): a server for the analysis of protein-protein interfaces.""","True","Y","high","""Analysis server, not a database""","","","13","N","N"
"24000942","""Web Apollo: a web-based genomic annotation editing platform.""","False","Y","high","""Annotation editing platform, not a database""","","","13","N","N"
"30535283","""MapOptics: a light-weight, cross-platform visualization tool for optical mapping alignment.""","False","Y","high","""Visualization tool, not a database""","","","13","N","N"
"26120140","""BEAN 2.0: an integrated web resource for the identification and functional analysis of type III secreted effectors.""","False","Y","high","""Web resource for identification/analysis, not a database""","","","13","N","N"
"31116383","""C-InterSecture-a computational tool for interspecies comparison of genome architecture.""","True","Y","high","""Computational tool, not a database""","","","13","N","N"
"21627789","""RAG: an update to the RNA-As-Graphs resource.""","False","Y","medium","""Update to resource, but unclear if houses data without URL""","","","13","N","N"
"30824917","""VHost-Classifier: virus-host classification using natural language processing.""","False","Y","high","""Classification tool, not a database""","","","13","N","N"
"28921375","""Convex-PL: a novel knowledge-based potential for protein-ligand interactions deduced from structural databases using convex optimization.""","True","Y","high","""Potential/method using databases, not a database itself""","","","13","N","N"
"33894945","""SIGNAL: A web-based iterative analysis platform integrating pathway and network approaches optimizes hit selection from genome-scale assays.""","True","Y","high","""Analysis platform, not a database""","","","13","N","N"
"22545707","""The MULTICOM toolbox for protein structure prediction.""","True","Y","high","""Toolbox for prediction, not a database""","","","13","N","N"
"31929521","""VAMPr: VAriant Mapping and Prediction of antibiotic resistance via explainable features and machine learning.""","False","Y","high","""Mapping and prediction tool, not a database""","","","13","N","N"
"24771560","""WebProtégé: a collaborative Web-based platform for editing biomedical ontologies.""","True","Y","high","""Ontology editing platform, not a database""","","","13","N","N"
"22443449","""Mapsembler, targeted and micro assembly of large NGS datasets on a desktop computer.""","True","Y","high","""Assembly tool, not a database""","","","13","N","N"
"26428293","""JEPEGMIX: gene-level joint analysis of functional SNPs in cosmopolitan cohorts.""","True","Y","high","""Analysis method, not a database""","","","13","N","N"
"31555651","""Cardiogeneticsbank@UZA: A Collection of DNA, Tissues, and Cell Lines as a Translational Tool.""","False","Y","high","""Biobank collection, not a computational database""","","","13","N","N"
"29986020","""Implementation and applications of EMOD, an individual-based multi-disease modeling platform.""","False","Y","high","""Modeling platform, not a database""","","","13","N","N"
"24974201","""The Amordad database engine for metagenomics.""","True","Y","high","""Database engine/tool, not a database itself""","","","13","N","N"
"31722485","""DeepDRBP-2L: A New Genome Annotation Predictor for Identifying DNA-Binding Proteins and RNA-Binding Proteins Using Convolutional Neural Network and Long Short-Term Memory.""","True","Y","high","""Prediction tool, not a database""","","","13","N","N"
"26507285","""PhenoMiner: from text to a database of phenotypes associated with OMIM diseases.""","False","Y","high","""Tool for creating database from text, not a database itself""","","","13","N","N"
"23470317","""New perspectives in toxicological information management, and the role of ISSTOX databases in assessing chemical mutagenicity and carcinogenicity.""","False","Y","high","""Review/perspective paper about databases, not a database""","","","13","N","N"
"32429868","""fcScan: a versatile tool to cluster combinations of sites using genomic coordinates.""","True","Y","high","""Clustering tool, not a database""","","","13","N","N"
"23951226","""Mutationmapper: a tool to aid the mapping of protein mutation data.""","True","Y","high","""Mapping tool, not a database""","","","13","N","N"
"33335023","""CanRisk Tool-A Web Interface for the Prediction of Breast and Ovarian Cancer Risk and the Likelihood of Carrying Genetic Pathogenic Variants.""","True","Y","high","""Prediction tool, not a database""","","","13","N","N"
"29072139","""NemoProfile as an efficient approach to network motif analysis with instance collection.""","False","Y","high","""Analysis approach, not a database""","","","13","N","N"
"21624887","""BlastR--fast and accurate database searches for non-coding RNAs.""","True","Y","high","""Search tool, not a database""","","","13","N","N"
"27068479","""ExtraPEG: A Polyethylene Glycol-Based Method for Enrichment of Extracellular Vesicles.""","False","Y","high","""Enrichment method, not a database""","","","13","N","N"
"31374080","""SinoPedia-A Linked Data Services platform for decentralized knowledge base.""","False","Y","high","""Platform for knowledge base services, not a database""","","","13","N","N"
"30343663","""outbreaker2: a modular platform for outbreak reconstruction.""","False","Y","high","""Reconstruction platform, not a database""","","","13","N","N"
"26882475","""ZBIT Bioinformatics Toolbox: A Web-Platform for Systems Biology and Expression Data Analysis.""","True","Y","high","""Toolbox for analysis, not a database""","","","13","N","N"
"30715273","""Meta-omics data and collection objects (MOD-CO): a conceptual schema and data model for processing sample data in meta-omics research.""","False","Y","high","""Conceptual schema/data model, not a database""","","","13","N","N"
"29092953","""TumorMap: Exploring the Molecular Similarities of Cancer Samples in an Interactive Portal.""","False","Y","high","""Exploration portal/tool, not a database""","","","13","N","N"
"31099383","""Cram-JS: reference-based decompression in node and the browser.""","False","Y","high","""Decompression tool, not a database""","","","13","N","N"
"24608764","""DMAP: differential methylation analysis package for RRBS and WGBS data.""","True","Y","high","""Analysis package, not a database""","","","13","N","N"
"29547883","""REStLESS: automated translation of glycan sequences from residue-based notation to SMILES and atomic coordinates.""","True","Y","high","""Translation tool, not a database""","","","13","N","N"
"21999641","""Chipster: user-friendly analysis software for microarray and other high-throughput data.""","True","Y","high","""Analysis software, not a database""","","","13","N","N"
"30212909","""MetaHCR: a web-enabled metagenome data management system for hydrocarbon resources.""","False","Y","high","""Data management system, not a database""","","","13","N","N"
"31201122","""Open Source Brain: A Collaborative Resource for Visualizing, Analyzing, Simulating, and Developing Standardized Models of Neurons and Circuits.""","False","Y","high","""Collaborative resource for modeling, not a database""","","","13","N","N"
"25386923","""The pCri System: a vector collection for recombinant protein expression and purification.""","False","Y","high","""Vector collection/system, not a computational database""","","","13","N","N"
"32926138","""Annotating high-impact 5'untranslated region variants with the UTRannotator.""","False","Y","high","""Annotation tool, not a database""","","","13","N","N"
"31504214","""CroP-Coordinated Panel visualization for biological networks analysis.""","True","Y","high","""Visualization tool, not a database""","","","13","N","N"
"32631222","""iPNHOT: a knowledge-based approach for identifying protein-nucleic acid interaction hot spots.""","True","Y","high","""Identification approach/tool, not a database""","","","13","N","N"
"21361385","""ReverseScreen3D: a structure-based ligand matching method to identify protein targets.""","True","Y","high","""Matching method, not a database""","","","13","N","N"
"30450911","""Cytoscape StringApp: Network Analysis and Visualization of Proteomics Data.""","True","Y","high","""Analysis and visualization app, not a database""","","","13","N","N"
"31888436","""DynaVenn: web-based computation of the most significant overlap between ordered sets.""","True","Y","high","""Computation tool, not a database""","","","13","N","N"
"21601675","""Developer's and user's guide to Clotho v2.0 A software platform for the creation of synthetic biological systems.""","False","Y","high","""Software platform guide, not a database""","","","13","N","N"
"28232478","""ABySS 2.0: resource-efficient assembly of large genomes using a Bloom filter.""","False","Y","high","""Assembly tool, not a database""","","","13","N","N"
"28174895","""cooccurNet: an R package for co-occurrence network construction and analysis.""","True","Y","high","""R package for analysis, not a database""","","","13","N","N"
"26577780","""Micro-Tom Tomato as an Alternative Plant Model System: Mutant Collection and Efficient Transformation.""","False","Y","high","""Mutant collection description, not a computational database""","","","13","N","N"
"22802706","""A web-based bioinformatics interface applied to the GENOSOJA Project: Databases and pipelines.""","False","Y","high","""Interface for databases/pipelines, not a database itself""","","","13","N","N"
"32883210","""METAGENOTE: a simplified web platform for metadata annotation of genomic samples and streamlined submission to NCBI's sequence read archive.""","True","Y","high","""Annotation platform, not a database""","","","13","N","N"
"29222749","""The MONGOOSE Rational Arithmetic Toolbox.""","False","Y","high","""Arithmetic toolbox, not a database""","","","13","N","N"
"33965545","""Building the Sierra Leone Ebola Database: organization and characteristics of data systematically collected during 2014-2015 Ebola epidemic.""","False","Y","high","""Paper about building database, not the database itself""","","","13","N","N"
"34704076","""Protocol for using NoBadWordsCombiner to merge and minimize """"bad words"""" from BLAST hits against multiple eukaryotic gene annotation databases.""","False","Y","high","""Protocol for using a tool, not a database""","","","13","N","N"
"30517594","""Drug Targetor: a web interface to investigate the human druggome for over 500 phenotypes.""","True","Y","high","""Web interface for investigation, not a database""","","","13","N","N"
"29033870","""Motivational Objects in Natural Scenes (MONS): A Database of >800 Objects.""","False","Y","high","""Psychology stimulus database, not a bioresource""","","","13","N","N"
"34252971","""Investigation of REFINED CNN ensemble learning for anti-cancer drug sensitivity prediction.""","False","Y","high","""Investigation of machine learning method, not a database""","","","13","N","N"
"34332548","""Matisse: a MATLAB-based analysis toolbox for in situ sequencing expression maps.""","False","Y","high","""MATLAB analysis toolbox, not a database""","","","13","N","N"
"26704599","""MCAST: scanning for cis-regulatory motif clusters.""","True","Y","high","""Scanning tool, not a database""","","","13","N","N"
"25754992","""Using REDItools to Detect RNA Editing Events in NGS Datasets.""","False","Y","high","""Tool usage paper, not a database""","","","13","N","N"
"28719658","""OptisampleTM: Open web-based application to optimize sampling strategies for active surveillance activities at the herd level illustrated using Porcine Respiratory Reproductive Syndrome (PRRS).""","True","Y","high","""Optimization application, not a database""","","","13","N","N"
"22908879","""FragVLib a free database mining software for generating """"Fragment-based Virtual Library"""" using pocket similarity search of ligand-receptor complexes.""","False","Y","high","""Database mining software, not a database""","","","13","N","N"
"29764369","""VAReporter: variant reporter for cancer research of massive parallel sequencing.""","True","Y","high","""Variant reporter/tool, not a database""","","","13","N","N"
"23302652","""Accessing the public MIMIC-II intensive care relational database for clinical research.""","False","Y","high","""Paper about accessing a database, not the database itself""","","","13","N","N"
"34037798","""CPA: a web-based platform for consensus pathway analysis and interactive visualization.""","True","Y","high","""Analysis platform, not a database""","","","13","N","N"
"33972022","""RiPPMiner-Genome: A Web Resource for Automated Prediction of Crosslinked Chemical Structures of RiPPs by Genome Mining.""","False","Y","high","""Prediction web resource, not a database""","","","13","N","N"
"22186715","""PEAKS DB: de novo sequencing assisted database search for sensitive and accurate peptide identification.""","False","Y","high","""DB in name is part of tool name, tool for database search not a database""","","","13","N","N"
"28174903","""Phyx: phylogenetic tools for unix.""","False","Y","high","""Phylogenetic tools, not a database""","","","13","N","N"
"25655564","""DomeTree: a canonical toolkit for mitochondrial DNA analyses in domesticated animals.""","True","Y","high","""Toolkit for analysis, not a database""","","","13","N","N"
"32636234","""Examining and Fine-tuning the Selection of Glycan Compositions with GlyConnect Compozitor.""","True","Y","high","""Tool using GlyConnect, not a database itself""","","","13","N","N"
"28482075","""Pathview Web: user friendly pathway visualization and data integration.""","True","Y","high","""Visualization tool, not a database""","","","13","N","N"
"33576390","""HiCRep.py: fast comparison of Hi-C contact matrices in Python.""","False","Y","high","""Comparison tool, not a database""","","","13","N","N"
"27437169","""ColectoR, a digital field notebook for voucher specimen collection for smartphones.""","False","Y","high","""Digital notebook app, not a database""","","","13","N","N"
"24564377","""MetaCluster-TA: taxonomic annotation for metagenomic data based on assembly-assisted binning.""","False","Y","high","""Annotation tool, not a database""","","","13","N","N"
"27522081","""Gene Slider: sequence logo interactive data-visualization for education and research.""","True","Y","high","""Visualization tool, not a database""","","","13","N","N"
"""24215028"," 25861966"",""AVIA: an interactive web-server for annotation, visualization and impact analysis of genomic variations.""","True","Y","high","""Annotation and visualization server, not a database""","","","13","N","N"
"23666626","""Graphite Web: Web tool for gene set analysis exploiting pathway topology.""","True","Y","high","""Analysis web tool, not a database""","","","13","N","N"
"28327936","""GUIdock-VNC: using a graphical desktop sharing system to provide a browser-based interface for containerized software.""","False","Y","high","""Desktop sharing system, not a database""","","","13","N","N"
"34248822","""The ARCA Registry: A Collaborative Global Platform for Advancing Trial Readiness in Autosomal Recessive Cerebellar Ataxias.""","False","Y","high","""Patient registry platform, not a bioresource database""","","","13","N","N"
"31106356","""Yosshi: a web-server for disulfide engineering by bioinformatic analysis of diverse protein families.""","True","Y","high","""Engineering web-server, not a database""","","","13","N","N"
"32175744","""Tailor: A Nonparametric and Rapid Score Calibration Method for Database Search-Based Peptide Identification in Shotgun Proteomics.""","False","Y","high","""Calibration method, not a database""","","","13","N","N"
"22829744","""shRNAPred (version 1.0): An open source and standalone software for short hairpin RNA (shRNA) prediction.""","True","Y","high","""Prediction software, not a database""","","","13","N","N"
"21586583","""Taxonomic classification of metagenomic shotgun sequences with CARMA3.""","True","Y","high","""Classification tool, not a database""","","","13","N","N"
"28178937","""SPANG: a SPARQL client supporting generation and reuse of queries for distributed RDF databases.""","True","Y","high","""SPARQL client/tool, not a database""","","","13","N","N"
"24812336","""fastGapFill: efficient gap filling in metabolic networks.""","True","Y","high","""Gap filling tool, not a database""","","","13","N","N"
"26653251","""Track structure modeling in liquid water: A review of the Geant4-DNA very low energy extension of the Geant4 Monte Carlo simulation toolkit.""","False","Y","high","""Review of simulation toolkit, not a database""","","","13","N","N"
"26185528","""ChemDoodle Web Components: HTML5 toolkit for chemical graphics, interfaces, and informatics.""","False","Y","high","""Toolkit for graphics, not a database""","","","13","N","N"
"29678129","""ClustAGE: a tool for clustering and distribution analysis of bacterial accessory genomic elements.""","True","Y","high","""Clustering tool, not a database""","","","13","N","N"
"33407074","""mixIndependR: a R package for statistical independence testing of loci in database of multi-locus genotypes.""","True","Y","high","""R package for testing, not a database""","","","13","N","N"
"22638571","""Savant Genome Browser 2: visualization and analysis for population-scale genomics.""","True","Y","high","""Browser tool, not a database""","","","13","N","N"
"25474588","""G-Bean: an ontology-graph based web tool for biomedical literature retrieval.""","True","Y","high","""Literature retrieval tool, not a database""","","","13","N","N"
"30821316","""metagenomeFeatures: an R package for working with 16S rRNA reference databases and marker-gene survey feature data.""","True","Y","high","""R package for working with databases, not a database itself""","","","13","N","N"
"34135355","""AMRFinderPlus and the Reference Gene Catalog facilitate examination of the genomic links among antimicrobial resistance, stress response, and virulence.""","False","Y","high","""Tool using a catalog, not a database""","","","13","N","N"
"26581084","""Transcriptator: An Automated Computational Pipeline to Annotate Assembled Reads and Identify Non Coding RNA.""","True","Y","high","""Annotation pipeline, not a database""","","","13","N","N"
"33083472","""Application of BERT to Enable Gene Classification Based on Clinical Evidence.""","False","Y","high","""Application of machine learning method, not a database""","","","13","N","N"
"34252958","""Cuttlefish: fast, parallel and low-memory compaction of de Bruijn graphs from large-scale genome collections.""","False","Y","high","""Compaction tool, not a database""","","","13","N","N"
"31665262","""mCSM-AB2: guiding rational antibody design using graph-based signatures.""","True","Y","high","""Design tool, not a database""","","","13","N","N"
"21949676","""MACSE: Multiple Alignment of Coding SEquences accounting for frameshifts and stop codons.""","True","Y","high","""Alignment tool, not a database""","","","13","N","N"
"32659298","""Bar-seq strategies for the LeishGEdit toolbox.""","True","Y","high","""Strategies/toolbox, not a database""","","","13","N","N"
"30084941","""JustOrthologs: a fast, accurate and user-friendly ortholog identification algorithm.""","True","Y","high","""Identification algorithm, not a database""","","","13","N","N"
"21893519","""Integrated pathway-level analysis of transcriptomics and metabolomics data with IMPaLA.""","True","Y","high","""Analysis tool, not a database""","","","13","N","N"
"21705364","""The Strategies WDK: a graphical search interface and web development kit for functional genomics databases.""","True","Y","high","""Development kit/interface for databases, not a database itself""","","","13","N","N"
"27919219","""STON: exploring biological pathways using the SBGN standard and graph databases.""","False","Y","high","""Tool for exploring pathways, not a database""","","","13","N","N"
"23504933","""Access guide to human proteinpedia.""","True","Y","high","""Access guide to a database, not a database""","","","13","N","N"
"29878047","""ImmunomeBrowser: a tool to aggregate and visualize complex and heterogeneous epitopes in reference proteins.""","True","Y","high","""Aggregation and visualization tool, not a database""","","","13","N","N"
"29509844","""GDCRNATools: an R/Bioconductor package for integrative analysis of lncRNA, miRNA and mRNA data in GDC.""","True","Y","high","""R package for analysis, not a database""","","","13","N","N"
"28968795","""Mobi 2.0: an improved method to define intrinsic disorder, mobility and linear binding regions in protein structures.""","True","Y","high","""Method with version number, not a database""","","","13","N","N"
"21610748","""GWAS Integrator: a bioinformatics tool to explore human genetic associations reported in published genome-wide association studies.""","True","Y","high","""Integration tool, not a database""","","","13","N","N"
"27760124","""rasbhari: Optimizing Spaced Seeds for Database Searching, Read Mapping and Alignment-Free Sequence Comparison.""","True","Y","high","""Optimization tool for database searching, not a database""","","","13","N","N"
"24215429","""spads 1.0: a toolbox to perform spatial analyses on DNA sequence data sets.""","False","Y","high","""Toolbox for analysis, not a database""","","","13","N","N"
"26104745","""MetaQuery: a web server for rapid annotation and quantitative analysis of specific genes in the human gut microbiome.""","True","Y","high","""Analysis web server, not a database""","","","13","N","N"
"32706854","""Scalable machine learning-assisted model exploration and inference using Sciope.""","False","Y","high","""Machine learning tool, not a database""","","","13","N","N"
"29329361","""pyHVis3D: visualising molecular simulation deduced H-bond networks in 3D: application to T-cell receptor interactions.""","True","Y","high","""Visualization tool, not a database""","","","13","N","N"
"31411700","""Sequenceserver: A Modern Graphical User Interface for Custom BLAST Databases.""","False","Y","high","""GUI for databases, not a database""","","","13","N","N"
"27899692","""Jenkins-CI, an Open-Source Continuous Integration System, as a Scientific Data and Image-Processing Platform.""","False","Y","high","""Processing platform, not a database""","","","13","N","N"
"24792167","""BioMet Toolbox 2.0: genome-wide analysis of metabolism and omics data.""","False","Y","high","""Toolbox for analysis, not a database""","","","13","N","N"
"27436706","""OpenSlice: Quantitative data sharing from HyperPeaks to global ion chromatograms (GICs).""","True","Y","high","""Data sharing tool, not a database""","","","13","N","N"
"30958812","""BEAST 2.5: An advanced software platform for Bayesian evolutionary analysis.""","False","Y","high","""Software platform for analysis, not a database""","","","13","N","N"
"27559155","""Fast-SNP: a fast matrix pre-processing algorithm for efficient loopless flux optimization of metabolic models.""","True","Y","high","""Algorithm, not a database""","","","13","N","N"
"30865258","""CABS-dock standalone: a toolbox for flexible protein-peptide docking.""","False","Y","high","""Docking toolbox, not a database""","","","13","N","N"
"32437555","""ProteinFishing: a protein complex generator within the ModelX toolsuite.""","True","Y","high","""Generator tool, not a database""","","","13","N","N"
"29095974","""BEAM web server: a tool for structural RNA motif discovery.""","True","Y","high","""Motif discovery tool, not a database""","","","13","N","N"
"29343218","""LocText: relation extraction of protein localizations to assist database curation.""","False","Y","high","""Extraction tool to assist curation, not a database""","","","13","N","N"
"33027502","""LipidFinder 2.0: advanced informatics pipeline for lipidomics discovery applications.""","True","Y","high","""Informatics pipeline, not a database""","","","13","N","N"
"31107941","""Rice Galaxy: an open resource for plant science.""","False","Y","high","""Computing resource/platform, not a database""","","","13","N","N"
"21619655","""LabKey Server NAb: a tool for analyzing, visualizing and sharing results from neutralizing antibody assays.""","True","Y","high","""Analysis tool, not a database""","","","13","N","N"
"30927002","""PIXUL-ChIP: integrated high-throughput sample preparation and analytical platform for epigenetic studies.""","False","Y","high","""Sample preparation platform, not a database""","","","13","N","N"
"26772308","""Project Baseline: An unprecedented resource to study plant evolution across space and time.""","False","Y","high","""Research project, not a database""","","","13","N","N"
"34607568","""SicknessMiner: a deep-learning-driven text-mining tool to abridge disease-disease associations.""","False","Y","high","""Text-mining tool, not a database""","","","13","N","N"
"26496400","""Natural Medicines: A Complementary and Alternative Medicines Tool Combining Natural Standard and the Natural Medicines Comprehensive Database.""","False","Y","high","""Tool combining databases, not a database itself""","","","13","N","N"
"31904810","""MatchMixeR: a cross-platform normalization method for gene expression data integration.""","False","Y","high","""Normalization method, not a database""","","","13","N","N"
"29329372","""Enrichment analysis with EpiAnnotator.""","True","Y","high","""Analysis tool, not a database""","","","13","N","N"
"34413171","""MIC-Drop: A platform for large-scale in vivo CRISPR screens.""","False","Y","high","""Platform for CRISPR screens, not a database""","","","13","N","N"
"32682392","""FluConvert and IniFlu: a suite of integrated software to identify novel signatures of emerging influenza viruses with increasing risk.""","True","Y","high","""Software suite for identification, not a database""","","","13","N","N"
"21653519","""MixupMapper: correcting sample mix-ups in genome-wide datasets increases power to detect small genetic effects.""","True","Y","high","""Correction tool, not a database""","","","13","N","N"
"35009429","""An Effective Strategy to Maintain the CALPHAD Atomic Mobility Database of Multicomponent Systems and Its Application to Hcp Mg-Al-Zn-Sn Alloys.""","False","Y","high","""Strategy paper about maintaining database, not a database""","","","13","N","N"
"33879054","""Correlation AnalyzeR: functional predictions from gene co-expression correlations.""","True","Y","high","""Prediction tool, not a database""","","","13","N","N"
"24078713","""ReportingTools: an automated result processing and presentation toolkit for high-throughput genomic analyses.""","True","Y","high","""Processing toolkit, not a database""","","","13","N","N"
"32282885","""CScape-somatic: distinguishing driver and passenger point mutations in the cancer genome.""","True","Y","high","""Distinction tool, not a database""","","","13","N","N"
"30215668","""bcGST-an interactive bias-correction method to identify over-represented gene-sets in boutique arrays.""","True","Y","high","""Bias-correction method, not a database""","","","13","N","N"
"27068484","""XLSearch: a Probabilistic Database Search Algorithm for Identifying Cross-Linked Peptides.""","False","Y","high","""Search algorithm, not a database""","","","13","N","N"
"25209047","""RPPanalyzer toolbox: an improved R package for analysis of reverse phase protein array data.""","False","Y","high","""Analysis toolbox, not a database""","","","13","N","N"
"23505298","""pfsearchV3: a code acceleration and heuristic to search PROSITE profiles.""","True","Y","high","""Search tool, not a database""","","","13","N","N"
"22471441","""PhosphoSiteAnalyzer: a bioinformatic platform for deciphering phospho proteomes using kinase predictions retrieved from NetworKIN.""","False","Y","high","""Analysis platform, not a database""","","","13","N","N"
"28975713","""PepSweetener: A Web-Based Tool to Support Manual Annotation of Intact Glycopeptide MS Spectra.""","True","Y","high","""Annotation tool, not a database""","","","13","N","N"
"21554380","""spyder, a new method for in silico design and assessment of 16S rRNA gene primers for molecular microbial ecology.""","True","Y","high","""Design method, not a database""","","","13","N","N"
"33017646","""μSPIM Toolset: A software platform for selective plane illumination microscopy.""","False","Y","high","""Microscopy software platform, not a database""","","","13","N","N"
"34244710","""UCSC Cell Browser: visualize your single-cell data.""","True","Y","high","""Browser/visualization tool, not a database""","","","13","N","N"
"28616808","""Crop 3D-a LiDAR based platform for 3D high-throughput crop phenotyping.""","False","Y","high","""Phenotyping platform, not a database""","","","13","N","N"
"28471643","""Lipostar, a Comprehensive Platform-Neutral Cheminformatics Tool for Lipidomics.""","False","Y","high","""Cheminformatics tool, not a database""","","","13","N","N"
"32756566","""A high-throughput imaging and quantification pipeline for the EVOS imaging platform.""","False","Y","high","""Imaging pipeline, not a database""","","","13","N","N"
"31847919","""Promoting healthy teenage behaviour across three European countries through the use of a novel smartphone technology platform, PEGASO fit for future: study protocol of a quasi-experimental, controlled, multi-Centre trial.""","True","Y","high","""Clinical trial protocol, not a database""","","","13","N","N"
"32188106","""MBLinhibitors.com, a Website Resource Offering Information and Expertise for the Continued Development of Metallo--Lactamase Inhibitors.""","False","Y","high","""Website resource offering information, not a data repository""","","","13","N","N"
"21619640","""Structator: fast index-based search for RNA sequence-structure patterns.""","True","Y","high","""Search tool, not a database""","","","13","N","N"
"25319962","""GeneNet Toolbox for MATLAB: a flexible platform for the analysis of gene connectivity in biological networks.""","True","Y","high","""MATLAB toolbox for analysis, not a database""","","","13","N","N"
"33792640","""Gene Tracer: a smart, interactive, voice-controlled Alexa skill For gene information retrieval and browsing, mutation annotation and network visualization.""","True","Y","high","""Alexa skill/tool, not a database""","","","13","N","N"
"27045953","""London Education and Inclusion Project (LEIP): Exploring Negative and Null Effects of a Cluster-Randomised School-Intervention to Reduce School Exclusion--Findings from Protocol-Based Subgroup Analyses.""","False","Y","high","""Educational intervention study, not a database""","","","13","N","N"
"34095541","""A Profile of the SAIL Databank on the UK Secure Research Platform.""","False","Y","high","""Profile/description of databank, not a database""","","","13","N","N"
"23778453","""mirTools 2.0 for non-coding RNA discovery, profiling, and functional annotation based on high-throughput sequencing.""","False","Y","high","""Tool for discovery and annotation, not a database""","","","13","N","N"
"32960173","""BiteOscope, an open platform to study mosquito biting behavior.""","False","Y","high","""Platform for behavioral study, not a database""","","","13","N","N"
"27862010","""Extension of research data repository system to support direct compute access to biomedical datasets: enhancing Dataverse to support large datasets.""","False","Y","high","""Enhancement of repository system, not a database""","","","13","N","N"
"31241153","""Open Humans: A platform for participant-centered research and personal data exploration.""","False","Y","high","""Personal data platform, not a bioresource database""","","","13","N","N"
"25926345","""Polyester: simulating RNA-seq datasets with differential transcript expression.""","True","Y","high","""Simulation tool, not a database""","","","13","N","N"
"22072385","""MR-Tandem: parallel X!Tandem using Hadoop MapReduce on Amazon Web Services.""","False","Y","high","""Parallel processing tool, not a database""","","","13","N","N"
"30400805","""SIFR annotator: ontology-based semantic annotation of French biomedical text and clinical notes.""","True","Y","high","""Annotation tool, not a database""","","","13","N","N"
"29087450","""ViewBS: a powerful toolkit for visualization of high-throughput bisulfite sequencing data.""","False","Y","high","""Visualization toolkit, not a database""","","","13","N","N"
"33454412","""Automated joint skull-stripping and segmentation with Multi-Task U-Net in large mouse brain MRI databases.""","False","Y","high","""Image processing method using databases, not a database""","","","13","N","N"
"32180801","""<i>LDlinkR</i>: An R Package for Rapidly Calculating Linkage Disequilibrium Statistics in Diverse Populations.""","False","Y","high","""R package for calculations, not a database""","","","13","N","N"
"24706215","""Synthetic biology platform of CoryneBrick vectors for gene expression in Corynebacterium glutamicum and its application to xylose utilization.""","False","Y","high","""Vector platform, not a database""","","","13","N","N"
"24321545","""SBML qualitative models: a model representation format and infrastructure to foster interactions between qualitative modelling formalisms and tools.""","False","Y","high","""Model representation format, not a database""","","","13","N","N"
"27490490","""Lollipops in the Clinic: Information Dense Mutation Plots for Precision Medicine.""","False","Y","high","""Visualization method, not a database""","","","13","N","N"
"33914028","""Increasing metadata coverage of SRA BioSample entries using deep learning-based named entity recognition.""","False","Y","high","""Method for metadata improvement, not a database""","","","13","N","N"
"22563474","""Regulatory Snapshots: integrative mining of regulatory modules from expression time series and regulatory networks.""","True","Y","high","""Mining tool, not a database""","","","13","N","N"
"24200508","""The MVGC multivariate Granger causality toolbox: a new approach to Granger-causal inference.""","False","Y","high","""Toolbox for inference, not a database""","","","13","N","N"
"23044543","""ncPRO-seq: a tool for annotation and profiling of ncRNAs in sRNA-seq data.""","True","Y","high","""Annotation tool, not a database""","","","13","N","N"
"31222200","""Bioportainer Workbench: a versatile and user-friendly system that integrates implementation, management, and use of bioinformatics resources in Docker environments.""","False","Y","high","""Container management system, not a database""","","","13","N","N"
"23035929","""DMET-analyzer: automatic analysis of Affymetrix DMET data.""","False","Y","high","""Analysis tool, not a database""","","","13","N","N"
"29644465","""Impact of one-to-one tutoring on fundamentals of laparoscopic surgery (FLS) passing rate in a single center experience outside the United States: a randomized controlled trial.""","True","Y","high","""Clinical trial, not a database""","","","13","N","N"
"33565189","""Cancer SIGVAR: A semiautomated interpretation tool for germline variants of hereditary cancer-related genes.""","True","Y","high","""Interpretation tool, not a database""","","","13","N","N"
"28708080","""Phenoliner: A New Field Phenotyping Platform for Grapevine Research.""","False","Y","high","""Phenotyping platform, not a database""","","","13","N","N"
"31319812","""The MultiOmics Explainer: explaining omics results in the context of a pathway/genome database.""","False","Y","high","""Explanation tool using databases, not a database""","","","13","N","N"
"22994508","""The Ruby UCSC API: accessing the UCSC genome database using Ruby.""","True","Y","high","""API for database access, not a database""","","","13","N","N"
"34305865","""Highly Specific and Sensitive Detection of <i>Yersinia pestis</i> by Portable Cas12a-UPTLFA Platform.""","False","Y","high","""Detection platform, not a database""","","","13","N","N"
"28155670","""ESAP plus: a web-based server for EST-SSR marker development.""","True","Y","high","""Server for marker development, not a database""","","","13","N","N"
"24728854","""methylC Track: visual integration of single-base resolution DNA methylation data on the WashU EpiGenome Browser.""","True","Y","high","""Integration tool for browser, not a database""","","","13","N","N"
"28219343","""Computing structure-based lipid accessibility of membrane proteins with mp_lipid_acc in RosettaMP.""","True","Y","high","""Computation tool, not a database""","","","13","N","N"
"23958731","""A fast Peptide Match service for UniProt Knowledgebase.""","True","Y","high","""Match service for knowledgebase, not a database""","","","13","N","N"
"33431004","""Transformer-CNN: Swiss knife for QSAR modeling and interpretation.""","True","Y","high","""Modeling tool, not a database""","","","13","N","N"
"25212755","""cddApp: a Cytoscape app for accessing the NCBI conserved domain database.""","True","Y","high","""App for accessing database, not a database""","","","13","N","N"
"26305108","""PASS Targets: Ligand-based multi-target computational system based on a public data and naïve Bayes approach.""","True","Y","high","""Computational system, not a database""","","","13","N","N"
"29650016","""Evolution of computational models in BioModels Database and the Physiome Model Repository.""","True","Y","high","""Paper about evolution of databases, not a database""","","","13","N","N"
"26379465","""Global Cicada Sound Collection I: Recordings from South Africa and Malawi by B. W. Price & M. H. Villet and harvesting of BioAcoustica data by GBIF.""","True","Y","high","""Data harvesting paper, not a database""","","","13","N","N"
"27987174","""Practical Utilization of OryzaExpress and Plant Omics Data Center Databases to Explore Gene Expression Networks in Oryza Sativa and Other Plant Species.""","False","Y","high","""Tutorial/guide to using databases, not a database""","","","13","N","N"
"27061206","""Exploring novel candidate genes from the Mouse Genome Informatics database: Potential implications for avian migration research.""","False","Y","high","""Exploration of database for research, not a database""","","","13","N","N"
"30552534","""SIA: a scalable interoperable annotation server for biomedical named entities.""","False","Y","high","""Annotation server, not a database""","","","13","N","N"
"28561835","""vhfRNAi: a web-platform for analysis of host genes involved in viral infections discovered by genome wide RNAi screens.""","False","Y","high","""Analysis platform, not a database""","","","13","N","N"
"24861615","""PIQMIe: a web server for semi-quantitative proteomics data management and analysis.""","True","Y","high","""Data management server, not a database""","","","13","N","N"
"24373374","""TIPMaP: a web server to establish transcript isoform profiles from reliable microarray probes.""","True","Y","high","""Web server for analysis, not a database""","","","13","N","N"
"23418190","""Drug-SNPing: an integrated drug-based, protein interaction-based tagSNP-based pharmacogenomics platform for SNP genotyping.""","False","Y","high","""Genotyping platform, not a database""","","","13","N","N"
"30677302","""FungiPAD: A Free Web Tool for Compound Property Evaluation and Fungicide-Likeness Analysis.""","True","Y","high","""Evaluation tool, not a database""","","","13","N","N"
"27605099","""OntoBrowser: a collaborative tool for curation of ontologies by subject matter experts.""","True","Y","high","""Curation tool, not a database""","","","13","N","N"
"28903538","POSSUM: a bioinformatics toolkit for generating numerical sequence feature descriptors based on PSSM profiles.","True","Y","high","""Methodology tool for generating descriptors, not a data resource""","","","14","N","N"
"29726914","NGScloud: RNA-seq analysis of non-model species using cloud computing.","False","Y","high","""Analysis tool/pipeline, not a database""","","","14","N","N"
"23930810","NGSPE: A pipeline for end-to-end analysis of DNA sequencing data and comparison between different platforms.","False","Y","high","""Pipeline for analysis, not a database""","","","14","N","N"
"23244467","""COEUS: """"semantic web in a box"""" for biomedical applications.""","True","Y","high","""Semantic web platform/tool, not a data resource""","","","14","N","N"
"28785418","CLIMB (the Cloud Infrastructure for Microbial Bioinformatics): an online resource for the medical microbiology community.","False","Y","high","""Cloud infrastructure platform/tool, not a database""","","","14","N","N"
"25964298","RNA-Redesign: a web server for fixed-backbone 3D design of RNA.","True","Y","high","""Tool for RNA design, not a data resource""","","","14","N","N"
"24799431","PredictProtein--an open resource for online prediction of protein structural and functional features.","True","Y","high","""Prediction tool, not a data repository""","","","14","N","N"
"27153641","SAMFIRE: multi-locus variant calling for time-resolved sequence data.","False","Y","high","""Variant calling tool, not a database""","","","14","N","N"
"32006275","Comparative Protein Structure Analysis with Bio3D-Web.","True","Y","high","""Analysis tool, not a database""","","","14","N","N"
"34260718","CoSMeD: a user-friendly web server to estimate 5-year survival probability of left-sided and right-sided colorectal cancer patients using molecular data.","True","Y","high","""Web server for prediction, not a data repository""","","","14","N","N"
"24627222","miR-Synth: a computational resource for the design of multi-site multi-target synthetic miRNAs.","True","Y","high","""Design tool, not a database""","","","14","N","N"
"25989980","OncoRep: an n-of-1 reporting tool to support genome-guided treatment for breast cancer patients using RNA-sequencing.","False","Y","high","""Reporting tool, not a database""","","","14","N","N"
"33528817","NeuroKit2: A Python toolbox for neurophysiological signal processing.","False","Y","high","""Python toolbox for signal processing, not a database""","","","14","N","N"
"28525607","RNA-MoIP: prediction of RNA secondary structure and local 3D motifs from sequence data.","True","Y","high","""Prediction tool, not a database""","","","14","N","N"
"21738333","OntoVisT: A general purpose Ontological Visualization Tool.","True","Y","high","""Visualization tool, not a database""","","","14","N","N"
"21943350","GOmotif: A web server for investigating the biological role of protein sequence motifs.","True","Y","high","""Web server for investigation/analysis, not a database""","","","14","N","N"
"26015081","iMSRC: converting a standard automated microscope into an intelligent screening platform.","False","Y","high","""Screening platform/tool, not a database""","","","14","N","N"
"27832156","BioPPSy: An Open-Source Platform for QSAR/QSPR Analysis.","False","Y","high","""Analysis platform/tool, not a database""","","","14","N","N"
"30306900","Enhancing Nationwide Medico-Administrative Databases Analysis with SAF4SUHAD: A Statistical Analysis Framework for Secondary Use of Healthcare Administrative Databases.","False","Y","high","""Statistical analysis framework/tool, not a database itself""","","","14","N","N"
"26138566","Design and Development of ChemInfoCloud: An Integrated Cloud Enabled Platform for Virtual Screening.","False","Y","high","""Virtual screening platform/tool, not a database""","","","14","N","N"
"30062404","EdgeProps: A Computational Platform for Correlative Analysis of Cell Dynamics and Near-Edge Protein Activity.","False","Y","high","""Analysis platform/tool, not a database""","","","14","N","N"
"32699072","DeepCINAC: A Deep-Learning-Based Python Toolbox for Inferring Calcium Imaging Neuronal Activity Based on Movie Visualization.","False","Y","high","""Python toolbox for analysis, not a database""","","","14","N","N"
"28605769","TriatoKey: a web and mobile tool for biodiversity identification of Brazilian triatomine species.","True","Y","high","""Identification tool, not a database""","","","14","N","N"
"25765347","""ChIPseeker: an R/Bioconductor package for ChIP peak annotation, comparison and visualization.""","True","Y","high","""R package for annotation/analysis, not a database""","","","14","N","N"
"31834354","VarGen: an R package for disease-associated variant discovery and annotation.","False","Y","high","""R package for analysis, not a database""","","","14","N","N"
"28961691","3DBIONOTES v2.0: a web server for the automatic annotation of macromolecular structures.","True","Y","high","""Web server for annotation, not a database""","","","14","N","N"
"24573477","3D-SURFER 2.0: web platform for real-time search and characterization of protein surfaces.","True","Y","high","""Search and characterization platform/tool, not a database""","","","14","N","N"
"23333734","ProCoCoA: A quantitative approach for analyzing protein core composition.","True","Y","high","""Analysis approach/tool, not a database""","","","14","N","N"
"33777034","TCRMatch: Predicting T-Cell Receptor Specificity Based on Sequence Similarity to Previously Characterized Receptors.","True","Y","high","""Prediction tool, not a database""","","","14","N","N"
"22806579","DataPipeline: automated importing and fitting of large amounts of biophysical data.","False","Y","high","""Data pipeline tool, not a database""","","","14","N","N"
"24395753","CGAT: computational genomics analysis toolkit.","False","Y","high","""Analysis toolkit, not a database""","","","14","N","N"
"31415844","Atlas-based imaging data analysis tool for quantitative mouse brain histology (AIDAhisto).","False","Y","high","""Analysis tool, not a database""","","","14","N","N"
"27243272","Kekule.js: An Open Source JavaScript Chemoinformatics Toolkit.","False","Y","high","""JavaScript toolkit/library, not a database""","","","14","N","N"
"29514181","PWMScan: a fast tool for scanning entire genomes with a position-specific weight matrix.","True","Y","high","""Scanning tool, not a database""","","","14","N","N"
"27423857","ArrayNinja: An Open Source Platform for Unified Planning and Analysis of Microarray Experiments.","False","Y","high","""Analysis platform/tool, not a database""","","","14","N","N"
"25029978","""RD-Connect: an integrated platform connecting databases, registries, biobanks and clinical bioinformatics for rare disease research.""","False","Y","high","""Platform that connects databases, not a database itself""","","","14","N","N"
"24758252","PTRcombiner: mining combinatorial regulation of gene expression from post-transcriptional interaction maps.","True","Y","high","""Mining tool for analysis, not a database""","","","14","N","N"
"30169674","ANNOgesic: a Swiss army knife for the RNA-seq based annotation of bacterial/archaeal genomes.","True","Y","high","""Annotation tool, not a database""","","","14","N","N"
"30419809","WebNetCoffee: a web-based application to identify functionally conserved proteins from Multiple PPI networks.","True","Y","high","""Web application for identification, not a database""","","","14","N","N"
"23132505","D-peaks: a visual tool to display ChIP-seq peaks along the genome.","True","Y","high","""Visualization tool, not a database""","","","14","N","N"
"26581719","""Identification of minimal eukaryotic introns through GeneBase, a user-friendly tool for parsing the NCBI Gene databank.""","False","Y","high","""Tool for parsing NCBI Gene databank, not itself a database""","","","14","N","N"
"28369339","HiC-spector: a matrix library for spectral and reproducibility analysis of Hi-C contact maps.","False","Y","high","""Matrix library for analysis, not a database""","","","14","N","N"
"31359028","ACTINN: automated identification of cell types in single cell RNA sequencing.","False","Y","high","""Identification tool, not a database""","","","14","N","N"
"27279488","BIG: a large-scale data integration tool for renal physiology.","True","Y","high","""Data integration tool, not a database itself""","","","14","N","N"
"29267850","Rcupcake: an R package for querying and analyzing biomedical data through the BD2K PIC-SURE RESTful API.","False","Y","high","""R package for querying databases, not a database itself""","","","14","N","N"
"33274046","CusVarDB: A tool for building customized sample-specific variant protein database from next-generation sequencing datasets.","False","Y","high","""Tool for building databases, not a database itself""","","","14","N","N"
"25887893","GBSX: a toolkit for experimental design and demultiplexing genotyping by sequencing experiments.","False","Y","high","""Toolkit for experimental design, not a database""","","","14","N","N"
"29912378","iMetaLab 1.0: a web platform for metaproteomics data analysis.","True","Y","high","""Analysis platform, not a database""","","","14","N","N"
"23055631","MACBenAbim: A Multi-platform Mobile Application for searching keyterms in Computational Biology and Bioinformatics.","False","Y","high","""Mobile application for searching, not a database""","","","14","N","N"
"31830497","PreDSLpmo: A neural network-based prediction tool for functional annotation of lytic polysaccharide monooxygenases.","False","Y","high","""Prediction tool, not a database""","","","14","N","N"
"34484161","DAnIEL: A User-Friendly Web Server for Fungal ITS Amplicon Sequencing Data.","False","Y","high","""Web server for sequence analysis, not a database""","","","14","N","N"
"34404349","Immunopeptidomics toolkit library (IPTK): a python-based modular toolbox for analyzing immunopeptidomics data.","True","Y","high","""Python toolbox for analysis, not a database""","","","14","N","N"
"33076824","oposSOM-Browser: an interactive tool to explore omics data landscapes in health science.","True","Y","high","""Interactive exploration tool, not a database""","","","14","N","N"
"29069312","PESTO: Parameter EStimation TOolbox.","False","Y","high","""Parameter estimation toolbox, not a database""","","","14","N","N"
"24148814","Open-Phylo: a customizable crowd-computing platform for multiple sequence alignment.","False","Y","high","""Crowd-computing platform for alignment, not a database""","","","14","N","N"
"30169785","novoCaller: a Bayesian network approach for de novo variant calling from pedigree and population sequence data.","False","Y","high","""Variant calling tool, not a database""","","","14","N","N"
"21715384","RuleGO: a logical rules-based tool for description of gene groups by means of Gene Ontology.","True","Y","high","""Logical rules tool, not a database""","","","14","N","N"
"32369596","pepFunk: a tool for peptide-centric functional analysis of metaproteomic human gut microbiome studies.","True","Y","high","""Analysis tool, not a database""","","","14","N","N"
"31099399","epiTAD: a web application for visualizing chromosome conformation capture data in the context of genetic epidemiology.","True","Y","high","""Web application for visualization, not a database""","","","14","N","N"
"27085803","ProViz-a web-based visualization tool to investigate the functional and evolutionary features of protein sequences.","True","Y","high","""Visualization tool, not a database""","","","14","N","N"
"31748517","FlySilico: Flux balance modeling of Drosophila larval growth and resource allocation.","False","Y","high","""Modeling tool, not a database""","","","14","N","N"
"33785070","Microbiome meta-analysis and cross-disease comparison enabled by the SIAMCAT machine learning toolbox.","True","Y","high","""Machine learning toolbox, not a database""","","","14","N","N"
"33239857","vcfView: An Extensible Data Visualization and Quality Assurance Platform for Integrated Somatic Variant Analysis.","False","Y","high","""Visualization platform, not a database""","","","14","N","N"
"23661681","STRAW: Species TRee Analysis Web server.","True","Y","high","""Analysis web server, not a database""","","","14","N","N"
"26599208","Inselect: Automating the Digitization of Natural History Collections.","False","Y","high","""Digitization tool, not a database""","","","14","N","N"
"30124768","PathwayConnector: finding complementary pathways to enhance functional analysis.","True","Y","high","""Analysis tool for finding pathways, not a database""","","","14","N","N"
"31177618","widgetcon: A website and program for quick conversion among common population genetic data formats.","True","Y","high","""Format conversion tool, not a database""","","","14","N","N"
"30637945","""The Quetzal Coalescence template library: A C++ programmers resource for integrating distributional, demographic and coalescent models.""","True","Y","high","""C++ template library, not a database""","","","14","N","N"
"30368849","MDockPeP: An ab-initio protein-peptide docking server.","True","Y","high","""Docking server/tool, not a database""","","","14","N","N"
"31192369","VarMap: a web tool for mapping genomic coordinates to protein sequence and structure and retrieving protein structural annotations.","True","Y","high","""Mapping tool, not a database""","","","14","N","N"
"27284060","InteractoMIX: a suite of computational tools to exploit interactomes in biological and clinical research.","True","Y","high","""Suite of computational tools, not a database""","","","14","N","N"
"25420641","PhenUMA: a tool for integrating the biomedical relationships among genes and diseases.","False","Y","high","""Integration tool, not a database""","","","14","N","N"
"32908882","SCALEUS-FD: A FAIR Data Tool for Biomedical Applications.","False","Y","high","""Data tool for processing, not a database""","","","14","N","N"
"29898651","Mutational Signatures in Cancer (MuSiCa): a web application to implement mutational signatures analysis in cancer samples.","True","Y","high","""Web application for analysis, not a database""","","","14","N","N"
"21887016","miRTour: Plant miRNA and target prediction tool.","True","Y","high","""Prediction tool, not a database""","","","14","N","N"
"22669907","Cscan: finding common regulators of a set of genes by using a collection of genome-wide ChIP-seq datasets.","True","Y","high","""Tool for finding regulators, not itself a database""","","","14","N","N"
"31062021","MAFFT-DASH: integrated protein sequence and structural alignment.","True","Y","high","""Alignment tool, not a database""","","","14","N","N"
"31249294","MorphoNet: an interactive online morphological browser to explore complex multi-scale data.","False","Y","high","""Browser tool for exploring data, not itself a database""","","","14","N","N"
"22639262","Access and use of the GUDMAP database of genitourinary development.","False","Y","medium","""Paper about accessing a database, not the database itself""","","","14","N","N"
"26013810","PatternQuery: web application for fast detection of biomacromolecular structural patterns in the entire Protein Data Bank.","True","Y","high","""Query application/tool, not a database""","","","14","N","N"
"22689387","SAAP-RRBS: streamlined analysis and annotation pipeline for reduced representation bisulfite sequencing.","True","Y","high","""Analysis pipeline, not a database""","","","14","N","N"
"26019179","sRNAtoolbox: an integrated collection of small RNA research tools.","True","Y","high","""Toolbox collection, not a database""","","","14","N","N"
"30601935","AnnoFly: annotating Drosophila embryonic images based on an attention-enhanced RNN model.","True","Y","high","""Annotation tool using RNN, not a database""","","","14","N","N"
"24297520","NextClip: an analysis and read preparation tool for Nextera Long Mate Pair libraries.","False","Y","high","""Analysis and preparation tool, not a database""","","","14","N","N"
"34271847","EnrichVisBox: A Versatile and Powerful Web Toolbox for Visualizing Complex Functional Enrichment Results of Omics Data.","False","Y","high","""Visualization toolbox, not a database""","","","14","N","N"
"""29281009"," 29788129"",mTM-align: an algorithm for fast and accurate multiple protein structure alignment.","True","Y","high","""Alignment algorithm, not a database""","","","14","N","N"
"24551056","BiNA: a visual analytics tool for biological network data.","True","Y","high","""Visual analytics tool, not a database""","","","14","N","N"
"30726205","Apollo: Democratizing genome annotation.","False","Y","high","""Genome annotation tool/platform, not a database""","","","14","N","N"
"27153654","rnaQUAST: a quality assessment tool for de novo transcriptome assemblies.","True","Y","high","""Quality assessment tool, not a database""","","","14","N","N"
"21935468","""CDinFusion--submission-ready, on-line integration of sequence and contextual data.""","True","Y","high","""Integration tool, not a database""","","","14","N","N"
"26876161","""AnnoTALE: bioinformatics tools for identification, annotation, and nomenclature of TALEs from Xanthomonas genomic sequences.""","False","Y","high","""Tool for identification and annotation, not a database""","","","14","N","N"
"29525966","GWA-Portal: Genome-Wide Association Studies Made Easy.","False","Y","high","""Portal/tool for GWAS analysis, not a database""","","","14","N","N"
"29997280","[FreeSurfer as a Platform for Associating Brain Structure with Function].","False","Y","high","""Platform for analysis, not a database""","","","14","N","N"
"28045122","miRsig: a consensus-based network inference methodology to identify pan-cancer miRNA-miRNA interaction signatures.","True","Y","high","""Network inference methodology, not a database""","","","14","N","N"
"22539430","jmzReader: A Java parser library to process and visualize multiple text and XML-based mass spectrometry data formats.","False","Y","high","""Java parser library, not a database""","","","14","N","N"
"32467965","AOP4EUpest: mapping of pesticides in adverse outcome pathways using a text mining tool.","True","Y","high","""Text mining tool, not a database""","","","14","N","N"
"30649183","Deuteros: software for rapid analysis and visualization of data from differential hydrogen deuterium exchange-mass spectrometry.","False","Y","high","""Analysis software, not a database""","","","14","N","N"
"22607449","HiTSEE KNIME: a visualization tool for hit selection and analysis in high-throughput screening experiments for the KNIME platform.","False","Y","high","""Visualization tool for analysis, not a database""","","","14","N","N"
"32455611","""Towards Naples Ecological REsearch for Augmented Observatories (NEREA): The NEREA-Fix Module, a Stand-Alone Platform for Long-Term Deep-Sea Ecosystem Monitoring.""","False","Y","high","""Monitoring platform module, not a database""","","","14","N","N"
"24144535","MHC-NP: predicting peptides naturally processed by the MHC.","True","Y","high","""Prediction tool, not a database""","","","14","N","N"
"21324190","Meta-analysis of muscle transcriptome data using the MADMuscle database reveals biologically relevant gene patterns.","False","Y","medium","""Paper about using a database for analysis, not the database itself""","","","14","N","N"
"31851311","PDEparams: parameter fitting toolbox for partial differential equations in python.","False","Y","high","""Parameter fitting toolbox, not a database""","","","14","N","N"
"31943015","EpiMetal: an open-source graphical web browser tool for easy statistical analyses in epidemiology and metabolomics.","True","Y","high","""Statistical analysis tool, not a database""","","","14","N","N"
"27423895","TopPIC: a software tool for top-down mass spectrometry-based proteoform identification and characterization.","True","Y","high","""Software tool for identification, not a database""","","","14","N","N"
"24753486","aLFQ: an R-package for estimating absolute protein quantities from label-free LC-MS/MS proteomics data.","True","Y","high","""R package for analysis, not a database""","","","14","N","N"
"29596608","SimPhospho: a software tool enabling confident phosphosite assignment.","False","Y","high","""Software tool for phosphosite assignment, not a database""","","","14","N","N"
"26873928","""SplAdder: identification, quantification and testing of alternative splicing events from RNA-Seq data.""","True","Y","high","""Tool for identification and quantification, not a database""","","","14","N","N"
"21572957","SAGES: a suite of freely-available software tools for electronic disease surveillance in resource-limited settings.","False","Y","high","""Suite of software tools, not a database""","","","14","N","N"
"34367079","""BacAnt: A Combination Annotation Server for Bacterial DNA Sequences to Identify Antibiotic Resistance Genes, Integrons, and Transposable Elements.""","True","Y","high","""Annotation server/tool, not a database""","","","14","N","N"
"29931249","ICBdocker: a Docker image for proteome annotation and visualization.","True","Y","high","""Docker image tool, not a database""","","","14","N","N"
"23685612","The PhyloFacts FAT-CAT web server: ortholog identification and function prediction using fast approximate tree classification.","True","Y","high","""Web server for identification and prediction, not a database""","","","14","N","N"
"31286135","VeriNA3d: an R package for nucleic acids data mining.","True","Y","high","""R package for data mining, not a database""","","","14","N","N"
"34301175","PDBeCIF: an open-source mmCIF/CIF parsing and processing package.","True","Y","high","""Parsing and processing package, not a database""","","","14","N","N"
"24861624","Enhancing UCSF Chimera through web services.","True","Y","medium","""Paper about enhancing software, not a database""","","","14","N","N"
"23812847","HERMES: towards an integrated toolbox to characterize functional and effective brain connectivity.","True","Y","high","""Toolbox for characterization, not a database""","","","14","N","N"
"30351264","PhasomeIt: an 'omics' approach to cataloguing the potential breadth of phase variation in the genus Campylobacter.","False","Y","high","""Approach/method for cataloguing, not a database itself""","","","14","N","N"
"23740741","DIGEP-Pred: web service for in silico prediction of drug-induced gene expression profiles based on structural formula.","True","Y","high","""Prediction web service, not a database""","","","14","N","N"
"33155801","UPEFinder: A Bioinformatic Tool for the Study of Uncharacterized Proteins Based on Gene Expression Correlation and the PageRank Algorithm.","True","Y","high","""Bioinformatic tool for study, not a database""","","","14","N","N"
"27797774","Web-igloo: a web based platform for multivariate data visualization.","True","Y","high","""Visualization platform, not a database""","","","14","N","N"
"30052762","WAVES: a web application for versatile enhanced bioinformatic services.","True","Y","high","""Web application for services, not a database""","","","14","N","N"
"24402955","ICR expands CanSAR drug discovery platform.","False","Y","medium","""Paper about expanding a platform, not a database""","","","14","N","N"
"28280930","CRISPRtools: a flexible computational platform for performing CRISPR/Cas9 experiments in the mouse.","False","Y","high","""Computational platform for experiments, not a database""","","","14","N","N"
"34563256","ProLIF: a library to encode molecular interactions as fingerprints.","False","Y","high","""Python library, not a database""","","","14","N","N"
"26772592","3DIANA: 3D Domain Interaction Analysis: A Toolbox for Quaternary Structure Modeling.","True","Y","high","""Toolbox for modeling, not a database""","","","14","N","N"
"26529777","Ontology-Based Search of Genomic Metadata.","True","Y","high","""Search tool, not a database""","","","14","N","N"
"30818354","""GenomeGraphR: A user-friendly open-source web application for foodborne pathogen whole genome sequencing data integration, analysis, and visualization.""","True","Y","high","""Application for analysis and visualization, not a database""","","","14","N","N"
"21576220","The FALC-Loop web server for protein loop modeling.","True","Y","high","""Web server for modeling, not a database""","","","14","N","N"
"27153674","PhamDB: a web-based application for building Phamerator databases.","False","Y","high","""Application for building databases, not a database itself""","","","14","N","N"
"30464205","DolFin: an innovative digital platform for studying Risso's dolphins in the Northern Ionian Sea (North-eastern Central Mediterranean).","False","Y","high","""Digital platform for studying, not a data repository""","","","14","N","N"
"29939210","SOPanG: online text searching over a pan-genome.","False","Y","high","""Text searching tool, not a database""","","","14","N","N"
"28062517","FirebrowseR: an R client to the Broad Institute's Firehose Pipeline.","True","Y","high","""R client to access pipeline, not a database itself""","","","14","N","N"
"34352070","NetControl4BioMed: a web-based platform for controllability analysis of protein-protein interaction networks.","True","Y","high","""Analysis platform, not a database""","","","14","N","N"
"33639834","miTAR: a hybrid deep learning-based approach for predicting miRNA targets.","False","Y","high","""Prediction approach/tool, not a database""","","","14","N","N"
"32463818","mmannot: How to improve small-RNA annotation?","False","Y","high","""Annotation tool/method, not a database""","","","14","N","N"
"30984233","""Big Data Needs Big Governance: Best Practices From Brain-CODE, the Ontario-Brain Institute's Neuroinformatics Platform.""","False","Y","medium","""Paper about governance of a platform, not a database""","","","14","N","N"
"24996896","TAPAS: tools to assist the targeted protein quantification of human alternative splice variants.","True","Y","high","""Tool for protein quantification, not a database""","","","14","N","N"
"28451973","The ProFunc Function Prediction Server.","True","Y","high","""Prediction server, not a database""","","","14","N","N"
"25189778","BigDataScript: a scripting language for data pipelines.","True","Y","high","""Scripting language, not a database""","","","14","N","N"
"25091586","APPEX: analysis platform for the identification of prognostic gene expression signatures in cancer.","True","Y","high","""Analysis platform, not a database""","","","14","N","N"
"29106651","Target-Pathogen: a structural bioinformatic approach to prioritize drug targets in pathogens.","True","Y","high","""Bioinformatic approach/tool, not a database""","","","14","N","N"
"28256516","""SwissADME: a free web tool to evaluate pharmacokinetics, drug-likeness and medicinal chemistry friendliness of small molecules.""","True","Y","high","""Web tool for evaluation, not a database""","","","14","N","N"
"21711533","MAVENs: motion analysis and visualization of elastic networks and structural ensembles.","False","Y","high","""Analysis and visualization tool, not a database""","","","14","N","N"
"22256025","LivBioSig: development of a toolbox for online bio-signals processing and experimentation.","False","Y","high","""Toolbox for signal processing, not a database""","","","14","N","N"
"27736972","ODMSummary: A Tool for Automatic Structured Comparison of Multiple Medical Forms Based on Semantic Annotation with the Unified Medical Language System.","True","Y","high","""Comparison tool, not a database""","","","14","N","N"
"32696353","How to Annotate and Submit a Short Linear Motif to the Eukaryotic Linear Motif Resource.","False","Y","medium","""Instructions for using a resource, not the resource itself""","","","14","N","N"
"23720488","""COPRED: prediction of fold, GO molecular function and functional residues at the domain level.""","True","Y","high","""Prediction tool, not a database""","","","14","N","N"
"24058055","customProDB: an R package to generate customized protein databases from RNA-Seq data for proteomics search.","True","Y","high","""R package to generate databases, not a database itself""","","","14","N","N"
"26519504","Fit3D: a web application for highly accurate screening of spatial residue patterns in protein structure data.","True","Y","high","""Screening application, not a database""","","","14","N","N"
"24681907","VariantAnnotation: a Bioconductor package for exploration and annotation of genetic variants.","True","Y","high","""Bioconductor package for annotation, not a database""","","","14","N","N"
"23203984","MetaMicrobesOnline: phylogenomic analysis of microbial communities.","True","Y","high","""Analysis tool, not a database""","","","14","N","N"
"21911364","""Daedalus: a robust, turnkey platform for rapid production of decigram quantities of active recombinant proteins in human cell lines using novel lentiviral vectors.""","False","Y","high","""Production platform, not a database""","","","14","N","N"
"30917120","Talk2Me: Automated linguistic data collection for personal assessment.","False","Y","high","""Data collection tool, not a database""","","","14","N","N"
"28263070","Param-Medic: A Tool for Improving MS/MS Database Search Yield by Optimizing Parameter Settings.","True","Y","high","""Parameter optimization tool, not a database""","","","14","N","N"
"22628519","RAxML-Light: a tool for computing terabyte phylogenies.","True","Y","high","""Computing tool, not a database""","","","14","N","N"
"26300902","Using the pathogen-host interactions database (PHI-base) to investigate plant pathogen genomes and genes implicated in virulence.","False","Y","medium","""Paper about using a database, not the database itself""","","","14","N","N"
"29771282","AC-DIAMOND v1: accelerating large-scale DNA-protein alignment.","False","Y","high","""Alignment tool, not a database""","","","14","N","N"
"30066633","NetControl4BioMed: a pipeline for biomedical data acquisition and analysis of network controllability.","True","Y","high","""Pipeline for analysis, not a database""","","","14","N","N"
"23247048","MolShaCS: a free and open source tool for ligand similarity identification based on Gaussian descriptors.","True","Y","high","""Similarity identification tool, not a database""","","","14","N","N"
"24336644","VIRAPOPS: a forward simulator dedicated to rapidly evolved viral populations.","True","Y","high","""Simulation tool, not a database""","","","14","N","N"
"28968746","LDassoc: an online tool for interactively exploring genome-wide association study results and prioritizing variants for functional investigation.","True","Y","high","""Exploration tool, not a database""","","","14","N","N"
"22962466","EnrichNet: network-based gene set enrichment analysis.","True","Y","high","""Gene set enrichment analysis tool, not a database""","","","14","N","N"
"31070721","TractaViewer: a genome-wide tool for preliminary assessment of therapeutic target druggability.","False","Y","high","""Assessment tool, not a database""","","","14","N","N"
"31106365","Pergola-web: a web server for the visualization and analysis of longitudinal behavioral data using repurposed genomics tools and standards.","True","Y","high","""Web server for visualization and analysis, not a database""","","","14","N","N"
"30324599","LiveFly: A Toolbox for the Analysis of Transcription Dynamics in Live Drosophila Embryos.","False","Y","high","""Toolbox for analysis, not a database""","","","14","N","N"
"30953525","GNE: a deep learning framework for gene network inference by aggregating biological information.","False","Y","high","""Deep learning framework/tool, not a database""","","","14","N","N"
"24849579","MaxLink: network-based prioritization of genes tightly linked to a disease seed set.","True","Y","high","""Prioritization tool, not a database""","","","14","N","N"
"24626233","""rAvis: an R-package for downloading information stored in Proyecto AVIS, a citizen science bird project.""","True","Y","high","""R package for downloading data, not a database itself""","","","14","N","N"
"22639224","LeishCyc: a guide to building a metabolic pathway database and visualization of metabolomic data.","False","Y","medium","""Guide for building a database, not a database""","","","14","N","N"
"29949992","AnoniMME: bringing anonymity to the Matchmaker Exchange platform for rare disease gene discovery.","False","Y","high","""Anonymity tool for a platform, not a database""","","","14","N","N"
"28792687","OLS Client and OLS Dialog: Open Source Tools to Annotate Public Omics Datasets.","True","Y","high","""Annotation tools, not a database""","","","14","N","N"
"26339154","""PHYSICO2: an UNIX based standalone procedure for computation of physicochemical, window-dependent and substitution based evolutionary properties of protein sequences along with automated block preparation tool, version 2.""","False","Y","high","""Computation tool, not a database""","","","14","N","N"
"25900069","NMRFAM-SDF: a protein structure determination framework.","True","Y","high","""Structure determination framework/tool, not a database""","","","14","N","N"
"21904427","RegStatGel: proteomic software for identifying differentially expressed proteins based on 2D gel images.","True","Y","high","""Software for identifying proteins, not a database""","","","14","N","N"
"29993570","MITT: Medical Image Tracking Toolbox.","False","Y","high","""Tracking toolbox, not a database""","","","14","N","N"
"28291755","Tools for ligand validation in Coot.","False","Y","high","""Validation tools, not a database""","","","14","N","N"
"24336807","ORCA: a COBRA toolbox extension for model-driven discovery and analysis.","False","Y","high","""Toolbox extension for analysis, not a database""","","","14","N","N"
"28710041","""Create, run, share, publish, and reference your LC-MS, FIA-MS, GC-MS, and NMR data analysis workflows with the Workflow4Metabolomics 3.0 Galaxy online infrastructure for metabolomics.""","True","Y","high","""Workflow infrastructure, not a database""","","","14","N","N"
"22568834","DIPSBC--data integration platform for systems biology collaborations.","True","Y","high","""Data integration platform/tool, not a database itself""","","","14","N","N"
"25812744","RiboTools: a Galaxy toolbox for qualitative ribosome profiling analysis.","False","Y","high","""Galaxy toolbox for analysis, not a database""","","","14","N","N"
"34019656","Amino Acid Interactions (INTAA) web server v2.0: a single service for computation of energetics and conservation in biomolecular 3D structures.","True","Y","high","""Web server for computation, not a database""","","","14","N","N"
"31271091","Towards a novel small animal proton irradiation platform: the SIRMIO project.","False","Y","high","""Irradiation platform project, not a database""","","","14","N","N"
"31871587","RSAT variation-tools: An accessible and flexible framework to predict the impact of regulatory variants on transcription factor binding.","True","Y","high","""Prediction framework/tool, not a database""","","","14","N","N"
"25617413","3USS: a web server for detecting alternative 3'UTRs from RNA-seq experiments.","True","Y","high","""Web server for detection, not a database""","","","14","N","N"
"27717309","RStrucFam: a web server to associate structure and cognate RNA for RNA-binding proteins from sequence information.","True","Y","high","""Web server for association, not a database""","","","14","N","N"
"21493652","BamTools: a C++ API and toolkit for analyzing and managing BAM files.","True","Y","high","""C++ toolkit, not a database""","","","14","N","N"
"30251842","ADMETopt: A Web Server for ADMET Optimization in Drug Design via Scaffold Hopping.","True","Y","high","""Web server for optimization, not a database""","","","14","N","N"
"21938622","MITOMI: a microfluidic platform for in vitro characterization of transcription factor-DNA interaction.","False","Y","high","""Microfluidic platform for characterization, not a database""","","","14","N","N"
"27006949","VGSC: A Web-Based Vector Graph Toolkit of Genome Synteny and Collinearity.","False","Y","high","""Visualization toolkit, not a database""","","","14","N","N"
"29186333","""FUn: a framework for interactive visualizations of large, high-dimensional datasets on the web.""","True","Y","high","""Visualization framework, not a database""","","","14","N","N"
"21632604","Semantic-JSON: a lightweight web service interface for Semantic Web contents integrating multiple life science databases.","True","Y","high","""Web service interface for integrating databases, not a database""","","","14","N","N"
"25527097","CDvist: a webserver for identification and visualization of conserved domains in protein sequences.","True","Y","high","""Webserver for identification and visualization, not a database""","","","14","N","N"
"23324080","JContextExplorer: a tree-based approach to facilitate cross-species genomic context comparison.","True","Y","high","""Comparison tool, not a database""","","","14","N","N"
"24993579","Polar profile of antiviral peptides from AVPpred Database.","False","Y","medium","""Paper analyzing data from a database, not the database itself""","","","14","N","N"
"22373022","iGepros: an integrated gene and protein annotation server for biological nature exploration.","True","Y","high","""Annotation server, not a database""","","","14","N","N"
"26410586","The HADDOCK2.2 Web Server: User-Friendly Integrative Modeling of Biomolecular Complexes.","True","Y","high","""Web server for modeling, not a database""","","","14","N","N"
"29897418","SciApps: a cloud-based platform for reproducible bioinformatics workflows.","True","Y","high","""Cloud platform for workflows, not a database""","","","14","N","N"
"26198886","iSBatch: a batch-processing platform for data analysis and exploration of live-cell single-molecule microscopy images and other hierarchical datasets.","False","Y","high","""Batch-processing platform/tool, not a database""","","","14","N","N"
"25240273","OpenVirtualToxLab--a platform for generating and exchanging in silico toxicity data.","False","Y","high","""Platform for generating data, not a database""","","","14","N","N"
"34601567","Panache: a web browser-based viewer for linearized pangenomes.","False","Y","high","""Web browser viewer, not a database""","","","14","N","N"
"24848012","EvoCor: a platform for predicting functionally related genes using phylogenetic and expression profiles.","True","Y","high","""Prediction platform/tool, not a database""","","","14","N","N"
"32500364","PyTrack: An end-to-end analysis toolkit for eye tracking.","False","Y","high","""Analysis toolkit, not a database""","","","14","N","N"
"29490630","ATACseqQC: a Bioconductor package for post-alignment quality assessment of ATAC-seq data.","True","Y","high","""Bioconductor package for quality assessment, not a database""","","","14","N","N"
"26331936","MZDASoft: a software architecture that enables large-scale comparison of protein expression levels over multiple samples based on liquid chromatography/tandem mass spectrometry.","True","Y","high","""Software for comparison, not a database""","","","14","N","N"
"22430954","GPEC: a Cytoscape plug-in for random walk-based gene prioritization and biomedical evidence collection.","False","Y","high","""Cytoscape plugin for prioritization, not a database""","","","14","N","N"
"34487139","BleTIES: annotation of natural genome editing in ciliates using long read sequencing.","False","Y","high","""Annotation tool, not a database""","","","14","N","N"
"26088915","PERN: an EU-Russia initiative for rhizosphere microbial resources.","False","Y","medium","""Initiative/network, not a database""","","","14","N","N"
"29474733","Bacmeta: simulator for genomic evolution in bacterial metapopulations.","False","Y","high","""Simulator tool, not a database""","","","14","N","N"
"31318409","PTM-Logo: a program for generation of sequence logos based on position-specific background amino-acid probabilities.","True","Y","high","""Program for generation, not a database""","","","14","N","N"
"22144162","""Using the NeAT toolbox to compare networks to networks, clusters to clusters, and network to clusters.""","True","Y","medium","""Paper about using a toolbox, not a database""","","","14","N","N"
"30993321","""Spliceogen: an integrative, scalable tool for the discovery of splice-altering variants.""","False","Y","high","""Tool for discovery, not a database""","","","14","N","N"
"25220945","nuMap: a web platform for accurate prediction of nucleosome positioning.","True","Y","high","""Prediction platform, not a database""","","","14","N","N"
"29463928","fNIRS Optodes' Location Decider (fOLD): a toolbox for probe arrangement guided by brain regions-of-interest.","False","Y","high","""Toolbox for probe arrangement, not a database""","","","14","N","N"
"30993318","PyPore: a python toolbox for nanopore sequencing data handling.","False","Y","high","""Python toolbox, not a database""","","","14","N","N"
"23984425","NCBI2RDF: enabling full RDF-based access to NCBI databases.","False","Y","high","""Tool for accessing NCBI databases, not a database itself""","","","14","N","N"
"32881101","""UCSF ChimeraX: Structure visualization for researchers, educators, and developers.""","True","Y","high","""Visualization software, not a database""","","","14","N","N"
"22817640","atBioNet--an integrated network analysis tool for genomics and biomarker discovery.","True","Y","high","""Network analysis tool, not a database""","","","14","N","N"
"21349863","ACT: aggregation and correlation toolbox for analyses of genome tracks.","True","Y","high","""Toolbox for analyses, not a database""","","","14","N","N"
"32838738","HPC-REDItools: a novel HPC-aware tool for improved large scale RNA-editing analysis.","False","Y","high","""Analysis tool, not a database""","","","14","N","N"
"22798082","AtlasCBS: a web server to map and explore chemico-biological space.","True","Y","high","""Web server to map/explore, not a database""","","","14","N","N"
"29970002","HapCHAT: adaptive haplotype assembly for efficiently leveraging high coverage in long reads.","True","Y","high","""Assembly tool, not a database""","","","14","N","N"
"32117432","""BedSect: An Integrated Web Server Application to Perform Intersection, Visualization, and Functional Annotation of Genomic Regions From Multiple Datasets.""","True","Y","high","""Web server for intersection and annotation, not a database""","","","14","N","N"
"27151405","DrugGenEx-Net: a novel computational platform for systems pharmacology and gene expression-based drug repurposing.","False","Y","high","""Computational platform/tool, not a database""","","","14","N","N"
"34461312","Lisen&Curate: A platform to facilitate gathering textual evidence for curation of regulation of transcription initiation in bacteria.","False","Y","high","""Curation platform/tool, not a database""","","","14","N","N"
"21803786","Tutorial videos of bioinformatics resources: online distribution trial in Japan named TogoTV.","True","Y","medium","""Video tutorial distribution, not a database""","","","14","N","N"
"33507980","ProMod3-A versatile homology modelling toolbox.","False","Y","high","""Homology modelling toolbox, not a database""","","","14","N","N"
"33104194","GalaxyCloudRunner: enhancing scalable computing for Galaxy.","True","Y","high","""Computing tool for Galaxy, not a database""","","","14","N","N"
"34706638","ANAT 3.0: a framework for elucidating functional protein subnetworks using graph-theoretic and machine learning approaches.","True","Y","high","""Analysis framework, not a database""","","","14","N","N"
"24567544","jHeatmap: an interactive heatmap viewer for the web.","True","Y","high","""Heatmap viewer, not a database""","","","14","N","N"
"27904975","RayPlus: a Web-Based Platform for Medical Image Processing.","False","Y","high","""Image processing platform, not a database""","","","14","N","N"
"33054771","smORFunction: a tool for predicting functions of small open reading frames and microproteins.","True","Y","high","""Prediction tool, not a database""","","","14","N","N"
"24632500","comTAR: a web tool for the prediction and characterization of conserved microRNA targets in plants.","True","Y","high","Tool for prediction despite name pattern - focuses on computational prediction method","","","15","N","N"
"32101277","Rhapsody: predicting the pathogenicity of human missense variants.","True","Y","high","""Title emphasizes """"predicting"""" - methodology tool, not data repository""","","","15","N","N"
"32119082","V-SVA: an R Shiny application for detecting and annotating hidden sources of variation in single-cell RNA-seq data.","True","Y","high","Application/tool for analysis not a data repository","","","15","N","N"
"25495116","AKE - the Accelerated k-mer Exploration web-tool for rapid taxonomic classification and visualization.","True","Y","high","Explicitly described as tool for classification - methodology not database","","","15","N","N"
"28407033","BioCIDER: a Contextualisation InDEx for biological Resources discovery.","True","Y","medium","Discovery tool for finding resources not itself a resource","","","15","N","N"
"21464846","pkDACLASS: Open source software for analyzing MALDI-TOF data.","True","Y","high","Software for analyzing data not a data repository","","","15","N","N"
"35008196","Review of the Geant4-DNA Simulation Toolkit for Radiobiological Applications at the Cellular and DNA Level.","False","Y","high","Review paper of a toolkit - not a bioresource","","","15","N","N"
"26551295","ChromClust: A semi-supervised chromatin clustering toolkit for mining histone modifications interplay.","False","Y","high","Toolkit for analysis - methodology tool not database","","","15","N","N"
"23426256","propy: a tool to generate various modes of Chou's PseAAC.","False","Y","high","Tool for generating features - methodology not database","","","15","N","N"
"29915188","GeNets: a unified web platform for network-based genomic analyses.","False","Y","high","Platform for analysis - tool not database","","","15","N","N"
"23325628","PPInterFinder--a mining tool for extracting causal relations on human proteins from literature.","True","Y","high","Mining tool for text extraction - not a data repository","","","15","N","N"
"33858509","QSAR-Co-X: an open source toolkit for multitarget QSAR modelling.","False","Y","high","Toolkit for modeling - methodology tool","","","15","N","N"
"23707729","""Collection, verification, sharing and dissemination of data: the CONTRAST experience.""","False","Y","high","Paper about data management experience not a database resource","","","15","N","N"
"30500875","PPaxe: easy extraction of protein occurrence and interactions from the scientific literature.","True","Y","high","Tool for extraction from literature - text mining tool not database","","","15","N","N"
"31885041","DTI-CDF: a cascade deep forest model towards the prediction of drug-target interactions based on hybrid features.","False","Y","high","Prediction model - methodology not database","","","15","N","N"
"24564956","BRCA-Monet: a breast cancer specific drug treatment mode-of-action network for treatment effective prediction using large scale microarray database.","False","Y","high","Prediction tool using databases not itself a database","","","15","N","N"
"22070195","""PESCADOR, a web-based tool to assist text-mining of biointeractions extracted from PubMed queries.""","True","Y","high","Text-mining tool not a data repository","","","15","N","N"
"30767777","BioVR: a platform for virtual reality assisted biological data integration and visualization.","False","Y","high","Platform for visualization - tool not database","","","15","N","N"
"23635042","BioUSeR: a semantic-based tool for retrieving Life Science web resources driven by text-rich user requirements.","False","Y","high","Retrieval tool for finding resources not itself a resource","","","15","N","N"
"21184613","""MIND-BEST: Web server for drugs and target discovery; design, synthesis, and assay of MAO-B inhibitors and theoretical-experimental study of G3PDH protein from Trichomonas gallinae.""","True","Y","high","Web server for drug discovery - tool/method not database","","","15","N","N"
"33936482","EffiCare: Better Prognostic Models via Resource-Efficient Health Embeddings.","False","Y","high","Prognostic model methodology paper not database","","","15","N","N"
"22369513","Analysis of 16S rRNA environmental sequences using MEGAN.","True","Y","high","Paper about using MEGAN tool - not the database itself","","","15","N","N"
"21949842","REST: a toolkit for resting-state functional magnetic resonance imaging data processing.","True","Y","high","Toolkit for data processing - analysis tool not database","","","15","N","N"
"30535305","PopViz: a webserver for visualizing minor allele frequencies and damage prediction scores of human genetic variations.","True","Y","medium","Webserver for visualization but focuses on prediction scores - borderline tool","","","15","N","N"
"23756628","ROCK: a resource for integrative breast cancer data analysis.","False","Y","high","Resource for analysis - integration tool not database","","","15","N","N"
"27378288","""AMIGO2, a toolbox for dynamic modeling, optimization and control in systems biology.""","False","Y","high","Toolbox for modeling - methodology tool","","","15","N","N"
"27723837","RNAMethPre: A Web Server for the Prediction and Query of mRNA m6A Sites.","True","Y","medium","""Despite query capability, primarily prediction web server""","","","15","N","N"
"30352937","BacCapSeq: a Platform for Diagnosis and Characterization of Bacterial Infections.","False","Y","high","Platform for diagnosis - methodology/tool not database","","","15","N","N"
"34388963","OVarFlow: a resource optimized GATK 4 based Open source Variant calling workFlow.","False","Y","high","Workflow for variant calling - pipeline tool not database","","","15","N","N"
"21558322","DRAR-CPI: a server for identifying drug repositioning potential and adverse drug reactions via the chemical-protein interactome.","True","Y","high","Server for identifying/predicting - tool not database","","","15","N","N"
"21277861","NL MIND-BEST: a web server for ligands and proteins discovery--theoretic-experimental study of proteins of Giardia lamblia and new compounds active against Plasmodium falciparum.","True","Y","high","Web server for discovery - tool not database","","","15","N","N"
"31836830","Cosolvent Analysis Toolkit (CAT): a robust hotspot identification platform for cosolvent simulations of proteins to expand the druggable proteome.","False","Y","high","Toolkit for analysis - simulation tool not database","","","15","N","N"
"24480175","miRClassify: an advanced web server for miRNA family classification and annotation.","True","Y","high","Web server for classification - tool not database","","","15","N","N"
"26719890","SW#db: GPU-Accelerated Exact Sequence Similarity Database Search.","False","Y","high","""Despite DB in name, this is a search algorithm/tool not a database""","","","15","N","N"
"26597459","Coev-web: a web platform designed to simulate and evaluate coevolving positions along a phylogenetic tree.","True","Y","high","Platform for simulation - methodology tool not database","","","15","N","N"
"28961756","4D nucleome Analysis Toolbox: analysis of Hi-C data with abnormal karyotype and time series capabilities.","False","Y","high","Toolbox for analysis - tool not database","","","15","N","N"
"27155864","Neuron-Miner: An Advanced Tool for Morphological Search and Retrieval in Neuroscientific Image Databases.","False","Y","high","Tool for searching databases not itself a database","","","15","N","N"
"30942869","TranscriptAchilles: a genome-wide platform to predict isoform biomarkers of gene essentiality in cancer.","False","Y","high","Platform to predict - prediction tool not database","","","15","N","N"
"32570388","Integrating the Comparative Toxicogenomic Database in a Human Pharmacogenomic Resource.","False","Y","high","Paper about integrating databases not a database itself","","","15","N","N"
"26315902","database.bio: a web application for interpreting human variations.","True","Y","medium","Application for interpretation - tool despite database in name","","","15","N","N"
"31691385","The Clinical Genome and Ancestry Report: An interactive web application for prioritizing clinically implicated variants from genome sequencing data with ancestry composition.","True","Y","high","Application for prioritizing variants - reporting tool not database","","","15","N","N"
"26501190","HLADR: a database system for enhancing the discovery of biomarkers for predicting human leukocyte antigen-mediated idiosyncratic adverse drug reactions.","False","Y","high","Database system for prediction - tool not data repository","","","15","N","N"
"31614716","""DockNmine, a Web Portal to Assemble and Analyse Virtual and Experimental Interaction Data.""","False","Y","high","Portal to assemble and analyze - tool not database","","","15","N","N"
"27669338","ChemDataExtractor: A Toolkit for Automated Extraction of Chemical Information from the Scientific Literature.","True","Y","high","Toolkit for extraction - text mining tool not database","","","15","N","N"
"33590697","""TaxonTableTools: A comprehensive, platform-independent graphical user interface software to explore and visualise DNA metabarcoding data.""","True","Y","high","Software to explore data - visualization tool not database","","","15","N","N"
"26076725","""MetaPathways v2.5: quantitative functional, taxonomic and usability improvements.""","False","Y","high","Software pipeline improvements - tool not database","","","15","N","N"
"28961906","CRISPR-DAV: CRISPR NGS data analysis and visualization pipeline.","True","Y","high","Pipeline for analysis - tool not database","","","15","N","N"
"29529024","LAILAPS-QSM: A RESTful API and JAVA library for semantic query suggestions.","False","Y","high","API library for queries - software tool not database","","","15","N","N"
"34406119","""Multi-syndrome, multi-gene risk modeling for individuals with a family history of cancer with the novel R package PanelPRO.""","True","Y","high","R package for risk modeling - tool not database","","","15","N","N"
"30564269","RDAD: A Machine Learning System to Support Phenotype-Based Rare Disease Diagnosis.","True","Y","high","System to support diagnosis - machine learning tool not database","","","15","N","N"
"25417204","""Genomation: a toolkit to summarize, annotate and visualize genomic intervals.""","True","Y","high","Toolkit to summarize and visualize - tool not database","","","15","N","N"
"32744259","FragMAX: the fragment-screening platform at the MAX IV Laboratory.","False","Y","high","Screening platform - experimental facility not data repository","","","15","N","N"
"32719477","A multilevel statistical toolkit to study animal social networks: the Animal Network Toolkit Software (ANTs) R package.","False","Y","high","Toolkit/R package for analysis - tool not database","","","15","N","N"
"30639314","MapMan4: A Refined Protein Classification and Annotation Framework Applicable to Multi-Omics Data Analysis.","False","Y","high","Framework for classification - tool not database","","","15","N","N"
"22827839","Seqcrawler: biological data indexing and browsing platform.","False","Y","high","Platform for indexing and browsing - search tool not database","","","15","N","N"
"26314578","MGFM: a novel tool for detection of tissue and cell specific marker genes from microarray gene expression data.","True","Y","high","Tool for detection - analysis tool not database","","","15","N","N"
"22130590","An infrastructure for ontology-based information systems in biomedicine: RICORDO case study.","True","Y","high","Infrastructure for information systems - not a database","","","15","N","N"
"23702556","Genomic region operation kit for flexible processing of deep sequencing data.","True","Y","high","Kit for processing data - tool not database","","","15","N","N"
"28388623","FZUImageReg: A toolbox for medical image registration and dose fusion in cervical cancer radiotherapy.","False","Y","high","Toolbox for image registration - tool not database","","","15","N","N"
"28938003","OXSA: An open-source magnetic resonance spectroscopy analysis toolbox in MATLAB.","False","Y","high","Toolbox for analysis - tool not database","","","15","N","N"
"21707396","ClickMD: an intuitive web-oriented molecular dynamics platform.","False","Y","high","Platform for molecular dynamics - simulation tool not database","","","15","N","N"
"26323715","BigBWA: approaching the Burrows-Wheeler aligner to Big Data technologies.","False","Y","high","Aligner tool - methodology not database","","","15","N","N"
"23110536","GAMESS as a free quantum-mechanical platform for drug research.","False","Y","high","Platform for quantum mechanics - computational tool not database","","","15","N","N"
"22426342","BioQ: tracing experimental origins in public genomic databases using a novel data provenance model.","True","Y","high","Tool for tracing provenance in databases not itself a database","","","15","N","N"
"25619994","ENVIRONMENTS and EOL: identification of Environment Ontology terms in text and the annotation of the Encyclopedia of Life.","True","Y","high","Tool for identification and annotation - text mining not database","","","15","N","N"
"22159132","Human Protein Reference Database and Human Proteinpedia as resources for phosphoproteome analysis.","False","Y","high","Paper about using databases for analysis not the databases themselves","","","15","N","N"
"22332237","Phylogenomic analysis of bacterial and archaeal sequences with AMPHORA2.","True","Y","high","Tool for phylogenomic analysis - analysis tool not database","","","15","N","N"
"27317001","BRET: NanoLuc-Based Bioluminescence Resonance Energy Transfer Platform to Monitor Protein-Protein Interactions in Live Cells.","False","Y","high","Platform for monitoring - experimental assay not database","","","15","N","N"
"29579071","HMMER Cut-off Threshold Tool (HMMERCTTER): Supervised classification of superfamily protein sequences with a reliable cut-off threshold.","False","Y","high","Tool for classification - methodology tool not database","","","15","N","N"
"31778148","Struo: a pipeline for building custom databases for common metagenome profilers.","True","Y","high","Pipeline for building databases - tool not database itself","","","15","N","N"
"22807434","Teaching the fluctuation test in silico by using mutate: a program to distinguish between the adaptive and spontaneous mutation hypotheses.","True","Y","high","Educational program for teaching - tool not database","","","15","N","N"
"23110969","MP-T: improving membrane protein alignment for structure prediction.","True","Y","high","Tool for alignment - methodology not database","","","15","N","N"
"33909569","PAN: Personalized Annotation-Based Networks for the Prediction of Breast Cancer Relapse.","False","Y","high","Prediction method - methodology not database","","","15","N","N"
"31109313","The STELLAR trial protocol: a prospective multicentre trial for Richter's syndrome consisting of a randomised trial investigation CHOP-R with or without acalabrutinib for newly diagnosed RS and a single-arm platform study for evaluation of novel agents in relapsed disease.","True","Y","high","Clinical trial protocol not a database","","","15","N","N"
"28066963","Phenotiki: an open software and hardware platform for affordable and easy image-based phenotyping of rosette-shaped plants.","True","Y","high","Software and hardware platform for phenotyping - tool not database","","","15","N","N"
"32797156","SPRINT: a Cas13a-based platform for detection of small molecules.","False","Y","high","Platform for detection - experimental method not database","","","15","N","N"
"29432475","High-Throughput Tabular Data Processor - Platform independent graphical tool for processing large data sets.","False","Y","high","Tool for processing data - methodology tool not database","","","15","N","N"
"28559010","OpenMS - A platform for reproducible analysis of mass spectrometry data.","False","Y","high","Platform for analysis - software tool not database","","","15","N","N"
"31507268","Application of a Blockchain Platform to Manage and Secure Personal Genomic Data: A Case Study of LifeCODE.ai in China.","False","Y","high","Paper about platform application - not database itself","","","15","N","N"
"22199388","Artemis: an integrated platform for visualization and analysis of high-throughput sequence-based experimental data.","True","Y","high","Platform for visualization and analysis - tool not database","","","15","N","N"
"27072794","JBrowse: a dynamic web platform for genome visualization and analysis.","False","Y","high","Platform for visualization - genome browser tool not database","","","15","N","N"
"21848450","Development of a chemotherapy regimen interaction database for the mobile internet: detecting interactions with psychotropics through OncoRx-MI.","False","Y","high","Tool for detecting interactions using database not the database itself","","","15","N","N"
"30520940","ARGDIT: a validation and integration toolkit for Antimicrobial Resistance Gene Databases.","False","Y","high","Toolkit for validation - tool not database itself","","","15","N","N"
"32391910","Biospytial: spatial graph-based computing for ecological Big Data.","False","Y","high","Computing platform - computational tool not database","","","15","N","N"
"26424855","missMethyl: an R package for analyzing data from Illumina's HumanMethylation450 platform.","True","Y","high","R package for analysis - tool not database","","","15","N","N"
"23703210","Vienna-PTM web server: a toolkit for MD simulations of protein post-translational modifications.","True","Y","high","Toolkit for simulations - computational tool not database","","","15","N","N"
"30942867","MGS-Fast: Metagenomic shotgun data fast annotation using microbial gene catalogs.","False","Y","high","Tool for annotation - analysis tool not database","","","15","N","N"
"23267176","OntoMaton: a bioportal powered ontology widget for Google Spreadsheets.","False","Y","high","Widget tool for Google Spreadsheets - tool not database","","","15","N","N"
"33803957","""Gravitational Experimental Platform for Animal Models, a New Platform at ESA's Terrestrial Facilities to Study the Effects of Micro- and Hypergravity on Aquatic and Rodent Animal Models.""","False","Y","high","Experimental facility platform - not a data repository","","","15","N","N"
"30416387","<i>TFmapper</i>: A Tool for Searching Putative Factors Regulating Gene Expression Using ChIP-seq Data.","True","Y","high","Tool for searching - analysis tool not database","","","15","N","N"
"23362456","PAPTi: a peptide aptamer interference toolkit for perturbation of protein-protein interaction networks.","False","Y","high","Toolkit for perturbation - experimental tool not database","","","15","N","N"
"21284836","MM-ChIP enables integrative analysis of cross-platform and between-laboratory ChIP-chip or ChIP-seq data.","False","Y","high","Tool that enables analysis - methodology not database","","","15","N","N"
"27111506","irCLIP platform for efficient characterization of protein-RNA interactions.","False","Y","high","Platform for experimental characterization - method not database","","","15","N","N"
"26446988","LymAnalyzer: a tool for comprehensive analysis of next generation sequencing data of T cell receptors and immunoglobulins.","False","Y","high","Tool for analysis - methodology tool not database","","","15","N","N"
"23766289","""Depth: a web server to compute depth, cavity sizes, detect potential small-molecule ligand-binding cavities and predict the pKa of ionizable residues in proteins.""","True","Y","high","Web server for computation and prediction - tool not database","","","15","N","N"
"23947436","Gentrepid V2.0: a web server for candidate disease gene prediction.","True","Y","high","Web server for prediction - tool not database","","","15","N","N"
"28827824","Limb-Enhancer Genie: An accessible resource of accurate enhancer predictions in the developing limb.","False","Y","medium","Resource of predictions - prediction tool outputs not curated database","","","15","N","N"
"30886413","SIRIUS 4: a rapid tool for turning tandem mass spectra into metabolite structure information.","True","Y","high","Tool for structure identification - analysis tool not database","","","15","N","N"
"32670259","MicroGMT: A Mutation Tracker for SARS-CoV-2 and Other Microbial Genome Sequences.","False","Y","high","Tracker tool for mutations - analysis tool not database","","","15","N","N"
"29447341","ChemDistiller: an engine for metabolite annotation in mass spectrometry.","False","Y","high","Engine for annotation - tool not database","","","15","N","N"
"23181507","""CloudMan as a platform for tool, data, and analysis distribution.""","False","Y","high","Platform for distribution - infrastructure tool not database","","","15","N","N"
"32581636","Biologer: an open platform for collecting biodiversity data.","False","Y","high","Platform for collecting data - data collection tool not repository","","","15","N","N"
"30304367","MetaOmics: analysis pipeline and browser-based software suite for transcriptomic meta-analysis.","False","Y","high","Pipeline and software for analysis - tool not database","","","15","N","N"
"28505334","DIRECTION: a machine learning framework for predicting and characterizing DNA methylation and hydroxymethylation in mammalian genomes.","True","Y","high","Framework for predicting - prediction tool not database","","","15","N","N"
"30937844","SMITE: A toolbox for creating Psychophysics Toolbox and PsychoPy experiments with SMI eye trackers.","False","Y","high","Toolbox for creating experiments - software tool not database","","","15","N","N"
"32375409","EffHunter: A Tool for Prediction of Effector Protein Candidates in Fungal Proteomic Databases.","False","Y","high","Tool for prediction - analysis tool not database","","","15","N","N"
"28961923","PhyloGeoTool: interactively exploring large phylogenies in an epidemiological context.","False","Y","high","Tool for exploring - visualization tool not database","","","15","N","N"
"30230343","Flexible and Fast Mapping of Peptides to a Proteome with ProteoMapper.","True","Y","high","Tool for mapping peptides - analysis tool not database","","","15","N","N"
"27684958","MetaPhinder-Identifying Bacteriophage Sequences in Metagenomic Data Sets.","True","Y","high","Tool for identifying sequences - analysis tool not database","","","15","N","N"
"23027632","Neuromechanic: a computational platform for simulation and analysis of the neural control of movement.","True","Y","high","Platform for simulation - computational tool not database","","","15","N","N"
"34048578","GalaxyHeteromer: protein heterodimer structure prediction by template-based and ab initio docking.","True","Y","high","Tool for prediction - structure prediction tool not database","","","15","N","N"
"21653517","genBlastG: using BLAST searches to build homologous gene models.","True","Y","high","Tool using BLAST - gene prediction tool not database","","","15","N","N"
"22121156","Using Sybil for interactive comparative genomics of microbes on the web.","True","Y","high","Paper about using Sybil tool - not database itself","","","15","N","N"
"27153664","Combenefit: an interactive platform for the analysis and visualization of drug combinations.","False","Y","high","Platform for analysis - tool not database","","","15","N","N"
"26433296","Report on the development of the FAO/INFOODS user database for fish and shellfish (uFiSh) - Challenges and possible solutions.","False","Y","high","Report on database development - not database paper itself","","","15","N","N"
"30779739","A component overlapping attribute clustering (COAC) algorithm for single-cell RNA sequencing data analysis and potential pathobiological implications.","False","Y","high","Algorithm paper - methodology not database","","","15","N","N"
"26519405","PGSB/MIPS Plant Genome Information Resources and Concepts for the Analysis of Complex Grass Genomes.","False","Y","high","Paper about resources and concepts - review not database","","","15","N","N"
"26158448","Genome Modeling System: A Knowledge Management Platform for Genomics.","False","Y","high","Platform for knowledge management - infrastructure tool not database","","","15","N","N"
"29048461","SliceMap: an algorithm for automated brain region annotation.","False","Y","high","Algorithm for annotation - tool not database","","","15","N","N"
"22110242","Bioinformatics Training Network (BTN): a community resource for bioinformatics trainers.","False","Y","high","Training network resource - educational not data repository","","","15","N","N"
"23962734","Modeling visual working memory with the MemToolbox.","True","Y","high","Toolbox for modeling - analysis tool not database","","","15","N","N"
"31650686","BlastGUI: A Python-based Cross-platform Local BLAST Visualization Software.","False","Y","high","Visualization software - tool not database","","","15","N","N"
"33904719","Cheetah: A Computational Toolkit for Cybergenetic Control.","False","Y","high","Toolkit for control - computational tool not database","","","15","N","N"
"23256945","GalenOWL: Ontology-based drug recommendations discovery.","False","Y","high","Tool for discovery - recommendation system not database","","","15","N","N"
"32097405","Tximeta: Reference sequence checksums for provenance identification in RNA-seq.","True","Y","high","Tool for provenance - software package not database","","","15","N","N"
"22768229","MetaboSearch: tool for mass-based metabolite identification using multiple databases.","True","Y","high","Tool for searching databases - search tool not database itself","","","15","N","N"
"32791826","""MovableType Software for Fast Free Energy-Based Virtual Screening: Protocol Development, Deployment, Validation, and Assessment.""","True","Y","high","Software for virtual screening - tool not database","","","15","N","N"
"29037173","""TaxMapper: an analysis tool, reference database and workflow for metatranscriptome analysis of eukaryotic microorganisms.""","True","Y","medium","""Tool and workflow, though includes reference database component""","","","15","N","N"
"22214541","GuiTope: an application for mapping random-sequence peptides to protein sequences.","False","Y","high","Application for mapping - tool not database","","","15","N","N"
"30414111","Using BUSCO to Assess Insect Genomic Resources.","False","Y","high","Paper about using BUSCO tool - not database","","","15","N","N"
"21635747","""ngs_backbone: a pipeline for read cleaning, mapping and SNP calling using next generation sequence.""","True","Y","high","Pipeline tool - analysis workflow not database","","","15","N","N"
"23736528","BeCAS: biomedical concept recognition services and visualization.","True","Y","high","Service for recognition - text mining tool not database","","","15","N","N"
"25701574","Annocript: a flexible pipeline for the annotation of transcriptomes able to identify putative long noncoding RNAs.","False","Y","high","Pipeline for annotation - tool not database","","","15","N","N"
"22736059","IDPredictor: predict database links in biomedical database.","False","Y","high","Tool to predict links - prediction tool not database","","","15","N","N"
"26787666","GeneValidator: identify problems with protein-coding gene predictions.","True","Y","high","Tool to identify problems - validation tool not database","","","15","N","N"
"33914774","""MR. Estimator, a toolbox to determine intrinsic timescales from subsampled spiking activity.""","False","Y","high","Toolbox for analysis - tool not database","","","15","N","N"
"23640335","CMCompare webserver: comparing RNA families via covariance models.","True","Y","high","Webserver for comparing - comparison tool not database","","","15","N","N"
"31560649","The CELLmicrocosmos Tools: A Small History of Java-Based Cell and Membrane Modelling Open Source Software Development.","True","Y","high","Software tools paper - not database","","","15","N","N"
"30300376","HCF-CRS: A Hybrid Content based Fuzzy Conformal Recommender System for providing recommendations with confidence.","False","Y","high","Recommender system - tool not database","","","15","N","N"
"26357913","Genetic properties of the MAGIC maize population: a new platform for high definition QTL mapping in Zea mays.","False","Y","high","Population resource paper - not a data repository platform","","","15","N","N"
"23028676","mMass as a software tool for the annotation of cyclic peptide tandem mass spectra.","True","Y","high","Software tool for annotation - tool not database","","","15","N","N"
"22312429","NGS QC Toolkit: a toolkit for quality control of next generation sequencing data.","True","Y","high","Toolkit for quality control - tool not database","","","15","N","N"
"24913605","QMachine: commodity supercomputing in web browsers.","False","Y","high","Computing platform - infrastructure tool not database","","","15","N","N"
"25481009","ICMA: an integrated cardiac modeling and analysis platform.","True","Y","high","Platform for modeling and analysis - tool not database","","","15","N","N"
"22693437","""Exploring massive, genome scale datasets with the GenometriCorr package.""","False","Y","high","Package for exploring datasets - tool not database","","","15","N","N"
"21333005","TRAM (Transcriptome Mapper): database-driven creation and analysis of transcriptome maps from multiple sources.","True","Y","high","""Tool for creation and analysis, despite using databases""","","","15","N","N"
"29344888","Perseus: A Bioinformatics Platform for Integrative Analysis of Proteomics Data in Cancer Research.","False","Y","high","Platform for integrative analysis - tool not database","","","15","N","N"
"25979774","pFind-Alioth: A novel unrestricted database search algorithm to improve the interpretation of high-resolution MS/MS data.","False","Y","high","Search algorithm - methodology not database","","","15","N","N"
"21303863","GeneTUKit: a software for document-level gene normalization.","True","Y","high","Software for normalization - text mining tool not database","","","15","N","N"
"33253147","Brain Modeling ToolKit: An open source software suite for multiscale modeling of brain circuits.","False","Y","high","Toolkit for modeling - software tool not database","","","15","N","N"
"28545463","CVE: an R package for interactive variant prioritisation in precision oncology.","True","Y","high","R package for prioritization - tool not database","","","15","N","N"
"31725859","""Extension modules for storage, visualization and querying of genomic, genetic and breeding data in Tripal databases.""","True","Y","high","Extension modules for databases - infrastructure tool not database","","","15","N","N"
"22912854","mMWeb--an online platform for employing multiple ecological niche modeling algorithms.","False","Y","high","Platform for modeling algorithms - tool not database","","","15","N","N"
"33320180","Novel methods included in SpolLineages tool for fast and precise prediction of Mycobacterium tuberculosis complex spoligotype families.","False","Y","high","Tool for prediction - methodology not database","","","15","N","N"
"25534952","""NMR spectroscopic search module for Spektraris, an online resource for plant natural product identification--Taxane diterpenoids from Taxus × media cell suspension cultures as a case study.""","False","Y","high","Search module and case study - not database paper","","","15","N","N"
"33888059","GRAPES-DD: exploiting decision diagrams for index-driven search in biological graph databases.","False","Y","high","Tool for search in databases - search algorithm not database","","","15","N","N"
"32678893","OPUS-TASS: a protein backbone torsion angles and secondary structure predictor based on ensemble neural networks.","False","Y","high","Predictor tool - methodology not database","","","15","N","N"
"32241255","EpiMOLAS: an intuitive web-based framework for genome-wide DNA methylation analysis.","True","Y","high","Framework for analysis - tool not database","","","15","N","N"
"27540265","CSAM: Compressed SAM format.","False","Y","high","File format specification - not database","","","15","N","N"
"30271296","""""""Plutchik"""": artificial intelligence chatbot for searching NCBI databases.""","False","Y","high","Chatbot for searching databases - search tool not database","","","15","N","N"
"23702710","CYCLONE--a utility for de novo sequencing of microbial cyclic peptides.","True","Y","high","Utility for sequencing - tool not database","","","15","N","N"
"24661210","UCLA's Molecular Screening Shared Resource: enhancing small molecule discovery with functional genomics and new technology.","False","Y","high","Screening facility resource - not data repository","","","15","N","N"
"28464063","The Plant Orthology Browser: An Orthology and Gene-Order Visualizer for Plant Comparative Genomics.","False","Y","high","Browser/visualizer tool - not database","","","15","N","N"
"31034468","FunSPU: A versatile and adaptive multiple functional annotation-based association test of whole-genome sequencing data.","False","Y","high","Association test method - statistical tool not database","","","15","N","N"
"32508888","Estimating Conformational Traits in Dairy Cattle With DeepAPS: A Two-Step Deep Learning Automated Phenotyping and Segmentation Approach.","True","Y","high","Approach for phenotyping - methodology not database","","","15","N","N"
"32871007","SARS2020: an integrated platform for identification of novel coronavirus by a consensus sequence-function model.","True","Y","high","Platform for identification - prediction tool not database","","","15","N","N"
"27153605","pileup.js: a JavaScript library for interactive and in-browser visualization of genomic data.","False","Y","high","JavaScript library for visualization - tool not database","","","15","N","N"
"33257864","Readfish enables targeted nanopore sequencing of gigabase-sized genomes.","False","Y","high","Tool for targeted sequencing - methodology not database","","","15","N","N"
"29218563","A Practical Guide to iSPOT Modeling: An Integrative Structural Biology Platform.","False","Y","high","Guide to modeling platform - methodology paper not database","","","15","N","N"
"33047381","SynPharm and the guide to pharmacology database: A toolset for conferring drug control on engineered proteins.","False","Y","high","Toolset for drug control - methodology not database","","","15","N","N"
"34616633","Struo2: efficient metagenome profiling database construction for ever-expanding microbial genome datasets.","False","Y","high","Tool for database construction - not database itself","","","15","N","N"
"27256313","CART-a chemical annotation retrieval toolkit.","False","Y","high","Toolkit for retrieval - tool not database","","","15","N","N"
"31637666","NavWell: A simplified virtual-reality platform for spatial navigation and memory experiments.","False","Y","high","Platform for experiments - experimental tool not database","","","15","N","N"
"21217121","R/mpMap: a computational platform for the genetic analysis of multiparent recombinant inbred lines.","True","Y","high","Computational platform for analysis - tool not database","","","15","N","N"
"33685498","DECIMER-Segmentation: Automated extraction of chemical structure depictions from scientific literature.","True","Y","high","Tool for extraction - image analysis tool not database","","","15","N","N"
"29562324","ALPHA: a toolkit for Automated Local PHylogenomic Analyses.","False","Y","high","Toolkit for analysis - tool not database","","","15","N","N"
"29351600","GTC: how to maintain huge genotype collections in a compressed form.","True","Y","high","Tool for maintaining collections - compression tool not database","","","15","N","N"
"30184055","Glutton: a tool for generating structural ensembles of partly disordered proteins from chemical shifts.","False","Y","high","Tool for generating structures - computational tool not database","","","15","N","N"
"28141874","""Metabox: A Toolbox for Metabolomic Data Analysis, Interpretation and Integrative Exploration.""","True","Y","high","Toolbox for analysis - tool not database","","","15","N","N"
"24799434","The personal genome browser: visualizing functions of genetic variants.","True","Y","high","Browser for visualization - tool not database","","","15","N","N"
"31893376","Quantifying Metabolic Transfer Mediated by Extracellular Vesicles Using Exo-MFA: An Integrated Empirical and Computational Platform.","False","Y","high","Platform for metabolic flux analysis - methodology not database","","","15","N","N"
"29635306","Pleiotropic mapping and annotation selection in genome-wide association studies with penalized Gaussian mixture models.","True","Y","high","Mapping method - statistical methodology not database","","","15","N","N"
"25123904","Cordova: web-based management of genetic variation data.","False","Y","high","Management tool - software for managing data not database","","","15","N","N"
"25422678","STRAP PTM: Software Tool for Rapid Annotation and Differential Comparison of Protein Post-Translational Modifications.","False","Y","high","Software tool for annotation - analysis tool not database","","","15","N","N"
"34627149","Manual Annotation Studio (MAS): a collaborative platform for manual functional annotation of viral and microbial genomes.","False","Y","high","Platform for annotation - annotation tool not database","","","15","N","N"
"26685306","PaxtoolsR: pathway analysis in R using Pathway Commons.","True","Y","high","R package for analysis - tool not database","","","15","N","N"
"30521566","Citizen Social Lab: A digital platform for human behavior experimentation within a citizen science framework.","False","Y","high","Platform for experimentation - experimental framework not database","","","15","N","N"
"31649739","CircCode: A Powerful Tool for Identifying circRNA Coding Ability.","False","Y","high","Tool for identifying - prediction tool not database","","","15","N","N"
"33858322","ChIP-BIT2: a software tool to detect weak binding events using a Bayesian integration approach.","False","Y","high","Software tool to detect - analysis tool not database","","","15","N","N"
"30321295","SCALOP: sequence-based antibody canonical loop structure annotation.","False","Y","high","Tool for annotation - annotation method not database","","","15","N","N"
"29136092","microRPM: a microRNA prediction model based only on plant small RNA sequencing data.","True","Y","high","Prediction model - methodology not database","","","15","N","N"
"23369392","""Laboratory-based surveillance in the molecular era: the TYPENED model, a joint data-sharing platform for clinical and public health laboratories.""","False","Y","high","Data-sharing platform model - infrastructure not database","","","15","N","N"
"22227717","Common atlas format and 3D brain atlas reconstructor: infrastructure for constructing 3D brain atlases.","False","Y","high","Infrastructure tool - tool for constructing atlases not atlas itself","","","15","N","N"
"27228153","TissueMiner: A multiscale analysis toolkit to quantify how cellular processes create tissue dynamics.","False","Y","high","Toolkit for analysis - tool not database","","","15","N","N"
"25911152","""PEIMAN 1.0: Post-translational modification Enrichment, Integration and Matching ANalysis.""","True","Y","high","Tool for enrichment analysis - analysis tool not database","","","15","N","N"
"28365756","node.dating: dating ancestors in phylogenetic trees in R.","False","Y","high","R tool for dating ancestors - analysis tool not database","","","15","N","N"
"25706643","Scripps Genome ADVISER: Annotation and Distributed Variant Interpretation SERver.","True","Y","high","Server for interpretation - analysis server not database","","","15","N","N"
"22053076","deepBlockAlign: a tool for aligning RNA-seq profiles of read block patterns.","True","Y","high","Tool for aligning - analysis tool not database","","","15","N","N"
"24884810","""GO2MSIG, an automated GO based multi-species gene set generator for gene set enrichment analysis.""","True","Y","high","Generator tool for gene sets - tool not database","","","15","N","N"
"33308153","In silico trial to test COVID-19 candidate vaccines: a case study with UISS platform.","False","Y","high","In silico trial platform - simulation tool not database","","","15","N","N"
"21216786","LPS-annotate: complete annotation of compositionally biased regions in the protein knowledgebase.","True","Y","high","Tool for annotation - annotation tool not database","","","15","N","N"
"33226064","pdm_utils: a SEA-PHAGES MySQL phage database management toolkit.","True","Y","high","Toolkit for database management - tool not database itself","","","15","N","N"
"29171165","ReadTools: A universal toolkit for handling sequence data from different sequencing platforms.","False","Y","high","Toolkit for handling data - tool not database","","","15","N","N"
"28610787","SpolSimilaritySearch - A web tool to compare and search similarities between spoligotypes of Mycobacterium tuberculosis complex.","True","Y","high","Web tool to compare - comparison tool not database","","","15","N","N"
"23368702","FitSearch: a robust way to interpret a yeast fitness profile in terms of drug's mode-of-action.","True","Y","high","Tool to interpret fitness profiles - analysis tool not database","","","15","N","N"
"22611131","Gossamer--a resource-efficient de novo assembler.","True","Y","high","Assembler tool - assembly tool not database","","","15","N","N"
"29530617","Neural Parallel Engine: A toolbox for massively parallel neural signal processing.","False","Y","high","Toolbox for signal processing - tool not database","","","15","N","N"
"33227814","GP4: an integrated Gram-Positive Protein Prediction Pipeline for subcellular localization mimicking bacterial sorting.","True","Y","high","Pipeline for prediction - prediction tool not database","","","15","N","N"
"32556167","""Watchdog 2.0: New developments for reusability, reproducibility, and workflow execution.""","True","Y","high","Workflow tool - pipeline execution tool not database","","","15","N","N"
"26958160","OpenHealth Platform for Interactive Contextualization of Population Health Open Data.","True","Y","high","Platform for contextualization - data integration tool not database","","","15","N","N"
"28988138","MouseTox: An online toxicity assessment tool for small molecules through Enalos Cloud platform.","True","Y","high","Tool for toxicity assessment - prediction tool not database","","","15","N","N"
"30634902","GOTrapper: a tool to navigate through branches of gene ontology hierarchy.","False","Y","high","Tool to navigate - browsing tool not database","","","15","N","N"
"25053745","sapFinder: an R/Bioconductor package for detection of variant peptides in shotgun proteomics experiments.","True","Y","high","Package for detection - analysis tool not database","","","15","N","N"
"23390137","ELECANS--an integrated model development environment for multiscale cancer systems biology.","True","Y","high","Environment for model development - tool not database","","","15","N","N"
"28387820","GalaxyHomomer: a web server for protein homo-oligomer structure prediction from a monomer sequence or structure.","True","Y","high","Web server for prediction - prediction tool not database","","","15","N","N"
"33737718","LASCA: loop and significant contact annotation pipeline.","False","Y","high","Pipeline for annotation - analysis pipeline not database","","","15","N","N"
"23929030","WebRASP: a server for computing energy scores to assess the accuracy and stability of RNA 3D structures.","True","Y","high","Server for computing scores - computational tool not database","","","15","N","N"
"30938757","Structural variant analysis for linked-read sequencing data with gemtools.","False","Y","high","Tool for analysis - analysis tool not database","","","15","N","N"
"27384127","aMAP is a validated pipeline for registration and segmentation of high-resolution mouse brain data.","False","Y","high","Pipeline for registration - image analysis tool not database","","","15","N","N"
"31363752","PathwayMatcher: proteoform-centric network construction enables fine-granularity multiomics pathway mapping.","False","Y","high","Tool for network construction - analysis tool not database","","","15","N","N"
"24132929","gCMAP: user-friendly connectivity mapping with R.","True","Y","high","R tool for connectivity mapping - analysis tool not database","","","15","N","N"
"23842809","nhmmer: DNA homology search with profile HMMs.","True","Y","high","Tool for homology search - search tool not database","","","15","N","N"
"33755048","TALE: Transformer-based protein function Annotation with joint sequence-Label Embedding.","False","Y","high","Annotation method - machine learning tool not database","","","15","N","N"
"34124887","HologLev: A Hybrid Magnetic Levitation Platform Integrated with Lensless Holographic Microscopy for Density-Based Cell Analysis.","False","Y","high","Experimental platform - instrument not database","","","15","N","N"
"28968872","PySCeSToolbox: a collection of metabolic pathway analysis tools.","False","Y","high","Collection of analysis tools - toolbox not database","","","15","N","N"
"25667547","FUN-L: gene prioritization for RNAi screens.","True","Y","high","Tool for prioritization - analysis tool not database","","","15","N","N"
"24180668","Path2Models: large-scale generation of computational models from biochemical pathway maps.","True","Y","high","Tool for generation of models - model generation tool not database","","","15","N","N"
"33830752","AUTOSTERE: Systematic Search for Scaffold Replacement Opportunities within Structural Databases.","False","Y","high","Tool for search - search tool not database","","","15","N","N"
"31757212","""TACITuS: transcriptomic data collector, integrator, and selector on big data platform.""","False","Y","high","Tool for collecting and integrating - data aggregation tool not database","","","15","N","N"
"21310745","GeneReporter--sequence-based document retrieval and annotation.","True","Y","high","Tool for retrieval - literature mining tool not database","","","15","N","N"
"22555647","AMS 4.0: consensus prediction of post-translational modifications in protein sequences.","False","Y","high","Prediction tool - methodology not database","","","15","N","N"
"33784373","Bioinformatics tools developed to support BioCompute Objects.","True","Y","high","Tools to support standard - infrastructure tools not database","","","15","N","N"
"28917032","CFS MATLAB toolbox: An experiment builder for continuous flash suppression (CFS) task.","True","Y","high","Toolbox for building experiments - experimental tool not database","","","15","N","N"
"32155235","Modeling Infectious Diseases in Healthcare Network (MInD-Healthcare) Framework for Describing and Reporting Multidrug-resistant Organism and Healthcare-Associated Infections Agent-based Modeling Methods.","False","Y","high","Modeling framework - methodology not database","","","15","N","N"
"22217156","BuildSummary: using a group-based approach to improve the sensitivity of peptide/protein identification in shotgun proteomics.","True","Y","high","Tool for protein identification - analysis tool not database","","","15","N","N"
"27797761","Isomorphic semantic mapping of variant call format (VCF2RDF).","True","Y","high","Tool for mapping format - conversion tool not database","","","15","N","N"
"28632399","Prokaryotic Contig Annotation Pipeline Server: Web Application for a Prokaryotic Genome Annotation Pipeline Based on the Shiny App Package.","False","Y","high","Pipeline server for annotation - annotation tool not database","","","15","N","N"
"29884752","Comparative Annotation Toolkit (CAT)-simultaneous clade and personal genome annotation.","False","Y","high","Toolkit for annotation - annotation tool not database","","","15","N","N"
"34885724","SugarDrawer: A Web-Based Database Search Tool with Editing Glycan Structures.","False","Y","high","Tool for database search - search tool not database itself","","","15","N","N"
"24475928","geneCommittee: a web-based tool for extensively testing the discriminatory power of biologically relevant gene sets in microarray data classification.","True","Y","high","Web-based tool for testing - analysis tool not database","","","15","N","N"
"30668641","InterMineR: an R package for InterMine databases.","True","Y","high","R package for accessing databases - tool not database itself","","","15","N","N"
"32308816","Non-Negative Matrix Factorization for Drug Repositioning: Experiments with the repoDB Dataset.","False","Y","high","Method paper using dataset - methodology not database","","","15","N","N"
"32238171","Automated gene data integration with Databio.","True","Y","high","Tool for integration - data integration tool not database","","","15","N","N"
"28629436","Disease Compass- a navigation system for disease knowledge based on ontology and linked data techniques.","False","Y","high","Navigation system - browsing tool not database","","","15","N","N"
"32058012","The MCRA toolbox of models and data to support chemical mixture risk assessment.","False","Y","high","Toolbox of models - risk assessment tool not database","","","15","N","N"
"31152870","Ramanome technology platform for label-free screening and sorting of microbial cell factories at single-cell resolution.","False","Y","high","Technology platform - experimental method not database","","","15","N","N"
"32966562","Bacnet: a user-friendly platform for building multi-omics websites.","False","Y","high","Platform for building websites - web development tool not database","","","15","N","N"
"33036314","Recent Techniques in Nutrient Analysis for Food Composition Database.","False","Y","high","Review of techniques - methodology review not database","","","15","N","N"
"21904439","DEB: A web interface for RNA-seq digital gene expression analysis.","True","Y","high","Web interface for analysis - analysis tool not database","","","15","N","N"
"27605105","ReliableGenome: annotation of genomic regions with high/low variant calling concordance.","False","Y","high","Tool for annotation - annotation tool not database","","","15","N","N"
"26960151","The GPlates Portal: Cloud-Based Interactive 3D Visualization of Global Geophysical and Geological Data in a Web Browser.","False","Y","high","Portal for visualization - visualization tool not database","","","15","N","N"
"28582481","FunGAP: Fungal Genome Annotation Pipeline using evidence-based gene model evaluation.","False","Y","high","Pipeline for annotation - annotation tool not database","","","15","N","N"
"26640690","""GenomeTester4: a toolkit for performing basic set operations - union, intersection and complement on k-mer lists.""","False","Y","high","Toolkit for operations - computational tool not database","","","15","N","N"
"29949999","Onto2Vec: joint vector-based representation of biological entities and their ontology-based annotations.","False","Y","high","Vector representation method - methodology not database","","","15","N","N"
"26912804","GeneGazer: A Toolkit Integrating Two Pipelines for Personalized Profiling and Biosignature Identification.","False","Y","high","Toolkit for profiling - analysis tool not database","","","15","N","N"
"30918944","FusionLearn: a biomarker selection algorithm on cross-platform data.","True","Y","high","Algorithm for biomarker selection - methodology not database","","","15","N","N"
"26587057","Chemozart: a web-based 3D molecular structure editor and visualizer platform.","True","Y","high","Editor and visualizer platform - tool not database","","","15","N","N"
"32427333","webPSN v2.0: a webserver to infer fingerprints of structural communication in biomacromolecules.","True","Y","high","Webserver to infer - analysis tool not database","","","15","N","N"
"30856198","3D Tune-In Toolkit: An open-source library for real-time binaural spatialisation.","False","Y","high","Toolkit for spatialisation - audio library tool not database","","","15","N","N"
"23557111","CUDASW++ 3.0: accelerating Smith-Waterman protein database search by coupling CPU and GPU SIMD instructions.","False","Y","high","Tool for database search - search algorithm not database","","","15","N","N"
"30821703","ZOO: an automatic data-collection system for high-throughput structure analysis in protein microcrystallography.","False","Y","high","System for data collection - experimental automation not database","","","15","N","N"
"32155140","Hybrid Automata Library: A flexible platform for hybrid modeling with real-time visualization.","False","Y","high","Library for modeling - modeling tool not database","","","15","N","N"
"28432568","""The MUSOS (MUsic SOftware System) Toolkit: A computer-based, open source application for testing memory for melodies.""","False","Y","high","Toolkit for testing - experimental software not database","","","15","N","N"
"25887563","CodingQuarry: highly accurate hidden Markov model gene prediction in fungal genomes using RNA-seq transcripts.","False","Y","high","Tool for gene prediction - prediction tool not database","","","15","N","N"
"28017738","Validation of the radiobiology toolkit TOPAS-nBio in simple DNA geometries.","False","Y","high","Validation paper of toolkit - not database","","","15","N","N"
"25959571","""Standardizing terms, definitions and concepts for describing and interpreting unwanted immunogenicity of biopharmaceuticals: recommendations of the Innovative Medicines Initiative ABIRISK consortium.""","True","Y","high","Standardization recommendations - guidelines not database","","","15","N","N"
"34641400","""MetaClass, a Comprehensive Classification System for Predicting the Occurrence of Metabolic Reactions Based on the MetaQSAR Database.""","False","Y","high","Classification system for prediction - methodology not database","","","15","N","N"
"25779921","MetaNET--a web-accessible interactive platform for biological metabolic network analysis.","True","Y","high","Platform for analysis - analysis tool not database","","","15","N","N"
"33324215","Exploring the Irish National Folklore Ethnography Database (Dúchas) for Open Data Research on Traditional Medicine Use in Post-Famine Ireland: An Early Example of Citizen Science.","False","Y","high","Paper exploring database for research - not database paper itself","","","15","N","N"
"32188029","Affinity-Bead Assisted Mass Spectrometry (Affi-BAMS): A Multiplexed Microarray Platform for Targeted Proteomics.","False","Y","high","Experimental platform - mass spec method not database","","","15","N","N"
"25495537","solGS: a web-based tool for genomic selection.","True","Y","high","Tool for genomic selection - analysis tool not database","","","15","N","N"
"21546552","The BioExtract Server: a web-based bioinformatic workflow platform.","False","Y","high","Workflow platform - infrastructure tool not database","","","15","N","N"
"28270862","The polypharmacology browser: a web-based multi-fingerprint target prediction tool using ChEMBL bioactivity data.","True","Y","high","Browser/prediction tool - tool not database","","","15","N","N"
"32651388","Searching large-scale scRNA-seq databases via unbiased cell embedding with Cell BLAST.","False","Y","high","Tool for searching databases - search tool not database","","","15","N","N"
"28705636","A review of bioinformatics platforms for comparative genomics. Recent developments of the EDGAR 2.0 platform and its utility for taxonomic and phylogenetic studies.","False","Y","high","Review of platforms - review paper not database","","","15","N","N"
"25087538","Description and analysis of design and intended use for Epidemiologic Dynamic Data Collection Platform in China.","False","Y","high","Paper about platform design - not database itself","","","15","N","N"
"24177720","""MetaboNetworks, an interactive Matlab-based toolbox for creating, customizing and exploring sub-networks from KEGG.""","True","Y","high","Toolbox for creating networks - tool not database","","","15","N","N"
"22303335","MIRNA-DISTILLER: A Stand-Alone Application to Compile microRNA Data from Databases.","True","Y","high","Application to compile from databases - tool not database itself","","","15","N","N"
"25704554","Introgression browser: high-throughput whole-genome SNP visualization.","False","Y","high","Browser for visualization - visualization tool not database","","","15","N","N"
"29087446","ndexr-an R package to interface with the network data exchange.","True","Y","high","R package to interface - tool not database","","","15","N","N"
"26496191","""ARK: Aggregation of Reads by K-Means for Estimation of Bacterial Community Composition.""","True","Y","high","""Pure methodology tool for read aggregation and estimation, not a data repository.""","","","16","N","N"
"30481262","""PhastWeb: a web interface for evolutionary conservation scoring of multiple sequence alignments using phastCons and phyloP.""","True","Y","high","""Web interface for running analysis tools (phastCons, phyloP), not a data repository.""","","","16","N","N"
"27977166","""xMSannotator: An R Package for Network-Based Annotation of High-Resolution Metabolomics Data.""","False","Y","high","""R package for annotation, pure software tool.""","","","16","N","N"
"32349659","""P finder: genomic and metagenomic annotation of RNase P RNA gene (rnpB).""","False","Y","high","""Tool for annotation, not a data repository.""","","","16","N","N"
"30357313","""Clustermatch: discovering hidden relations in highly diverse kinds of qualitative and quantitative data without standardization.""","True","Y","high","""Tool for discovering relations, methodology focused.""","","","16","N","N"
"23588509","""The Medical Imaging Interaction Toolkit: challenges and advances : 10 years of open-source development.""","False","Y","high","""Toolkit for medical imaging, software development.""","","","16","N","N"
"33926379","""GPrimer: a fast GPU-based pipeline for primer design for qPCR experiments.""","False","Y","high","""Pipeline for primer design, pure methodology tool.""","","","16","N","N"
"31940372","""Wattpad as a resource for literary studies. Quantitative and qualitative examples of the importance of digital social reading and readers' comments in the margins.""","False","Y","high","""Literary studies resource, not a bioresource.""","","","16","N","N"
"30340080","""C3: An R package for cross-species compendium-based cell-type identification.""","False","Y","high","""R package for analysis, pure software tool.""","","","16","N","N"
"22730434","""gSearch: a fast and flexible general search tool for whole-genome sequencing.""","True","Y","high","""Search tool for analysis, not a data repository.""","","","16","N","N"
"34252949","""CentromereArchitect: inference and analysis of the architecture of centromeres.""","False","Y","high","""Tool for inference and analysis, methodology focused.""","","","16","N","N"
"30407485","""Whisper: read sorting allows robust mapping of DNA sequencing data.""","True","Y","high","""Tool for read sorting and mapping, methodology focused.""","","","16","N","N"
"30059974","""DiscoverSL: an R package for multi-omic data driven prediction of synthetic lethality in cancers.""","False","Y","high","""R package for prediction, pure software tool.""","","","16","N","N"
"22962464","""SANS: high-throughput retrieval of protein sequences allowing 50% mismatches.""","True","Y","high","""Tool for sequence retrieval, methodology focused.""","","","16","N","N"
"27573007","""The ROC Toolbox: A toolbox for analyzing receiver-operating characteristics derived from confidence ratings.""","False","Y","high","""Toolbox for ROC analysis, pure software tool.""","","","16","N","N"
"31964894","""The Chieti Affective Action Videos database, a resource for the study of emotions in psychology.""","False","Y","high","""Psychology video database, not a bioresource.""","","","16","N","N"
"27153594","""HLaffy: estimating peptide affinities for Class-1 HLA molecules by learning position-specific pair potentials.""","True","Y","high","""Tool for estimating affinities, methodology focused on prediction.""","","","16","N","N"
"25640437","""Practical aspects of the cellular force inference toolkit (CellFIT).""","False","Y","high","""Toolkit for force inference, pure software tool.""","","","16","N","N"
"29340616","""PyChimera: use UCSF Chimera modules in any Python 2.7 project.""","False","Y","high","""Python interface to Chimera, pure software integration.""","","","16","N","N"
"31430292","""Hidden bias in the DUD-E dataset leads to misleading performance of deep learning in structure-based virtual screening.""","False","Y","high","""Analysis paper about bias in existing dataset, not introducing a resource.""","","","16","N","N"
"32822005","""Neuroimaging PheWAS (Phenome-Wide Association Study): A Free Cloud-Computing Platform for Big-Data, Brain-Wide Imaging Association Studies.""","False","Y","high","""Platform for analysis and studies, not a data repository.""","","","16","N","N"
"25512690","""SNPAAMapperT2K: A genome-wide SNP downstream analysis and annotation pipeline for species annotated with NCBI.tbl data files.""","True","Y","high","""Pipeline for analysis and annotation, methodology tool.""","","","16","N","N"
"30844057","""Bacterial Feature Finder (BaFF)-a system for extracting features overrepresented in sets of prokaryotic organisms.""","True","Y","high","""System for extracting features, analysis tool.""","","","16","N","N"
"21697123","""In-depth annotation of SNPs arising from resequencing projects using NGS-SNP.""","True","Y","high","""Tool for annotation using NGS-SNP, methodology focused.""","","","16","N","N"
"26509288","""ProBiS-CHARMMing: Web Interface for Prediction and Optimization of Ligands in Protein Binding Sites.""","True","Y","high","""Web interface for prediction and optimization, methodology tool.""","","","16","N","N"
"33808985","""The mwtab Python Library for RESTful Access and Enhanced Quality Control, Deposition, and Curation of the Metabolomics Workbench Data Repository.""","False","Y","high","""Python library for accessing an existing repository, not the repository itself.""","","","16","N","N"
"33035207","""Genome Complexity Browser: Visualization and quantification of genome variability.""","False","Y","high","""Browser for visualization and quantification, analysis tool.""","","","16","N","N"
"29069330","""DISC: DISulfide linkage Characterization from tandem mass spectra.""","True","Y","high","""Tool for characterization from mass spectra, methodology focused.""","","","16","N","N"
"32232439","""Plant 3D (P3D): a plant phenotyping toolkit for 3D point clouds.""","False","Y","high","""Toolkit for phenotyping, pure software tool.""","","","16","N","N"
"30346483","""methylGSA: a Bioconductor package and Shiny app for DNA methylation data length bias adjustment in gene set testing.""","True","Y","high","""Bioconductor package and app, pure software tool.""","","","16","N","N"
"34538385","""National level E-Resource Centre for Tobacco Control (E-RCTC): One stop solution to information on tobacco control in India.""","False","Y","high","""Information resource center for tobacco control, not a biological data repository.""","","","16","N","N"
"34019098","""Semi-supervised peak calling with SPAN and JBR genome browser.""","True","Y","high","""Tool for peak calling with genome browser, methodology focused.""","","","16","N","N"
"28451968","""GHOSTX: A Fast Sequence Homology Search Tool for Functional Annotation of Metagenomic Data.""","False","Y","high","""Search tool for annotation, pure methodology tool.""","","","16","N","N"
"26072509","""IgRepertoireConstructor: a novel algorithm for antibody repertoire construction and immunoproteogenomics analysis.""","True","Y","high","""Algorithm for construction and analysis, methodology focused.""","","","16","N","N"
"27894340","""xHMMER3x2: Utilizing HMMER3's speed and HMMER2's sensitivity and specificity in the glocal alignment mode for improved large-scale protein domain annotation.""","True","Y","high","""Tool utilizing HMMER for annotation, methodology focused.""","","","16","N","N"
"32618995","""Epiviz File Server: Query, transform and interactively explore data from indexed genomic files.""","True","Y","high","""Server for querying and transforming files, analysis tool not data repository.""","","","16","N","N"
"30010789","""pLoc_bal-mAnimal: predict subcellular localization of animal proteins by balancing training dataset and PseAAC.""","True","Y","high","""Tool for prediction, methodology focused.""","","","16","N","N"
"25086704","""Integrating biological pathways and genomic profiles with ChiBE 2.""","False","Y","high","""Tool for integrating pathways, methodology focused.""","","","16","N","N"
"24772218","""Quantitative Imaging Network: Data Sharing and Competitive AlgorithmValidation Leveraging The Cancer Imaging Archive.""","False","Y","high","""Network for data sharing and algorithm validation, describes framework not primary data resource.""","","","16","N","N"
"30913289","""GRITS Toolbox-a freely available software for processing, annotating and archiving glycomics mass spectrometry data.""","False","Y","high","""Toolbox for processing and annotating, pure software tool.""","","","16","N","N"
"31261630","The Korea Cancer Big Data Platform (K-CBP) for Cancer Research.","False","Y","high","""Platform for cancer research, infrastructure not data repository.""","","","16","N","N"
"27084333","Development of a cloud-based Bioinformatics Training Platform.","False","Y","high","""Training platform, educational infrastructure not data repository.""","","","16","N","N"
"30837511","""Host Taxon Predictor - A Tool for Predicting Taxon of the Host of a Newly Discovered Virus.""","False","Y","high","""Tool for predicting taxon, methodology focused.""","","","16","N","N"
"30165587","""RepeatCraft: a meta-pipeline for repetitive element de-fragmentation and annotation.""","False","Y","high","""Meta-pipeline for annotation, methodology tool.""","","","16","N","N"
"29189094","""FijiWingsPolarity: An open source toolkit for semi-automated detection of cell polarity.""","False","Y","high","""Toolkit for detection, methodology tool.""","","","16","N","N"
"24324759","""SSW library: an SIMD Smith-Waterman C/C++ library for use in genomic applications.""","False","Y","high","""C/C++ library for alignment, pure software library.""","","","16","N","N"
"32338876","""CycloBranch 2: Molecular Formula Annotations Applied to imzML Data Sets in Bimodal Fusion and LC-MS Data Files.""","True","Y","high","""Tool for molecular formula annotations, methodology focused.""","","","16","N","N"
"29228171","""Gene Graphics: a genomic neighborhood data visualization web application.""","True","Y","high","""Visualization web application, tool not data repository.""","","","16","N","N"
"32726559","""Xcellerate Investigator Portal: A New Web-Based Tool for Online Delivery of Central Laboratory Data, Reports, and Communications to Clinical Sites.""","False","Y","high","""Portal for data delivery and communication, infrastructure tool.""","","","16","N","N"
"29979157","The challenge of constructing an international XAFS database.","False","Y","high","""Discussion of challenges, not the database itself.""","","","16","N","N"
"33425671","The living marine resources in the Mediterranean Sea Large Marine Ecosystem.","False","Y","high","""Review/study of marine resources, not a database.""","","","16","N","N"
"31220459","""CHAP: A Versatile Tool for the Structural and Functional Annotation of Ion Channel Pores.""","False","Y","high","""Tool for annotation, methodology focused.""","","","16","N","N"
"21918645","""NCBO Resource Index: Ontology-Based Search and Mining of Biomedical Resources.""","False","Y","high","""Index for search and mining, tool not primary data repository.""","","","16","N","N"
"22553393","""VMD DisRg: New User-Friendly Implement for calculation distance and radius of gyration in VMD program.""","True","Y","high","""Implementation for calculation, methodology tool.""","","","16","N","N"
"35035297","""The Multiple Sclerosis Data Alliance Catalogue: Enabling Web-Based Discovery of Metadata from Real-World Multiple Sclerosis Data Sources.""","False","Y","high","""Catalogue for metadata discovery, index not primary data repository.""","","","16","N","N"
"31101000","""Bioinformatics Resource Manager: a systems biology web tool for microRNA and omics data integration.""","True","Y","high","""Tool for data integration, methodology focused.""","","","16","N","N"
"36159887","""INfrastructure for a PHAge REference Database: Identification of Large-Scale Biases in the Current Collection of Cultured Phage Genomes.""","False","Y","high","""Infrastructure description and bias analysis, not the database itself.""","","","16","N","N"
"28953918","""Escape Excel: A tool for preventing gene symbol and accession conversion errors.""","True","Y","high","""Tool for preventing errors, pure software utility.""","","","16","N","N"
"29028897","""Sipros Ensemble improves database searching and filtering for complex metaproteomics.""","True","Y","high","""Tool for database searching, methodology focused on search improvement.""","","","16","N","N"
"32563332","""Establishment and application of the National Parasitic Resource Center (NPRC) in China.""","False","Y","high","""Establishment of resource center, infrastructure not data repository.""","","","16","N","N"
"33689188","""Organ-on-chip of the cervical epithelial layer: A platform to study normal and pathological cellular remodeling of the cervix.""","False","Y","high","""Organ-on-chip platform, experimental system not data repository.""","","","16","N","N"
"26529713","""Speculative Practices: Utilizing InfoVis to Explore Untapped Literary Collections.""","False","Y","high","""Literary visualization study, not a bioresource.""","","","16","N","N"
"30540457","""LigandScout Remote: A New User-Friendly Interface for HPC and Cloud Resources.""","False","Y","high","""Interface for HPC resources, infrastructure tool.""","","","16","N","N"
"31688940","""Tripal MapViewer: A tool for interactive visualization and comparison of genetic maps.""","True","Y","high","""Tool for visualization and comparison, methodology focused.""","","","16","N","N"
"22591066","""MetaMapp: mapping and visualizing metabolomic data by integrating information from biochemical pathways and chemical and mass spectral similarity.""","True","Y","high","""Tool for mapping and visualizing, methodology focused.""","","","16","N","N"
"23217059","""TipChip: a modular, MEMS-based platform for experimentation and phenotyping of tip-growing cells.""","False","Y","high","""MEMS experimental platform, hardware/experimental system.""","","","16","N","N"
"26205273","""Interferometric Reflectance Imaging Sensor (IRIS)--A Platform Technology for Multiplexed Diagnostics and Digital Detection.""","False","Y","high","""Sensor platform technology, hardware system.""","","","16","N","N"
"21486937","""Cobweb: a Java applet for network exploration and visualisation.""","True","Y","high","""Java applet for visualization, pure software tool.""","","","16","N","N"
"30155031","""The creation and characterisation of a National Compound Collection: the Royal Society of Chemistry pilot.""","False","Y","high","""Creation and characterization study of collection, not the collection access itself.""","","","16","N","N"
"28084397","""Altered Pathway Analyzer: A gene expression dataset analysis tool for identification and prioritization of differentially regulated and network rewired pathways.""","True","Y","high","""Analysis tool for pathway identification, methodology focused.""","","","16","N","N"
"27939290","""The DisVis and PowerFit Web Servers: Explorative and Integrative Modeling of Biomolecular Complexes.""","True","Y","high","""Web servers for modeling, methodology tools.""","","","16","N","N"
"33193438","""Inhibitory Receptor Trap: A Platform for Discovery of Inhibitory Receptors That Utilize Inositol Lipid and Phosphotyrosine Phosphatase Effectors.""","False","Y","high","""Platform for discovery of receptors, experimental methodology.""","","","16","N","N"
"28076807","""CIDER: Resources to Analyze Sequence-Ensemble Relationships of Intrinsically Disordered Proteins.""","False","Y","high","""Resources for analysis, tool not data repository.""","","","16","N","N"
"32312224","""DeSignate: detecting signature characters in gene sequence alignments for taxon diagnoses.""","True","Y","high","""Tool for detecting signatures, methodology focused.""","","","16","N","N"
"28087515","""H-BLAST: a fast protein sequence alignment toolkit on heterogeneous computers with GPUs.""","False","Y","high","""Alignment toolkit, pure software tool.""","","","16","N","N"
"31060512","""BacTag - a pipeline for fast and accurate gene and allele typing in bacterial sequencing data based on database preprocessing.""","False","Y","high","""Pipeline for typing, methodology tool.""","","","16","N","N"
"21432942","""The GeneInsight Suite: a platform to support laboratory and provider use of DNA-based genetic testing.""","False","Y","high","""Platform to support testing, infrastructure tool.""","","","16","N","N"
"26250111","""High speed BLASTN: an accelerated MegaBLAST search tool.""","False","Y","high","""Accelerated search tool, pure methodology tool.""","","","16","N","N"
"30030810","""Analyzing Tandem Mass Spectra Using the DRIP Toolkit: Training, Searching, and Post-Processing.""","False","Y","high","""Toolkit for MS analysis, pure software tool.""","","","16","N","N"
"21339531","""CUDA-BLASTP: accelerating BLASTP on CUDA-enabled graphics hardware.""","False","Y","high","""Accelerated BLASTP tool, pure software.""","","","16","N","N"
"28077564","""blend4php: a PHP API for galaxy.""","False","Y","high","""PHP API for Galaxy, software interface.""","","","16","N","N"
"22568821","""PHYLOViZ: phylogenetic inference and data visualization for sequence based typing methods.""","True","Y","high","""Tool for inference and visualization, methodology focused.""","","","16","N","N"
"33950197","""The Pop-Gen Pipeline Platform: A Software Platform for Population Genomic Analyses.""","True","Y","high","""Software platform for analyses, methodology tool.""","","","16","N","N"
"29592813","""Cancer Genome Interpreter annotates the biological and clinical relevance of tumor alterations.""","True","Y","high","""Tool that annotates, methodology focused on annotation.""","","","16","N","N"
"29104906","""The Co-regulation Data Harvester: automating gene annotation starting from a transcriptome database.""","False","Y","high","""Tool for automating annotation, methodology focused.""","","","16","N","N"
"31161195","""VCF/Plotein: visualization and prioritization of genomic variants from human exome sequencing projects.""","True","Y","high","""Tool for visualization and prioritization, methodology focused.""","","","16","N","N"
"32034905","""HAMAP as SPARQL rules-A portable annotation pipeline for genomes and proteomes.""","True","Y","high","""Annotation pipeline, methodology tool.""","","","16","N","N"
"23732176","""The Tox21 robotic platform for the assessment of environmental chemicals--from vision to reality.""","False","Y","high","""Robotic platform for assessment, experimental system.""","","","16","N","N"
"25270639","""BioVLAB-MMIA-NGS: microRNA-mRNA integrated analysis using high-throughput sequencing data.""","True","Y","high","""Tool for integrated analysis, methodology focused.""","","","16","N","N"
"31805847","""BEST: a web server for brain expression Spatio-temporal pattern analysis.""","True","Y","high","""Web server for analysis, methodology tool.""","","","16","N","N"
"31114887","""PubTator central: automated concept annotation for biomedical full text articles.""","True","Y","high","""Tool for automated annotation, methodology focused.""","","","16","N","N"
"27106060","""PSI/TM-Coffee: a web server for fast and accurate multiple sequence alignments of regular and transmembrane proteins using homology extension on reduced databases.""","True","Y","high","""Web server for sequence alignment, methodology tool.""","","","16","N","N"
"33087937","""Towards a """"Net"""" generation of Pathologists: the pathCast online remote learning platform.""","False","Y","high","""Learning platform, educational infrastructure.""","","","16","N","N"
"21983993","""The ProteoRed MIAPE web toolkit: a user-friendly framework to connect and share proteomics standards.""","True","Y","high","""Toolkit framework for sharing standards, infrastructure tool.""","","","16","N","N"
"29547800","""Knowledge-based metabolite annotation tool: CEU Mass Mediator.""","False","Y","high","""Tool for annotation, methodology focused.""","","","16","N","N"
"21655319","""Confidence interval based parameter estimation--a new SOCR applet and activity.""","True","Y","high","""Applet for parameter estimation, software tool.""","","","16","N","N"
"33072049","""T4SE-XGB: Interpretable Sequence-Based Prediction of Type IV Secreted Effectors Using eXtreme Gradient Boosting Algorithm.""","False","Y","high","""Tool for prediction using ML algorithm, methodology focused.""","","","16","N","N"
"30444913","""Neo4j graph database realizes efficient storage performance of oilfield ontology.""","False","Y","high","""Technical paper on database performance, not introducing the database.""","","","16","N","N"
"29258817","""A Completely Reimplemented MPI Bioinformatics Toolkit with a New HHpred Server at its Core.""","True","Y","high","""Bioinformatics toolkit with server, methodology tool.""","","","16","N","N"
"28765723","""Repatriation Data: More than two million species occurrence records added to the Brazilian Biodiversity Information Facility Repository (SiBBr).""","False","Y","high","""Data repatriation report, not the repository itself.""","","","16","N","N"
"28003257","""HYSYS: have you swapped your samples?""","False","Y","high","""Tool for sample swap detection, quality control utility.""","","","16","N","N"
"22536870","""Constructing patch-based ligand-binding pocket database for predicting function of proteins.""","False","Y","high","""Paper about constructing database for prediction, methodology focused.""","","","16","N","N"
"24775806","""CHEM-PATH-TRACKER: An automated tool to analyze chemical motifs in molecular structures.""","True","Y","high","""Tool for analyzing chemical motifs, methodology focused.""","","","16","N","N"
"31139204","""<i>Simplicity DiffExpress</i>: A Bespoke Cloud-Based Interface for RNA-seq Differential Expression Modeling and Analysis.""","True","Y","high","""Interface for analysis, methodology tool.""","","","16","N","N"
"32423472","""BpForms and BcForms: a toolkit for concretely describing non-canonical polymers and complexes to facilitate global biochemical networks.""","False","Y","high","""Toolkit for describing polymers, methodology tool.""","","","16","N","N"
"23874400","""The PyRosetta Toolkit: a graphical user interface for the Rosetta software suite.""","False","Y","high","""Toolkit GUI for software, pure software interface.""","","","16","N","N"
"28916988","""GestuRe and ACtion Exemplar (GRACE) video database: stimuli for research on manners of human locomotion and iconic gestures.""","False","Y","high","""Video stimulus database for psychology research, not a bioresource.""","","","16","N","N"
"30216353","""Improving classification of pollen grain images of the POLEN23E dataset through three different applications of deep learning convolutional neural networks.""","False","Y","high","""Classification methodology paper, not introducing a resource.""","","","16","N","N"
"31333719","""FindTargetsWEB: A User-Friendly Tool for Identification of Potential Therapeutic Targets in Metabolic Networks of Bacteria.""","False","Y","high","""Tool for identification, methodology focused.""","","","16","N","N"
"25592313","""Pollux: platform independent error correction of single and mixed genomes.""","False","Y","high","""Platform for error correction, methodology tool.""","","","16","N","N"
"26864881","""Parasail: SIMD C library for global, semi-global, and local pairwise sequence alignments.""","False","Y","high","""C library for alignments, pure software library.""","","","16","N","N"
"21569281","""DAS writeback: a collaborative annotation system.""","False","Y","high","""Annotation system, methodology tool.""","","","16","N","N"
"22923291","""EFICAz2.5: application of a high-precision enzyme function predictor to 396 proteomes.""","True","Y","high","""Enzyme function predictor tool, methodology focused.""","","","16","N","N"
"34041278","""Panomics: New Databases for Advancing Cardiology.""","False","Y","high","""Commentary on new databases, not the databases themselves.""","","","16","N","N"
"21498403","""PathScan: a tool for discerning mutational significance in groups of putative cancer genes.""","True","Y","high","""Tool for discerning significance, methodology focused.""","","","16","N","N"
"31233141","""Interactive exploration of heterogeneous biological networks with Biomine Explorer.""","True","Y","high","""Tool for exploration, methodology focused.""","","","16","N","N"
"31350781","""An 'eFP-Seq Browser' for visualizing and exploring RNA sequencing data.""","True","Y","high","""Browser for visualization, methodology tool.""","","","16","N","N"
"34325649","""A new hybrid record linkage process to make epidemiological databases interoperable: application to the GEMO and GENEPSO studies involving BRCA1 and BRCA2 mutation carriers.""","False","Y","high","""Methodology for record linkage, not introducing a database.""","","","16","N","N"
"31689201","""Jointly Integrating VCF-Based Variants and OWL-Based Biomedical Ontologies in MongoDB.""","False","Y","high","""Integration methodology, not a data repository.""","","","16","N","N"
"31732673","""Protein-assisted RNA fragment docking (RnaX) for modeling RNA-protein interactions using ModelX.""","True","Y","high","""Tool for docking and modeling, methodology focused.""","","","16","N","N"
"30352003","""The Compound Characteristics Comparison (CCC) approach: a tool for improving confidence in natural compound identification.""","False","Y","high","""Tool for compound identification, methodology focused.""","","","16","N","N"
"32401021","""GalaxySagittarius: Structure- and Similarity-Based Prediction of Protein Targets for Druglike Compounds.""","True","Y","high","""Tool for prediction, methodology focused.""","","","16","N","N"
"34623427","""SINEUPs: a novel toolbox for RNA therapeutics.""","False","Y","high","""Toolbox for RNA therapeutics, methodology tool.""","","","16","N","N"
"23184232","""The perennial ryegrass GenomeZipper: targeted use of genome resources for comparative grass genomics.""","False","Y","high","""Methodology for comparative genomics, not a data repository.""","","","16","N","N"
"24489366","""Mobyle SNAP Workbench: a web-based analysis portal for population genetics and evolutionary genomics.""","True","Y","high","""Analysis portal/workbench, methodology tool.""","","","16","N","N"
"26864345","""De novo construction of a """"Gene-space"""" for diploid plant genome rich in repetitive sequences by an iterative Process of Extraction and Assembly of NGS reads (iPEA protocol) with limited computing resources.""","False","Y","high","""Protocol for construction, methodology focused.""","","","16","N","N"
"27153620","""MOCAT2: a metagenomic assembly, annotation and profiling framework.""","True","Y","high","""Framework for assembly and annotation, methodology tool.""","","","16","N","N"
"31820382","""High Precision RPPA: Concept, Features, and Application Performance of the Integrated Zeptosens Platform.""","False","Y","high","""Technical platform description, experimental system.""","","","16","N","N"
"24728855","""geiger v2.0: an expanded suite of methods for fitting macroevolutionary models to phylogenetic trees.""","True","Y","high","""Suite of methods/R package, pure software tool.""","","","16","N","N"
"32003788","""LAMPA, LArge Multidomain Protein Annotator, and its application to RNA virus polyproteins.""","False","Y","high","""Annotator tool, methodology focused.""","","","16","N","N"
"32289453","""The open EEGLAB portal Interface: High-Performance computing with EEGLAB.""","False","Y","high","""Portal interface for computing, infrastructure tool.""","","","16","N","N"
"34086933","""catRAPID omics v2.0: going deeper and wider in the prediction of protein-RNA interactions.""","True","Y","high","""Tool for prediction, methodology focused.""","","","16","N","N"
"25265915","""Polyphony: superposition independent methods for ensemble-based drug discovery.""","False","Y","high","""Methods for drug discovery, methodology focused.""","","","16","N","N"
"23740747","""Pathway Processor 2.0: a web resource for pathway-based analysis of high-throughput data.""","True","Y","high","""Tool for pathway analysis, methodology focused.""","","","16","N","N"
"22437851","""MDWeb and MDMoby: an integrated web-based platform for molecular dynamics simulations.""","True","Y","high","""Platform for running simulations, methodology tool.""","","","16","N","N"
"23259851","""Unlocking the potential of publicly available microarray data using inSilicoDb and inSilicoMerging R/Bioconductor packages.""","True","Y","high","""R/Bioconductor packages, pure software tools.""","","","16","N","N"
"31159881","""NG-meta-profiler: fast processing of metagenomes using NGLess, a domain-specific language.""","True","Y","high","""Tool for processing metagenomes, methodology focused.""","","","16","N","N"
"22285827","""Chado controller: advanced annotation management with a community annotation system.""","True","Y","high","""Annotation management system, methodology tool.""","","","16","N","N"
"26232248","""Reprint of """"pFind-Alioth: A novel unrestricted database search algorithm to improve the interpretation of high-resolution MS/MS data"""".""","False","Y","high","""Algorithm for database searching, methodology focused.""","","","16","N","N"
"22174272","""Functional annotation of intrinsically disordered domains by their amino acid content using IDD Navigator.""","True","Y","high","""Tool for annotation, methodology focused.""","","","16","N","N"
"21636591","""PathVisio-MIM: PathVisio plugin for creating and editing Molecular Interaction Maps (MIMs).""","True","Y","high","""Plugin for creating/editing, software tool.""","","","16","N","N"
"28961744","""CESAR 2.0 substantially improves speed and accuracy of comparative gene annotation.""","False","Y","high","""Tool for annotation, methodology focused.""","","","16","N","N"
"25217576","""Improved rat genome gene prediction by integration of ESTs with RNA-Seq information.""","True","Y","high","""Methodology for gene prediction, not a data repository.""","","","16","N","N"
"28902397","""Using SQL Databases for Sequence Similarity Searching and Analysis.""","False","Y","high","""Methodology for using databases, not introducing a database.""","","","16","N","N"
"23240691","""FINDSITE(comb): a threading/structure-based, proteomic-scale virtual ligand screening approach.""","True","Y","high","""Approach for virtual screening, methodology focused.""","","","16","N","N"
"28986915","""Globalizing Genomics: The Origins of the International Nucleotide Sequence Database Collaboration.""","False","Y","high","""Historical paper about database collaboration, not a database.""","","","16","N","N"
"26815034","""COMPASS II: extended coverage for polymer and drug-like molecule databases.""","False","Y","high","""Tool for extended coverage of databases, not the databases.""","","","16","N","N"
"29069347","""VecScreen_plus_taxonomy: imposing a tax(onomy) increase on vector contamination screening.""","True","Y","high","""Tool for contamination screening, methodology focused.""","","","16","N","N"
"32637654","""Enhancing and accelerating stroke treatment in Eastern European region: Methods and achievement of the ESO EAST program.""","False","Y","high","""Program achievement report, not a data repository.""","","","16","N","N"
"25806516","""Building a comprehensive mill-level database for the Industrial Sectors Integrated Solutions (ISIS) model of the U.S. pulp and paper sector.""","False","Y","high","""Paper about building database for industrial model, not biological data.""","","","16","N","N"
"25009511","""Introducing the Oxford Vocal (OxVoc) Sounds database: a validated set of non-acted affective sounds from human infants, adults, and domestic animals.""","False","Y","high","""Sound database for psychology research, not a bioresource.""","","","16","N","N"
"31194585","""Pathology Image Exchange: The Dutch Digital Pathology Platform for Exchange of Whole-Slide Images for Efficient Teleconsultation, Telerevision, and Virtual Expert Panels.""","False","Y","high","""Platform for image exchange, infrastructure tool.""","","","16","N","N"
"33784300","""Orchestrating privacy-protected big data analyses of data from different resources with R and DataSHIELD.""","True","Y","high","""Framework for data analysis, methodology focused.""","","","16","N","N"
"26954504","""A Human """"eFP"""" Browser for Generating Gene Expression Anatograms.""","False","Y","high","""Browser for generating anatograms, visualization tool.""","","","16","N","N"
"32637988","""DNA Features Viewer: a sequence annotation formatting and plotting library for Python.""","False","Y","high","""Python library for visualization, pure software tool.""","","","16","N","N"
"25077821","""GAMUT: GPU accelerated microRNA analysis to uncover target genes through CUDA-miRanda.""","False","Y","high","""Tool for miRNA analysis, methodology focused.""","","","16","N","N"
"29931282","PASTA for proteins.","False","Y","high","""Tool for protein analysis, methodology focused.""","","","16","N","N"
"29040459","""UC2 search: using unique connectivity of uncharged compounds for metabolite annotation by database searching in mass spectrometry-based metabolomics.""","True","Y","high","""Search tool for annotation, methodology focused.""","","","16","N","N"
"34321488","""Spanish electoral archive. SEA database.""","False","Y","high","""Electoral archive database, not a bioresource.""","","","16","N","N"
"32207937","""Hotspots API: A Python Package for the Detection of Small Molecule Binding Hotspots and Application to Structure-Based Drug Design.""","False","Y","high","""Python package for detection, pure software tool.""","","","16","N","N"
"30508066","""iHam and pyHam: visualizing and processing hierarchical orthologous groups.""","False","Y","high","""Tools for visualization and processing, pure software tools.""","","","16","N","N"
"30986209","""Hypercomplex extreme learning machine with its application in multispectral palmprint recognition.""","False","Y","high","""Machine learning methodology, not a bioresource.""","","","16","N","N"
"27141917","""Image Harvest: an open-source platform for high-throughput plant image processing and analysis.""","False","Y","high","""Platform for image processing, methodology tool.""","","","16","N","N"
"27286472","""The Proximal Lilly Collection: Mapping, Exploring and Exploiting Feasible Chemical Space.""","False","Y","high","""Methodology paper about chemical space, not a data repository.""","","","16","N","N"
"28003258","""The Ark: a customizable web-based data management tool for health and medical research.""","True","Y","high","""Data management tool, infrastructure not data repository.""","","","16","N","N"
"31392309","""KRAB ZNF explorer-the online tool for the exploration of the transcriptomic profiles of KRAB-ZNF factors in The Cancer Genome Atlas.""","True","Y","high","""Tool for exploration, provides access to TCGA data not primary resource.""","","","16","N","N"
"23595662","A self-updating road map of The Cancer Genome Atlas.","True","Y","high","""Road map/visualization of TCGA, not TCGA itself.""","","","16","N","N"
"34117863","Methylation-eQTL analysis in cancer research.","True","Y","high","""Analysis platform, methodology tool.""","","","16","N","N"
"34185062","""BioVLAB-Cancer-Pharmacogenomics: tumor heterogeneity and pharmacogenomics analysis of multi-omics data from tumor on the cloud.""","True","Y","high","""Tool for analysis on cloud, methodology focused.""","","","16","N","N"
"29605850","""The Pancancer DNA Methylation Trackhub: A Window to The Cancer Genome Atlas Epigenomics Data.""","True","Y","high","""Trackhub window to TCGA data, visualization not primary resource.""","","","16","N","N"
"22529179","""Towards semi-automated curation: using text mining to recreate the HIV-1, human protein interaction database.""","True","Y","high","""Methodology for database curation, not the database.""","","","16","N","N"
"25348212","""Navigating protected genomics data with UCSC Genome Browser in a Box.""","True","Y","high","""Tool for navigating data, methodology focused.""","","","16","N","N"
"24303032","""Prioritization of cancer marker candidates based on the immunohistochemistry staining images deposited in the human protein atlas.""","True","Y","high","""Methodology for prioritization using HPA, not HPA itself.""","","","16","N","N"
"22730433","""BIDDSAT: visualizing the content of biodiversity data publishers in the Global Biodiversity Information Facility network.""","True","Y","high","""Tool for visualizing, methodology focused.""","","","16","N","N"
"28334222","""QRank: a novel quantile regression tool for eQTL discovery.""","True","Y","high","""Tool for eQTL discovery, methodology focused.""","","","16","N","N"
"25910698","""PDBest: a user-friendly platform for manipulating and enhancing protein structures.""","True","Y","high","""Platform for manipulating structures, methodology tool.""","","","16","N","N"
"30959271","""Discovery of perturbation gene targets via free text metadata mining in Gene Expression Omnibus.""","False","Y","high","""Methodology for discovery via mining, not a data repository.""","","","16","N","N"
"29390084","""Co-complex protein membership evaluation using Maximum Entropy on GO ontology and InterPro annotation.""","False","Y","high","""Evaluation methodology, not a data repository.""","","","16","N","N"
"24218215","""Putting The Plant Metabolic Network pathway databases to work: going offline to gain new capabilities.""","False","Y","high","""Methodology for using databases, not introducing a database.""","","","16","N","N"
"26483034","""Predicting Gene and Genomic Regulation in Saccharomyces cerevisiae, using the YEASTRACT Database: A Step-by-Step Guided Analysis.""","False","Y","high","""Tutorial for using YEASTRACT, not YEASTRACT itself.""","","","16","N","N"
"22323219","""Automated protein structure modeling with SWISS-MODEL Workspace and the Protein Model Portal.""","False","Y","high","""Modeling tools, methodology focused.""","","","16","N","N"
"30778259","""Automated evaluation of consistency within the PubChem Compound database.""","True","Y","high","""Evaluation methodology of PubChem, not PubChem itself.""","","","16","N","N"
"29533231","""Worldwide Protein Data Bank validation information: usage and trends.""","True","Y","high","""Usage and trends analysis of PDB, not PDB itself.""","","","16","N","N"
"31243193","""Basic mouse reproductive techniques developed and modified at the Center for Animal Resources and Development (CARD), Kumamoto University.""","False","Y","high","""Laboratory techniques, not a data repository.""","","","16","N","N"
"24533037","""Comparing the Chemical Structure and Protein Content of ChEMBL, DrugBank, Human Metabolome Database and the Therapeutic Target Database.""","False","Y","high","""Comparison paper of existing databases, not introducing a database.""","","","16","N","N"
"34663470","""Classifying natural products from plants, fungi or bacteria using the COCONUT database and machine learning.""","True","Y","high","""Classification methodology using COCONUT, not COCONUT itself.""","","","16","N","N"
"34469515","""FlexTaxD: flexible modification of taxonomy databases for improved sequence classification.""","False","Y","high","""Tool for modifying taxonomy databases, methodology focused.""","","","16","N","N"
"34086715","""DUNEuro-A software toolbox for forward modeling in bioelectromagnetism.""","False","Y","high","""Software toolbox for modeling, pure software tool.""","","","16","N","N"
"27301453","""ProInflam: a webserver for the prediction of proinflammatory antigenicity of peptides and proteins.""","True","Y","high","""Webserver for prediction, methodology tool.""","","","16","N","N"
"29236969","""DaMiRseq-an R/Bioconductor package for data mining of RNA-Seq data: normalization, feature selection and classification.""","True","Y","high","""R/Bioconductor package for data mining, pure software tool.""","","","16","N","N"
"22373375","""User centered and ontology based information retrieval system for life sciences.""","True","Y","high","""Information retrieval system, methodology tool.""","","","16","N","N"
"32499682","""EZcalcium: Open-Source Toolbox for Analysis of Calcium Imaging Data.""","False","Y","high","""Toolbox for analysis, pure software tool.""","","","16","N","N"
"29969114","""OceanRAIN, a new in-situ shipboard global ocean surface-reference dataset of all water cycle components.""","False","Y","high","""Oceanographic dataset, not a bioresource.""","","","16","N","N"
"24682735","""The eGenVar data management system--cataloguing and sharing sensitive data and metadata for the life sciences.""","True","Y","high","""Data management system, infrastructure tool.""","","","16","N","N"
"27224906","""PredictSNP2: A Unified Platform for Accurately Evaluating SNP Effects by Exploiting the Different Characteristics of Variants in Distinct Genomic Regions.""","True","Y","high","""Platform for evaluating SNP effects, methodology tool.""","","","16","N","N"
"29360930","""ADEPTUS: a discovery tool for disease prediction, enrichment and network analysis based on profiles from many diseases.""","True","Y","high","""Discovery tool for prediction, methodology focused.""","","","16","N","N"
"28057683","""ORCAN-a web-based meta-server for real-time detection and functional annotation of orthologs.""","True","Y","high","""Meta-server for detection and annotation, methodology tool.""","","","16","N","N"
"33767730","""Structural and Drug Screening Analysis of the Non-structural Proteins of Severe Acute Respiratory Syndrome Coronavirus 2 Virus Extracted From Indian Coronavirus Disease 2019 Patients.""","True","Y","high","""Analysis study, not introducing a resource.""","","","16","N","N"
"34196689","""JBrowseR: an R interface to the JBrowse 2 genome browser.""","False","Y","high","""R interface to browser, pure software interface.""","","","16","N","N"
"23196990","""PLI: a web-based tool for the comparison of protein-ligand interactions observed on PDB structures.""","True","Y","high","""Tool for comparison, methodology focused.""","","","16","N","N"
"25431330","""SNiPA: an interactive, genetic variant-centered annotation browser.""","True","Y","high","""Annotation browser tool, methodology focused.""","","","16","N","N"
"30386216","""VAST (Volume Annotation and Segmentation Tool): Efficient Manual and Semi-Automatic Labeling of Large 3D Image Stacks.""","False","Y","high","""Annotation and segmentation tool, pure software tool.""","","","16","N","N"
"23469223","""Alignment of helical membrane protein sequences using AlignMe.""","True","Y","high","""Tool for alignment, methodology focused.""","","","16","N","N"
"33686204","""A global panel database of pandemic policies (Oxford COVID-19 Government Response Tracker).""","False","Y","high","""Policy database, not a bioresource.""","","","16","N","N"
"26826717","""Library of binding protein scaffolds (LibBP): a computational platform for selection of binding protein scaffolds.""","True","Y","high","""Computational platform for selection, methodology tool.""","","","16","N","N"
"31581074","""SEWA DB: A Rich Database for Audio-Visual Emotion and Sentiment Research in the Wild.""","False","Y","high","""Audio-visual emotion database, not a bioresource.""","","","16","N","N"
"32783952","""DStabilize: A Web Resource to Generate Mirror Images of Biomolecules.""","True","Y","high","""Tool to generate mirror images, methodology focused.""","","","16","N","N"
"33586368","""PolyBoost: An enhanced genomic variant classifier using extreme gradient boosting.""","False","Y","high","""Classifier tool using ML, methodology focused.""","","","16","N","N"
"30629605","""Bio-On-Magnetic-Beads (BOMB): Open platform for high-throughput nucleic acid extraction and manipulation.""","True","Y","high","""Platform for extraction, experimental protocol.""","","","16","N","N"
"31253075","""JCD-DEA: a joint covariate detection tool for differential expression analysis on tumor expression profiles.""","True","Y","high","""Tool for differential expression analysis, methodology focused.""","","","16","N","N"
"23714400","""Identifying cancer mutation targets across thousands of samples: MuteProc, a high throughput mutation analysis pipeline.""","False","Y","high","""Pipeline for analysis, methodology tool.""","","","16","N","N"
"31504183","""EasyModel: user-friendly tool for building and analysis of simple mathematical models in systems biology.""","True","Y","high","""Tool for building models, methodology focused.""","","","16","N","N"
"24590675","""Cytobank: providing an analytics platform for community cytometry data analysis and collaboration.""","False","Y","high","""Analytics platform, methodology tool.""","","","16","N","N"
"23709163","""PC-PVT: a platform for psychomotor vigilance task testing, analysis, and prediction.""","True","Y","high","""Platform for testing and analysis, methodology tool.""","","","16","N","N"
"34265261","""ColBuilder: A server to build collagen fibril models.""","True","Y","high","""Server to build models, methodology tool.""","","","16","N","N"
"32935033","""The Concept Dictionary and Glossary at MCHP: Tools and Techniques to Support a Population Research Data Repository.""","False","Y","high","""Tools and techniques for repository, not the repository itself.""","","","16","N","N"
"31623304","""IoMT Platform for Pervasive Healthcare Data Aggregation, Processing, and Sharing Based on OneM2M and OpenEHR.""","False","Y","high","""IoMT platform for data processing, infrastructure tool.""","","","16","N","N"
"32390334","""CompoundDB4j: Integrated Drug Resource of Heterogeneous Chemical Databases.""","False","Y","high","""Integration tool for databases, not a primary database.""","","","16","N","N"
"29745847","""TreeShrink: fast and accurate detection of outlier long branches in collections of phylogenetic trees.""","False","Y","high","""Tool for detection, methodology focused.""","","","16","N","N"
"23677616","""CovalentDock Cloud: a web server for automated covalent docking.""","True","Y","high","""Web server for docking, methodology tool.""","","","16","N","N"
"29903722","""EPIGEN-Brazil Initiative resources: a Latin American imputation panel and the Scientific Workflow.""","False","Y","high","""Resources and workflow, infrastructure not data repository.""","","","16","N","N"
"22638586","""Super: a web server to rapidly screen superposable oligopeptide fragments from the protein data bank.""","True","Y","high","""Web server for screening, methodology tool.""","","","16","N","N"
"22328782","""Spliceman--a computational web server that predicts sequence variations in pre-mRNA splicing.""","True","Y","high","""Web server for prediction, methodology tool.""","","","16","N","N"
"29590303","""SPV: a JavaScript Signaling Pathway Visualizer.""","False","Y","high","""Pathway visualizer tool, pure software.""","","","16","N","N"
"27082112","""Infinity: An In-Silico Tool for Genome-Wide Prediction of Specific DNA Matrices in miRNA Genomic Loci.""","False","Y","high","""Tool for prediction, methodology focused.""","","","16","N","N"
"29124719","""MorphoLex: A derivational morphological database for 70,000 English words.""","False","Y","high","""Morphological database for linguistics, not a bioresource.""","","","16","N","N"
"25160262","""TeamTreat--a communication platform for concerted cancer treatment.""","False","Y","high","""Communication platform, infrastructure tool.""","","","16","N","N"
"27105845","""Companion: a web server for annotation and analysis of parasite genomes.""","True","Y","high","""Web server for annotation, methodology tool.""","","","16","N","N"
"28498928","""E2FM: an encrypted and compressed full-text index for collections of genomic sequences.""","False","Y","high","""Index tool for genomic sequences, methodology focused.""","","","16","N","N"
"29371513","""Rationale for the Cytogenomics of Cardiovascular Malformations Consortium: A Phenotype Intensive Registry Based Approach.""","False","Y","high","""Rationale for consortium registry, not the registry itself.""","","","16","N","N"
"29843599","""JCDSA: a joint covariate detection tool for survival analysis on tumor expression profiles.""","True","Y","high","""Tool for survival analysis, methodology focused.""","","","16","N","N"
"26422234","""PATBox: A Toolbox for Classification and Analysis of P-Type ATPases.""","True","Y","high","""Toolbox for classification, methodology tool.""","","","16","N","N"
"29091991","""Predicting protein-DNA binding free energy change upon missense mutations using modified MM/PBSA approach: SAMPDI webserver.""","True","Y","high","""Webserver for prediction, methodology tool.""","","","16","N","N"
"22536960","""Argot2: a large scale function prediction tool relying on semantic similarity of weighted Gene Ontology terms.""","True","Y","high","""Tool for function prediction, methodology focused.""","","","16","N","N"
"24927477","""RAMClust: a novel feature clustering method enables spectral-matching-based annotation for metabolomics data.""","False","Y","high","""Clustering method for annotation, methodology focused.""","","","16","N","N"
"32818262","""CARE: context-aware sequencing read error correction.""","False","Y","high","""Tool for error correction, methodology focused.""","","","16","N","N"
"29688387","""SNPversity: a web-based tool for visualizing diversity.""","True","Y","high","""Tool for visualizing, methodology focused.""","","","16","N","N"
"23766418","""Metingear: a development environment for annotating genome-scale metabolic models.""","False","Y","high","""Development environment for annotation, methodology tool.""","","","16","N","N"
"27787818","""Predicting Protein Secondary Structure Using Consensus Data Mining (CDM) Based on Empirical Statistics and Evolutionary Information.""","True","Y","high","""Tool for prediction, methodology focused.""","","","16","N","N"
"21471009","""EpiGPU: exhaustive pairwise epistasis scans parallelized on consumer level graphics cards.""","False","Y","high","""Tool for epistasis scans, methodology focused.""","","","16","N","N"
"24158806","""GPCR & company: databases and servers for GPCRs and interacting partners.""","False","Y","high","""Review of databases and servers, not introducing new resource.""","","","16","N","N"
"33408362","""'CTRL': an online, Dynamic Consent and participant engagement platform working towards solving the complexities of consent in genomic research.""","False","Y","high","""Consent management platform, infrastructure tool.""","","","16","N","N"
"""28073756"," 28130242"",""Feature selection using a one dimensional naïve Bayes' classifier increases the accuracy of support vector machine classification of CDR3 repertoires.""","True","Y","high","""Methodology for feature selection, not a data repository.""","","","16","N","N"
"25787233","""Functional dissection of virus-human crosstalk mediated by miRNAs based on the VmiReg database.""","False","Y","high","""Analysis based on VmiReg database, not VmiReg itself.""","","","16","N","N"
"31735708","[Development and application of the plant phenomics analysis platform].","False","Y","high","""Development of analysis platform, methodology tool.""","","","16","N","N"
"27837568","""Psynteract: A flexible, cross-platform, open framework for interactive experiments.""","False","Y","high","""Framework for experiments, experimental infrastructure.""","","","16","N","N"
"29028890","""MALDIrppa: quality control and robust analysis for mass spectrometry data.""","True","Y","high","""Tool for quality control and analysis, methodology focused.""","","","16","N","N"
"25058807","""Online quantitative proteomics p-value calculator for permutation-based statistical testing of peptide ratios.""","True","Y","high","""Calculator tool, methodology focused.""","","","16","N","N"
"30769289","The end user sensor tree: An end-user friendly sensor database.","False","Y","high","""Sensor database for IoT, not a bioresource.""","","","16","N","N"
"33009724","""New frontiers in translational research: Touchscreens, open science, and the mouse translational research accelerator platform.""","False","Y","high","""Discussion of research platform, not the platform itself.""","","","16","N","N"
"27208273","""Genome-Wide Inference of Protein-Protein Interaction Networks Identifies Crosstalk in Abscisic Acid Signaling.""","True","Y","high","""Methodology for network inference, not a data repository.""","","","16","N","N"
"28180317","""IMHOTEP-a composite score integrating popular tools for predicting the functional consequences of non-synonymous sequence variants.""","True","Y","high","""Tool for prediction, methodology focused.""","","","16","N","N"
"29440763","""RHYTHM: An Open Source Imaging Toolkit for Cardiac Panoramic Optical Mapping.""","False","Y","high","""Imaging toolkit, pure software tool.""","","","16","N","N"
"27295093","""DrugQuest - a text mining workflow for drug association discovery.""","True","Y","high","""Text mining workflow, methodology tool.""","","","16","N","N"
"28961788","""FAF-Drugs4: free ADME-tox filtering computations for chemical biology and early stages drug discovery.""","True","Y","high","""Tool for filtering computations, methodology focused.""","","","16","N","N"
"27678460","""MeSHDD: Literature-based drug-drug similarity for drug repositioning.""","True","Y","high","""Tool for calculating similarity, methodology focused.""","","","16","N","N"
"31860024","""LPM: a latent probit model to characterize the relationship among complex traits using summary statistics from multiple GWASs and functional annotations.""","False","Y","high","""Statistical model, methodology focused.""","","","16","N","N"
"23802613","""Rainbow: a tool for large-scale whole-genome sequencing data analysis using cloud computing.""","True","Y","high","""Tool for data analysis, methodology focused.""","","","16","N","N"
"33297954","""iDPGK: characterization and identification of lysine phosphoglycerylation sites based on sequence-based features.""","True","Y","high","""Tool for identification, methodology focused.""","","","16","N","N"
"34838134","""MERMAID: an open source automated hit-to-lead method based on deep reinforcement learning.""","False","Y","high","""Method based on deep learning, methodology focused.""","","","16","N","N"
"32604589","""Evidence-Based Health Intelligence with Globally Localized Epidemic Knowledge Base: Merging Pathological Data, Socio-Environmental Data and Intervention Knowledge Data.""","False","Y","high","""Framework for health intelligence, methodology focused.""","","","16","N","N"
"25352731","""TargetCompare: A web interface to compare simultaneous miRNAs targets.""","True","Y","high","""Tool for comparison, methodology focused.""","","","16","N","N"
"26415725","""XPIWIT--an XML pipeline wrapper for the Insight Toolkit.""","False","Y","high","""Pipeline wrapper, pure software tool.""","","","16","N","N"
"32369554","""HiC-Hiker: a probabilistic model to determine contig orientation in chromosome-length scaffolds with Hi-C.""","False","Y","high","""Probabilistic model tool, methodology focused.""","","","16","N","N"
"25644269","""ClassifyR: an R package for performance assessment of classification with applications to transcriptomics.""","True","Y","high","""R package for classification, pure software tool.""","","","16","N","N"
"22732681","""PoseShop: human image database construction and personalized content synthesis.""","False","Y","high","""Image database for computer vision, not a bioresource.""","","","16","N","N"
"31860715","""Convolutional neural network-based annotation of bacterial type IV secretion system effectors with enhanced accuracy and reduced false discovery.""","True","Y","high","""Tool for annotation using CNN, methodology focused.""","","","16","N","N"
"30590391","""Curse: building expression atlases and co-expression networks from public RNA-Seq data.""","True","Y","high","""Tool for building atlases, methodology focused.""","","","16","N","N"
"27098585","""Identification of genomic sites for CRISPR/Cas9-based genome editing in the Vitis vinifera genome.""","True","Y","high","""Tool for identification of CRISPR sites, methodology focused.""","","","16","N","N"
"28369166","""Cpipe: a comprehensive computational platform for sequence and structure-based analyses of Cysteine residues.""","True","Y","high","""Computational platform for analysis, methodology tool.""","","","16","N","N"
"30355288","""wTO: an R package for computing weighted topological overlap and a consensus network with integrated visualization tool.""","True","Y","high","""R package for computing, pure software tool.""","","","16","N","N"
"25888923","""Neuroimaging data sharing on the neuroinformatics database platform.""","False","Y","high","""Platform for data sharing, infrastructure not primary data repository.""","","","16","N","N"
"25075115","""Retro: concept-based clustering of biomedical topical sets.""","True","Y","high","""Tool for clustering, methodology focused.""","","","16","N","N"
"34074532","""Xenopus as a platform for discovery of genes relevant to human disease.""","False","Y","high","""Review of Xenopus as platform, not a data repository.""","","","16","N","N"
"21651792","Towards an Age-Phenome Knowledge-base.","False","Y","high","""Discussion of knowledge base concept, not the knowledge base itself.""","","","16","N","N"
"24363377","""WiggleTools: parallel processing of large collections of genome-wide datasets for visualization and statistical analysis.""","False","Y","high","""Tool for processing datasets, methodology focused.""","","","16","N","N"
"25910694","""ms-data-core-api: an open-source, metadata-oriented library for computational proteomics.""","False","Y","high","""Software library, pure software tool.""","","","16","N","N"
"29583140","""A Mediterranean coastal database for assessing the impacts of sea-level rise and associated hazards.""","False","Y","high","""Coastal geographic database, not a bioresource.""","","","16","N","N"
"32789660","""subs2vec: Word embeddings from subtitles in 55 languages.""","False","Y","high","""Word embeddings linguistic resource, not a bioresource.""","","","16","N","N"
"22682516","""ROCS: a reproducibility index and confidence score for interaction proteomics studies.""","True","Y","high","""Reproducibility index tool, methodology focused.""","","","16","N","N"
"22752950","""Preparing a Minimum Information about a Flow Cytometry Experiment (MIFlowCyt) compliant manuscript using the International Society for Advancement of Cytometry (ISAC) FCS file repository (FlowRepository.org).""","False","Y","high","""Tutorial on using FlowRepository, not FlowRepository itself.""","","","16","N","N"
"26629530","""The Human Glioblastoma Cell Culture Resource: Validated Cell Models Representing All Molecular Subtypes.""","False","Y","high","""Cell culture resource, experimental resource not data repository.""","","","16","N","N"
"24314033","""Fragment assignment in the cloud with eXpress-D.""","False","Y","high","""Tool for fragment assignment, methodology focused.""","","","16","N","N"
"27287449","""A cluster-based approach to selecting representative stimuli from the International Affective Picture System (IAPS) database.""","False","Y","high","""Methodology for selecting stimuli, not introducing a resource.""","","","16","N","N"
"25161239","""Identification of structural features in chemicals associated with cancer drug response: a systematic data-driven analysis.""","True","Y","high","""Analysis methodology, not a data repository.""","","","16","N","N"
"26059717","BUSCO: assessing genome assembly and annotation completeness with single-copy orthologs.","True","Y","high","Tool for assessing genome assemblies not a data repository","","","17","N","N"
"28379299","Fuento: functional enrichment for bioinformatics.","False","Y","high","Methodology tool for functional enrichment analysis no URL","","","17","N","N"
"25490885","Finding gene regulatory network candidates using the gene expression knowledge base.","False","Y","high","Paper about USING existing knowledge base not describing the resource itself","","","17","N","N"
"23651452","Reconstituting protein interaction networks using parameter-dependent domain-domain interactions.","True","Y","high","Methodology for reconstructing networks not a data repository","","","17","N","N"
"21398667","GeCo++: a C++ library for genomic features computation and annotation in the presence of variants.","True","Y","high","Software library not a data repository","","","17","N","N"
"27587689","SWORD-a highly efficient protein database search.","False","Y","high","Tool for database searching not a database itself","","","17","N","N"
"31924160","LDpop: an interactive online tool to calculate and visualize geographic LD patterns.","True","Y","high","Computational tool not a data repository","","","17","N","N"
"27975283","TMT One-Stop Shop: From Reliable Sample Preparation to Computational Analysis Platform.","False","Y","high","Analysis platform/methodology not a data repository","","","17","N","N"
"21609966","Data mining using the Catalogue of Somatic Mutations in Cancer BioMart.","True","Y","high","Paper about USING COSMIC database not describing the resource","","","17","N","N"
"27573308","Insight: An ontology-based integrated database and analysis platform for epilepsy self-management research.","False","Y","medium","Integration platform is a tool not a data repository","","","17","N","N"
"28181802","pmx Webserver: A User Friendly Interface for Alchemistry.","True","Y","high","Web server tool for computational methods not a database","","","17","N","N"
"32035817","Update on BEI Resources for Parasitology and Arthropod Vector Research.","False","Y","high","Update about physical biological resources not a database","","","17","N","N"
"28785082","""Standardization of electroencephalography for multi-site, multi-platform and multi-investigator studies: insights from the canadian biomarker integration network in depression.""","False","Y","high","Methodology standardization study not a resource","","","17","N","N"
"33649565","Tutorial: assessing metagenomics software with the CAMI benchmarking toolkit.","False","Y","high","Tutorial for using a toolkit not a database","","","17","N","N"
"32449765","HECNet: a hierarchical approach to enzyme function classification using a Siamese Triplet Network.","True","Y","high","Classification method/approach not a data repository","","","17","N","N"
"22626637","The European Virus Archive: a new resource for virology research.","False","Y","high","Physical archive of virus samples not a data resource","","","17","N","N"
"28130688","""AKIpredictor, an online prognostic calculator for acute kidney injury in adult critically ill patients: development, validation and comparison to serum neutrophil gelatinase-associated lipocalin.""","True","Y","high","Prognostic calculator tool not a data repository","","","17","N","N"
"23707624","""Organic small hairpin RNAs (OshR): a do-it-yourself platform for transgene-based gene silencing.""","False","Y","high","Platform/methodology for gene silencing not a database","","","17","N","N"
"27373760","Open for collaboration: an academic platform for drug discovery and development at SciLifeLab.","False","Y","high","Collaborative platform for drug discovery not a database","","","17","N","N"
"30165579","Large-scale comparative analysis of microbial pan-genomes using PanOCT.","False","Y","high","Analysis methodology using a tool not a database","","","17","N","N"
"24643548","Galaxy as a platform for identifying candidate pathogen effectors.","False","Y","high","Using Galaxy platform for analysis not a database","","","17","N","N"
"32510533","Mapping the properties of bidentate ligands with calculated descriptors (LKB-bid).","False","Y","high","Methodology for mapping properties not a database","","","17","N","N"
"23758746","ΔΔPT: a comprehensive toolbox for the analysis of protein motion.","False","Y","high","Toolbox for analysis not a data repository","","","17","N","N"
"29536449","Metabolomics: A High-Throughput Platform for Metabolite Profile Exploration.","False","Y","high","Platform for exploration is methodology not a database","","","17","N","N"
"24990571","Osiris: accessible and reproducible phylogenetic and phylogenomic analyses within the Galaxy workflow management system.","True","Y","high","Workflow system tool not a data repository","","","17","N","N"
"24363380","BiPACE 2D--graph-based multiple alignment for comprehensive 2D gas chromatography-mass spectrometry.","True","Y","high","Alignment tool not a data repository","","","17","N","N"
"28742065","""The research infrastructure of Chinese foundations, a database for Chinese civil society studies.""","False","Y","high","Database for civil society not biology/bioresources","","","17","N","N"
"31442673","Variant Call Format-Diagnostic Annotation and Reporting Tool: A Customizable Analysis Pipeline for Identification of Clinically Relevant Genetic Variants in Next-Generation Sequencing Data.","False","Y","high","Analysis pipeline tool not a database","","","17","N","N"
"31797628","AnomiGAN: Generative Adversarial Networks for Anonymizing Private Medical Data.","False","Y","high","GAN methodology for data anonymization not a database","","","17","N","N"
"25160362","A comprehensive clinical research database based on CDISC ODM and i2b2.","False","Y","high","Infrastructure paper about database implementation not the resource","","","17","N","N"
"21441435","The predicted Arabidopsis interactome resource and network topology-based systems biology analyses.","False","Y","high","Analysis study using predicted interactome not a database announcement","","","17","N","N"
"26231431","HHalign-Kbest: exploring sub-optimal alignments for remote homology comparative modeling.","True","Y","high","Alignment tool for modeling not a database","","","17","N","N"
"23641180","Updating the Micro-Tom TILLING platform.","False","Y","high","Update about TILLING methodology platform not a database","","","17","N","N"
"29718096","GapRepairer: a server to model a structural gap and validate it using topological analysis.","True","Y","high","Modeling tool not a data repository","","","17","N","N"
"30990170","""Smart Toolkit for Fluorescence Tomography: Simulation, Reconstruction, and Validation.""","False","Y","high","Toolkit for simulation not a database","","","17","N","N"
"30615063","""MMseqs2 desktop and local web server app for fast, interactive sequence searches.""","True","Y","high","Search tool application not a database","","","17","N","N"
"29036271","Cancer Hallmarks Analytics Tool (CHAT): a text mining approach to organize and evaluate scientific literature on cancer.","True","Y","high","Text mining tool not a data repository","","","17","N","N"
"31225861","GTShark: genotype compression in large projects.","False","Y","high","Compression methodology not a database","","","17","N","N"
"26925598","""Atlas Regeneration, Inc.""","False","Y","high","Company announcement not a bioresource","","","17","N","N"
"26990089","Modelling Management Practices in Viticulture while Considering Resource Limitations: The Dhivine Model.","False","Y","high","Agricultural modeling study not a database","","","17","N","N"
"33642572","Reannotation of the cultivated strawberry genome and establishment of a strawberry genome database.","False","Y","medium","Reannotation study establishing database not the database itself","","","17","N","N"
"25572717","Pantograph: A template-based method for genome-scale metabolic model reconstruction.","True","Y","high","Method for reconstruction not a database","","","17","N","N"
"25712692","specL--an R/Bioconductor package to prepare peptide spectrum matches for use in targeted proteomics.","True","Y","high","R package tool not a database","","","17","N","N"
"33503255","Nebula: ultra-efficient mapping-free structural variant genotyper.","False","Y","high","Genotyping tool not a database","","","17","N","N"
"24885165","A web-based protein interaction network visualizer.","True","Y","high","Visualization tool not a data repository","","","17","N","N"
"24123674","PLIDA: cross-platform gene expression normalization using perturbed topic models.","True","Y","high","Normalization method not a database","","","17","N","N"
"27153568","Integrated genome browser: visual analytics platform for genomics.","True","Y","high","Visualization platform/browser tool not a data repository","","","17","N","N"
"29709146","[Tumor Data Interacted System Design Based on Grid Platform].","False","Y","high","System design paper not a database announcement","","","17","N","N"
"23303698","STEPS: a grid search methodology for optimized peptide identification filtering of MS/MS database search results.","False","Y","high","Methodology for filtering not a database","","","17","N","N"
"30528447","G4Catchall: A G-quadruplex prediction approach considering atypical features.","True","Y","high","Prediction approach not a database","","","17","N","N"
"31280962","VEGAS as a Platform for Facile Directed Evolution in Mammalian Cells.","False","Y","high","Platform for directed evolution methodology not a database","","","17","N","N"
"32657410","TopicNet: a framework for measuring transcriptional regulatory network change.","False","Y","high","Framework for measurement not a database","","","17","N","N"
"31521110","HH-suite3 for fast remote homology detection and deep protein annotation.","False","Y","high","Tool suite for detection not a database","","","17","N","N"
"29029024","DiversePathsJ: diverse shortest paths for bioimage analysis.","True","Y","high","Tool for bioimage analysis not a database","","","17","N","N"
"22493694","Context-specific protein network miner--an online system for exploring context-specific protein interaction networks from the literature.","True","Y","high","Text mining system not a data repository","","","17","N","N"
"30016509","""MAVIS: merging, annotation, validation, and illustration of structural variants.""","True","Y","high","Tool for variant annotation not a database","","","17","N","N"
"22355227","IGIPT - Integrated genomic island prediction tool.","True","Y","high","Prediction tool not a database","","","17","N","N"
"25183062","Pegasus: a comprehensive annotation and prediction tool for detection of driver gene fusions in cancer.","False","Y","high","Prediction tool not a database","","","17","N","N"
"28225587","""compMS2Miner: An Automatable Metabolite Identification, Visualization, and Data-Sharing R Package for High-Resolution LC-MS Data Sets.""","True","Y","high","R package tool not a database","","","17","N","N"
"29036425","Motif independent identification of potential RNA G-quadruplexes by G4RNA screener.","True","Y","high","Identification tool not a database","","","17","N","N"
"26911524","OntoCR: A CEN/ISO-13606 clinical repository based on ontologies.","False","Y","high","Repository infrastructure implementation not the resource","","","17","N","N"
"23230155","""GATECloud.net: a platform for large-scale, open-source text processing on the cloud.""","False","Y","high","Text processing platform not a database","","","17","N","N"
"25127889","SPARQLGraph: a web-based platform for graphically querying biological Semantic Web databases.","True","Y","high","Query platform tool not a database itself","","","17","N","N"
"31888443","""The H3ABioNet helpdesk: an online bioinformatics resource, enhancing Africa's capacity for genomics research.""","False","Y","high","Helpdesk support service not a database","","","17","N","N"
"26730820","Resource Disambiguator for the Web: Extracting Biomedical Resources and Their Citations from the Scientific Literature.","False","Y","high","Tool for extraction not a database","","","17","N","N"
"28186227","OncoSimulR: genetic simulation with arbitrary epistasis and mutator genes in asexual populations.","True","Y","high","Simulation tool not a database","","","17","N","N"
"29205376","Ensemble gene function prediction database reveals genes important for complex I formation in Arabidopsis thaliana.","False","Y","high","Analysis study using prediction database not database announcement","","","17","N","N"
"24348509","""Blobology: exploring raw genome data for contaminants, symbionts and parasites using taxon-annotated GC-coverage plots.""","False","Y","high","Methodology for exploring data not a database","","","17","N","N"
"33217199","Pan-genome: A promising resource for noncoding RNA discovery in plants.","False","Y","high","Review/perspective on pan-genome resource not a database","","","17","N","N"
"23585030","""Databases in SenseLab for the genomics, proteomics, and function of olfactory receptors.""","False","Y","high","Paper about existing databases not announcing a new resource","","","17","N","N"
"26527850","SynRio: R and Shiny based application platform for cyanobacterial genome analysis.","True","Y","high","Analysis platform/application not a database","","","17","N","N"
"25407802","Using phylogenetically-informed annotation (PIA) to search for light-interacting genes in transcriptomes from non-model organisms.","True","Y","high","Annotation method not a database","","","17","N","N"
"30285760","Genomics of drug sensitivity in bladder cancer: an integrated resource for pharmacogenomic analysis in bladder cancer.","False","Y","high","Analysis study not a database announcement","","","17","N","N"
"27099397","The Hybrid Mouse Diversity Panel: a resource for systems genetics analyses of metabolic and cardiovascular traits.","False","Y","high","Physical mouse panel resource not a data repository","","","17","N","N"
"24278254","PD5: a general purpose library for primer design software.","False","Y","high","Software library not a database","","","17","N","N"
"26221624","FoodWiki: Ontology-Driven Mobile Safe Food Consumption System.","False","Y","high","Mobile system application not a database","","","17","N","N"
"27587635","The Epi Info Viral Hemorrhagic Fever (VHF) Application: A Resource for Outbreak Data Management and Contact Tracing in the 2014-2016 West Africa Ebola Epidemic.","False","Y","high","Application for data management not a database","","","17","N","N"
"30696439","DRAP: a toolbox for drug response analysis and visualization tailored for preclinical drug testing on patient-derived xenograft models.","False","Y","high","Toolbox for analysis not a database","","","17","N","N"
"24375079","Scaffold mining of kinase hinge binders in crystal structure database.","False","Y","high","Mining methodology not a database announcement","","","17","N","N"
"32236111","Resource-efficient bio-inspired visual processing on the hexapod walking robot HECTOR.","False","Y","high","Robotics visual processing methodology not a database","","","17","N","N"
"27827988","The European Classical Swine Fever Virus Database: Blueprint for a Pathogen-Specific Sequence Database with Integrated Sequence Analysis Tools.","False","Y","medium","Blueprint/plan for database not the database itself","","","17","N","N"
"34819397","Q-omics: Smart Software for Assisting Oncology and Cancer Research.","True","Y","high","Software for analysis not a database","","","17","N","N"
"32433626","Assessing motor-related phenotypes of Caenorhabditis elegans with the wide field-of-view nematode tracking platform.","False","Y","high","Tracking platform methodology not a database","","","17","N","N"
"30535020","Lilikoi: an R package for personalized pathway-based classification modeling using metabolomics data.","True","Y","high","R package for modeling not a database","","","17","N","N"
"23266520","Infectome: a platform to trace infectious triggers of autoimmunity.","False","Y","high","Tracing platform methodology not a database","","","17","N","N"
"22954633","Mendel-GPU: haplotyping and genotype imputation on graphics processing units.","False","Y","high","Imputation methodology on GPU not a database","","","17","N","N"
"30059721","The European Virus Archive goes global: A growing resource.","False","Y","high","Physical archive not a data repository","","","17","N","N"
"31288758","CRA toolbox: software package for conditional robustness analysis of cancer systems biology models in MATLAB.","True","Y","high","Software toolbox not a database","","","17","N","N"
"34629071","CoolBox: a flexible toolkit for visual analysis of genomics data.","False","Y","high","Visualization toolkit not a database","","","17","N","N"
"21824971","FDM: a graph-based statistical method to detect differential transcription using RNA-seq data.","True","Y","high","Statistical method not a database","","","17","N","N"
"26258816","Mining for Murder-Suicide: An Approach to Identifying Cases of Murder-Suicide in the National Violent Death Reporting System Restricted Access Database.","False","Y","high","Mining methodology not a database announcement","","","17","N","N"
"33165998","Nanodiscs: A toolkit for membrane protein science.","False","Y","high","Methodology toolkit not a database","","","17","N","N"
"25758402","Hi-Jack: a novel computational framework for pathway-based inference of host-pathogen interactions.","True","Y","high","Computational framework not a database","","","17","N","N"
"26628587","IKAP: A heuristic framework for inference of kinase activities from Phosphoproteomics data.","False","Y","high","Framework for inference not a database","","","17","N","N"
"23537208","Discovery-2: an interactive resource for the rational selection and comparison of putative drug target proteins in malaria.","False","Y","high","Selection resource/tool not a data repository","","","17","N","N"
"31026264","ERP: An elastic resource provisioning approach for cloud applications.","False","Y","high","Cloud computing methodology not a bioresource","","","17","N","N"
"25895059","PRESTO-Tango as an open-source resource for interrogation of the druggable human GPCRome.","False","Y","high","Physical resource/method not a data repository","","","17","N","N"
"26559506","WormExp: a web-based application for a Caenorhabditis elegans-specific gene expression enrichment analysis.","True","Y","high","Analysis application not a database","","","17","N","N"
"25196432","nDNA-Prot: identification of DNA-binding proteins based on unbalanced classification.","True","Y","high","Classification method not a database","","","17","N","N"
"25580221","The BioJS article collection of open source components for biological data visualisation.","False","Y","high","Collection of software components not a database","","","17","N","N"
"33897984","AMR-Diag: Neural network based genotype-to-phenotype prediction of resistance towards β-lactams in <i>Escherichia coli</i> and <i>Klebsiella pneumoniae</i>.","False","Y","high","Prediction method not a database","","","17","N","N"
"25431302","CAR: contig assembly of prokaryotic draft genomes using rearrangements.","True","Y","high","Assembly tool not a database","","","17","N","N"
"31042764","The Stress-Chip: A microfluidic platform for stress analysis in Caenorhabditis elegans.","False","Y","high","Microfluidic platform device not a database","","","17","N","N"
"28664183","The Virtual Mouse Brain: A Computational Neuroinformatics Platform to Study Whole Mouse Brain Dynamics.","False","Y","high","Computational platform for modeling not a database","","","17","N","N"
"26781368","DNA barcoding of fungi causing infections in humans and animals.","True","Y","medium","Methodology study on DNA barcoding not database announcement","","","17","N","N"
"24064416","BioServices: a common Python package to access biological Web Services programmatically.","True","Y","high","Python package for accessing services not a database","","","17","N","N"
"23014715","A virtual imaging platform for multi-modality medical image simulation.","True","Y","high","Simulation platform not a database","","","17","N","N"
"28172495","LDAP: a web server for lncRNA-disease association prediction.","True","Y","high","Prediction web server not a database","","","17","N","N"
"31409798","""PlatformTM, a standards-based data custodianship platform for translational medicine research.""","False","Y","high","Data custodianship platform infrastructure not a database","","","17","N","N"
"21994219","The Infobiotics Workbench: an integrated in silico modelling platform for Systems and Synthetic Biology.","True","Y","high","Modeling platform tool not a database","","","17","N","N"
"23736530","Whole-Genome rVISTA: a tool to determine enrichment of transcription factor binding sites in gene promoters from transcriptomic data.","True","Y","high","Tool for enrichment analysis not a database","","","17","N","N"
"31452088","Bolt: a New Age Peptide Search Engine for Comprehensive MS/MS Sequencing Through Vast Protein Databases in Minutes.","False","Y","high","Search engine tool not a database itself","","","17","N","N"
"33515234","Enzyme Promiscuity Prediction Using Hierarchy-Informed Multi-Label Classification.","False","Y","high","Prediction method not a database","","","17","N","N"
"22931062","The simple fool's guide to population genomics via RNA-Seq: an introduction to high-throughput sequencing data analysis.","True","Y","high","Tutorial/guide not a database","","","17","N","N"
"26685308","MSAcquisitionSimulator: data-dependent acquisition simulator for LC-MS shotgun proteomics.","False","Y","high","Simulator tool not a database","","","17","N","N"
"24389656","Socrates: identification of genomic rearrangements in tumour genomes by re-aligning soft clipped reads.","True","Y","high","Identification tool not a database","","","17","N","N"
"26122086","A user-friendly workflow for analysis of Illumina gene expression bead array data available at the arrayanalysis.org portal.","True","Y","high","Workflow for analysis not a database","","","17","N","N"
"29491378","Nanodroplet processing platform for deep and quantitative proteome profiling of 10-100 mammalian cells.","False","Y","high","Processing platform methodology not a database","","","17","N","N"
"22856879","A web-based multi-genome synteny viewer for customized data.","True","Y","high","Viewer tool not a database","","","17","N","N"
"27694195","Combining multiple tools outperforms individual methods in gene set enrichment analyses.","True","Y","high","Method comparison study not a database","","","17","N","N"
"27572735","Databases and Archiving for CryoEM.","False","Y","high","Review of databases not a database announcement","","","17","N","N"
"29236977","gene2drug: a computational tool for pathway-based rational drug repositioning.","True","Y","high","Computational tool not a database","","","17","N","N"
"33680356","Maize specialized metabolome networks reveal organ-preferential mixed glycosides.","True","Y","medium","Analysis study not database announcement URL is results page","","","17","N","N"
"30873531","Lemon: a framework for rapidly mining structural information from the Protein Data Bank.","False","Y","high","Framework for mining not a database","","","17","N","N"
"24369152","Discriminative motif optimization based on perceptron training.","True","Y","high","Optimization method not a database","","","17","N","N"
"30414112","The GFF3toolkit: QC and Merge Pipeline for Genome Annotation.","False","Y","high","Pipeline tool not a database","","","17","N","N"
"21761247","Application of China's National Forest Continuous Inventory database.","False","Y","high","Application study using existing database not database announcement","","","17","N","N"
"31861980","BISR-RNAseq: an efficient and scalable RNAseq analysis workflow with interactive report generation.","True","Y","high","Analysis workflow not a database","","","17","N","N"
"23204843","Connecting research discovery with care delivery in dementia: the development of the Indianapolis Discovery Network for Dementia.","True","Y","medium","Network development not a database per se","","","17","N","N"
"22144199","MicroRNA expression analysis using the Illumina microRNA-Seq Platform.","False","Y","high","Methodology for expression analysis not a database","","","17","N","N"
"25634285","Cell energy budget platform for assessment of cell metabolism.","False","Y","high","Assessment platform methodology not a database","","","17","N","N"
"24223923","Viral IRES prediction system - a web server for prediction of the IRES secondary structure in silico.","True","Y","high","Prediction system not a database","","","17","N","N"
"26082805","A practical Java tool for small-molecule compound appraisal.","True","Y","high","Java tool not a database","","","17","N","N"
"30619195","Anti-flavi: A Web Platform to Predict Inhibitors of <i>Flaviviruses</i> Using QSAR and Peptidomimetic Approaches.","True","Y","high","Prediction platform not a database","","","17","N","N"
"23307863","The Advanced REACH Tool (ART): incorporation of an exposure measurement database.","False","Y","high","Tool incorporating database not database announcement","","","17","N","N"
"29897235","PDB2ENTROPY and PDB2TRENT: Conformational and Translational-Rotational Entropy from Molecular Ensembles.","False","Y","high","Tools for entropy calculation not a database","","","17","N","N"
"23269503","""Human intestinal transporter database: QSAR modeling and virtual profiling of drug uptake, efflux and interactions.""","False","Y","high","QSAR modeling methodology not database announcement","","","17","N","N"
"21609960","The PETfold and PETcofold web servers for intra- and intermolecular structures of multiple RNA sequences.","True","Y","high","Web server tool not a database","","","17","N","N"
"33163370","Methodology for development of a data and knowledge base for learning from existing nature-based solutions in Europe: The CONNECTING Nature project.","False","Y","high","Methodology paper not database announcement","","","17","N","N"
"28248192","Construction of crystal structure prototype database: methods and applications.","False","Y","high","Methods paper not database announcement","","","17","N","N"
"24753490","Rgb: a scriptable genome browser for R.","True","Y","high","Browser tool not a database","","","17","N","N"
"26382193","ICT: isotope correction toolbox.","False","Y","high","Toolbox not a database","","","17","N","N"
"31013291","Request a woman scientist: A database for diversifying the public face of science.","False","Y","high","Database of scientists not biological data","","","17","N","N"
"30854545","Brain annotation toolbox: exploring the functional and genetic associations of neuroimaging results.","True","Y","high","Toolbox for analysis not a database","","","17","N","N"
"26483015","Pathogen Gene Expression Profiling During Infection Using a Nanostring nCounter Platform.","False","Y","high","Expression profiling methodology not a database","","","17","N","N"
"31570119","""DeepPoseKit, a software toolkit for fast and robust animal pose estimation using deep learning.""","False","Y","high","Software toolkit not a database","","","17","N","N"
"24823498","RNAbrowse: RNA-Seq de novo assembly results browser.","True","Y","high","Browser tool not a database","","","17","N","N"
"29089861","""Disease control programme support costs: an update of WHO-CHOICE methodology, price databases and quantity assumptions.""","False","Y","high","Methodology update not a database announcement","","","17","N","N"
"23324024","The taxonomic name resolution service: an online tool for automated standardization of plant names.","True","Y","high","Name standardization tool not a database","","","17","N","N"
"29036616","DeepLoc: prediction of protein subcellular localization using deep learning.","True","Y","high","Prediction tool not a database","","","17","N","N"
"29557976","""U-Index, a dataset and an impact metric for informatics tools and databases.""","False","Y","high","Impact metric methodology not a database announcement","","","17","N","N"
"24392115","Automatic context-specific subnetwork discovery from large interaction networks.","False","Y","high","Discovery method not a database","","","17","N","N"
"24661215","Chemical & RNAi screening at MSKCC: a collaborative platform to discover & repurpose drugs to fight disease.","False","Y","high","Screening platform methodology not a database","","","17","N","N"
"22751211","Taking the next step: building an Arabidopsis information portal.","False","Y","high","Portal building project not database announcement","","","17","N","N"
"21749974","The PhenX Toolkit: get the most from your measures.","False","Y","high","Toolkit for measurements not a database","","","17","N","N"
"29228186","Aether: leveraging linear programming for optimal cloud computing in genomics.","True","Y","high","Cloud computing methodology not a database","","","17","N","N"
"30533715","Draft Genome Sequences of the Escherichia coli Reference (ECOR) Collection.","False","Y","high","Genome sequence announcement not database description","","","17","N","N"
"25609798","KMC 2: fast and resource-frugal k-mer counting.","False","Y","high","Counting tool not a database","","","17","N","N"
"28451689","""A Randomized Trial Comparing Classical Participatory Design to VandAID, an Interactive CrowdSourcing Platform to Facilitate User-centered Design.""","False","Y","high","Design methodology trial not a database","","","17","N","N"
"31794014","Wikipedia: Why is the common knowledge resource still neglected by academics?","False","Y","high","Commentary about Wikipedia not a bioresource","","","17","N","N"
"23218953","A curated public database for multilocus sequence typing (MLST) and analysis of Haemophilus parasuis based on an optimized typing scheme.","False","Y","medium","Paper about database implementation not database announcement","","","17","N","N"
"22907343","Use of IMGT(®) databases and tools for antibody engineering and humanization.","True","Y","high","Paper about USING IMGT not database announcement","","","17","N","N"
"24188205","DrugMint: a webserver for predicting and designing of drug-like molecules.","True","Y","high","Prediction webserver not a database","","","17","N","N"
"22621371","Comparing thousands of circular genomes using the CGView Comparison Tool.","True","Y","high","Comparison tool not a database","","","17","N","N"
"21784346","Building an integrated neurodegenerative disease database at an academic health center.","False","Y","high","Building/implementation paper not database announcement","","","17","N","N"
"22587916","Use of the University of Minnesota Biocatalysis/Biodegradation Database for study of microbial degradation.","False","Y","high","Paper about USING database not database announcement","","","17","N","N"
"31960040","Tripal EUtils: a Tripal module to increase exchange and reuse of genome assembly metadata.","False","Y","high","Software module not a database","","","17","N","N"
"34020544","Ori-Finder 3: a web server for genome-wide prediction of replication origins in Saccharomyces cerevisiae.","True","Y","high","Prediction web server not a database","","","17","N","N"
"31228198","DEUS: an R package for accurate small RNA profiling based on differential expression of unique sequences.","True","Y","high","R package tool not a database","","","17","N","N"
"24676684","ALMOST: an all atom molecular simulation toolkit for protein structure determination.","True","Y","high","Simulation toolkit not a database","","","17","N","N"
"22522224","Genome structure determination via 3C-based data integration by the Integrative Modeling Platform.","True","Y","high","Modeling platform tool not a database","","","17","N","N"
"21926122","MapReduce implementation of a hybrid spectral library-database search method for large-scale peptide identification.","True","Y","high","Search method implementation not a database","","","17","N","N"
"23918250","Scaffold network generator: a tool for mining molecular structures.","True","Y","high","Generator tool not a database","","","17","N","N"
"28973466","""Genome contact map explorer: a platform for the comparison, interactive visualization and analysis of genome contact maps.""","False","Y","high","Visualization platform tool not a database","","","17","N","N"
"32901046","""Materials Cloud, a platform for open computational science.""","False","Y","high","Materials science platform not a bioresource","","","17","N","N"
"32897077","Development of an Ocean Protein Portal for Interactive Discovery and Education.","False","Y","high","Development/educational portal not a research database","","","17","N","N"
"23148484","Oculus: faster sequence alignment by streaming read compression.","False","Y","high","Alignment tool not a database","","","17","N","N"
"31420444","Estimation of Plant and Canopy Architectural Traits Using the Digital Plant Phenotyping Platform.","False","Y","high","Estimation methodology not a database","","","17","N","N"
"25935118","Gene network coherence based on prior knowledge using direct and indirect relationships.","True","Y","high","Network analysis method not a database","","","17","N","N"
"24824503","""United States National Sewage Sludge Repository at Arizona State University--a new resource and research tool for environmental scientists, engineers, and epidemiologists.""","False","Y","high","Physical sample repository not a data repository","","","17","N","N"
"28724111","Agricultural Conservation Planning Framework: 3. Land Use and Field Boundary Database Development and Structure.","False","Y","high","Framework paper about database development not database announcement","","","17","N","N"
"28775737","""Assessment of Genetic Diversity and Structure of Large Garlic (<i>Allium sativum</i>) Germplasm Bank, by Diversity Arrays Technology """"Genotyping-by-Sequencing"""" Platform (DArTseq).""","False","Y","high","Assessment study not a database","","","17","N","N"
"28378543","""Towards Actualizing the Value Potential of Korea Health Insurance Review and Assessment (HIRA) Data as a Resource for Health Research: Strengths, Limitations, Applications, and Strategies for Optimal Use of HIRA Data.""","False","Y","high","Analysis of existing resource not database announcement","","","17","N","N"
"22257667","FX: an RNA-Seq analysis tool on the cloud.","True","Y","high","Analysis tool not a database","","","17","N","N"
"31165141","Scaling tree-based automated machine learning to biomedical big data with a feature set selector.","False","Y","high","Machine learning methodology not a database","","","17","N","N"
"33975339","WDNE: an integrative graphical model for inferring differential networks from multi-platform gene expression data with missing values.","False","Y","high","Inference model not a database","","","17","N","N"
"24792048","A protocol for visual analysis of alternative splicing in RNA-Seq data using integrated genome browser.","True","Y","high","Protocol using existing tool not a database","","","17","N","N"
"32065562","Draft Genome Sequence of '<i>Candidatus</i> Phytoplasma pini'-Related Strain MDPP: A Resource for Comparative Genomics of Gymnosperm-Infecting Phytoplasmas.","False","Y","high","Genome sequence announcement not database description","","","17","N","N"
"34136886","<i>Trialstreamer</i>: Mapping and Browsing Medical Evidence in Real-Time.","False","Y","high","Browsing/mapping tool not a database per se","","","17","N","N"
"30345971","""Affinity capture of polyribosomes followed by RNAseq (ACAPseq), a discovery platform for protein-protein interactions.""","False","Y","high","Discovery methodology platform not a database","","","17","N","N"
"30401722","Long-Read Annotation: Automated Eukaryotic Genome Annotation Based on Long-Read cDNA Sequencing.","False","Y","high","Annotation methodology not a database","","","17","N","N"
"30211979","VTX-1 Liquid Biopsy System for Fully-Automated and Label-Free Isolation of Circulating Tumor Cells with Automated Enumeration by BioView Platform.","False","Y","high","Laboratory system not a database","","","17","N","N"
"32998456","Toolbox Accelerating Glycomics (TAG): Glycan Annotation from MALDI-TOF MS Spectra and Mapping Expression Variation to Biosynthetic Pathways.","False","Y","high","Toolbox for annotation not a database","","","17","N","N"
"26034559","Region Evolution eXplorer - A tool for discovering evolution trends in ontology regions.","True","Y","high","Discovery tool not a database","","","17","N","N"
"29718202","The global catalogue of microorganisms 10K type strain sequencing project: closing the genomic gaps for the validly published prokaryotic and fungi species.","False","Y","high","Sequencing project description not database announcement","","","17","N","N"
"23631706","""Quality control, analysis and secure sharing of Luminex® immunoassay data using the open source LabKey Server platform.""","True","Y","high","Platform for data management not a database itself","","","17","N","N"
"29069300","ROSC-Pred: web-service for rodent organ-specific carcinogenicity prediction.","True","Y","high","Prediction web-service not a database","","","17","N","N"
"23526262","Existing data sources for clinical epidemiology: the Danish Quality Database of Mammography Screening.","False","Y","high","Review of existing data source not database announcement","","","17","N","N"
"32159001","Mining and Planetary Health: A <i>GeoHealth</i>-Led Special Collection.","False","Y","high","Special collection commentary not a database","","","17","N","N"
"27797766","yMap: an automated method to map yeast variants to protein modifications and functional regions.","False","Y","high","Mapping method not a database","","","17","N","N"
"22121503","""The unique rht-MOF platform, ideal for pinpointing the functionalization and CO2 adsorption relationship.""","False","Y","high","Materials science platform not a bioresource","","","17","N","N"
"26277116","Development of a large-scale neuroimages and clinical variables data atlas in the neuGRID4You (N4U) project.","False","Y","medium","Development project not database announcement","","","17","N","N"
"25990723","MS2PIP prediction server: compute and visualize MS2 peak intensity predictions for CID and HCD fragmentation.","True","Y","high","Prediction server not a database","","","17","N","N"
"31396911","Modeling Biological Complexes Using Integrative Modeling Platform.","True","Y","high","Modeling platform tool not a database","","","17","N","N"
"22291167","Mining Arabidopsis thaliana RNA-seq data with Integrated Genome Browser reveals stress-induced alternative splicing of the putative splicing regulator SR45a.","False","Y","high","Mining study not a database announcement","","","17","N","N"
"29765358","""GET_PHYLOMARKERS, a Software Package to Select Optimal Orthologous Clusters for Phylogenomics and Inferring Pan-Genome Phylogenies, Used for a Critical Geno-Taxonomic Revision of the Genus <i>Stenotrophomonas</i>.""","True","Y","high","Software package tool not a database","","","17","N","N"
"32546588","Rapid urban health security assessment tool: a new resource for evaluating local-level public health preparedness.","False","Y","high","Assessment tool not a database","","","17","N","N"
"23878338","The community resource management area mechanism: a strategy to manage African forest resources for REDD+.","False","Y","high","Management strategy not a database","","","17","N","N"
"31093654","Hayai-Annotation Plants: an ultra-fast and comprehensive functional gene annotation system in plants.","False","Y","high","Annotation system not a database","","","17","N","N"
"33438699","Microliter ultrafast centrifuge platform for size-based particle and cell separation and extraction using novel omnidirectional spiral surface acoustic waves.","False","Y","high","Centrifuge platform device not a database","","","17","N","N"
"31917401","contamDE-lm: linear model-based differential gene expression analysis using next-generation RNA-seq data from contaminated tumor samples.","False","Y","high","Analysis method not a database","","","17","N","N"
"28369191","The RNASeq-er API-a gateway to systematically updated analysis of public RNA-seq data.","True","Y","high","API gateway not a database itself","","","17","N","N"
"21555374","SWOG Cooperative Group biorepository resource: access for scientific research studies.","False","Y","high","Physical biorepository not a data repository","","","17","N","N"
"29511258","BASIS: High-performance bioinformatics platform for processing of large-scale mass spectrometry imaging data in chemically augmented histology.","False","Y","high","Processing platform not a database","","","17","N","N"
"27596593","Order restricted inference for oscillatory systems for detecting rhythmic signals.","True","Y","high","Inference methodology not a database","","","17","N","N"
"33592504","TAP 1.0: A robust immunoinformatic tool for the prediction of tumor T-cell antigens based on AAindex properties.","True","Y","high","Prediction tool not a database","","","17","N","N"
"""25717196"," 30014462"",Automated benchmarking of peptide-MHC class I binding predictions.","True","Y","high","Benchmarking tool not a database","","","17","N","N"
"21489225","Processing SPARQL queries with regular expressions in RDF databases.","False","Y","high","Query processing methodology not a database","","","17","N","N"
"34723794","Fast and accurate annotation of acoustic signals with deep neural networks.","False","Y","high","Annotation methodology not a database","","","17","N","N"
"27603574","Palindrome analyser - A new web-based server for predicting and evaluating inverted repeats in nucleotide sequences.","True","Y","high","Prediction server not a database","","","17","N","N"
"25909630","MXS-Chaining: A Highly Efficient Cloning Platform for Imaging and Flow Cytometry Approaches in Mammalian Systems.","False","Y","high","Cloning platform methodology not a database","","","17","N","N"
"29226381","A robust and powerful two-step testing procedure for local ancestry adjusted allelic association analysis in admixed populations.","True","Y","high","Testing procedure not a database","","","17","N","N"
"31349307","Phenotyping UK Electronic Health Records from 15 Million Individuals for Precision Medicine: The CALIBER Resource.","False","Y","high","Phenotyping study not database announcement","","","17","N","N"
"31313535","Co-occurring defect analysis: A platform for analyzing birth defect co-occurrence in registries.","False","Y","high","Analysis platform not a database","","","17","N","N"
"25826379","UK biobank: an open access resource for identifying the causes of a wide range of complex diseases of middle and old age.","False","Y","high","Physical biobank resource not a data repository per se","","","17","N","N"
"24454733","Deriving a mutation index of carcinogenicity using protein structure and protein interfaces.","True","Y","high","Index derivation method not a database","","","17","N","N"
"26473729","Gene-Set Local Hierarchical Clustering (GSLHC)--A Gene Set-Based Approach for Characterizing Bioactive Compounds in Terms of Biological Functional Groups.","True","Y","high","Clustering approach not a database","","","17","N","N"
"29635297","Genome Annotation Generator: a simple tool for generating and correcting WGS annotation tables for NCBI submission.","False","Y","high","Generation tool not a database","","","17","N","N"
"31863748","ClusPro LigTBM: Automated Template-based Small Molecule Docking.","True","Y","high","Docking tool not a database","","","17","N","N"
"29264813","""Discovery of Surface Target Proteins Linking Drugs, Molecular Markers, Gene Regulation, Protein Networks, and Disease by Using a Web-Based Platform Targets-search.""","False","Y","high","Discovery platform tool not a database","","","17","N","N"
"28011777","Expanding the toolkit for membrane protein modeling in Rosetta.","True","Y","high","Toolkit expansion not a database","","","17","N","N"
"31769834","The Sickle Cell Disease Ontology: enabling universal sickle cell-based knowledge representation.","False","Y","high","Ontology development not a database","","","17","N","N"
"22464351","A platform for dynamic simulation and control of movement based on OpenSim and MATLAB.","False","Y","high","Simulation platform not a database","","","17","N","N"
"29476519","EndoProteoFASP as a Tool to Unveil the Peptidome-Protease Profile: Application to Salivary Diagnostics.","True","Y","high","Tool/methodology not a database","","","17","N","N"
"30066656","Query-constraint-based mining of association rules for exploratory analysis of clinical datasets in the National Sleep Research Resource.","False","Y","high","Mining methodology not a database","","","17","N","N"
"24131510","Harvest: an open platform for developing web-based biomedical data discovery and reporting applications.","True","Y","high","Platform for developing applications not a database","","","17","N","N"
"31073612","The RNA workbench 2.0: next generation RNA data analysis.","True","Y","high","Workbench for analysis not a database","","","17","N","N"
"23092419","Evaluation: theoretical underpinnings and web resources.","False","Y","high","Theoretical evaluation paper not a database","","","17","N","N"
"29878154","TAM 2.0: tool for MicroRNA set analysis.","True","Y","high","Tool for analysis not a database","","","17","N","N"
"26703809","Advancing the global proteome survey platform by using an oriented single chain antibody fragment immobilization approach.","False","Y","high","Platform advancement methodology not a database","","","17","N","N"
"31706268","Genome-wide prediction and prioritization of human aging genes by data fusion: a machine learning approach.","True","Y","high","Prediction approach not a database","","","17","N","N"
"31290943","Cooler: scalable storage for Hi-C data and other genomically labeled arrays.","False","Y","high","Storage format/tool not a database","","","17","N","N"
"22171319","A framework for intelligent data acquisition and real-time database searching for shotgun proteomics.","False","Y","high","Framework for acquisition not a database","","","17","N","N"
"24128060","PT-Flax (phenotyping and TILLinG of flax): development of a flax (Linum usitatissimum L.) mutant population and TILLinG platform for forward and reverse genetics.","True","Y","medium","TILLING platform for genetics not a database per se","","","17","N","N"
"25861210","A RESTful API for Access to Phylogenetic Tools via the CIPRES Science Gateway.","True","Y","high","API for tool access not a database","","","17","N","N"
"28738060","Community detection in sequence similarity networks based on attribute clustering.","True","Y","high","Detection method not a database","","","17","N","N"
"35342643","Beyond Streamflow: Call for a National Data Repository of Streamflow Presence for Streams and Rivers in the United States.","False","Y","high","Call for repository not database announcement","","","17","N","N"
"25875127","Tensor GSVD of patient- and platform-matched tumor and normal DNA copy-number profiles uncovers chromosome arm-wide patterns of tumor-exclusive platform-consistent alterations encoding for cell transformation and predicting ovarian cancer survival.","False","Y","high","Analysis methodology not a database","","","17","N","N"
"34783653","Standardizing workflows in imaging transcriptomics with the abagen toolbox.","False","Y","high","Toolbox for workflows not a database","","","17","N","N"
"25887037","Constrained distance transforms for spatial atlas registration.","False","Y","high","Registration methodology not a database","","","17","N","N"
"23256916","Ontology-based time information representation of vaccine adverse events in VAERS for temporal analysis.","False","Y","high","Representation methodology not a database","","","17","N","N"
"23603332","APP2: automatic tracing of 3D neuron morphology based on hierarchical pruning of a gray-weighted image distance-tree.","True","Y","high","Tracing tool not a database","","","17","N","N"
"29297283","R3D-BLAST2: an improved search tool for similar RNA 3D substructures.","True","Y","high","Search tool not a database","","","17","N","N"
"21370079","Omics data management and annotation.","True","Y","medium","Management methodology paper not database announcement","","","17","N","N"
"24125570","New insights into pediatric idiopathic pulmonary hemosiderosis: the French RespiRare(®) cohort.","True","Y","medium","Cohort study not database announcement","","","17","N","N"
"25528148","""Two Blast-independent tools, CyPerl and CyExcel, for harvesting hundreds of novel cyclotides and analogues from plant genomes and protein databases.""","False","Y","high","Tools for harvesting not databases","","","17","N","N"
"23331707","Extending the BEAGLE library to a multi-FPGA platform.","False","Y","high","Library extension not a database","","","17","N","N"
"27407110","Global transcript structure resolution of high gene density genomes through multi-platform data integration.","False","Y","high","Resolution methodology not a database","","","17","N","N"
"25407353","Tiled ChrI RHS collection: a pilot high-throughput screening tool for identification of allelic variants.","False","Y","high","Screening tool not a database","","","17","N","N"
"23505295","HAL: a hierarchical format for storing and analyzing multiple genome alignments.","False","Y","high","Format specification not a database","","","17","N","N"
"27543959","Next generation sequencing (NGS): a golden tool in forensic toolkit.","False","Y","high","Review/commentary not a database","","","17","N","N"
"34776736","""Collection, preservation and distribution of <i>Oryza</i> genetic resources by the National Bioresource Project RICE (NBRP-RICE).""","False","Y","high","Physical germplasm collection not a data repository","","","17","N","N"
"34457128","Phenoflow: A Microservice Architecture for Portable Workflow-based Phenotype Definitions.","False","Y","high","Architecture methodology not a database","","","17","N","N"
"29897910","""The Virtual-Spine Platform-Acquiring, visualizing, and analyzing individual sitting behavior.""","False","Y","high","Visualization platform for behavior not a database","","","17","N","N"
"31913448","UDSMProt: universal deep sequence models for protein classification.","False","Y","high","Classification model not a database","","","17","N","N"
"30988492","Sixty years of tracking conservation progress using the World Database on Protected Areas.","False","Y","high","Analysis using existing database not database announcement","","","17","N","N"
"33864455","H3ABioNet genomic medicine and microbiome data portals hackathon proceedings.","False","Y","high","Hackathon proceedings not a database","","","17","N","N"
"23751181","Using Genome Query Language to uncover genetic variation.","True","Y","high","Query language tool not a database","","","17","N","N"
"23356232","""Cell line identity finding by fingerprinting, an optimized resource for short tandem repeat profile authentication.""","False","Y","high","Fingerprinting resource/method not a database","","","17","N","N"
"31762842","Catalogue of NIMS fatigue data sheets.","False","Y","high","Engineering materials catalog not a bioresource","","","17","N","N"
"30689864","CHARMM-GUI Glycan Modeler for modeling and simulation of carbohydrates and glycoconjugates.","True","Y","high","Modeling tool not a database","","","17","N","N"
"31212742","Systematic Analysis of a Military Wearable Device Based on a Multi-Level Fusion Framework: Research Directions.","False","Y","high","Device analysis not a database","","","17","N","N"
"34604832","An innovative user-friendly platform for Covid-19 pandemic databases and resources.","False","Y","high","Platform aggregating resources not a database itself","","","17","N","N"
"29736719","Accessing the Open PHACTS Discovery Platform with Workflow Tools.","False","Y","high","Workflow access methodology not a database","","","17","N","N"
"25865070","""INPPO2014, First INPPO World Congress on """"Plant Proteomics: Methodology to Biology""""-A global platform for involving, gathering and disseminating knowledge.""","False","Y","high","Conference proceedings not a database","","","17","N","N"
"28839211","A Biomimetic Microfluidic Tumor Microenvironment Platform Mimicking the EPR Effect for Rapid Screening of Drug Delivery Systems.","False","Y","high","Microfluidic device not a database","","","17","N","N"
"21727053","""The Israel DNA database--the establishment of a rapid, semi-automated analysis system.""","False","Y","high","Forensic database not a bioresource","","","17","N","N"
"25977800","An open science resource for establishing reliability and reproducibility in functional connectomics.","False","Y","high","Methodology resource not a database","","","17","N","N"
"31656398","""Vascular plants dataset of the herbarium (COFC) of the University of Cordoba, Spain.""","False","Y","high","Physical herbarium dataset not a data repository","","","17","N","N"
"32311033","Serpentine: a flexible 2D binning method for differential Hi-C analysis.","True","Y","high","Binning method not a database","","","17","N","N"
"27096930","Network-Based Interpretation of Diverse High-Throughput Datasets through the Omics Integrator Software Package.","True","Y","high","Software package not a database","","","17","N","N"
"32081792","PredictSuperFam-PSS-3D1D: A server for predicting superfamily for the annotation of twilight zone protein sequences.","True","Y","high","Prediction server not a database","","","17","N","N"
"33278140","Implementation of the Stroke Action Plan for Europe 2018--2030 during coronavirus disease-2019.","True","Y","high","Implementation plan not a database","","","17","N","N"
"24045775","Pattern search in BioPAX models.","False","Y","high","Search methodology not a database","","","17","N","N"
"23619973","Models with discrete latent variables for analysis of categorical data: a framework and a MATLAB MDLV toolbox.","False","Y","high","Analysis toolbox not a database","","","17","N","N"
"21834535","Identifying compound-target associations by combining bioactivity profile similarity search and public databases mining.","False","Y","high","Mining methodology not a database","","","17","N","N"
"31114928","Regulostat Inferelator: a novel network biology platform to uncover molecular devices that predetermine cellular response phenotypes.","False","Y","high","Platform for inference not a database","","","17","N","N"
"33419731","A mosquito small RNA genomics resource reveals dynamic evolution and host responses to viruses and transposons.","False","Y","high","Analysis study not database announcement","","","17","N","N"
"30654742","Peptimapper: proteogenomics workflow for the expert annotation of eukaryotic genomes.","True","Y","high","Workflow tool not a database","","","17","N","N"
"26664034","Contingency Table Browser - prediction of early stage protein structure.","False","Y","high","Prediction tool not a database","","","17","N","N"
"25753708","Analyzing glycan structure synthesis with the Glycan Pathway Predictor (GPP) Tool.","True","Y","high","Prediction tool not a database","","","17","N","N"
"28057682","""phyloSkeleton: taxon selection, data retrieval and marker identification for phylogenomics.""","False","Y","high","Tool for taxon selection and data retrieval - methodology focused","","","18","N","N"
"24858450","Taxonomic database and cut-off value for processing mcrA gene 454 pyrosequencing data by MOTHUR.","False","Y","high","""About processing data using a tool, not describing a database resource""","","","18","N","N"
"27542845","""The Markyt visualisation, prediction and benchmark platform for chemical and gene entity recognition at BioCreative/CHEMDNER challenge.""","True","Y","high","""Platform for prediction/recognition - methodology tool, not data repository""","","","18","N","N"
"25521334","SG-ADVISER CNV: copy-number variant annotation and interpretation.","True","Y","high","Tool for annotation and interpretation - methodology focused","","","18","N","N"
"31460713","[Musculoskeletal System Anatomic Database Software Applied to the Internet].","False","Y","medium","""Software for database application, not the database itself""","","","18","N","N"
"33704425","DCI: learning causal differences between gene regulatory networks.","True","Y","high","Method for learning causal differences - methodology focused","","","18","N","N"
"29864529","cryoem-cloud-tools: A software platform to deploy and manage cryo-EM jobs in the cloud.","True","Y","high","""Software platform for job management, not a data repository""","","","18","N","N"
"22491036","Modeling protein evolution with several amino acid replacement matrices depending on site rates.","True","Y","high","Methodology for modeling protein evolution","","","18","N","N"
"20927658","Human protein reference database and human proteinpedia as discovery resources for molecular biotechnology.","False","Y","medium","""Review/discussion of databases as resources, not describing the database itself""","","","18","N","N"
"26475472","A space-time analysis of the WikiLeaks Afghan War Diary: a resource for analyzing the conflict-health nexus.","False","Y","high","Analysis study using data - not describing a bioresource database","","","18","N","N"
"27654850","Species From Feces: Order-Wide Identification of Chiroptera From Guano and Other Non-Invasive Genetic Samples.","True","Y","high","Method for identification from samples - methodology focused","","","18","N","N"
"22676320","Quartet decomposition server: a platform for analyzing phylogenetic trees.","True","Y","high","""Platform for analyzing trees - analysis tool, not data repository""","","","18","N","N"
"26776198","PRISM: A DATA-DRIVEN PLATFORM FOR MONITORING MENTAL HEALTH.","False","Y","high","Platform for monitoring - analysis/monitoring tool","","","18","N","N"
"33315308","Protein Sequence Analysis Using the MPI Bioinformatics Toolkit.","True","Y","high","""Toolkit for analysis, not a data repository""","","","18","N","N"
"32420996","A Hydrogen-Deuterium Exchange Mass Spectrometry (HDX-MS) Platform for Investigating Peptide Biosynthetic Enzymes.","False","Y","high","Platform for investigating - experimental methodology tool","","","18","N","N"
"23024011","Creating reusable tools from scripts: the Galaxy Tool Factory.","False","Y","high","Tool for creating tools - methodology paper","","","18","N","N"
"23427990","""Motif discovery with data mining in 3D protein structure databases: discovery, validation and prediction of the U-shape zinc binding (""""Huf-Zinc"""") motif.""","True","Y","high","Method for motif discovery using existing databases - analysis paper","","","18","N","N"
"26721732","Development of a large urban longitudinal HIV clinical cohort using a web-based platform to merge electronically and manually abstracted data from disparate medical record systems: technical challenges and innovative solutions.","False","Y","high","Platform for merging data - data integration tool","","","18","N","N"
"28179544","Long-term tracking of budding yeast cells in brightfield microscopy: CellStar and the Evaluation Platform.","False","Y","high","Tool for tracking cells - analysis platform","","","18","N","N"
"30395195","Discovering network phenotype between genetic risk factors and disease status via diagnosis-aligned multi-modality regression method in Alzheimer's disease.","True","Y","high","""Method for discovering network phenotype, has URL but methodology focused""","","","18","N","N"
"34930116"," COSNet i : ComplexOme-Structural Network Interpreter used to study spatial enrichment in metazoan ribosomes.","False","Y","high","Interpreter tool for studying enrichment - analysis tool","","","18","N","N"
"23183102","Geneious plugins for the access of PlasmoDB and PiroplasmaDB databases.","False","Y","high","Plugins for accessing existing databases - tool paper","","","18","N","N"
"29850891","""Motif scraper: a cross-platform, open-source tool for identifying degenerate nucleotide motif matches in FASTA files.""","False","Y","high","""Tool for identifying motifs, explicitly says """"tool""""""","","","18","N","N"
"32814789","Optimizing bacteriophage engineering through an accelerated evolution platform.","False","Y","high","Platform for phage engineering - experimental methodology","","","18","N","N"
"32130896","An Integrated Metagenome Catalog Reveals New Insights into the Murine Gut Microbiome.","False","Y","high","Catalog revealing insights - analysis/study paper","","","18","N","N"
"22829746","""BioParishodhana: A novel graphical interface integrating BLAST, ClustalW, primer3 and restriction digestion tools.""","True","Y","high","""Interface integrating tools - tool integration platform, not data repository""","","","18","N","N"
"30419028","Annotation of enhanced radiographs for medical image retrieval with deep convolutional neural networks.","False","Y","high","Method for annotation using neural networks - methodology paper","","","18","N","N"
"32457801","""""""Mitochondrial Toolbox"""" - A Review of Online Resources to Explore Mitochondrial Genomics.""","False","Y","high","Review of resources - review paper","","","18","N","N"
"30714210","Functional Evolution of Proteins.","True","Y","medium","""Ambiguous - URL present but title suggests study, not clear data resource""","","","18","N","N"
"30106394","""The REMBRANDT study, a large collection of genomic data from brain cancer patients.""","False","Y","high","""Study using data collection, not describing the database itself""","","","18","N","N"
"21943897","Nucleic acid programmable protein array a just-in-time multiplexed protein expression and purification platform.","False","Y","high","Platform for protein expression - experimental methodology","","","18","N","N"
"25316676","Novel function discovery with GeneMANIA: a new integrated resource for gene function prediction in Escherichia coli.","False","Y","high","Resource for function prediction - analysis/prediction tool","","","18","N","N"
"28906493","Rapid curation of gene disruption collections using Knockout Sudoku.","False","Y","high","Method for curation using Knockout Sudoku - methodology tool","","","18","N","N"
"26945524","""A whole-genome, radiation hybrid mapping resource of hexaploid wheat.""","False","Y","high","Mapping resource - research output rather than database","","","18","N","N"
"31904820","BCdatabaser: on-the-fly reference database creation for (meta-)barcoding.","True","Y","high","Tool for database creation - database creation tool not the database itself","","","18","N","N"
"32570509","Text-Mining Services of the Swiss Variant Interpretation Platform for Oncology.","False","Y","high","""Platform for interpretation, text-mining services - analysis tool""","","","18","N","N"
"23174036","Core Hunter II: fast core subset selection based on multiple genetic diversity measures using Mixed Replica search.","True","Y","high","Tool for subset selection - methodology tool","","","18","N","N"
"24371155","Assimilating genome-scale metabolic reconstructions with modelBorgifier.","True","Y","high","Tool for assimilating reconstructions - methodology tool","","","18","N","N"
"25693513","Optimized distance-dependent atom-pair-based potential DOOP for protein structure prediction.","True","Y","high","Method/potential for structure prediction","","","18","N","N"
"22591348","SNP web resources and their potential applications in personalized medicine.","False","Y","high","Review of web resources - review paper","","","18","N","N"
"29889211","An Ultrahigh-throughput Microfluidic Platform for Single-cell Genome Sequencing.","False","Y","high","Platform for sequencing - experimental methodology","","","18","N","N"
"34042877","Ontological Modelling and Execution of Phenotypic Queries in the Leipzig Health Atlas.","False","Y","high","Method for ontological modelling and query execution","","","18","N","N"
"32439922","High-throughput screening platform for solid electrolytes combining hierarchical ion-transport prediction algorithms.","False","Y","high","Screening platform using algorithms - methodology platform","","","18","N","N"
"21082429","A tutorial on protein ontology resources for proteomic studies.","False","Y","high","Tutorial on resources - educational paper","","","18","N","N"
"21210904","How to improve specific databases for clinical data in rare diseases? The example of hereditary haemorrhagic telangiectasia.","False","Y","high","Discussion about improving databases - methodological discussion","","","18","N","N"
"34496955","2D SIFt: a matrix of ligand-receptor interactions.","False","Y","high","""Matrix of interactions, no clear database indicator""","","","18","N","N"
"33396319","""BODIPY-Based Molecules, a Platform for Photonic and Solar Cells.""","False","Y","high","Chemistry/materials science platform - not bioresource","","","18","N","N"
"29855956","Construction of Arabidopsis Transcription Factor ORFeome Collections and Identification of Protein-DNA Interactions by High-Throughput Yeast One-Hybrid Screens.","False","Y","high","Method for construction and identification - methodology paper","","","18","N","N"
"26551766","Application of the EVEX resource to event extraction and network construction: Shared Task entry and result analysis.","False","Y","high","Application of existing resource - analysis paper","","","18","N","N"
"29079816","Flexible and Tunable 3D Gold Nanocups Platform as Plasmonic Biosensor for Specific Dual LSPR-SERS Immuno-Detection.","False","Y","high","Physical biosensor platform - not bioinformatics resource","","","18","N","N"
"34504503","The Cancer Epitope Database and Analysis Resource: A Blueprint for the Establishment of a New Bioinformatics Resource.","False","Y","high","""Blueprint/plan for establishing resource, not the resource itself""","","","18","N","N"
"26791676","""A Multidisciplinary, Open Access Platform for Research on Biomolecules.""","False","Y","high","Platform for research - research platform not data repository","","","18","N","N"
"21749710","Algal Functional Annotation Tool: a web-based analysis suite to functionally interpret large gene lists using integrated annotation and expression data.","True","Y","high","""Tool for functional annotation, analysis suite - analysis tool""","","","18","N","N"
"24919658","Web services-based text-mining demonstrates broad impacts for interoperability and process simplification.","True","Y","high","Text-mining services - methodology demonstration","","","18","N","N"
"28692961","Places: A 10 Million Image Database for Scene Recognition.","False","Y","high","Image database for computer vision - not biological database","","","18","N","N"
"23749957","Differential network analysis for the identification of condition-specific pathway activity and regulation.","True","Y","high","Method for network analysis - analysis methodology","","","18","N","N"
"23398680","The 3rd DBCLS BioHackathon: improving life science data integration with Semantic Web technologies.","False","Y","high","Conference/hackathon report - not a database paper","","","18","N","N"
"26645212","A human 3'UTR clone collection to study post-transcriptional gene regulation.","False","Y","high","Clone collection for study - reagent resource not database","","","18","N","N"
"23813237","""The Chinese Lexicon Project: a repository of lexical decision behavioral responses for 2,500 Chinese characters.""","False","Y","high","Psychology/linguistics database - not biological database","","","18","N","N"
"31674341","Cracking the Ubiquitin Code: The Ubiquitin Toolbox.","False","Y","high","Toolbox for research - reagent/methodology resource","","","18","N","N"
"26136162","Compound Passport Service: supporting corporate collection owners in open innovation.","False","Y","high","Service for supporting collection owners - service platform","","","18","N","N"
"24325762","Molecule database framework: a framework for creating database applications with chemical structure search capability.","False","Y","high","Framework for creating databases - software framework not database itself","","","18","N","N"
"22510480","Domain enhanced lookup time accelerated BLAST.","True","Y","high","""Enhanced BLAST tool, not a data repository""","","","18","N","N"
"30845160","An efficient resource utilization scheme within PMIPv6 protocol for urban vehicular networks.","False","Y","high","Computer networking protocol - not bioresource","","","18","N","N"
"23281941","Personalized cloud-based bioinformatics services for research and education: use cases and the elasticHPC package.","True","Y","high","Cloud computing service - infrastructure platform","","","18","N","N"
"31106350","Software Application Profile: The Anchored Multiplier calculator-a Bayesian tool to synthesize population size estimates.","True","Y","high","""Calculator tool, methodology for population estimates""","","","18","N","N"
"31270326","Energy refinement and analysis of structures in the QM9 database via a highly accurate quantum chemical method.","False","Y","high","Analysis method applied to existing database - methodology paper","","","18","N","N"
"30287881","Stimulated Brillouin Scattering in an AlGaN Photonics Platform Operating in the Visible Spectral Range.","False","Y","high","Physics/photonics platform - not bioresource","","","18","N","N"
"28960548","Integrative structure modeling with the Integrative Modeling Platform.","True","Y","high","Platform for modeling - methodology platform","","","18","N","N"
"21946299","""Incorporating personalized gene sequence variants, molecular genetics knowledge, and health knowledge into an EHR prototype based on the Continuity of Care Record standard.""","False","Y","high","EHR prototype development - health informatics methodology","","","18","N","N"
"29862759","[Development and Application of the Kinematic Database Software of Lower Limbs Based on Internet].","False","Y","high","""Database software development, not the database itself""","","","18","N","N"
"33935559","""The Atlas of Living Australia: History, current state and future directions.""","False","Y","high","""Historical review of atlas, not describing the resource itself""","","","18","N","N"
"34449019","NMR chemical shift assignments of RNA oligonucleotides to expand the RNA chemical shift database.","False","Y","high","Paper about expanding existing database - research contribution","","","18","N","N"
"31502157","Development of Gene Expression-Based Biomarkers on the nCounter<sup>®</sup> Platform for Immuno-Oncology Applications.","False","Y","high","Development of biomarkers on platform - methodology paper","","","18","N","N"
"30203022","""The GCTx format and cmap{Py, R, M, J} packages: resources for optimized storage and integrated traversal of annotated dense matrices.""","True","Y","high","""File format and software packages, not a database""","","","18","N","N"
"28693544","McMaster Optimal Aging Portal: an evidence-based database for geriatrics-focused health professionals.","False","Y","high","""Evidence-based portal for professionals, more of a curated information resource""","","","18","N","N"
"""25593347"," 29316735"",The 2015 Nucleic Acids Research Database Issue and molecular biology database collection.","True","Y","high","Editorial/introduction to database issue - not a database itself","","","18","N","N"
"27288496","The Glycome Analytics Platform: an integrative framework for glycobioinformatics.","False","Y","high","Integrative framework/platform - analysis tool not data repository","","","18","N","N"
"30462640","Backpack PCR: A point-of-collection diagnostic platform for the rapid detection of Brugia parasites in mosquitoes.","False","Y","high","Diagnostic platform - experimental methodology","","","18","N","N"
"22772948","A sequence comparison and gene expression data integration add-on for the Pathway Tools software.","True","Y","high","Add-on software for integration - software tool","","","18","N","N"
"26839887","Long Read Alignment with Parallel MapReduce Cloud Platform.","False","Y","high","Alignment method using cloud platform - computational methodology","","","18","N","N"
"22075991","The Gene Wiki in 2011: community intelligence applied to human gene annotation.","False","Y","high","Wiki platform for annotation - collaborative annotation platform","","","18","N","N"
"31584973","Joint emulation of Earth System Model temperature-precipitation realizations with internal variability and space-time and cross-variable correlation: fldgen v2.0 software description.","False","Y","high","Climate modeling software - not bioresource","","","18","N","N"
"29790989","""The Galaxy platform for accessible, reproducible and collaborative biomedical analyses: 2018 update.""","True","Y","high","""Analysis platform/workflow system, not a data repository""","","","18","N","N"
"34593825","Chinese environmentally extended input-output database for 2017 and 2018.","False","Y","high","Economic input-output database - not biological database","","","18","N","N"
"30404270","""The GenePOC Platform, a Rational Solution for Extreme Point-of-Care Testing.""","False","Y","high","Diagnostic testing platform - medical device not database","","","18","N","N"
"32941613","The qBED track: a novel genome browser visualization for point processes.","True","Y","high","Visualization tool for genome browser - visualization method","","","18","N","N"
"31247294","Pathway-based deep clustering for molecular subtyping of cancer.","False","Y","high","Method for clustering - analysis methodology","","","18","N","N"
"31906604","The 27th annual Nucleic Acids Research database issue and molecular biology database collection.","True","Y","high","Editorial/introduction to database issue - not a database itself","","","18","N","N"
"30727942","Shambhala: a platform-agnostic data harmonizer for gene expression data.","False","Y","high","Tool for data harmonization - data processing tool","","","18","N","N"
"24927841","Human genome network platform: a resource for TFRN analysis.","False","Y","high","Platform for analysis - analysis platform","","","18","N","N"
"31288178","Designing and implementing a large-scale high-throughput Total Laboratory Automation (TLA) system for DNA database construction.","False","Y","high","System for database construction - not the database itself","","","18","N","N"
"26944737","Current applications and future directions for the CDISC Operational Data Model standard: A methodological review.","False","Y","high","Review of data model standard - review paper","","","18","N","N"
"22367876","PiggyBac toolbox.","False","Y","high","Molecular biology toolbox - reagent resource","","","18","N","N"
"34586560","Elevating Twitter-Based Journal Club Discussions by Leveraging a Voice-Based Platform: #HemepathJC Meets Clubhouse.","False","Y","high","Social media discussion platform - not bioresource","","","18","N","N"
"27417734","An ultrahigh-accuracy Miniature Dew Point Sensor based on an Integrated Photonics Platform.","False","Y","high","Physical sensor device - not bioresource","","","18","N","N"
"26268547","Soybean transcription factor ORFeome associated with drought resistance: a valuable resource to accelerate research on abiotic stress resistance.","False","Y","high","ORFeome resource for research - reagent resource not database","","","18","N","N"
"34509701","Prediction of Mannheimia haemolytica serotypes based on whole genomic sequences.","True","Y","high","Method for prediction based on sequences - prediction tool","","","18","N","N"
"22003999","Revival of Seeliger's historical 'Special Listeria Culture Collection'.","False","Y","high","Culture collection revival - historical/reagent resource","","","18","N","N"
"23640334","""The Taverna workflow suite: designing and executing workflows of Web Services on the desktop, web or in the cloud.""","True","Y","high","Workflow system - analysis platform not data repository","","","18","N","N"
"25903933","A resource for characterizing genome-wide binding and putative target genes of transcription factors expressed during secondary growth and wood formation in Populus.","False","Y","high","Resource for characterizing - research dataset not database","","","18","N","N"
"25030925","Zebrafish as a platform to study tumor progression.","False","Y","high","Model organism as platform - research methodology","","","18","N","N"
"34764338","Context aware semantic adaptation network for cross domain implicit sentiment classification.","False","Y","high","Machine learning method for classification - not bioresource","","","18","N","N"
"29914348","Predicting drug-disease associations by using similarity constrained matrix factorization.","True","Y","high","""Method for predicting associations, despite URL is methodology focused""","","","18","N","N"
"23734605","CLASS: constrained transcript assembly of RNA-seq reads.","False","Y","high","Tool for transcript assembly - assembly tool","","","18","N","N"
"30710514","Selection and redesign for high selectivity of membrane-active antimicrobial peptides from a dedicated sequence/function database.","False","Y","high","Method using existing database - methodology paper","","","18","N","N"
"27587664","The Network Library: a framework to rapidly integrate network biology resources.","False","Y","high","Framework for integration - software framework","","","18","N","N"
"21450709","The caBIG® Life Science Business Architecture Model.","True","Y","high","Business architecture model - not a data repository","","","18","N","N"
"34404761","A Catalogus Immune Muris of the mouse immune responses to diverse pathogens.","False","Y","high","Catalog/analysis of immune responses - research study","","","18","N","N"
"31172847","Redirected optimized cell killing (ROCK®): A highly versatile multispecific fit-for-purpose antibody platform for engaging innate immunity.","False","Y","high","Antibody technology platform - experimental methodology","","","18","N","N"
"23242262","""Minerva and minepy: a C engine for the MINE suite and its R, Python and MATLAB wrappers.""","True","Y","high","Software engine and wrappers - software tool","","","18","N","N"
"34497388","A roadmap for the Human Developmental Cell Atlas.","False","Y","high","Roadmap/plan for atlas - not the atlas itself","","","18","N","N"
"33177948","MHA Herbarium: Eastern European collections of vascular plants.","False","Y","high","Physical herbarium collection - not digital database","","","18","N","N"
"22829725","Bacterial genome mapper: A comparative bacterial genome mapping tool.","True","Y","high","""Mapping tool, explicitly says """"tool""""""","","","18","N","N"
"33844597","Profiling the Tox21 Chemical Collection for Acetylcholinesterase Inhibition.","False","Y","high","Profiling/analysis of chemical collection - analysis study","","","18","N","N"
"24409958","Nature Bank and the Queensland Compound Library: unique international resources at the Eskitis Institute for Drug Discovery.","False","Y","high","Description of compound library resources - compound library not database","","","18","N","N"
"31361941","The antimicrobial peptide database provides a platform for decoding the design principles of naturally occurring antimicrobial peptides.","False","Y","high","Paper about using existing database - analysis paper","","","18","N","N"
"30566623","""Interactive visual analysis of drug-target interaction networks using Drug Target Profiler, with applications to precision medicine and drug repurposing.""","True","Y","high","Tool for interactive visual analysis - visualization tool","","","18","N","N"
"31613926","""THINGS: A database of 1,854 object concepts and more than 26,000 naturalistic object images.""","False","Y","high","Psychology/perception database - not biological database","","","18","N","N"
"30762547","Visual Quality Assessment for Super-Resolved Images: Database and Method.","False","Y","high","Computer vision database and method - not biological database","","","18","N","N"
"24078702","STAR: an integrated solution to management and visualization of sequencing data.","True","Y","high","""Solution for management and visualization, analysis platform""","","","18","N","N"
"31589649","Cell fishing: A similarity based approach and machine learning strategy for multiple cell lines-compound sensitivity prediction.","True","Y","high","Machine learning method for prediction - prediction method","","","18","N","N"
"25555988","An enhanced gene targeting toolkit for Drosophila: Golic+.","False","Y","high","Molecular biology toolkit - experimental methodology","","","18","N","N"
"26363845","Multi-atlas learner fusion: An efficient segmentation approach for large-scale data.","False","Y","high","Method for segmentation - image analysis methodology","","","18","N","N"
"27153716","Multiple structure single parameter: analysis of a single protein nano environment descriptor characterizing a shared loci on structurally aligned proteins.","True","Y","high","Analysis method for protein structures - analysis methodology","","","18","N","N"
"32202424","A Triple Knockout Isobaric-Labeling Quality Control Platform with an Integrated Online Database Search.","False","Y","high","""Quality control platform with database search, analysis platform""","","","18","N","N"
"24111476","A novel data-mining platform leveraging social media to monitor outcomes of Januvia.","False","Y","high","Data-mining platform for monitoring - analysis platform","","","18","N","N"
"25359888","Large-scale binding ligand prediction by improved patch-based method Patch-Surfer2.0.","True","Y","high","Method for ligand prediction - prediction method","","","18","N","N"
"24273241","Pathway Commons at virtual cell: use of pathway data for mathematical modeling.","True","Y","high","Paper about using existing resource for modeling - application paper","","","18","N","N"
"25753699","Annotation of glycomics MS and MS/MS spectra using the GlycoWorkbench software tool.","False","Y","high","Software tool for annotation - analysis tool","","","18","N","N"
"23717278","A knowledge based approach to matching human neurodegenerative disease and animal models.","False","Y","high","Approach/method for matching - methodology paper","","","18","N","N"
"34534861","Expanding the toolbox of exosome-based modulators of cell functions.","False","Y","high","Research on exosome modulators - research paper","","","18","N","N"
"25137014","""New glycoproteomics software, GlycoPep Evaluator, generates decoy glycopeptides de novo and enables accurate false discovery rate analysis for small data sets.""","True","Y","high","Software for glycoproteomics analysis - software tool","","","18","N","N"
"28886604","The Imperial County Community Air Monitoring Network: A Model for Community-based Environmental Monitoring for Public Health Action.","False","Y","high","Environmental monitoring network - not biological database","","","18","N","N"
"25619996","protr/ProtrWeb: R package and web server for generating various numerical representation schemes of protein sequences.","True","Y","high","R package and web server for computation - computational tool","","","18","N","N"
"39132094","Genome Wide Conditional Mouse Knockout Resources.","True","Y","high","Mouse knockout resource - reagent resource not database","","","18","N","N"
"23463607","Towards a Universal Clinical Genomics Database: the 2012 International Standards for Cytogenomic Arrays Consortium Meeting.","True","Y","high","Conference meeting report towards database - not database itself","","","18","N","N"
"31466122","""The NTP Report on Carcinogens: A valuable resource for public health, a challenge for regulatory science.""","False","Y","high","Report on carcinogens - regulatory document not database","","","18","N","N"
"26357078","Reachability Analysis in Probabilistic Biological Networks.","True","Y","high","Method for reachability analysis - analysis method","","","18","N","N"
"22355226","A protein short motif search tool using amino acid sequence and their secondary structure assignment.","True","Y","high","""Search tool, explicitly says """"tool""""""","","","18","N","N"
"23584940","Mass spectrometry based lipid(ome) analyzer and molecular platform: a new software to interpret and analyze electrospray and/or matrix-assisted laser desorption/ionization mass spectrometric data of lipids: a case study from Mycobacterium tuberculosis.","True","Y","high","Software for analysis - analysis software","","","18","N","N"
"21575200","Semantic Web integration of Cheminformatics resources with the SADI framework.","False","Y","high","Integration framework - software framework","","","18","N","N"
"29136180","BCNTB bioinformatics: the next evolutionary step in the bioinformatics of breast cancer tissue banking.","True","Y","high","Bioinformatics system for tissue banking - informatics system","","","18","N","N"
"25600941","""Enabling systematic, harmonised and large-scale biofilms data computation: the Biofilms Experiment Workbench.""","True","Y","high","Workbench for computation - computational platform","","","18","N","N"
"27397138","Dynamic Bayesian Network for Accurate Detection of Peptides from Tandem Mass Spectra.","True","Y","high","Method for peptide detection - detection method","","","18","N","N"
"26223238","Phylogenomics databases for facilitating functional genomics in rice.","False","Y","high","Review/discussion of databases - review paper","","","18","N","N"
"33845759","Performance improvement for a 2D convolutional neural network by using SSC encoding on protein-protein interaction tasks.","False","Y","high","Neural network method - computational methodology","","","18","N","N"
"22120662","The Chado Natural Diversity module: a new generic database schema for large-scale phenotyping and genotyping data.","False","Y","high","Database schema - software schema not database itself","","","18","N","N"
"22174796","Calculating orthologs in bacteria and Archaea: a divide and conquer approach.","True","Y","high","Method for calculating orthologs - computational method","","","18","N","N"
"21500349","A new versatile peptide-based size exclusion chromatography platform for global profiling and quantitation of candidate biomarkers in hepatocellular carcinoma specimens.","False","Y","high","Chromatography platform - experimental methodology","","","18","N","N"
"23327565","Mining collections of compounds with Screening Assistant 2.","False","Y","high","Tool for mining compounds - analysis tool","","","18","N","N"
"31695048","""Global soil, landuse, evapotranspiration, historical and future weather databases for SWAT Applications.""","False","Y","high","""Environmental/climate databases for modeling, not biological database""","","","18","N","N"
"30892876","Lipid Species Annotation at Double Bond Position Level with Custom Databases by Extension of the MZmine 2 Open-Source Software Package.","False","Y","high","Software extension for annotation - software tool","","","18","N","N"
"28813493","Mpp10 represents a platform for the interaction of multiple factors within the 90S pre-ribosome.","False","Y","high","Molecular biology research on protein platform - research paper","","","18","N","N"
"32427908","""The Ontario Climate Data Portal, a user-friendly portal of Ontario-specific climate projections.""","True","Y","high","Climate data portal - not biological database","","","18","N","N"
"34007883","The SPOR-Canadian Data Platform: a national initiative to facilitate data rich multi-jurisdictional research.","False","Y","high","Data platform for research - infrastructure platform","","","18","N","N"
"30053438","Snake Venomics Display: An online toolbox for visualization of snake venomics data.","True","Y","high","Toolbox for visualization - visualization tool","","","18","N","N"
"23815072","Jenner-predict server: prediction of protein vaccine candidates (PVCs) in bacteria based on host-pathogen interactions.","True","Y","high","Prediction server - prediction tool","","","18","N","N"
"29461473","Temporal and Fine-Grained Pedestrian Action Recognition on Driving Recorder Database.","False","Y","high","Computer vision database - not biological database","","","18","N","N"
"25378231","Quantum discord as a resource for quantum cryptography.","False","Y","high","Physics/quantum computing - not bioresource","","","18","N","N"
"25627242","Genome-wide study of correlations between genomic features and their relationship with the regulation of gene expression.","True","Y","high","Study of correlations - research study","","","18","N","N"
"22674159","How to use the IUPHAR receptor database to navigate pharmacological data.","True","Y","high","Tutorial on using existing database - educational paper","","","18","N","N"
"31765387","A novel network control model for identifying personalized driver genes in cancer.","False","Y","high","Model for identifying genes - computational model","","","18","N","N"
"21177655","The 2011 Nucleic Acids Research Database Issue and the online Molecular Biology Database Collection.","True","Y","high","Editorial/introduction to database issue - not a database itself","","","18","N","N"
"25062767","The Protein Data Bank archive as an open data resource.","False","Y","high","Discussion of PDB as resource - review/discussion paper","","","18","N","N"
"28921732","From medico-administrative databases analysis to care trajectories analytics: an example with the French SNDS.","False","Y","high","Analysis of administrative databases - methodology paper","","","18","N","N"
"24113639","Developing an ontological explosion knowledge base for business continuity planning purposes.","False","Y","high","Business continuity knowledge base - not biological database","","","18","N","N"
"23103606","Utilisation of a thoracic oncology database to capture radiological and pathological images for evaluation of response to chemotherapy in patients with malignant pleural mesothelioma.","False","Y","high","Utilization of existing database - application paper","","","18","N","N"
"28925987","The public cancer radiology imaging collections of The Cancer Imaging Archive.","False","Y","high","Description of imaging collections - collection description","","","18","N","N"
"29991508","""The Sleep Inbred Panel, a Collection of Inbred <i>Drosophila melanogaster</i> with Extreme Long and Short Sleep Duration.""","False","Y","high","Fly strain collection - reagent resource not database","","","18","N","N"
"31693075","Multi-kernel linear mixed model with adaptive lasso for prediction analysis on high-dimensional multi-omics data.","False","Y","high","Statistical model for prediction - statistical methodology","","","18","N","N"
"21287113","The masked priming toolbox: an open-source MATLAB toolbox for masked priming researchers.","False","Y","high","MATLAB toolbox - software tool","","","18","N","N"
"26284514","Creating a specialist protein resource network: a meeting report for the protein bioinformatics and community resources retreat.","False","Y","high","Meeting report - not a database","","","18","N","N"
"34320027","A secondary structure-based position-specific scoring matrix applied to the improvement in protein secondary structure prediction.","True","Y","high","Method for structure prediction - prediction method","","","18","N","N"
"30830411","Juice Index: an integrated Sauvignon blanc grape and wine metabolomics database shows mainly seasonal differences.","False","Y","high","""Study showing seasonal differences, not describing the database""","","","18","N","N"
"34491200","""Vision, challenges and opportunities for a Plant Cell Atlas.""","False","Y","high","Vision/perspective paper for future atlas - not the atlas itself","","","18","N","N"
"30860498","The Subnational Human Development Database.","False","Y","high","Socioeconomic development database - not biological database","","","18","N","N"
"34039412","Retrieving and processing agro-meteorological data from API-client sources using R software.","True","Y","high","Software for retrieving data - data access tool","","","18","N","N"
"21450716","A novel network-based method for measuring the functional relationship between gene sets.","True","Y","high","Method for measuring relationships - analysis method","","","18","N","N"
"28367477","The NIH 3D Print Exchange: A Public Resource for Bioscientific and Biomedical 3D Prints.","False","Y","high","3D printing resource - not biological data database","","","18","N","N"
"26699225","Network-Based Isoform Quantification with RNA-Seq Data for Cancer Transcriptome Analysis.","True","Y","high","Method for isoform quantification - analysis method","","","18","N","N"
"30465537","[The BIG Data Center's database resources].","False","Y","high","Review of database resources - review paper","","","18","N","N"
"32286229","""The natverse, a versatile toolbox for combining and analysing neuroanatomical data.""","False","Y","high","Toolbox for analysis - software toolbox","","","18","N","N"
"27242035","MET network in PubMed: a text-mined network visualization and curation system.","True","Y","high","Text-mining and visualization system - analysis tool","","","18","N","N"
"31757199","Better quality score compression through sequence-based quality smoothing.","False","Y","high","Method for compression - computational methodology","","","18","N","N"
"32091984","The Neural Engine: A Reprogrammable Low Power Platform for Closed-Loop Optogenetics.","False","Y","high","Hardware platform for optogenetics - experimental device","","","18","N","N"
"32869137","Automating creativity assessment with SemDis: An open platform for computing semantic distance.","True","Y","high","Platform for computing semantic distance - computational tool","","","18","N","N"
"27401965","New BAR tools for mining expression data and exploring Cis-elements in Arabidopsis thaliana.","True","Y","high","""Tools for mining data, explicitly says """"tools""""""","","","18","N","N"
"24650281","The characteristic direction: a geometrical approach to identify differentially expressed genes.","True","Y","high","Approach/method to identify genes - analysis method","","","18","N","N"
"34711957","An open approach to systematically prioritize causal variants and genes at all published human GWAS trait-associated loci.","True","Y","high","Approach to prioritize variants - analysis methodology","","","18","N","N"
"25703229","Web resources for pharmacogenomics.","False","Y","high","Review of web resources - review paper","","","18","N","N"
"21411447","Using computational predictions to improve literature-based Gene Ontology annotations: a feasibility study.","True","Y","high","Study on improving annotations - methodology study","","","18","N","N"
"24787444","""An ontology-based, mobile-optimized system for pharmacogenomic decision support at the point-of-care.""","False","Y","high","Decision support system - clinical informatics tool","","","18","N","N"
"30297783","Personalized Integrated Network Modeling of the Cancer Proteome Atlas.","True","Y","high","Method for network modeling - modeling methodology","","","18","N","N"
"30561551","Exploring drivers of gene expression in the Cancer Genome Atlas.","True","Y","high","Method exploring drivers - analysis methodology","","","18","N","N"
"28925997","Precision annotation of digital samples in NCBI's gene expression omnibus.","True","Y","high","Method for annotation - annotation methodology","","","18","N","N"
"34774103","Deep scaffold hopping with multimodal transformer neural networks.","False","Y","high","Neural network method for chemistry - computational method","","","18","N","N"
"27993519","Quo vadis G protein-coupled receptor ligands? A tool for analysis of the emergence of new groups of compounds over time.","True","Y","high","""Tool for analysis, explicitly says """"tool""""""","","","18","N","N"
"32744975","Virtual Screening of Natural Products Database.","False","Y","high","Screening method - computational methodology","","","18","N","N"
"31805179","Corrigendum: SCDevDB: A Database for Insights Into Single-Cell Gene Expression Profiles During Human Developmental Processes.","False","Y","high","Corrigendum to another paper - not a primary database paper","","","18","N","N"
"26875686","""Corrigendum: ImmuSort, a database on gene plasticity and electronic sorting for immune cells.""","False","Y","high","Corrigendum to another paper - not a primary database paper","","","18","N","N"
"32811439","Correction to: GSDB: a database of 3D chromosome and genome structures reconstructed from Hi-C data.","False","Y","high","Correction to another paper - not a primary database paper","","","18","N","N"
"28570690","Correction: ExtremeDB: A Unified Web Repository of Extremophilic Archaea and Bacteria.","False","Y","high","Correction to another paper - not a primary database paper","","","18","N","N"
"32200647","Speech exemplar and evaluation database (SEED) for clinical training in articulatory phonetics and speech science.","False","Y","high","Speech database - not biological database","","","18","N","N"
"30412219","Named entity linking of geospatial and host metadata in GenBank for advancing biomedical research.","True","Y","high","Method for entity linking - computational methodology","","","18","N","N"
"34849665","Corrigendum to: QSDB-a graphical Quorum Sensing Database.","False","Y","high","Corrigendum to another paper - not a primary database paper","","","18","N","N"
"24288377","Recent updates and developments to plant genome size databases.","True","Y","high","Update about databases - review/update paper not the database itself","","","18","N","N"
"29949583","A Web Geographic Information System to share data and explorative analysis tools: The application to West Nile disease in the Mediterranean basin.","True","Y","high","GIS system for sharing data - GIS platform not biological database","","","18","N","N"
"31697362","Enabling semantic queries across federated bioinformatics databases.","False","Y","high","Method for semantic queries - query methodology","","","18","N","N"
"32271844","Blind estimation and correction of microarray batch effect.","True","Y","high","Method for batch effect correction - statistical method","","","18","N","N"
"27213033","""Ontology-based collection, representation and analysis of drug-associated neuropathy adverse events.""","False","Y","high","Method for ontology-based analysis - analysis methodology","","","18","N","N"
"31250882","Isoform function prediction based on bi-random walks on a heterogeneous network.","True","Y","high","Method for function prediction - prediction method","","","18","N","N"
"28849559","Strategic Integration of Multiple Bioinformatics Resources for System Level Analysis of Biological Networks.","True","Y","high","Integration platform for analysis - integration tool","","","18","N","N"
"26048600","Quantitative frame analysis and the annotation of GC-rich (and other) prokaryotic genomes. An application to Anaeromyxobacter dehalogenans.","True","Y","high","Method for frame analysis - analysis method","","","18","N","N"
"31441165","Collection of antimicrobial peptides database and its derivatives: Applications and beyond.","False","Y","high","Review of AMP databases - review paper","","","18","N","N"
"23282099","Automatically clustering large-scale miRNA sequences: methods and experiments.","True","Y","high","Method for clustering - clustering methodology","","","18","N","N"
"28077566","""Duplicates, redundancies and inconsistencies in the primary nucleotide databases: a descriptive study.""","True","Y","high","Study of existing databases - analysis study","","","18","N","N"
"22961451","Identifying cancer highly-expressed membrane receptors for targeted drug delivery.","True","Y","high","Method for identifying receptors - identification method","","","18","N","N"
"21408061","Fast identification and removal of sequence contamination from genomic and metagenomic datasets.","False","Y","high","Method for contamination removal - analysis method","","","18","N","N"
"31768399","The Integrated Resource for Reproducibility in Macromolecular Crystallography: Experiences of the first four years.","False","Y","high","Report on resource experiences - review/report paper","","","18","N","N"
"23195312","Bioinformatics resources for behavior studies in the laboratory mouse.","False","Y","high","Review of resources - review paper","","","18","N","N"
"32445187","Information Visualization Platform for Postmarket Surveillance Decision Support.","False","Y","high","Visualization platform for decision support - analysis platform","","","18","N","N"
"28029628","Evolutionary Graph Clustering for Protein Complex Identification.","False","Y","high","Method for complex identification - clustering method","","","18","N","N"
"34460810","A multi-objective genetic algorithm to find active modules in multiplex biological networks.","True","Y","high","Algorithm to find modules - computational algorithm","","","18","N","N"
"30340458","Context-specific interactions in literature-curated protein interaction databases.","False","Y","high","Analysis of existing databases - analysis study","","","18","N","N"
"21558151","Multi-source and ontology-based retrieval engine for maize mutant phenotypes.","True","Y","high","Retrieval engine - search/query tool","","","18","N","N"
"23915256","""Patient and primary care provider experience using a family health history collection, risk stratification, and clinical decision support tool: a type 2 hybrid controlled implementation-effectiveness trial.""","False","Y","high","Clinical trial of decision support tool - trial paper","","","18","N","N"
"30382537","Automated Metadata Suggestion During Repository Submission.","False","Y","high","Tool for metadata suggestion - data curation tool","","","18","N","N"
"28177306","Validation and extraction of molecular-geometry information from small-molecule databases.","False","Y","high","Method for validation and extraction - analysis method","","","18","N","N"
"22856649","A resource for benchmarking the usefulness of protein structure models.","True","Y","high","Resource for benchmarking - benchmarking resource not database","","","18","N","N"
"31024904","Defending Our Public Biological Databases as a Global Critical Infrastructure.","False","Y","high","Perspective/opinion on databases - perspective paper","","","18","N","N"
"31865908","Interpretable deep neural network for cancer survival analysis by integrating genomic and clinical data.","False","Y","high","Neural network method for survival analysis - analysis method","","","18","N","N"
"32875540","Identification of miRNA-mRNA Network in Autism Spectrum Disorder Using a Bioinformatics Method.","True","Y","high","Method for network identification - analysis method","","","18","N","N"
"26849207","Integration of Multiple Genomic and Phenotype Data to Infer Novel miRNA-Disease Associations.","True","Y","high","Method for inferring associations - prediction method","","","18","N","N"
"32214931","NorthEuraLex: a wide-coverage lexical database of Northern Eurasia.","False","Y","high","Linguistic database - not biological database","","","18","N","N"
"21540468","Mind the dbGAP: the application of data mining to identify biological mechanisms.","False","Y","high","Application of data mining to existing database - analysis paper","","","18","N","N"
"28873962","A recurrence-based approach for validating structural variation using long-read sequencing technology.","False","Y","high","Approach for validation - analysis methodology","","","18","N","N"
"29229654","Protocol for developing a Database of Zoonotic disease Research in India (DoZooRI).","False","Y","high","Protocol for developing database - not the database itself","","","18","N","N"
"34493865","FoGS provides a public FAQ repository for social and behavioral genomic discoveries.","False","Y","high","FAQ repository - educational resource not data database","","","18","N","N"
"32170312","""*-DCC: A platform to collect, annotate, and explore a large variety of sequencing experiments.""","False","Y","high","Platform to collect and annotate - data processing platform","","","18","N","N"
"33206960","OCCAM: prediction of small ORFs in bacterial genomes by means of a target-decoy database approach and machine learning techniques.","False","Y","high","Prediction method using machine learning - prediction tool","","","18","N","N"
"31891586","A framework for the development of a global standardised marine taxon reference image database (SMarTaR-ID) to support image-based analyses.","False","Y","high","Framework for database development - not the database itself","","","18","N","N"
"32618119","QSP-IO: A Quantitative Systems Pharmacology Toolbox for Mechanistic Multiscale Modeling for Immuno-Oncology Applications.","False","Y","high","Toolbox for modeling - modeling toolbox","","","18","N","N"
"25826798","Large-scale chemical similarity networks for target profiling of compounds identified in cell-based chemical screens.","True","Y","high","Method for target profiling using networks - analysis method","","","18","N","N"
"22984983","A pipeline for automated annotation of yeast genome sequences by a conserved-synteny approach.","True","Y","high","Pipeline for annotation - annotation pipeline","","","18","N","N"
"32628719","OSS-DBS: Open-source simulation platform for deep brain stimulation with a comprehensive automated modeling.","False","Y","high","Simulation platform - modeling platform not database","","","18","N","N"
"30231912","The Comparative Effectiveness of Innovative Treatments for Cancer (CEIT-Cancer) project: Rationale and design of the database and the collection of evidence available at approval of novel drugs.","False","Y","high","Rationale and design of database - not the database itself","","","18","N","N"
"28800878","Developing PreDICT - a fully integrated data platform for preclinical in vivo data: learning from experience.","False","Y","high","Development of platform - describes platform development not the platform","","","18","N","N"
"21851130","Cycloquest: identification of cyclopeptides via database search of their mass spectra against genome databases.","False","Y","high","Tool for identification via database search - search tool","","","18","N","N"
"22333244","ShapePheno: unsupervised extraction of shape phenotypes from biological image collections.","True","Y","high","Tool for extraction of phenotypes - extraction tool","","","18","N","N"
"23410935","Sequencing orphan species initiative (SOS): Filling the gaps in the 16S rRNA gene sequence database for all species with validly published names.","False","Y","high","Initiative to fill gaps in existing database - project description","","","18","N","N"
"30307985","Diachronic Atlas of Comparative Linguistics (DiACL)-A database for ancient language typology.","False","Y","high","Linguistics database - not biological database","","","18","N","N"
"34312990","""DDASSQ: An open-source, multiple peptide sequencing strategy for label free quantification based on an OpenMS pipeline in the KNIME analytics platform.""","False","Y","high","Pipeline for quantification - analysis pipeline","","","18","N","N"
"23253942","chemf: A purely functional chemistry toolkit.","False","Y","high","Chemistry toolkit - software library","","","18","N","N"
"22874396","ICF machine: a web-based system for collection of ICF data.","False","Y","high","System for data collection - data collection system","","","18","N","N"
"28356340","""Analysis of Cardiac Myocyte Maturation Using CASAAV, a Platform for Rapid Dissection of Cardiac Myocyte Gene Function In Vivo.""","False","Y","high","Platform for functional analysis - experimental platform","","","18","N","N"
"29272339","Personal Cancer Genome Reporter: variant interpretation report for precision oncology.","False","Y","high","Reporting tool for variant interpretation - reporting tool","","","18","N","N"
"34506617","""Community development, implementation, and assessment of a NIBLSE bioinformatics sequence similarity learning resource.""","False","Y","high","Educational learning resource - educational material","","","18","N","N"
"22068921","MEG-SIM: a web portal for testing MEG analysis methods using realistic simulated and empirical data.","True","Y","high","Web portal for testing methods - analysis testing portal","","","18","N","N"
"32328990","The Dementias Platform UK (DPUK) Data Portal.","False","Y","high","Data Portal for accessing existing data - data access portal","","","18","N","N"
"24365675","A novel meta-analytic approach: mining frequent co-activation patterns in neuroimaging databases.","False","Y","high","Meta-analytic approach - analysis methodology","","","18","N","N"
"24709754","Genomics: a catalogue of human gene activity.","False","Y","high","News article about genomics - not a database paper","","","18","N","N"
"33896202","mmSIM: an open toolbox for accessible structured illumination microscopy.","False","Y","high","Toolbox for microscopy - imaging software","","","18","N","N"
"23902523","PoPLAR: Portal for Petascale Lifescience Applications and Research.","False","Y","high","Portal for computing applications - computing infrastructure","","","18","N","N"
"25390369","MM-MDS: a multidimensional scaling database with similarity ratings for 240 object categories from the Massive Memory picture database.","False","Y","high","Psychology database - not biological database","","","18","N","N"
"26704598","OfftargetFinder: a web tool for species-specific RNAi design.","True","Y","high","""Tool for RNAi design, explicitly says """"tool""""""","","","18","N","N"
"32170925","tugHall: a simulator of cancer-cell evolution based on the hallmarks of cancer and tumor-related genes.","False","Y","high","Simulator for cancer evolution - simulation tool","","","18","N","N"
"21525397","The NCGC pharmaceutical collection: a comprehensive resource of clinically approved drugs enabling repurposing and chemical genomics.","False","Y","high","Description of compound collection - compound library resource","","","18","N","N"
"34735112","Carboxypeptidase Y Assisted Disulfide-Bond Identification with Linearized Database Search.","False","Y","high","Method with database search - analysis method","","","18","N","N"
"32054949","CLIP: Carbon Dioxide testing suitable for Low power microelectronics and IOT interfaces using Room temperature Ionic Liquid Platform.","False","Y","high","Sensor platform - engineering not bioresource","","","18","N","N"
"28388612","The Drug Repurposing Hub: a next-generation drug library and information resource.","False","Y","high","Drug library - compound collection not database","","","18","N","N"
"28895947","""Database of multi-parametric geophysical data from the TOMO-DEC experiment on Deception Island, Antarctica.""","False","Y","high","Geophysical database - not biological database","","","18","N","N"
"28348172","Database-independent Protein Sequencing (DiPS) Enables Full-length <i>de Novo</i> Protein and Antibody Sequence Determination.","False","Y","high","Method for protein sequencing - sequencing method","","","18","N","N"
"24788304","MyCases-a portable application for radiologic case collections.","False","Y","high","Application for case management - medical informatics app","","","18","N","N"
"30102551","Mind the Gap: From Tool to Knowledge Base.","False","Y","high","Discussion of tool development - methodology paper","","","18","N","N"
"27506226","DTMiner: identification of potential disease targets through biomedical literature mining.","True","Y","high","Tool for identification via text mining - text mining tool","","","18","N","N"
"30307540","Joint analysis of individual-level and summary-level GWAS data by leveraging pleiotropy.","False","Y","high","Analysis method for GWAS data - statistical method","","","18","N","N"
"26593239","MIG-seq: an effective PCR-based method for genome-wide single-nucleotide polymorphism genotyping using the next-generation sequencing platform.","False","Y","high","PCR-based method - experimental methodology","","","18","N","N"
"34058988","A tool for analyzing and visualizing ribo-seq data at the isoform level.","True","Y","high","Pure methodology tool for analysis and visualization","","","19","N","N"
"25991176","EpiHosp: A web-based visualization tool enabling the exploratory analysis of complications of implantable medical devices from a nationwide hospital database.","False","Y","high","""Methodology tool for exploratory analysis, despite database mention""","","","19","N","N"
"27993779","Recon2Neo4j: applying graph database technologies for managing comprehensive genome-scale networks.","True","Y","high","Tool for applying database technology to manage networks","","","19","N","N"
"26108279","GDC 2: Compression of large collections of genomes.","True","Y","high","Methodology for compression not a database","","","19","N","N"
"26030757","DynamicRoots: A Software Platform for the Reconstruction and Analysis of Growing Plant Roots.","False","Y","high","Software platform for reconstruction and analysis","","","19","N","N"
"22054246","TOFSIMS-P: a web-based platform for analysis of large-scale TOF-SIMS data.","False","Y","high","Platform for analysis not a data repository","","","19","N","N"
"34370723","PPIDomainMiner: Inferring domain-domain interactions from multiple sources of protein-protein interactions.","True","Y","high","Methodology tool for inferring interactions","","","19","N","N"
"31844107","""Ten-Second Electrophysiology: Evaluation of the 3DEP Platform for high-speed, high-accuracy cell analysis.""","False","Y","high","Evaluation of a platform tool not a database","","","19","N","N"
"34200635","PPGTempStitch: A MATLAB Toolbox for Augmenting Annotated Photoplethsmogram Signals.","False","Y","high","Software toolbox not a database","","","19","N","N"
"28937982","Protein complex prediction via dense subgraphs and false positive analysis.","False","Y","high","Methodology for prediction not a database","","","19","N","N"
"33507077","Remodeling nanoDESI Platform with Ion Mobility Spectrometry to Expand Protein Coverage in Cancerous Tissue.","False","Y","high","Platform technology/methodology not a database","","","19","N","N"
"26527148","MeshAndCollect: an automated multi-crystal data-collection workflow for synchrotron macromolecular crystallography beamlines.","False","Y","high","Workflow automation tool not a database","","","19","N","N"
"31276469","BioGD: Bio-inspired robust gradient descent.","False","Y","high","Algorithm/methodology not a database","","","19","N","N"
"32634151","ShAn: An easy-to-use tool for interactive and integrated variant annotation.","False","Y","high","Tool for annotation not a database","","","19","N","N"
"32091591","6mA-Finder: a novel online tool for predicting DNA N6-methyladenine sites in genomes.","True","Y","high","Prediction tool not a database","","","19","N","N"
"34473087","Frag4Lead: growing crystallographic fragment hits by catalog using fragment-guided template docking.","False","Y","high","Methodology for docking not a database","","","19","N","N"
"25314003","MuTE: a MATLAB toolbox to compare established and novel estimators of the multivariate transfer entropy.","False","Y","high","MATLAB toolbox not a database","","","19","N","N"
"25068261","Mynodbcsv: lightweight zero-config database solution for handling very large CSV files.","False","Y","high","Database management solution/tool not a bioresource","","","19","N","N"
"31701125","Causal Inference Engine: a platform for directional gene set enrichment analysis and inference of active transcriptional regulators.","False","Y","high","Analysis platform/engine not a database","","","19","N","N"
"31975977","ChronoSphere: a graph-based EMF model repository for IT landscape models.","False","Y","high","IT software model repository not biological data","","","19","N","N"
"28146585","Development and validation of a Database Forensic Metamodel (DBFM).","False","Y","high","Metamodel for database forensics not a bioresource","","","19","N","N"
"32519291","FaReT: A free and open-source toolkit of three-dimensional models and software to study face perception.","False","Y","high","Software toolkit not a database","","","19","N","N"
"30165440","Fractalis: a scalable open-source service for platform-independent interactive visual analysis of biomedical data.","False","Y","high","Analysis service/platform not a database","","","19","N","N"
"23447014","BreedVision--a multi-sensor platform for non-destructive field-based phenotyping in plant breeding.","False","Y","high","Multi-sensor platform tool not a database","","","19","N","N"
"25570151","CIDI-lung-seg: a single-click annotation tool for automatic delineation of lungs from CT scans.","False","Y","high","Annotation tool not a database","","","19","N","N"
"31088857","Interactive Peptide Spectral Annotator: A Versatile Web-based Tool for Proteomic Applications.","True","Y","high","Annotation tool not a database","","","19","N","N"
"27634291","Pathogen metadata platform: software for accessing and analyzing pathogen strain information.","False","Y","high","Software platform for accessing data not the database itself","","","19","N","N"
"23629549","Genomics: New zebrafish genome resources.","False","Y","high","Commentary on resources not a database itself","","","19","N","N"
"24565063","HeLiVa platform: integrated heart-liver-vascular systems for drug testing in human health and disease.","False","Y","high","Experimental platform not a database","","","19","N","N"
"26745641","SNaPP: Simplified Nanoproteomics Platform for Reproducible Global Proteomic Analysis of Nanogram Protein Quantities.","False","Y","high","Proteomics platform/methodology not a database","","","19","N","N"
"27643689","Mapping Phenotypic Information in Heterogeneous Textual Sources to a Domain-Specific Terminological Resource.","False","Y","high","Methodology for mapping not a database","","","19","N","N"
"22254529","DigiScope--unobtrusive collection and annotating of auscultations in real hospital environments.","False","Y","high","Data collection tool not a database","","","19","N","N"
"31893215","""Recent advances in understanding genetic variants associated with growth, carcass and meat productivity traits in sheep (<i>Ovis aries</i>): an update.""","False","Y","high","Review paper not a database","","","19","N","N"
"21364759","NAViGaTing the micronome--using multiple microRNA prediction databases to identify signalling pathway-associated microRNAs.","True","Y","high","Paper about using databases not a database itself","","","19","N","N"
"34270057","Computational Phosphorylation Network Reconstruction: An Update on Methods and Resources.","False","Y","high","Review of methods and resources not a database","","","19","N","N"
"28044298","FISH-in-CHIPS: A Microfluidic Platform for Molecular Typing of Cancer Cells.","False","Y","high","Microfluidic platform methodology not a database","","","19","N","N"
"34270058","The Application of an R Language-Based Platform cRacker for Phosphoproteomics Data Analysis.","False","Y","high","Analysis platform application not a database","","","19","N","N"
"26249149","Model organism databases.","False","Y","high","Review of databases not a database itself","","","19","N","N"
"25880848","""Spiked GBS: a unified, open platform for single marker genotyping and whole-genome profiling.""","False","Y","high","Genotyping platform methodology not a database","","","19","N","N"
"22359445","""Geno viewer, a SAM/BAM viewer tool.""","True","Y","high","Viewer tool not a database","","","19","N","N"
"21900204","Crowdsourcing network inference: the DREAM predictive signaling network challenge.","False","Y","high","Challenge/competition paper not a database","","","19","N","N"
"23827707","Browsing (Epi)genomes: a guide to data resources and epigenome browsers for stem cell researchers.","False","Y","high","Guide to resources not a database itself","","","19","N","N"
"33053376","A Comprehensive Subcellular Atlas of the Toxoplasma Proteome via hyperLOPIT Provides Spatial Context for Protein Functions.","False","Y","high","Analysis study creating atlas not database paper","","","19","N","N"
"22046109","BioStar: an online question & answer resource for the bioinformatics community.","False","Y","high","Q&A forum not a data database","","","19","N","N"
"26231432","AlignBucket: a tool to speed up 'all-against-all' protein sequence alignments optimizing length constraints.","True","Y","high","Tool for alignment optimization not a database","","","19","N","N"
"21685053","CHASM and SNVBox: toolkit for detecting biologically important single nucleotide mutations in cancer.","True","Y","high","Toolkit for detection not a database","","","19","N","N"
"25261406","GPAC-genome presence/absence compiler: a web application to comparatively visualize multiple genome-level changes.","True","Y","high","Web application tool for visualization not a database","","","19","N","N"
"25380777","XMS: cross-platform normalization method for multimodal mass spectrometric tissue profiling.","False","Y","high","Normalization method not a database","","","19","N","N"
"23536820","Comparative GO: a web application for comparative gene ontology and gene ontology-based gene selection in bacteria.","True","Y","high","Web application tool not a database","","","19","N","N"
"21950131","[Knowledgebase as a tool for monitoring post-genomic medico-biological research].","False","Y","high","Paper about using knowledgebase as tool not a database","","","19","N","N"
"27443354","SubsMatch 2.0: Scanpath comparison and classification based on subsequence frequencies.","True","Y","high","Tool for comparison and classification not a database","","","19","N","N"
"24086295","""The RosettaCon 2012 Special Collection: Code Writ on Water, Documentation Writ in Stone.""","False","Y","high","Documentation/commentary not a database","","","19","N","N"
"28508371","Efficient and Accurate Algorithm for Cleaved Fragments Prediction (CFPA) in Protein Sequences Dataset Based on Consensus and Its Variants: A Novel Degradomics Prediction Application.","False","Y","high","Algorithm for prediction not a database","","","19","N","N"
"33900750","""MHCEpitopeEnergy, a Flexible Rosetta-Based Biotherapeutic Deimmunization Platform.""","False","Y","high","Platform methodology tool not a database","","","19","N","N"
"28605772","AnnoSys-implementation of a generic annotation system for schema-based data using the example of biodiversity collection data.","False","Y","high","Annotation system implementation not a database","","","19","N","N"
"30991966","Metabopolis: scalable network layout for biological pathway diagrams in urban map style.","False","Y","high","Visualization layout tool not a database","","","19","N","N"
"26356345","Predicting Protein Relationships to Human Pathways through a Relational Learning Approach Based on Simple Sequence Features.","True","Y","high","Prediction approach/method not a database","","","19","N","N"
"34378845","Genome sequencing guide: An introductory toolbox to whole-genome analysis methods.","False","Y","high","Guide/toolbox for methods not a database","","","19","N","N"
"29601530","MetStabOn-Online Platform for Metabolic Stability Predictions.","False","Y","high","Prediction platform not a database","","","19","N","N"
"23332401","Database resources for the tuberculosis community.","True","Y","high","Review of database resources not a database itself","","","19","N","N"
"32401319","Ewastools: Infinium Human Methylation BeadChip pipeline for population epigenetics integrated into Galaxy.","True","Y","high","Pipeline tool not a database","","","19","N","N"
"28241745","Drug voyager: a computational platform for exploring unintended drug action.","True","Y","high","Computational platform for exploration without clear data housing","","","19","N","N"
"31545742","Neuropixels Data-Acquisition System: A Scalable Platform for Parallel Recording of 10 000+ Electrophysiological Signals.","False","Y","high","Data acquisition system not a database","","","19","N","N"
"27465130","NTTMUNSW BioC modules for recognizing and normalizing species and gene/protein mentions.","False","Y","high","Modules for text mining not a database","","","19","N","N"
"27190234","RNAontheBENCH: computational and empirical resources for benchmarking RNAseq quantification and differential expression methods.","False","Y","high","Benchmarking resources not a database","","","19","N","N"
"30718155","Utilising a Data Capture Tool to Populate a Cardiac Rehabilitation Registry: A Feasibility Study.","True","Y","high","Tool for populating registry not the registry itself","","","19","N","N"
"22434834","The mouse-human anatomy ontology mapping project.","True","Y","high","Ontology mapping project not a database","","","19","N","N"
"26255989","The Matchmaker Exchange API: automating patient matching through the exchange of structured phenotypic and genotypic profiles.","False","Y","high","API for data exchange not a database","","","19","N","N"
"31291294","Exploring the analytical power of the QTOF MS platform to assess monoclonal antibodies quality attributes.","False","Y","high","Platform assessment study not a database","","","19","N","N"
"22125014","Boston-NeuroTalks calendar 3.0: a talk database powered by collective intelligence.","False","Y","high","Calendar database not biological data","","","19","N","N"
"23740839","Correlating transcriptional networks to breast cancer survival: a large-scale coexpression analysis.","True","Y","high","Analysis study not a database","","","19","N","N"
"29049280","Ethoscopes: An open platform for high-throughput ethomics.","True","Y","high","Hardware platform not a database","","","19","N","N"
"23680785","Catalytic site identification--a web server to identify catalytic site structural matches throughout PDB.","True","Y","high","Web server tool for identification not a database","","","19","N","N"
"32236523","Multi-omics Visualization Platform: An extensible Galaxy plug-in for multi-omics data visualization and exploration.","False","Y","high","Visualization platform plugin not a database","","","19","N","N"
"23327938","Use of Gene Ontology Annotation to understand the peroxisome proteome in humans.","True","Y","high","Paper about using annotations not a database","","","19","N","N"
"24906306","Cell cycle-regulated transcription: effectively using a genomics toolbox.","False","Y","high","Review on using toolbox not a database","","","19","N","N"
"33002137","A content-based dataset recommendation system for researchers-a case study on Gene Expression Omnibus (GEO) repository.","True","Y","high","Recommendation system not a database","","","19","N","N"
"32188719","A quantitative super-resolution imaging toolbox for diagnosis of motile ciliopathies.","False","Y","high","Imaging toolbox not a database","","","19","N","N"
"21873635","Phylogenetic-based propagation of functional annotations within the Gene Ontology consortium.","False","Y","high","Method for annotation propagation not a database","","","19","N","N"
"34195964","Methods for Predicting CircRNA-miRNA-mRNA Regulatory Networks: GreenCircRNA and PlantCircNet Databases as Study Cases.","False","Y","high","Methods paper using databases as examples not a database itself","","","19","N","N"
"29156309","Recent development of computational resources for new antibiotics discovery.","True","Y","high","Review of resources not a database","","","19","N","N"
"29039006","Information Resources for Functional Genomics Studies in Brachypodium distachyon.","True","Y","high","Guide to resources not a database","","","19","N","N"
"33519912","Identification of Potential Prognostic Competing Triplets in High-Grade Serous Ovarian Cancer.","False","Y","high","Analysis study not a database","","","19","N","N"
"32103005","A comprehensive non-redundant gene catalog reveals extensive within-community intraspecies diversity in the human vagina.","False","Y","high","Gene catalog creation study not a database paper","","","19","N","N"
"28855263","An atlas of alternative splicing profiles and functional associations reveals new regulatory programs and genes that simultaneously express multiple major isoforms.","False","Y","high","Analysis creating atlas not a database paper","","","19","N","N"
"33395407","Alignment-free method for functional annotation of amino acid substitutions: Application on epigenetic factors involved in hematologic malignancies.","True","Y","high","Annotation method not a database","","","19","N","N"
"23550062","Biological database of images and genomes: tools for community annotations linking image and genomic information.","False","Y","high","Tools for annotation not a database","","","19","N","N"
"27192614","Bayesian Top-Down Protein Sequence Alignment with Inferred Position-Specific Gap Penalties.","True","Y","high","Alignment method not a database","","","19","N","N"
"30917137","An analysis and metric of reusable data licensing practices for biomedical resources.","True","Y","high","Analysis of resources not a database","","","19","N","N"
"24564403","Literature classification for semi-automated updating of biological knowledgebases.","False","Y","high","Classification method for updating not a database","","","19","N","N"
"33762594","K-means quantization for a web-based open-source flow cytometry analysis platform.","False","Y","high","Analysis platform methodology not a database","","","19","N","N"
"31101683","A piggyBac-based toolkit for inducible genome editing in mammalian cells.","False","Y","high","Toolkit for genome editing not a database","","","19","N","N"
"30423098","""Approximate, simultaneous comparison of microbial genome architectures via syntenic anchoring of quiver representations.""","False","Y","high","Comparison method not a database","","","19","N","N"
"29070022","A method for allocating low-coverage sequencing resources by targeting haplotypes rather than individuals.","False","Y","high","Method for resource allocation not a database","","","19","N","N"
"26361227","Structure Based Thermostability Prediction Models for Protein Single Point Mutations with Machine Learning Tools.","True","Y","high","Prediction models not a database","","","19","N","N"
"27664219","A novel method for crosstalk analysis of biological networks: improving accuracy of pathway annotation.","True","Y","high","Analysis method not a database","","","19","N","N"
"28103241","Contextual Refinement of Regulatory Targets Reveals Effects on Breast Cancer Prognosis of the Regulome.","False","Y","high","Analysis study not a database","","","19","N","N"
"26801959","Multi-task consensus clustering of genome-wide transcriptomes from related biological conditions.","False","Y","high","Clustering method not a database","","","19","N","N"
"27832200","A Platform for Designing Genome-Based Personalized Immunotherapy or Vaccine against Cancer.","True","Y","high","Design platform tool not a database","","","19","N","N"
"30944337","Metabolic reaction network-based recursive metabolite annotation for untargeted metabolomics.","False","Y","high","Annotation method not a database","","","19","N","N"
"26608109","A high-content platform to characterise human induced pluripotent stem cell lines.","False","Y","high","Characterization platform not a database","","","19","N","N"
"23993619","Review of availability of food composition data for fish and shellfish.","True","Y","high","Review paper not a database","","","19","N","N"
"26179515","Leveraging transcript quantification for fast computation of alternative splicing profiles.","False","Y","high","Computational method not a database","","","19","N","N"
"27307138","A comprehensive view of the web-resources related to sericulture.","True","Y","high","Comprehensive view/portal not a database itself","","","19","N","N"
"24555475","A genome-wide MeSH-based literature mining system predicts implicit gene-to-gene relationships and networks.","True","Y","high","Literature mining system not a database","","","19","N","N"
"27045824","Integration and Querying of Genomic and Proteomic Semantic Annotations for Biomedical Knowledge Extraction.","True","Y","high","Integration system for querying not a database","","","19","N","N"
"24618165","A resource management tool for public health continuity of operations during disasters.","False","Y","high","Management tool not a biological database","","","19","N","N"
"27995928","Production of individualized V gene databases reveals high levels of immunoglobulin genetic diversity.","False","Y","high","Method for producing databases not a database itself","","","19","N","N"
"26832193","Red blood cell PK deficiency: An update of PK-LR gene mutation database.","True","Y","high","Update using existing database (HGMD) not new database","","","19","N","N"
"33118018","Allowing mutations in maximal matches boosts genome compression performance.","False","Y","high","Compression algorithm not a database","","","19","N","N"
"34042766","A Platform for Health Record Management of the Conscripts in the Hellenic Navy.","False","Y","high","Health record management platform not biological database","","","19","N","N"
"34834856","Using Crop Databases to Explore Phenotypes: From QTL to Candidate Genes.","False","Y","high","Guide on using databases not a database","","","19","N","N"
"25150201","Uncovering influence links in molecular knowledge networks to streamline personalized medicine.","False","Y","high","Method for network analysis not a database","","","19","N","N"
"23865838","A fast weak motif-finding algorithm based on community detection in graphs.","True","Y","high","Algorithm not a database","","","19","N","N"
"31834359","Platform-integrated mRNA isoform quantification.","False","Y","high","Quantification method not a database","","","19","N","N"
"22098204","Stereochemically consistent reaction mapping and identification of multiple reaction mechanisms through integer linear optimization.","True","Y","high","Optimization method not a database","","","19","N","N"
"25277758","Comparative analysis of a novel disease phenotype network based on clinical manifestations.","False","Y","high","Analysis method not a database","","","19","N","N"
"30535996","Database and Bioinformatic Analysis of BCL-2 Family Proteins and BH3-Only Proteins.","False","Y","high","Analysis of databases not a database itself","","","19","N","N"
"26077899","Integrated web visualizations for protein-protein interaction databases.","True","Y","high","Visualization tool for databases not a database","","","19","N","N"
"31081335","Proteomics Standards Initiative Extended FASTA Format.","True","Y","high","File format specification not a database","","","19","N","N"
"24957774","Medicinal plants: a public resource for metabolomics and hypothesis development.","False","Y","high","Commentary on resource not a database","","","19","N","N"
"33003197","""A computational toolset for rapid identification of SARS-CoV-2, other viruses and microorganisms from sequencing data.""","False","Y","high","Computational toolset not a database","","","19","N","N"
"30993337","Automatic curation of large comparative animal MicroRNA datasets.","False","Y","high","Curation method not a database","","","19","N","N"
"33584804","Hierarchical Microbial Functions Prediction by Graph Aggregated Embedding.","False","Y","high","Prediction method not a database","","","19","N","N"
"22144685","The 2012 Nucleic Acids Research Database Issue and the online Molecular Biology Database Collection.","True","Y","high","Database issue/collection overview not a database","","","19","N","N"
"27227992","A Mechanism for Fair Distribution of Resources without Payments.","False","Y","high","Mechanism for resource distribution not a database","","","19","N","N"
"31245752","""Arabidopsis bioinformatics resources: The current state, challenges, and priorities for the future.""","False","Y","high","Review of resources not a database","","","19","N","N"
"30846812","Development of species specific putative miRNA and its target prediction tool in wheat (Triticum aestivum L.).","True","Y","high","Prediction tool development not a database","","","19","N","N"
"24731198","On finding bicliques in bipartite graphs: a novel algorithm and its application to the integration of diverse biological data types.","True","Y","high","Algorithm for finding bicliques not a database","","","19","N","N"
"34242248","""A tool for assessing alignment of biomedical data repositories with open, FAIR, citation and trustworthy principles.""","False","Y","high","Assessment tool not a database","","","19","N","N"
"25343872","The integrated microbial genome resource of analysis.","False","Y","high","Analysis resource review not database itself","","","19","N","N"
"28245811","RNA-protein binding motifs mining with a new hybrid deep learning based cross-domain knowledge integration approach.","True","Y","high","Mining method not a database","","","19","N","N"
"24886202","An R package that automatically collects and archives details for reproducible computing.","True","Y","high","R package tool not a database","","","19","N","N"
"21327987","Identification and characterization of microRNAs in Trichinella spiralis by comparison with Brugia malayi and Caenorhabditis elegans.","True","Y","high","Identification study not a database","","","19","N","N"
"23894279","SVM-based prediction of propeptide cleavage sites in spider toxins identifies toxin innovation in an Australian tarantula.","True","Y","high","Prediction method not a database","","","19","N","N"
"22228017","Online resources for genomic structural variation.","False","Y","high","Review of resources not a database","","","19","N","N"
"23007431","Accessing and using chemical property databases.","False","Y","high","Guide to using databases not a database","","","19","N","N"
"27284087","Exploring the interplay between experimental methods and the performance of predictors of binding affinity change upon mutations in protein complexes.","False","Y","high","Analysis of predictors not a database","","","19","N","N"
"27766940","""Prioritization, clustering and functional annotation of MicroRNAs using latent semantic indexing of MEDLINE abstracts.""","True","Y","high","Prioritization method not a database","","","19","N","N"
"21653784","Gene discovery and tissue-specific transcriptome analysis in chickpea with massively parallel pyrosequencing and web resource development.","False","Y","high","Gene discovery study not database paper","","","19","N","N"
"27115633","Identification and Correction of Erroneous Protein Sequences in Public Databases.","False","Y","high","Error correction method not a database","","","19","N","N"
"28185569","A comprehensive collection of annotations to interpret sequence variation in human mitochondrial transfer RNAs.","False","Y","high","Collection study not database paper","","","19","N","N"
"25875762","Construction of an ortholog database using the semantic web technology for integrative analysis of genomic data.","False","Y","high","Database construction method not the database itself","","","19","N","N"
"26043787","Detection and analysis of disease-associated single nucleotide polymorphism influencing post-translational modification.","True","Y","high","Detection and analysis tool not a database","","","19","N","N"
"25824651","Comprehensive data resources and analytical tools for pathological association of aminoacyl tRNA synthetases with cancer.","False","Y","high","Review of resources and tools not a database","","","19","N","N"
"23892401","Utilizing sequence intrinsic composition to classify protein-coding and long non-coding transcripts.","True","Y","high","Classification method not a database","","","19","N","N"
"31223421","Literature-Based Enrichment Insights into Redox Control of Vascular Biology.","False","Y","high","Literature enrichment study not a database","","","19","N","N"
"34788021","Web-Based Open-Source Tool for Isotachophoresis.","True","Y","high","Simulation tool not a database","","","19","N","N"
"23163785","Binomial probability distribution model-based protein identification algorithm for tandem mass spectrometry utilizing peak intensity information.","True","Y","high","Algorithm not a database","","","19","N","N"
"30075297","Mitochondrial genomics in the cancer cell line encyclopedia and a scoring method to effectively pair cell lines for cytoplasmic hybridization.","True","Y","high","Scoring method not a database","","","19","N","N"
"34493728","""Materials informatics platform with three dimensional structures, workflow and thermoelectric applications.""","False","Y","high","Materials informatics platform not biological database","","","19","N","N"
"26015273","A statistical framework to predict functional non-coding regions in the human genome through integrated analysis of annotation data.","True","Y","high","Prediction framework not a database","","","19","N","N"
"21357612","Database identifies FDA-approved drugs with potential to be repurposed for treatment of orphan diseases.","False","Y","high","Database analysis study not a database itself","","","19","N","N"
"31645567","Large scale and integrated platform for digital mass culture of anchorage dependent cells.","False","Y","high","Culture platform not a database","","","19","N","N"
"23762313","Information exploration system for sickle cell disease and repurposing of hydroxyfasudil.","True","Y","high","Exploration system not a database","","","19","N","N"
"34876593","A computational approach for the discovery of significant cancer genes by weighted mutation and asymmetric spreading strength in networks.","False","Y","high","Computational approach/method not a database","","","19","N","N"
"31095490","""Predicting Essential Proteins by Integrating Network Topology, Subcellular Localization Information, Gene Expression Profile and GO Annotation Data.""","False","Y","high","Prediction method not a database","","","19","N","N"
"28658305","Predicting human protein subcellular localization by heterogeneous and comprehensive approaches.","True","Y","high","Prediction method not a database","","","19","N","N"
"25267793","An online system for metabolic network analysis.","True","Y","high","Analysis system not a database","","","19","N","N"
"25336203","Census-based rapid and accurate metagenome taxonomic profiling.","True","Y","high","Profiling method not a database","","","19","N","N"
"29757349","Base-pair resolution detection of transcription factor binding site by deep deconvolutional network.","False","Y","high","Detection method not a database","","","19","N","N"
"31608124","Predicting circRNA-Disease Associations Based on Improved Collaboration Filtering Recommendation System With Multiple Data.","True","Y","high","Prediction system not a database","","","19","N","N"
"30101659","Bootstrapping and Empirical Bayes Methods Improve Rhythm Detection in Sparsely Sampled Data.","False","Y","high","Statistical methods not a database","","","19","N","N"
"30466046","Intrinsic-overlapping co-expression module detection with application to Alzheimer's Disease.","False","Y","high","Module detection method not a database","","","19","N","N"
"29912270","Development of a Coding and Crosswalk Tool for Occupations and Industries.","True","Y","high","Coding tool not biological database","","","19","N","N"
"28592545","Development of a Web Tool for Escherichia coli Subtyping Based on <i>fimH</i> Alleles.","True","Y","high","Subtyping tool not a database","","","19","N","N"
"29092944","Platform for Quantitative Evaluation of Spatial Intratumoral Heterogeneity in Multiplexed Fluorescence Images.","False","Y","high","Evaluation platform not a database","","","19","N","N"
"32788619","Pathway-specific model estimation for improved pathway annotation by network crosstalk.","False","Y","high","Model estimation method not a database","","","19","N","N"
"25521812","Centrifugal microfluidic platform for ultrasensitive detection of botulinum toxin.","False","Y","high","Microfluidic platform not a database","","","19","N","N"
"31686495","A Toolkit for Rapid Modular Construction of Biological Circuits in Mammalian Cells.","False","Y","high","Toolkit for circuit construction not a database","","","19","N","N"
"29258305","Hierarchical Assembly of RNA Three-Dimensional Structures Based on Loop Templates.","True","Y","high","Assembly method not a database","","","19","N","N"
"34158502","Comprehensive identification of transposable element insertions using multiple sequencing technologies.","False","Y","high","Identification method not a database","","","19","N","N"
"32811511","Advancing brain barriers RNA sequencing: guidelines from experimental design to publication.","True","Y","high","Guidelines not a database","","","19","N","N"
"24640546","Assessing the quality of life history information in publicly available databases.","False","Y","high","Assessment study not a database","","","19","N","N"
"31558563","Modeling Cellular Response in Large-Scale Radiogenomic Databases to Advance Precision Radiotherapy.","True","Y","high","Modeling study using databases not a database","","","19","N","N"
"29329100","A Web-Based System for Bayesian Benchmark Dose Estimation.","False","Y","high","Estimation system not a database","","","19","N","N"
"30423083","Learning structural motif representations for efficient protein structure search.","False","Y","high","Learning method not a database","","","19","N","N"
"24438387","The epidemiology ontology: an ontology for the semantic annotation of epidemiological resources.","False","Y","high","Ontology not a database","","","19","N","N"
"23625364","Practical use of chemical shift databases for protein solid-state NMR: 2D chemical shift maps and amino-acid assignment with secondary-structure information.","False","Y","high","Methods paper using databases not a database","","","19","N","N"
"26921280","Resolving the problem of multiple accessions of the same transcript deposited across various public databases.","True","Y","high","Resolution tool not a database","","","19","N","N"
"26485611","A refined genome-scale reconstruction of Chlamydomonas metabolism provides a platform for systems-level analyses.","False","Y","high","Metabolic reconstruction not a database","","","19","N","N"
"32657385","Identifying tumor clones in sparse single-cell mutation data.","False","Y","high","Identification method not a database","","","19","N","N"
"24762971","Knowledge-based fragment binding prediction.","False","Y","high","Prediction method not a database","","","19","N","N"
"31173061","Protein contact prediction using metagenome sequence data and residual neural networks.","True","Y","high","Prediction method not a database","","","19","N","N"
"22222540","Visual data mining of coexpression data to set research priorities in cardiac development research.","True","Y","high","Data mining tool not a database","","","19","N","N"
"31299914","Viral coinfection analysis using a MinHash toolkit.","False","Y","high","Analysis toolkit not a database","","","19","N","N"
"26487054","Communicative interactions in point-light displays: Choosing among multiple response alternatives.","True","Y","high","Psychology study not biological database","","","19","N","N"
"23736532","Identification of deleterious synonymous variants in human genomes.","True","Y","high","Identification method not a database","","","19","N","N"
"31971579","Network-based prediction of drug-target interactions using an arbitrary-order proximity embedded deep forest.","False","Y","high","Prediction method not a database","","","19","N","N"
"27355955","On Curating Multimodal Sensory Data for Health and Wellness Platforms.","False","Y","high","Curation methodology not a database","","","19","N","N"
"28025197","A novel approach based on KATZ measure to predict associations of human microbiota with non-infectious diseases.","True","Y","high","Prediction approach not a database","","","19","N","N"
"27518241","Switching CAR T cells on and off: a novel modular platform for retargeting of T cells to AML blasts.","False","Y","high","CAR-T platform not a database","","","19","N","N"
"22355571","Drug-target network in myocardial infarction reveals multiple side effects of unrelated drugs.","False","Y","high","Network analysis not a database","","","19","N","N"
"22373043","Federated ontology-based queries over cancer data.","False","Y","high","Query system not a database","","","19","N","N"
"25413436","A framework for generalized subspace pattern mining in high-dimensional datasets.","True","Y","high","Mining framework not a database","","","19","N","N"
"24940876","3D face recognition based on multiple keypoint descriptors and sparse representation.","True","Y","high","Face recognition algorithm not biological database","","","19","N","N"
"25480373","Graphical algorithm for integration of genetic and biological data: proof of principle using psoriasis as a model.","True","Y","high","Integration algorithm not a database","","","19","N","N"
"24122928","Elucidating protein secondary structure with circular dichroism and a neural network.","True","Y","high","Neural network method not a database","","","19","N","N"
"32332853","A 96-well culture platform enables longitudinal analyses of engineered human skeletal muscle microtissue strength.","False","Y","high","Culture platform not a database","","","19","N","N"
"27280787","A Combination of CRISPR/Cas9 and Standardized RNAi as a Versatile Platform for the Characterization of Gene Function.","False","Y","high","Gene function platform not a database","","","19","N","N"
"31208323","Laboratory information management software for engineered mini-protein therapeutic workflow.","True","Y","high","LIMS software not a database","","","19","N","N"
"21504771","A high-density quantitative nuclease protection microarray platform for high throughput analysis of gene expression.","False","Y","high","Microarray platform not a database","","","19","N","N"
"30230259","Sequence-based searching of custom proteome and transcriptome databases.","True","Y","high","Search method not a database","","","19","N","N"
"25888240","An evidence-based approach to identify aging-related genes in Caenorhabditis elegans.","True","Y","high","Gene identification approach not a database","","","19","N","N"
"26047637","Text mining facilitates database curation - extraction of mutation-disease associations from Bio-medical literature.","False","Y","high","Text mining method for curation not a database","","","19","N","N"
"26494170","Development and promotion of a national website to improve dissemination of information related to the prevention of mother-to-child HIV transmission (PMTCT) in Tanzania.","True","Y","high","Information website not a database","","","19","N","N"
"28303715","Faradaic Ion Concentration Polarization on a Paper Fluidic Platform.","False","Y","high","Fluidic platform methodology not biological database","","","19","N","N"
"27172383","A benchmark testing ground for integrating homology modeling and protein docking.","True","Y","high","Benchmark testing not a database","","","19","N","N"
"30809638","Ontology based text mining of gene-phenotype associations: application to candidate gene prediction.","False","Y","high","Text mining application not a database","","","19","N","N"
"27797759","Transfer learning across ontologies for phenome-genome association prediction.","True","Y","high","Learning method not a database","","","19","N","N"
"32001390","Systematic comparison of the protein-protein interaction databases from a user's perspective.","True","Y","high","Comparison study not a database","","","19","N","N"
"30200874","Linked open data-based framework for automatic biomedical ontology generation.","False","Y","high","Framework for ontology generation not a database","","","19","N","N"
"33789960","""A Bioinformatics Whole-Genome Sequencing Workflow for Clinical Mycobacterium tuberculosis Complex Isolate Analysis, Validated Using a Reference Collection Extensively Characterized with Conventional Methods and <i>In Silico</i> Approaches.""","True","Y","high","Workflow not a database","","","19","N","N"
"23474988","Optical sensing of analytes in aqueous solutions with a multiple surface-plasmon-polariton-wave platform.","False","Y","high","Sensing platform not biological database","","","19","N","N"
"28398290","A geographically-diverse collection of 418 human gut microbiome pathway genome databases.","False","Y","high","Collection description not the database itself","","","19","N","N"
"21873637","Spatial clustering of protein binding sites for template based protein docking.","True","Y","high","Clustering method for docking not a database","","","19","N","N"
"27166378","Phylogeny-aware identification and correction of taxonomically mislabeled sequences.","False","Y","high","Identification and correction method not a database","","","19","N","N"
"22081223","Using systems and structure biology tools to dissect cellular phenotypes.","True","Y","high","Methods paper not a database","","","19","N","N"
"26415726","Computational probing protein-protein interactions targeting small molecules.","True","Y","high","Computational probing method not a database","","","19","N","N"
"28052928","Planning bioinformatics workflows using an expert system.","False","Y","high","Expert system for planning not a database","","","19","N","N"
"29804262","Identification of transposons near predicted lncRNA and mRNA pools of Prunus mume using an integrative transposable element database constructed from Rosaceae plant genomes.","False","Y","high","Identification study using database not the database paper","","","19","N","N"
"31990579","Evidence-Based Network Approach to Recommending Targeted Cancer Therapies.","False","Y","high","Recommendation approach not a database","","","19","N","N"
"21576754","A memory efficient method for structure-based RNA multiple alignment.","True","Y","high","Alignment method not a database","","","19","N","N"
"27153718","Multilevel biological characterization of exomic variants at the protein level significantly improves the identification of their deleterious effects.","True","Y","high","Characterization method not a database","","","19","N","N"
"26185615","A framework for ontology-based question answering with application to parasite immunology.","False","Y","high","Question answering framework not a database","","","19","N","N"
"32034219","A Robust Image Registration Interface for Large Volume Brain Atlas.","False","Y","high","Registration interface not a database","","","19","N","N"
"30285084","Large-scale comparative assessment of computational predictors for lysine post-translational modification sites.","True","Y","high","Assessment study not a database","","","19","N","N"
"25436610","A machine reading system for assembling synthetic paleontological databases.","False","Y","high","Machine reading system not a database","","","19","N","N"
"27379044","From DNA to FBA: How to Build Your own Genome-Scale Metabolic Model.","True","Y","high","Tutorial/guide not a database","","","19","N","N"
"33436980","Scalable long read self-correction and assembly polishing with multiple sequence alignment.","False","Y","high","Assembly method not a database","","","19","N","N"
"26925033","Microbial Community Structure of Activated Sludge in Treatment Plants with Different Wastewater Compositions.","False","Y","high","Community structure study not a database","","","19","N","N"
"21352538","""A lightweight, flow-based toolkit for parallel and distributed bioinformatics pipelines.""","True","Y","high","Pipeline toolkit not a database","","","19","N","N"
"23920641","Disseminating context-specific access to online knowledge resources within electronic health record systems.","True","Y","high","Dissemination system not a database","","","19","N","N"
"31038664","Adaptive boosting-based computational model for predicting potential miRNA-disease associations.","False","Y","high","Prediction model not a database","","","19","N","N"
"25763178","""Similarity-based search of model organism, disease and drug effect phenotypes.""","True","Y","high","Search method not a database","","","19","N","N"
"32690958","A quantitative thiol reactivity profiling platform to analyze redox and electrophile reactive cysteine proteomes.","False","Y","high","Profiling platform not a database","","","19","N","N"
"26454279","Fast and accurate non-sequential protein structure alignment using a new asymmetric linear sum assignment heuristic.","True","Y","high","Alignment method not a database","","","19","N","N"
"31776339","A cell-free biosynthesis platform for modular construction of protein glycosylation pathways.","False","Y","high","Biosynthesis platform not a database","","","19","N","N"
"30788501","A versatile platform strain for high-fidelity multiplex genome editing.","False","Y","high","Strain platform not a database","","","19","N","N"
"30279420","Dereplication of microbial metabolites through database search of mass spectra.","False","Y","high","Dereplication method not a database","","","19","N","N"
"29293953","Ontological function annotation of long non-coding RNAs through hierarchical multi-label classification.","True","Y","high","Annotation method not a database","","","19","N","N"
"27922621","Sharing brain mapping statistical results with the neuroimaging data model.","True","Y","high","Data model specification not a database","","","19","N","N"
"24785542","A lightweight Web of Things Open Platform to facilitate context data management and personalized healthcare services creation.","False","Y","high","IoT platform not biological database","","","19","N","N"
"23610369","Automated annotation and quantification of glycans using liquid chromatography-mass spectrometry.","True","Y","high","Annotation tool not a database","","","19","N","N"
"22976484","An integrated image analysis platform to quantify signal transduction in single cells.","False","Y","high","Image analysis platform not a database","","","19","N","N"
"27319291","""FDA drug labeling: rich resources to facilitate precision medicine, drug safety, and regulatory science.""","False","Y","high","Review of FDA resources not a database","","","19","N","N"
"27275538","Post-transcriptional knowledge in pathway analysis increases the accuracy of phenotypes classification.","True","Y","high","Analysis method not a database","","","19","N","N"
"30931570","A Network Module for the Perseus Software for Computational Proteomics Facilitates Proteome Interaction Graph Analysis.","True","Y","high","Software module not a database","","","19","N","N"
"26275895","Determining conserved metabolic biomarkers from a million database queries.","True","Y","high","Method using database not a database itself","","","19","N","N"
"33879052","A flexible ChIP-sequencing simulation toolkit.","False","Y","high","Simulation toolkit not a database","","","19","N","N"
"23981350","Inferring nucleosome positions with their histone mark annotation from ChIP data.","True","Y","high","Inference tool not a database","","","19","N","N"
"28128948","Index-Based Searching of Interaction Patterns in Large Collections of Protein-Ligand Interfaces.","False","Y","high","Searching method not a database","","","19","N","N"
"24561350","""Exploring medical diagnostic performance using interactive, multi-parameter sourced receiver operating characteristic scatter plots.""","True","Y","high","Visualization tool not a database","","","19","N","N"
"23442919","Computational assembly of polymorphic amyloid fibrils reveals stable aggregates.","True","Y","high","Computational assembly method not a database","","","19","N","N"
"33031509","Automated download and clean-up of family-specific databases for kmer-based virus identification.","False","Y","high","Download automation tool not a database","","","19","N","N"
"22343432","Meta-analysis of untargeted metabolomic data from multiple profiling experiments.","True","Y","high","Meta-analysis method not a database","","","19","N","N"
"32277990","Expanding the Chemogenetic Toolbox by Circular Permutation.","False","Y","high","Chemogenetic method not a database","","","19","N","N"
"21757462","A Grid-enabled web portal for NMR structure refinement with AMBER.","True","Y","high","Web portal tool for refinement not a database","","","19","N","N"
"23906393","Using open-access taxonomic and spatial information to create a comprehensive database for the study of mammalian and avian livestock and pet infections.","False","Y","high","Database creation method not the database itself","","","19","N","N"
"23620361","Sharing and executing linked data queries in a collaborative environment.","True","Y","high","Query sharing system not a database","","","19","N","N"
"30543636","A high-throughput and open-source platform for embryo phenomics.","False","Y","high","Phenomics platform not a database","","","19","N","N"
"26508759","Detecting dispersed duplications in high-throughput sequencing data using a database-free approach.","False","Y","high","Detection approach not a database","","","19","N","N"
"25078434","Introducing a combinatorial DNA-toolbox platform constituting defined protein-based biohybrid-materials.","False","Y","high","DNA toolbox platform not a database","","","19","N","N"
"24083898","Flexible software platform for fast-scan cyclic voltammetry data acquisition and analysis.","False","Y","high","Software platform for data acquisition not a database","","","19","N","N"
"26745458","Interactive and Versatile Navigation of Structural Databases.","False","Y","high","Navigation tool not a database","","","19","N","N"
"21498923","A novel bioinformatics strategy for searching industrially useful genome resources from metagenomic sequence libraries.","False","Y","high","Search strategy not a database","","","19","N","N"
"25963242","Proteomic-based biotyping reveals hidden diversity within a microalgae culture collection: An example using Dunaliella.","False","Y","high","Biotyping study not a database","","","19","N","N"
"28169394","Genotyping inversions and tandem duplications.","False","Y","high","Genotyping method not a database","","","19","N","N"
"28812537","Leveraging network analytics to infer patient syndrome and identify causal genes in rare disease cases.","False","Y","high","Network analytics method not a database","","","19","N","N"
"25909755","A generalizable platform for interrogating target- and signal-specific consequences of electrophilic modifications in redox-dependent cell signaling.","False","Y","high","Interrogation platform not a database","","","19","N","N"
"32938362","Metagenomic analysis through the extended Burrows-Wheeler transform.","False","Y","high","Analysis method not a database","","","19","N","N"
"24362595","New drug information resources for pharmacists at the National Library of Medicine.","False","Y","high","Overview of resources not a database","","","19","N","N"
"29342232","Informational and linguistic analysis of large genomic sequence collections via efficient Hadoop cluster algorithms.","True","Y","high","Analysis algorithms not a database","","","19","N","N"
"30961582","On building a diabetes centric knowledge base via mining the web.","False","Y","high","Knowledge base building method not the database","","","19","N","N"
"29211823","Identifying functionally informative evolutionary sequence profiles.","False","Y","high","Identification method not a database","","","19","N","N"
"33098418","Single-cell RNA-seq data semi-supervised clustering and annotation via structural regularized domain adaptation.","False","Y","high","Clustering method not a database","","","19","N","N"
"33372625","A review of optical chemical structure recognition tools.","False","Y","high","Review of tools not a database","","","19","N","N"
"22161324","Heterogeneous biological network visualization system: case study in context of medical image data.","False","Y","high","Visualization system not a database","","","19","N","N"
"21414989","Structure-based de novo prediction of zinc-binding sites in proteins of unknown function.","True","Y","high","Prediction method not a database","","","19","N","N"
"26812733","A Visual Interface for Querying Heterogeneous Phylogenetic Databases.","False","Y","high","Query interface not a database","","","19","N","N"
"26043208","A high-level language for rule-based modelling.","False","Y","high","Modeling language not a database","","","19","N","N"
"25910695","Inferring data-specific micro-RNA function through the joint ranking of micro-RNA and pathways from matched micro-RNA and gene expression data.","True","Y","high","Inference method not a database","","","19","N","N"
"32683449","An information-theoretic approach for measuring the distance of organ tissue samples using their transcriptomic signatures.","False","Y","high","Distance measurement method not a database","","","19","N","N"
"34331986","Ferritin nanocage: A promising and designable multi-module platform for constructing dynamic nanoassembly-based drug nanocarrier.","False","Y","high","Nanocage platform not biological database","","","19","N","N"
"32881514","Robust Accurate Identification and Biomass Estimates of Microorganisms via Tandem Mass Spectrometry.","True","Y","high","Identification method not a database","","","19","N","N"
"33634313","A sequence-based deep learning approach to predict CTCF-mediated chromatin loop.","False","Y","high","Prediction approach not a database","","","19","N","N"
"24936286","My Corporis Fabrica: an ontology-based tool for reasoning and querying on complex anatomical models.","False","Y","high","Reasoning tool not a database","","","19","N","N"
"26072487","Gene network inference by fusing data from diverse distributions.","False","Y","high","Inference method not a database","","","19","N","N"
"25161230","Alignment-free protein interaction network comparison.","True","Y","high","Comparison method not a database","","","19","N","N"
"33161974","""A facile, rapid, high-throughput extracellular vesicles analytical platform for cancer detection.""","False","Y","high","Analytical platform not a database","","","19","N","N"
"31504157","Improved representation of sequence bloom trees.","False","Y","high","Data structure method not a database","","","19","N","N"
"25304126","A computational platform to maintain and migrate manual functional annotations for BioCyc databases.","False","Y","high","Platform for database maintenance not a database","","","19","N","N"
"31510647","Building large updatable colored de Bruijn graphs via merging.","False","Y","high","Graph building method not a database","","","19","N","N"
"34411131","An adaptive spark-based framework for querying large-scale NoSQL and relational databases.","False","Y","high","Query framework not a database","","","19","N","N"
"25809845","Development of genome-wide insertion/deletion markers in rice based on graphic pipeline platform.","True","Y","high","Pipeline platform for marker development not a database","","","19","N","N"
"24202541","""Computing cavities, channels, pores and pockets in proteins from non-spherical ligands models.""","True","Y","high","Computing method not a database","","","19","N","N"
"21810215","Advancements in web-database applications for rabies surveillance.","False","Y","high","Review of applications not a database","","","19","N","N"
"28968630","Pathway enrichment analysis approach based on topological structure and updated annotation of pathway.","True","Y","high","Analysis approach not a database","","","19","N","N"
"34702851","Accurate prediction of protein torsion angles using evolutionary signatures and recurrent neural network.","True","Y","high","Prediction method not a database","","","19","N","N"
"21859449","Knowledge engineering tools for reasoning with scientific observations and interpretations: a neural connectivity use case.","False","Y","high","Knowledge engineering tools not a database","","","19","N","N"
"24475107","Cloud-enabled microscopy and droplet microfluidic platform for specific detection of Escherichia coli in water.","False","Y","high","Detection platform not a database","","","19","N","N"
"31504167","Regulatory annotation of genomic intervals based on tissue-specific expression QTLs.","True","Y","high","Annotation method not a database","","","19","N","N"
"24405700","Quantitative prediction of the effect of genetic variation using hidden Markov models.","True","Y","high","Prediction method not a database","","","19","N","N"
"34427185","""A unified platform to manage, share, and archive morphological and functional data in insect neuroscience.""","False","Y","high","Data management platform not a database paper","","","19","N","N"
"25170899","Cell surface profiling using high-throughput flow cytometry: a platform for biomarker discovery and analysis of cellular heterogeneity.","False","Y","high","Profiling platform not a database","","","19","N","N"
"25440773","Automatic validation of computational models using pseudo-3D spatio-temporal model checking.","True","Y","high","Validation method not a database","","","19","N","N"
"32632855","Core Genome Multi-locus Sequence Typing Analyses of Leptospira spp. Using the Bacterial Isolate Genome Sequence Database.","False","Y","high","Analysis method using database not a database","","","19","N","N"
"32304374","The Utility of the National Alzheimer's Coordinating Center's Database for the Rapid Assessment of Evolving Neuropathologic Conditions.","False","Y","high","Utility assessment not a database paper","","","19","N","N"
"22496884","Computational comparative study of tuberculosis proteomes using a model learned from signal peptide structures.","True","Y","high","Comparative study method not a database","","","19","N","N"
"30738949","Feature extraction for phenotyping from semantic and knowledge resources.","False","Y","high","Feature extraction method not a database","","","19","N","N"
"34322106","Improving and Comparing Probiotic Plate Count Methods by Analytical Procedure Lifecycle Management.","False","Y","high","Methods comparison not a database","","","19","N","N"
"28644863","A rule-based named-entity recognition method for knowledge extraction of evidence-based dietary recommendations.","False","Y","high","Recognition method not a database","","","19","N","N"
"24919878","Network-guided regression for detecting associations between DNA methylation and gene expression.","True","Y","high","Regression method not a database","","","19","N","N"
"33076821","Search and comparison of (epi)genomic feature patterns in multiple genome browser tracks.","True","Y","high","Search and comparison tool not a database","","","19","N","N"
"34193958","A yeast-optimized single-cell transcriptomics platform elucidates how mycophenolic acid and guanine alter global mRNA levels.","False","Y","high","Transcriptomics platform study not a database","","","19","N","N"
"27513924","Efficient Gene Tree Correction Guided by Genome Evolution.","True","Y","high","""Pure methodology/algorithm paper for gene tree correction""","","","20","N","N"
"31035936","Automated assessment of biological database assertions using the scientific literature.","False","Y","high","""Methodology paper about database assessment, not a database itself""","","","20","N","N"
"27941656","An Open Platform for Seamless Sensor Support in Healthcare for the Internet of Things.","False","Y","high","""Platform for IoT sensors, not a bioresource database""","","","20","N","N"
"21631914","Faster Smith-Waterman database searches with inter-sequence SIMD parallelisation.","True","Y","high","""Methodology for database searching, not a database resource""","","","20","N","N"
"21343142","A common layer of interoperability for biomedical ontologies based on OWL EL.","True","Y","high","""Interoperability layer/tool for ontologies, not a data resource""","","","20","N","N"
"32767019","A standalone humanitarian DNA identification database system to increase identification of human remains of foreign nationals.","False","Y","high","""Database system/tool for local use, not a public bioresource""","","","20","N","N"
"30681830","Autonomous METLIN-Guided In-source Fragment Annotation for Untargeted Metabolomics.","True","Y","high","""Tool using METLIN database, not METLIN itself""","","","20","N","N"
"21698189","Predicting protein folds with fold-specific PSSM libraries.","True","Y","high","""Prediction tool/methodology, not a database""","","","20","N","N"
"29699476","An improved approach to infer protein-protein interaction based on a hierarchical vector space model.","False","Y","high","""Methodology/approach for prediction, not a database""","","","20","N","N"
"26740458","A novel semi-supervised algorithm for the taxonomic assignment of metagenomic reads.","True","Y","high","""Algorithm/methodology for taxonomic assignment, not a database""","","","20","N","N"
"23846744","An integrated toolkit for accurate prediction and analysis of cis-regulatory motifs at a genome scale.","False","Y","high","""Toolkit/tool for prediction and analysis, not a database""","","","20","N","N"
"22548871","Fitting hidden Markov models of protein domains to a target species: application to Plasmodium falciparum.","True","Y","high","""Method/tool for fitting HMMs, not a database""","","","20","N","N"
"27630201","Sieve-based coreference resolution enhances semi-supervised learning model for chemical-induced disease relation extraction.","False","Y","high","""Methodology for text mining, not a database""","","","20","N","N"
"29138131","""Reducing Symptom Distress in Patients With Advanced Cancer Using an e-Alert System for Caregivers: Pooled Analysis of Two Randomized Clinical Trials.""","True","Y","high","""Clinical trial analysis, not a database resource""","","","20","N","N"
"27141091","Chemical entity recognition in patents by combining dictionary-based and statistical approaches.","True","Y","high","""Methodology for chemical entity recognition, not a database""","","","20","N","N"
"27797771","Imputing gene expression to maximize platform compatibility.","True","Y","high","""Tool/method for gene expression imputation, not a database""","","","20","N","N"
"32418327","Ligand-centered assessment of SARS-CoV-2 drug target models in the Protein Data Bank.","True","Y","high","""Assessment/analysis of existing PDB data, not a new database""","","","20","N","N"
"26555596","Continuous Distributed Representation of Biological Sequences for Deep Proteomics and Genomics.","True","Y","high","""Methodology for sequence representation, not a database""","","","20","N","N"
"27742664","A bioimage informatics platform for high-throughput embryo phenotyping.","True","Y","high","""Platform/tool for phenotyping analysis, not a database""","","","20","N","N"
"30496341","A structural homology approach for computational protein design with flexible backbone.","False","Y","high","""Computational approach/method, not a database""","","","20","N","N"
"30838032","Reconstruction and Functional Annotation of P311 Protein-Protein Interaction Network Reveals Its New Functions.","False","Y","high","""Analysis study of protein interactions, not a database""","","","20","N","N"
"24778629","Mining a database of single amplified genomes from Red Sea brine pool extremophiles-improving reliability of gene function prediction using a profile and pattern matching algorithm (PPMA).","False","Y","high","""Methodology paper mining existing database, not presenting a new database""","","","20","N","N"
"29796553","The Alliance of Genome Resources: Building a Modern Data Ecosystem for Model Organism Databases.","False","Y","high","""Paper about building infrastructure, not the resource itself""","","","20","N","N"
"26457120","Managing expectations: assessment of chemistry databases generated by automated extraction of chemical structures from patents.","False","Y","high","""Assessment/evaluation paper, not a database""","","","20","N","N"
"34406339","De novo protein design by an energy function based on series expansion in distance and orientation dependence.","True","Y","high","""Methodology/tool for protein design, not a database""","","","20","N","N"
"26601886","A collection of Australian Drosophila datasets on climate adaptation and species distributions.","False","Y","high","""Dataset collection description, not clear if accessible resource""","","","20","N","N"
"23894185","Rapid storage and retrieval of genomic intervals from a relational database system using nested containment lists.","False","Y","high","""Method for database storage/retrieval, not a database""","","","20","N","N"
"22166723","Automatic extraction of semantic relations between medical entities: a rule based approach.","False","Y","high","""Methodology for text extraction, not a database""","","","20","N","N"
"32492285","Diving in uncharted waters: An updated genetics toolkit highlights the challenges of polyploidy in landscape genomics analyses.","False","Y","high","""Review/toolkit discussion, not a database""","","","20","N","N"
"31932586","A database for global soil health assessment.","False","Y","high","""Paper about database need/framework, no URL confirms not operational""","","","20","N","N"
"30115928","Enhanced photon collection enables four dimensional fluorescence nanoscopy of living systems.","False","Y","high","""Methodology/technique for microscopy, not a database""","","","20","N","N"
"27477450","A gene browser of colorectal cancer with literature evidence and pre-computed regulatory information to identify key tumor suppressors and oncogenes.","False","Y","high","""Browser/tool for analysis, not primary data resource""","","","20","N","N"
"30441365","""A Clinical Decision Support Platform for the Risk Stratification, Diagnosis, and Prediction of Coronary Artery Disease Evolution.""","False","Y","high","""Clinical decision support tool, not a data repository""","","","20","N","N"
"21998111","A novel method to quantify gene set functional association based on gene ontology.","True","Y","high","""Method/tool for quantification, not a database""","","","20","N","N"
"33921243","Fungal Genomic Resources for Strain Identification and Diversity Analysis of 1900 Fungal Species.","False","Y","high","""Resource description/framework, no URL indicates not operational""","","","20","N","N"
"22155869","Identification and removal of ribosomal RNA sequences from metatranscriptomes.","False","Y","high","""Methodology for RNA sequence processing, not a database""","","","20","N","N"
"30337678","Integrating standardized whole genome sequence analysis with a global Mycobacterium tuberculosis antibiotic resistance knowledgebase.","False","Y","high","""Paper about integration with existing KB, not the KB itself""","","","20","N","N"
"23840574","""In silico platform for prediction of N-, O- and C-glycosites in eukaryotic protein sequences.""","True","Y","high","""Prediction platform/tool, not a database""","","","20","N","N"
"32065211","A computational platform to identify origins of replication sites in eukaryotes.","True","Y","high","""Computational platform/tool for prediction, not a database""","","","20","N","N"
"34716354","A curated diverse molecular database of blood-brain barrier permeability with chemical descriptors.","False","Y","high","""Database mentioned but no URL, likely private/unpublished""","","","20","N","N"
"21849047","A novel method to compare protein structures using local descriptors.","True","Y","high","""Method/tool for structure comparison, not a database""","","","20","N","N"
"24058508","In silico approach for predicting toxicity of peptides and proteins.","True","Y","high","""Prediction tool/approach, not a database""","","","20","N","N"
"23468878","Towards improved quality of GPCR models by usage of multiple templates and profile-profile comparison.","True","Y","high","""Methodology for GPCR modeling, not a database""","","","20","N","N"
"29983384","Development of nutritional risk assessment platform in Korea.","False","Y","high","""Platform/tool development, not a data repository""","","","20","N","N"
"26523133","A Database of Gene Expression Profiles of Korean Cancer Genome.","False","Y","high","""Database mentioned but no URL, not publicly accessible""","","","20","N","N"
"27220698","Perspectives on Anti-Glycan Antibodies Gleaned from Development of a Community Resource Database.","False","Y","high","""Perspectives paper about database development, not the database""","","","20","N","N"
"24060134","A metagenomics portal for a democratized sequencing world.","False","Y","high","""Portal/platform concept, not operational resource""","","","20","N","N"
"23735126","An optimized algorithm for detecting and annotating regional differential methylation.","False","Y","high","""Algorithm/methodology, not a database""","","","20","N","N"
"23514199","Prediction of conformational epitopes with the use of a knowledge-based energy function and geometrically related neighboring residue characteristics.","True","Y","high","""Prediction tool/method, not a database""","","","20","N","N"
"30458705","Dissecting clinical outcome of porcine circovirus type 2 with in vivo derived transcriptomic signatures of host tissue responses.","True","Y","high","""Analysis study using existing resources, not a new database""","","","20","N","N"
"28115530","A Database of Human Immune Receptor Alleles Recovered from Population Sequencing Data.","False","Y","high","""Database mentioned but no URL, not publicly accessible""","","","20","N","N"
"27400380","Metagenome and Metatranscriptome Analyses Using Protein Family Profiles.","False","Y","high","""Methodology for analysis, not a database""","","","20","N","N"
"30269990","An Open Resource for Non-human Primate Imaging.","False","Y","high","""Resource description without URL, not operational""","","","20","N","N"
"31884971","Charting the diversity of uncultured viruses of Archaea and Bacteria.","False","Y","high","""Analysis/survey study, not a database""","","","20","N","N"
"29994533","Managing Complex Workflows in Bioinformatics: An Interactive Toolkit With GPU Acceleration.","False","Y","high","""Toolkit for workflow management, not a database""","","","20","N","N"
"28784477","An automated ranking platform for machine learning regression models for meat spoilage prediction using multi-spectral imaging and metabolic profiling.","True","Y","high","""Platform/tool for ML ranking, not a data repository""","","","20","N","N"
"33471816","Real-time resolution of short-read assembly graph using ONT long reads.","False","Y","high","""Methodology/tool for assembly, not a database""","","","20","N","N"
"23865810","Fast online and index-based algorithms for approximate search of RNA sequence-structure patterns.","True","Y","high","""Algorithm/tool for search, not a database""","","","20","N","N"
"33813032","A knowledge base of clinical trial eligibility criteria.","False","Y","high","""Knowledge base mentioned but no URL, not accessible""","","","20","N","N"
"22180823","Open resource metagenomics: a model for sharing metagenomic libraries.","False","Y","high","""Model/framework for sharing, not a database itself""","","","20","N","N"
"31501545","Supervised classification enables rapid annotation of cell atlases.","False","Y","high","""Methodology for classification, not a database""","","","20","N","N"
"28025199","Computational prediction of species-specific malonylation sites via enhanced characteristic strategy.","True","Y","high","""Prediction tool/method, not a database""","","","20","N","N"
"26050794","A knowledge base for Vitis vinifera functional analysis.","False","Y","high","""Knowledge base mentioned but no URL, not accessible""","","","20","N","N"
"24272162","Exploiting the potential of large databases of electronic health records for research using rapid search algorithms and an intuitive query interface.","False","Y","high","""Tool for searching existing databases, not a new database""","","","20","N","N"
"23586394","Clever generation of rich SPARQL queries from annotated relational schema: application to Semantic Web Service creation for biological databases.","True","Y","high","""Tool for query generation, not a database""","","","20","N","N"
"34597583","Atlas of clinically distinct cell states and ecosystems across human solid tumors.","False","Y","high","""Atlas/analysis study, no URL indicates not a public resource""","","","20","N","N"
"31159795","Targeted next generation sequencing as a tool for precision medicine.","False","Y","high","""Review/perspective on NGS as tool, not a database""","","","20","N","N"
"26140212","Building a multi-scaled geospatial temporal ecology database from disparate data sources: fostering open science and data reuse.","False","Y","high","""Paper about database building process, not the database""","","","20","N","N"
"31258155","""New UV-source catalogs, UV spectral database, UV variables and science tools from the GALEX surveys.""","False","Y","high","""Catalog/database description, no URL for access""","","","20","N","N"
"34289491","The world within reach: An image database of reach-relevant environments.","False","Y","high","""Image database mentioned but no URL, not accessible""","","","20","N","N"
"27378301","Recognizing metal and acid radical ion-binding sites by integrating ab initio modeling with template-based transferals.","True","Y","high","""Method/tool for prediction, not a database""","","","20","N","N"
"31545165","A scalable platform for the development of cell-type-specific viral drivers.","False","Y","high","""Platform/tool for viral driver development, not a database""","","","20","N","N"
"29790197","Establishing a publicly available national database of US news articles reporting agriculture-related injuries and fatalities.","False","Y","high","""Paper about database establishment, not the database itself""","","","20","N","N"
"23735122","Software tool for 3D extraction of germinal centers.","False","Y","high","""Software tool for image analysis, not a database""","","","20","N","N"
"30545857","Comprehensive functional genomic resource and integrative model for the human brain.","False","Y","high","""Resource description without URL, not accessible""","","","20","N","N"
"33539874","Designer Condensates: A Toolkit for the Biomolecular Architect.","False","Y","high","""Toolkit/review paper, not a database""","","","20","N","N"
"26935085","""[Structural Study in the Platform for Drug Discovery, Informatics, and Structural Life Science].""","False","Y","high","""Platform description/review, not a database""","","","20","N","N"
"24808811","""Giving raw data a chance to talk: a demonstration of exploratory visual analytics with a pediatric research database using Microsoft Live Labs Pivot to promote cohort discovery, research, and quality assessment.""","False","Y","high","""Demonstration of tool using existing database, not a new database""","","","20","N","N"
"21736739","An integrated ChIP-seq analysis platform with customizable workflows.","False","Y","high","""Analysis platform/tool, not a database""","","","20","N","N"
"30872350","A virome-wide clonal integration analysis platform for discovering cancer viral etiology.","False","Y","high","""Analysis platform/tool, not a database""","","","20","N","N"
"32876848","Critical NIH Resources to Advance Therapies for Pain: Preclinical Screening Program and Phase II Human Clinical Trial Network.","False","Y","high","""Description of programs/networks, not a database""","","","20","N","N"
"31199787","Pathogenicity and functional impact of non-frameshifting insertion/deletion variation in the human genome.","True","Y","high","""Analysis study using MutPred tool, not a database""","","","20","N","N"
"33305310","Leveraging heterogeneous network embedding for metabolic pathway prediction.","False","Y","high","""Methodology for pathway prediction, not a database""","","","20","N","N"
"27828974","Smartphone-Based Distributed Data Collection Enables Rapid Assessment of Shorebird Habitat Suitability.","False","Y","high","""Data collection tool/method, not a database""","","","20","N","N"
"27280867","A knowledge base for tracking the impact of genomics on population health.","False","Y","high","""Knowledge base mentioned but no URL, not accessible""","","","20","N","N"
"22211970","A knockout mouse resource for the biomedical research community.","False","Y","high","""Resource description without URL, not accessible""","","","20","N","N"
"23339423","From desk to bed: computational simulations provide indication for rheumatoid arthritis clinical trials.","True","Y","high","""Simulation tool/study, not a database""","","","20","N","N"
"28103917","A fast and robust protocol for metataxonomic analysis using RNAseq data.","False","Y","high","""Protocol/methodology, not a database""","","","20","N","N"
"28566103","""Developing a """"toolkit"""" to measure implementation of concurrent palliative care in rural community cancer centers.""","False","Y","high","""Toolkit development paper, not a database""","","","20","N","N"
"34951584","A modular platform for automated cryo-FIB workflows.","False","Y","high","""Platform for microscopy automation, not a database""","","","20","N","N"
"27587678","Pathway-based approach using hierarchical components of collapsed rare variants.","True","Y","high","""Statistical approach/method, not a database""","","","20","N","N"
"32005800","Human and mouse essentiality screens as a resource for disease gene discovery.","False","Y","high","""Analysis of screening data, not a database resource""","","","20","N","N"
"34272372","A database of submarine landslides offshore West and Southwest Iberia.","False","Y","high","""Database mentioned but no URL, not publicly accessible""","","","20","N","N"
"32797645","Using collections of structural models to predict changes of binding affinity caused by mutations in protein-protein interactions.","False","Y","high","""Method using existing collections, not a new database""","","","20","N","N"
"31468964","Method for Systematic Analogue Search Using the Mega SAR Matrix Database.","False","Y","high","""Method using existing database, not a new database""","","","20","N","N"
"25541702","Genetic diversity and population structure in a legacy collection of spring barley landraces adapted to a wide range of climates.","False","Y","high","""Analysis study, not a database""","","","20","N","N"
"25551156","A novel dysregulated pathway-identification analysis based on global influence of within-pathway effects and crosstalk between pathways.","True","Y","high","""Analysis method/approach, not a database""","","","20","N","N"
"32162067","Isolation and mutational assessment of pancreatic cancer extracellular vesicles using a microfluidic platform.","False","Y","high","""Microfluidic platform/tool, not a database""","","","20","N","N"
"26523481","""Plants in silico: why, why now and what?--an integrative platform for plant systems biology research.""","False","Y","high","""Vision paper about platform, not operational database""","","","20","N","N"
"21269487","""Geospatial resources for supporting data standards, guidance and best practice in health informatics.""","False","Y","high","""Standards/guidance paper, not a database""","","","20","N","N"
"31474372","A Structure-Informed Atlas of Human-Virus Interactions.","False","Y","high","""Atlas mentioned but no URL, not accessible""","","","20","N","N"
"28583483","Toolkit for automated and rapid discovery of structural variants.","False","Y","high","""Toolkit/tool for variant discovery, not a database""","","","20","N","N"
"27797769","Cancer driver gene discovery through an integrative genomics approach in a non-parametric Bayesian framework.","True","Y","high","""Method/approach for gene discovery, not a database""","","","20","N","N"
"31653930","A modular paper-and-plastic device for tuberculosis nucleic acid amplification testing in limited-resource settings.","False","Y","high","""Physical device/tool, not a database""","","","20","N","N"
"22377895","Rapid identification of non-human sequences in high-throughput sequencing datasets.","True","Y","high","""Tool/method for sequence identification, not a database""","","","20","N","N"
"34725391","Redesigning an antibody H3 loop by virtual screening of a small library of human germline-derived sequences.","False","Y","high","""Virtual screening method, not a database""","","","20","N","N"
"32066737","A computational platform for high-throughput analysis of RNA sequences and modifications by mass spectrometry.","False","Y","high","""Computational platform/tool for analysis, not a database""","","","20","N","N"
"32860044","Prediction of protein-binding residues: dichotomy of sequence-based methods developed using structured complexes versus disordered proteins.","True","Y","high","""Prediction method/tool, not a database""","","","20","N","N"
"32038710","Quantifying Gene Essentiality Based on the Context of Cellular Components.","True","Y","high","""Method for quantification, not a database""","","","20","N","N"
"27604473","Assessing morphology and function of the semicircular duct system: introducing new in-situ visualization and software toolbox.","True","Y","high","""Toolbox/software for visualization, not a database""","","","20","N","N"
"26555444","RNA Thermodynamic Structural Entropy.","True","Y","high","""Computational method/tool, not a database""","","","20","N","N"
"29161266","Knowledge-based prediction of protein backbone conformation using a structural alphabet.","True","Y","high","""Prediction tool/method, not a database""","","","20","N","N"
"21729923","In silico analysis of transcription factor repertoires and prediction of stress-responsive transcription factors from six major gramineae plants.","False","Y","high","""Analysis study, not a database""","","","20","N","N"
"30304510","Fast and global detection of periodic sequence repeats in large genomic resources.","False","Y","high","""Detection method/tool, not a database""","","","20","N","N"
"21743060","Annotation concept synthesis and enrichment analysis: a logic-based approach to the interpretation of high-throughput experiments.","False","Y","high","""Logic-based approach/method, not a database""","","","20","N","N"
"23132350","Long non-coding RNAs function annotation: a global prediction method based on bi-colored networks.","False","Y","high","""Prediction method, not a database""","","","20","N","N"
"26152987","Developing an Institutional Repository of Digital Health Information Content.","False","Y","high","""Paper about repository development, not the repository""","","","20","N","N"
"34745214","Optimizing Sequencing Resources in Genotyped Livestock Populations Using Linear Programming.","False","Y","high","""Optimization method, not a database""","","","20","N","N"
"31267318","Discovery pipelines for marine resources: an ocean of opportunity for biotechnology?","False","Y","high","""Review/perspective paper, not a database""","","","20","N","N"
"32531204","Combining Information from Crosslinks and Monolinks in the Modeling of Protein Structures.","False","Y","high","""Modeling method, not a database""","","","20","N","N"
"34890250","""A Genetic Toolkit for Investigating <i>Clavibacter</i> Species: Markerless Deletion, Permissive Site Identification, and an Integrative Plasmid.""","False","Y","high","""Genetic toolkit/methods, not a database""","","","20","N","N"
"33237425","Database Development for Antibody Arrays.","False","Y","high","""Paper about database development process, not the database""","","","20","N","N"
"24586240","Energy parameters and novel algorithms for an extended nearest neighbor energy model of RNA.","True","Y","high","""Algorithm/model for RNA energy, not a database""","","","20","N","N"
"26080082","Computational Identification of Protein Pupylation Sites by Using Profile-Based Composition of k-Spaced Amino Acid Pairs.","True","Y","high","""Computational prediction tool, not a database""","","","20","N","N"
"23027045","Designing functional siRNA with reduced off-target effects.","True","Y","high","""Design tool for siRNA, not a database""","","","20","N","N"
"28415609","Identification of driver modules in pan-cancer via coordinating coverage and exclusivity.","False","Y","high","""Method for identification, not a database""","","","20","N","N"
"22399473","Sharing programming resources between Bio* projects through remote procedure call and native call stack strategies.","False","Y","high","""Programming methodology paper, not a database""","","","20","N","N"
"30643682","A public database for the new MLST scheme for <i>Treponema pallidum</i> subsp. <i>pallidum</i>: surveillance and epidemiology of the causative agent of syphilis.","False","Y","high","""Database mentioned but no URL, not accessible""","","","20","N","N"
"29748851","A Platform for Innovation and Standards Evaluation: a Case Study from the OpenMRS Open-Source Radiology Information System.","False","Y","high","""Platform case study, not a database""","","","20","N","N"
"31797619","A Literature-Based Knowledge Graph Embedding Method for Identifying Drug Repurposing Opportunities in Rare Diseases.","False","Y","high","""Method for drug repurposing, not a database""","","","20","N","N"
"26851400","Software tools for simultaneous data visualization and T cell epitopes and disorder prediction in proteins.","True","Y","high","""Software tools for prediction, not a database""","","","20","N","N"
"29295419","Using an Ontology-Based Approach to Handle Author Affiliations in a Large Biomedical Citation Database.","False","Y","high","""Method/approach using existing database, not a new database""","","","20","N","N"
"32324802","Advancing clinical cohort selection with genomics analysis on a distributed platform.","False","Y","high","""Platform for cohort selection, not a database""","","","20","N","N"
"28698099","""Bioinformatics in the plant genomic and phenomic domain: The German contribution to resources, services and perspectives.""","False","Y","high","""Review/perspective paper, not a database""","","","20","N","N"
"22554313","""Standardized representation, visualization and searchable repository of antiretroviral treatment-change episodes.""","False","Y","high","""Repository mentioned but no URL, not accessible""","","","20","N","N"
"23269527","Regulatory administrative databases in FDA's Center for Biologics Evaluation and Research: convergence toward a unified database.","False","Y","high","""Paper about FDA databases, not a public bioresource""","","","20","N","N"
"27237738","Systematic Functional Annotation and Visualization of Biological Networks.","False","Y","high","""Method for annotation and visualization, not a database""","","","20","N","N"
"32361856","A multicentric IT platform for storage and sharing of imaging-based radiation dosimetric data.","False","Y","high","""Platform for data storage, not a public bioresource""","","","20","N","N"
"22401035","Improving integrative searching of systems chemical biology data using semantic annotation.","True","Y","high","""Tool for improving search of existing data, not a database""","","","20","N","N"
"23368677","Identifying cross-category relations in gene ontology and constructing genome-specific term association networks.","True","Y","high","""Method for network construction, not a database""","","","20","N","N"
"30010718","A parallel computational framework for ultra-large-scale sequence clustering analysis.","True","Y","high","""Computational framework/tool, not a database""","","","20","N","N"
"34390577","A cross-level information transmission network for hierarchical omics data integration and phenotype prediction from a new genotype.","False","Y","high","""Method for data integration and prediction, not a database""","","","20","N","N"
"34144929","A high-resolution cell atlas of the domestic pig lung and an online platform for exploring lung single-cell data.","False","Y","high","""Atlas/platform mentioned but no URL, not accessible""","","","20","N","N"
"33411623","Pursuing Data Modernization in Cancer Surveillance by Developing a Cloud-Based Computing Platform: Real-Time Cancer Case Collection.","False","Y","high","""Platform development paper, not a database""","","","20","N","N"
"25966359","Argumentation based joint learning: a novel ensemble learning approach.","False","Y","high","""Machine learning approach, not a database""","","","20","N","N"
"27938331","Robust multi-group gene set analysis with few replicates.","True","Y","high","""Statistical analysis method, not a database""","","","20","N","N"
"26205660","The gastrin and cholecystokinin receptors mediated signaling network: a scaffold for data analysis and new hypotheses on regulatory mechanisms.","True","Y","high","""Scaffold/model for analysis, not a primary database""","","","20","N","N"
"25382310","Expected degree for RNA secondary structure networks.","True","Y","high","""Computational method/tool, not a database""","","","20","N","N"
"29989590","A functional trait database for Mediterranean Basin plants.","False","Y","high","""Database mentioned but no URL, not accessible""","","","20","N","N"
"29912280","In silico read normalization using set multi-cover optimization.","False","Y","high","""Method/algorithm for read normalization, not a database""","","","20","N","N"
"23272172","Signalling network construction for modelling plant defence response.","True","Y","high","""Tool for network construction, not a database""","","","20","N","N"
"28596627","Data sets for author name disambiguation: an empirical analysis and a new resource.","False","Y","high","""Dataset analysis, not a database resource""","","","20","N","N"
"25667546","Large-scale exploration and analysis of drug combinations.","True","Y","high","""Analysis tool/method, not a database""","","","20","N","N"
"31873725","Causal network perturbations for instance-specific analysis of single cell and disease samples.","True","Y","high","""Analysis method/tool, not a database""","","","20","N","N"
"34252975","Asynchronous parallel Bayesian optimization for AI-driven cloud laboratories.","False","Y","high","""Optimization method for cloud labs, not a database""","","","20","N","N"
"24476026","Creation of a federated database of blood proteins: a powerful new tool for finding and characterizing biomarkers in serum.","False","Y","high","""Paper about database creation, not the database itself""","","","20","N","N"
"34793143","Comprehensive Genome Engineering Toolbox for Microalgae <i>Nannochloropsis oceanica</i> Based on CRISPR-Cas Systems.","False","Y","high","""Genome engineering toolbox, not a database""","","","20","N","N"
"25800821","The baculovirus expression vector system: A commercial manufacturing platform for viral vaccines and gene therapy vectors.","False","Y","high","""Manufacturing platform/system, not a database""","","","20","N","N"
"30356319","Resource-Area-Dependence Analysis: Inferring animal resource needs from home-range and mapping data.","False","Y","high","""Analysis method, not a database""","","","20","N","N"
"26002885","Bayesian mixture analysis for metagenomic community profiling.","True","Y","high","""Statistical analysis method, not a database""","","","20","N","N"
"34057447","Platform Incubator with Movable XY Stage: A New Platform for Implementing In-Cell Fast Photochemical Oxidation of Proteins.","False","Y","high","""Physical platform/instrument, not a database""","","","20","N","N"
"28385663","A curated gluten protein sequence database to support development of proteomics methods for determination of gluten in gluten-free foods.","False","Y","high","""Database mentioned but no URL, not accessible""","","","20","N","N"
"32484558","Comprehensive database and evolutionary dynamics of U12-type introns.","False","Y","high","""Database mentioned but no URL, not accessible""","","","20","N","N"
"34531510","Translating synthetic natural language to database queries with a polyglot deep learning framework.","False","Y","high","""Tool for database query translation, not a database""","","","20","N","N"
"31419946","Mapping anatomical related entities to human body parts based on wikipedia in discharge summaries.","False","Y","high","""Method for entity mapping, not a database""","","","20","N","N"
"24481593","Parallel implementation of 3D protein structure similarity searches using a GPU and the CUDA.","True","Y","high","""Tool for similarity searches, not a database""","","","20","N","N"
"34227381","Cytosolic Protein Delivery for Intracellular Antigen Targeting Using Supercharged Polypeptide Delivery Platform.","False","Y","high","""Protein delivery platform/method, not a database""","","","20","N","N"
"27035433","Identifying Cancer Subtypes from miRNA-TF-mRNA Regulatory Networks and Expression Data.","True","Y","high","""Method for subtype identification, not a database""","","","20","N","N"
"22581177","Exhaustive database searching for amino acid mutations in proteomes.","False","Y","high","""Method for database searching, not a database""","","","20","N","N"
"30698777","One tool to find them all: a case of data integration and querying in a distributed LIMS platform.","False","Y","high","""LIMS platform/tool, not a bioresource database""","","","20","N","N"
"27997117","Engineering High Affinity Protein-Protein Interactions Using a High-Throughput Microcapillary Array Platform.","False","Y","high","""Experimental platform/method, not a database""","","","20","N","N"
"22660772","Towards integrative annotation of the cell-type specific gene functional and signaling map in vascular endothelial cells.","False","Y","high","""Annotation methodology, not a database""","","","20","N","N"
"27122320","Parallel workflow manager for non-parallel bioinformatic applications to solve large-scale biological problems on a supercomputer.","True","Y","high","""Workflow manager tool, not a database""","","","20","N","N"
"34353338","Establishing a genomic database for the medicinal plants in the Brazilian Pharmacopoeia.","False","Y","high","""Paper about database establishment, not the database""","","","20","N","N"
"30718869","A human gut bacterial genome and culture collection for improved metagenomic analyses.","False","Y","high","""Collection description, not a database resource""","","","20","N","N"
"31387779","Development of breast lesions models database.","False","Y","high","""Database development paper, no URL""","","","20","N","N"
"29329592","The eXtensible ontology development (XOD) principles and tool implementation to support ontology interoperability.","False","Y","high","""Tool for ontology development, not a database""","","","20","N","N"
"22098709","Microplate-based platform for combined chromatin and DNA methylation immunoprecipitation assays.","False","Y","high","""Experimental platform/assay, not a database""","","","20","N","N"
"28268839","An end to end secure CBIR over encrypted medical database.","False","Y","high","""Method for database security, not a database""","","","20","N","N"
"33568045","Detecting differentially methylated regions using a fast wavelet-based approach to functional association analysis.","False","Y","high","""Detection method/approach, not a database""","","","20","N","N"
"31271154","Development of In-Browser Simulators for Medical Education: Introduction of a Novel Software Toolchain.","False","Y","high","""Software toolchain/simulator, not a database""","","","20","N","N"
"34650045","A microfluidic platform for highly parallel bite by bite profiling of mosquito-borne pathogen transmission.","False","Y","high","""Microfluidic platform/tool, not a database""","","","20","N","N"
"21668997","Reconstructing genome-wide regulatory network of E. coli using transcriptome data and predicted transcription factor activities.","False","Y","high","""Reconstruction method, not a database""","","","20","N","N"
"33188229","Ready-to-use nanopore platform for the detection of any DNA/RNA oligo at attomole range using an Osmium tagged complementary probe.","False","Y","high","""Detection platform/method, not a database""","","","20","N","N"
"27578323","Fusing literature and full network data improves disease similarity computation.","True","Y","high","""Computational method, not a database""","","","20","N","N"
"33307250","Deep learning embedder method and tool for mass spectra similarity search.","False","Y","high","""Tool/method for similarity search, not a database""","","","20","N","N"
"30467740","Statistical-based database fingerprint: chemical space dependent representation of compound databases.","False","Y","high","""Method for database representation, not a database""","","","20","N","N"
"29697740","Pattern recognition analysis on long noncoding RNAs: a tool for prediction in plants.","False","Y","high","""Tool for prediction, not a database""","","","20","N","N"
"23181585","A Monte Carlo-based framework enhances the discovery and interpretation of regulatory sequence motifs.","True","Y","high","""Framework/tool for motif discovery, not a database""","","","20","N","N"
"33734313","Fast and sensitive taxonomic assignment to metagenomic contigs.","True","Y","high","""Tool for taxonomic assignment, not a database""","","","20","N","N"
"25051402","Restricted natural language based querying of clinical databases.","False","Y","high","""Method for database querying, not a database""","","","20","N","N"
"29169277","Reconstructing protein and gene phylogenies using reconciliation and soft-clustering.","False","Y","high","""Reconstruction method, not a database""","","","20","N","N"
"32106809","The use of taxon-specific reference databases compromises metagenomic classification.","False","Y","high","""Analysis of database use, not a database""","","","20","N","N"
"22262672","Construction and completion of flux balance models from pathway databases.","False","Y","high","""Method using existing databases, not a new database""","","","20","N","N"
"31511536","Modular Protein Ligation: A New Paradigm as a Reagent Platform for Pre-Clinical Drug Discovery.","False","Y","high","""Reagent platform/method, not a database""","","","20","N","N"
"22803960","Ab initio design of potent anti-MRSA peptides based on database filtering technology.","False","Y","high","""Method using database filtering, not a database""","","","20","N","N"
"25468600","Cell-based computational modeling of vascular morphogenesis using Tissue Simulation Toolkit.","False","Y","high","""Modeling toolkit, not a database""","","","20","N","N"
"33288755","Establishment of a morphological atlas of the Caenorhabditis elegans embryo using deep-learning-based 4D segmentation.","False","Y","high","""Atlas mentioned but no URL, not accessible""","","","20","N","N"
"31146771","Ontology-based specification and generation of search queries for post-market surveillance.","False","Y","high","""Tool for query generation, not a database""","","","20","N","N"
"28509907","A database of georeferenced nutrient chemistry data for mountain lakes of the Western United States.","False","Y","high","""Database mentioned but no URL, not accessible""","","","20","N","N"
"29176646","An Open Software Platform for the Automated Design of Paper-Based Microfluidic Devices.","False","Y","high","""Software platform/tool for device design, not a database""","","","20","N","N"
"34463706","Inferring causality in biological oscillators.","False","Y","high","""Method for causal inference, not a database""","","","20","N","N"
"26679379","Constructing a molecular interaction network for thyroid cancer via large-scale text mining of gene and pathway events.","False","Y","high","""Method for network construction via text mining, not a database""","","","20","N","N"
"26632071","Enhancing atlas based segmentation with multiclass linear classifiers.","False","Y","high","""Method for enhancing segmentation, not a database""","","","20","N","N"
"25449658","Databases and collaboration require standards for human stem cell research.","False","Y","high","""Standards/commentary paper, not a database""","","","20","N","N"
"23264875","Managing biological complexity across orthologs with a visual knowledgebase of documented biomolecular interactions.","False","Y","high","""Methodology paper, not the knowledgebase itself""","","","20","N","N"
"22120205","Using text mining to link journal articles to neuroanatomical databases.","True","Y","high","""Tool for text mining and linking, not a database""","","","20","N","N"
"29354985","[Exploration and construction of the full-text database of acupuncture literature in the Republic of China].","False","Y","high","""Paper about database construction, not the database""","","","20","N","N"
"21624156","Integration and publication of heterogeneous text-mined relationships on the Semantic Web.","True","Y","high","""Method for integration and publication, not a database""","","","20","N","N"
"24946880","Automated peptide mapping and protein-topographical annotation of proteomics data.","True","Y","high","""Tool for automated annotation, not a database""","","","20","N","N"
"25520192","Annotating RNA motifs in sequences and alignments.","False","Y","high","""Method for annotation, not a database""","","","20","N","N"
"23635100","Software for selecting the most informative sets of genomic loci for multi-target microbial typing.","True","Y","high","""Software tool for loci selection, not a database""","","","20","N","N"
"31908268","Attacks on genetic privacy via uploads to genealogical databases.","False","Y","high","""Security analysis paper, not a database""","","","20","N","N"
"23094866","Automated phosphopeptide identification using multiple MS/MS fragmentation modes.","True","Y","high","""Tool for peptide identification, not a database""","","","20","N","N"
"30243574","The Human Cell Atlas bone marrow single-cell interactive web portal.","False","Y","high","""Portal mentioned but no URL, not accessible""","","","20","N","N"
"23189209","Learning from decoys to improve the sensitivity and specificity of proteomics database search results.","False","Y","high","""Method for improving database searches, not a database""","","","20","N","N"
"29583143","A database of the coseismic effects following the 30 October 2016 Norcia earthquake in Central Italy.","False","Y","high","""Database mentioned but no URL, not accessible""","","","20","N","N"
"33462239","A database framework for rapid screening of structure-function relationships in PFAS chemistry.","False","Y","high","""Framework description, not the database""","","","20","N","N"
"21993537","Fuzzy clustering of physicochemical and biochemical properties of amino acids.","True","Y","high","""Clustering method using existing database, not a database""","","","20","N","N"
"27090940","Prioritizing functional phosphorylation sites based on multiple feature integration.","True","Y","high","""Method for prioritization, not a database""","","","20","N","N"
"34252921","Gene tree and species tree reconciliation with endosymbiotic gene transfer.","False","Y","high","""Method for tree reconciliation, not a database""","","","20","N","N"
"34903783","The mining and construction of a knowledge base for gene-disease association in mitochondrial diseases.","False","Y","high","""Paper about KB construction, not the KB itself""","","","20","N","N"
"33936422","A semantic database for integrated management of image and dosimetric data in low radiation dose research in medical imaging.","False","Y","high","""Database mentioned but no URL, not accessible""","","","20","N","N"
"28290711","Visualising a rare and complex case of advanced hilar cholangiocarcinoma.","True","Y","high","""Case visualization, not a database""","","","20","N","N"
"21627327","Structure-based fragment hopping for lead optimization using predocked fragment database.","False","Y","high","""Method using existing database, not a new database""","","","20","N","N"
"22863766","""An R package suite for microarray meta-analysis in quality control, differentially expressed gene analysis and pathway enrichment detection.""","True","Y","high","""R package/software tool, not a database""","","","20","N","N"
"26519323","Toolbox for Protein Structure Prediction.","False","Y","high","""Toolbox/software, not a database""","","","20","N","N"
"34719891","An Open Medical Platform to Share Source Code and Various Pre-Trained Weights for Models to Use in Deep Learning Research.","False","Y","high","""Platform for sharing code and models, not a data repository""","","","20","N","N"
"28540697","""In Silico PCR Tools for a Fast Primer, Probe, and Advanced Searching.""","True","Y","high","""Tool for PCR primer design, not a database""","","","20","N","N"
"24000174","Rapid parameterization of small molecules using the Force Field Toolkit.","False","Y","high","""Toolkit/software, not a database""","","","20","N","N"
"26154328","""The genome sequence of the corn snake (Pantherophis guttatus), a valuable resource for EvoDevo studies in squamates.""","False","Y","high","""Genome sequence paper, not a database resource""","","","20","N","N"
"30894373","An Interactive Resource to Probe Genetic Diversity and Estimated Ancestry in Cancer Cell Lines.","False","Y","high","""Resource mentioned but no URL, not accessible""","","","20","N","N"
"27193236","A curated and standardized adverse drug event resource to accelerate drug safety research.","False","Y","high","""Resource mentioned but no URL, not accessible""","","","20","N","N"
"23963915","Metabolomics and dereplication strategies in natural products.","True","Y","high","""Review/methodology paper, not a database""","","","20","N","N"
"31913851","Programmatic Access to FAIRified Digital Plant Genetic Resources.","False","Y","high","""Paper about access methods, not a database""","","","20","N","N"
"22342946","A benchmarked protein microarray-based platform for the identification of novel low-affinity extracellular protein interactions.","False","Y","high","""Experimental platform/method, not a database""","","","20","N","N"
"27482905","GPU-Acceleration of Sequence Homology Searches with Database Subsequence Clustering.","False","Y","high","""Acceleration method for searches, not a database""","","","20","N","N"
"27614350","Assessment of cancer and virus antigens for cross-reactivity in human tissues.","True","Y","high","""Assessment tool, not a database""","","","20","N","N"
"31760947","Prioritizing candidate diseases-related metabolites based on literature and functional similarity.","False","Y","high","""Method for prioritization, not a database""","","","20","N","N"
"24854209","A vision-based system for intelligent monitoring: human behaviour analysis and privacy by context.","False","Y","high","""Vision system/tool, not a database""","","","20","N","N"
"22942006","Application repository and science gateway for running molecular docking and dynamics simulations.","False","Y","high","""Repository for applications, not a data repository""","","","20","N","N"
"31832526","A long term physical and biogeochemical database of a hyper-eutrophicated Mediterranean micro-estuary.","False","Y","high","""Database mentioned but no URL, not accessible""","","","20","N","N"
"22979956","A simple knowledge-based mining method for exploring hidden key molecules in a human biomolecular network.","False","Y","high","""Mining method, not a database""","","","20","N","N"
"30643212","A robust and versatile platform for image scanning microscopy enabling super-resolution FLIM.","False","Y","high","""Microscopy platform/method, not a database""","","","20","N","N"
"30598065","Predicting adverse drug reactions of combined medication from heterogeneous pharmacologic databases.","False","Y","high","""Prediction method using existing databases, not a new database""","","","20","N","N"
"29381146","Australia's continental-scale acoustic tracking database and its automated quality control process.","False","Y","high","""Database mentioned but no URL, not accessible""","","","20","N","N"
"24670764","A promoter-level mammalian expression atlas.","False","Y","high","""Atlas mentioned but no URL, not accessible""","","","20","N","N"
"23164410","Transcriptome database resource and gene expression atlas for the rose.","False","Y","high","""Database and atlas mentioned but no URL, not accessible""","","","20","N","N"
"23812995","Compressive genomics for protein databases.","True","Y","high","""Tool for database compression, not a database""","","","20","N","N"
"25202745","Database constraints applied to metabolic pathway reconstruction tools.","False","Y","high","""Paper about constraints in tools, not a database""","","","20","N","N"
"30004242","Scalable Consistency in T-Coffee Through Apache Spark and Cassandra Database.","False","Y","high","""Tool implementation using database technology, not a bioresource""","","","20","N","N"
"31631631","[Construction of multi-parameter emergency database and preliminary application research].","False","Y","high","""Paper about database construction, not the database""","","","20","N","N"
"22860896","High-throughput two-dimensional root system phenotyping platform facilitates genetic analysis of root growth and development.","False","Y","high","""Phenotyping platform/tool, not a database""","","","20","N","N"
"23509072","A novel single-cell screening platform reveals proteome plasticity during yeast stress responses.","False","Y","high","""Screening platform/method, not a database""","","","20","N","N"
"26312049","Catalogue of type specimens of fungi and lichens deposited in the Herbarium of the University of Granada (Spain).","False","Y","high","""Catalogue mentioned but no URL, not accessible""","","","20","N","N"
"28472236","KMC 3: counting and manipulating k-mer statistics.","True","Y","high","""Tool for k-mer statistics, not a database""","","","20","N","N"
"33778788","A comprehensive analysis and resource to use CRISPR-Cas13 for broad-spectrum targeting of RNA viruses.","False","Y","high","""Analysis and methodology resource, not a data repository""","","","20","N","N"
"28770487","Integrating the Allen Brain Institute Cell Types Database into Automated Neuroscience Workflow.","False","Y","high","""Integration tool using existing database, not a new database""","","","20","N","N"
"29917012","Warping an atlas derived from serial histology to 5 high-resolution MRIs.","False","Y","high","""Method for atlas warping, not a database""","","","20","N","N"
"30501127","Improving the Gene Ontology Resource to Facilitate More Informative Analysis and Interpretation of Alzheimer's Disease Data.","False","Y","high","""Paper about improving GO, not a new database""","","","20","N","N"
"27681175","Towards a DNA Barcode Reference Database for Spiders and Harvestmen of Germany.","False","Y","high","""Paper about creating database, not the database itself""","","","20","N","N"
"27835030","A MAD-Bayes Algorithm for State-Space Inference and Clustering with Application to Querying Large Collections of ChIP-Seq Data Sets.","False","Y","high","""Algorithm for querying existing data, not a database""","","","20","N","N"
"25051028","A hybrid spatio-temporal data indexing method for trajectory databases.","False","Y","high","""Indexing method for databases, not a database""","","","20","N","N"
"32657387","Toward heterogeneous information fusion: bipartite graph convolutional networks for in silico drug repurposing.","False","Y","high","""Method for drug repurposing, not a database""","","","20","N","N"
"28781262","[Correction of the electrophoretic shift in virtual 2D SDS-PAGE electrophoresis].","True","Y","high","""Correction method/tool, not a database""","","","20","N","N"
"28267743","A large-scale targeted proteomics assay resource based on an in vitro human proteome.","False","Y","high","""Assay resource mentioned but no URL, not accessible""","","","20","N","N"
"31872009","""A database for evaluating the InMAP, APEEP, and EASIUR reduced complexity air-quality modeling tools.""","False","Y","high","""Database for tool evaluation, not a bioresource""","","","20","N","N"
"31710024","Tissue Collection of Bats for -Omics Analyses and Primary Cell Culture.","False","Y","high","""Protocol/methodology paper, not a database""","","","20","N","N"
"25304780","Accurate estimation of haplotype frequency from pooled sequencing data and cost-effective identification of rare haplotype carriers by overlapping pool sequencing.","True","Y","high","""Method/tool for haplotype estimation, not a database""","","","20","N","N"
"30857592","Functional proteomic atlas of HIV infection in primary human CD4+ T cells.","False","Y","high","""Atlas mentioned but no URL, not accessible""","","","20","N","N"
"34666315","Light-weight electrophysiology hardware and software platform for cloud-based neural recording experiments.","False","Y","high","Tool/platform for neural recording not a database","","","21","N","N"
"31681834","Building a Consistent and Reproducible Database for Adsorption Evaluation in Covalent-Organic Frameworks.","False","Y","high","Database mentioned but no URL not accessible","","","21","N","N"
"23590400","Towards a comprehensive catalog of zebrafish behavior 1.0 and beyond.","False","Y","medium","Catalog mentioned but no URL","","","21","N","N"
"33001999","Phenotype-genotype comorbidity analysis of patients with rare disorders provides insight into their pathological and molecular bases.","False","Y","high","Analysis method not a database","","","21","N","N"
"29176560","An activity-dependent proximity ligation platform for spatially resolved quantification of active enzymes in single cells.","False","Y","high","Platform/method for enzyme analysis not a database","","","21","N","N"
"32227644","Combining focused identification of germplasm and core collection strategies to identify genebank accessions for central European soybean breeding.","False","Y","high","Method for identification not a database","","","21","N","N"
"24324667","A reference methylome database and analysis pipeline to facilitate integrative and comparative epigenomics.","False","Y","high","Database mentioned but no URL not accessible","","","21","N","N"
"29447218","FindPrimaryPairs: An efficient algorithm for predicting element-transferring reactant/product pairs in metabolic networks.","True","Y","high","Algorithm for prediction not a database","","","21","N","N"
"32976564","Fold recognition by scoring protein maps using the congruence coefficient.","True","Y","high","Method for fold recognition not a database","","","21","N","N"
"26423616","Semantic biomedical resource discovery: a Natural Language Processing framework.","True","Y","high","Framework/tool for resource discovery not a database","","","21","N","N"
"22373409","Exploring and linking biomedical resources through multidimensional semantic spaces.","False","Y","high","Tool for linking resources not a database","","","21","N","N"
"26099924","A Versatile Phenotyping System and Analytics Platform Reveals Diverse Temporal Responses to Water Availability in Setaria.","False","Y","high","Platform/system for phenotyping not a database","","","21","N","N"
"32570350","Building an I2B2-Based Population Repository for Clinical Research.","False","Y","high","Repository mentioned but no URL not accessible","","","21","N","N"
"22581174","Fast and sensitive mapping of bisulfite-treated sequencing data.","True","Y","high","Tool for mapping not a database","","","21","N","N"
"23195120","A survey of the neuroscience resource landscape: perspectives from the neuroscience information framework.","False","Y","high","Survey/analysis not a database","","","21","N","N"
"24721472","Construction and analysis of a human hepatotoxicity database suitable for QSAR modeling using post-market safety data.","False","Y","high","Database mentioned but no URL not accessible","","","21","N","N"
"22797899","A public resource facilitating clinical use of genomes.","False","Y","high","Resource mentioned but no URL not accessible","","","21","N","N"
"22719234","Metabolic reconstruction for metagenomic data and its application to the human microbiome.","True","Y","high","Tool for reconstruction not a database","","","21","N","N"
"22606321","A multi-platform flow device for microbial (co-) cultivation and microscopic analysis.","False","Y","high","Device/platform for cultivation not a database","","","21","N","N"
"33965931","Enabling FAIR Discovery of Rare Disease Digital Resources.","False","Y","high","Method for discovery not a database","","","21","N","N"
"27626298","Developing a Multiplexed Quantitative Cross-Linking Mass Spectrometry Platform for Comparative Structural Analysis of Protein Complexes.","False","Y","high","Platform/method for analysis not a database","","","21","N","N"
"28444127","HLA class I binding prediction via convolutional neural networks.","False","Y","high","Method for prediction not a database","","","21","N","N"
"32657384","Boosting the accuracy of protein secondary structure prediction through nearest neighbor search and method hybridization.","True","Y","high","Method for prediction not a database","","","21","N","N"
"23344039","A molecular-modeling toolbox aimed at bridging the gap between medicinal chemistry and computational sciences.","False","Y","high","Toolbox for modeling not a database","","","21","N","N"
"30184106","Bayesian inference of ancestral dates on bacterial phylogenetic trees.","False","Y","high","Method for inference not a database","","","21","N","N"
"33257503","Prediction and Validation of Mouse Meiosis-Essential Genes Based on Spermatogenesis Proteome Dynamics.","False","Y","high","Method for prediction not a database","","","21","N","N"
"26038555","Using homology relations within a database markedly boosts protein sequence similarity search.","True","Y","high","Method for database search not a database","","","21","N","N"
"30999863","Analyzing big datasets of genomic sequences: fast and scalable collection of k-mer statistics.","False","Y","high","Method for analysis not a database","","","21","N","N"
"33597514","Expanded catalog of microbial genes and metagenome-assembled genomes from the pig gut microbiome.","False","Y","medium","Catalog mentioned but no URL","","","21","N","N"
"22522656","An image analysis toolbox for high-throughput C. elegans assays.","False","Y","high","Toolbox for analysis not a database","","","21","N","N"
"24050249","Software aided approaches to structure-based metabolite identification in drug discovery and development.","False","Y","high","Method for identification not a database","","","21","N","N"
"31147688","Full-length de novo viral quasispecies assembly through variation graph construction.","False","Y","high","Method for assembly not a database","","","21","N","N"
"31746961","Protein docking model evaluation by 3D deep convolutional neural networks.","True","Y","high","Method for evaluation not a database","","","21","N","N"
"31945054","A proteomic atlas of senescence-associated secretomes for aging biomarker development.","False","Y","medium","Atlas mentioned but no URL","","","21","N","N"
"29956454","Automated data mining of a plan-check database and example application.","False","Y","high","Tool for data mining not a database","","","21","N","N"
"24117144","Multiple self-controlled case series for large-scale longitudinal observational databases.","False","Y","high","Method for analysis not a database","","","21","N","N"
"23445565","Fast probabilistic file fingerprinting for big data.","True","Y","high","Tool for file fingerprinting not a database","","","21","N","N"
"23742129","Computational framework to support integration of biomolecular and clinical data within a translational approach.","True","Y","high","Framework for integration not a database","","","21","N","N"
"23281624","A computational tool for the design of live attenuated virus vaccine based on microRNA-mediated gene silencing.","True","Y","high","Tool for vaccine design not a database","","","21","N","N"
"34616075","A multimodal cell census and atlas of the mammalian primary motor cortex.","False","Y","medium","Atlas mentioned but no URL","","","21","N","N"
"24167446","Collection overview: ten years of wonderful open access science.","False","Y","high","Overview/review not a database","","","21","N","N"
"21444651","Complex principal component and correlation structure of 16 yeast genomic variables.","True","Y","high","Tool for analysis not a database","","","21","N","N"
"29344887","Phosphoproteomics-Based Profiling of Kinase Activities in Cancer Cells.","False","Y","high","Method for profiling not a database","","","21","N","N"
"30944333","MHz data collection of a microcrystalline mixture of different jack bean proteins.","False","Y","high","Data collection method not a database","","","21","N","N"
"30971690","A data citation roadmap for scholarly data repositories.","True","Y","high","Roadmap/guidelines not a database","","","21","N","N"
"22759459","Biomedical event extraction from abstracts and full papers using search-based structured prediction.","False","Y","high","Method for extraction not a database","","","21","N","N"
"27366202","Towards Identify Selective Antibacterial Peptides Based on Abstracts Meaning.","False","Y","high","Method for identification not a database","","","21","N","N"
"21822254","A resource of vectors and ES cells for targeted deletion of microRNAs in mice.","False","Y","high","Resource mentioned but no URL not accessible","","","21","N","N"
"31573204","Mass Spectrometry-Based Plasma Proteomics: Considerations from Sample Collection to Achieving Translational Data.","False","Y","high","Method/guidelines not a database","","","21","N","N"
"21774475","Integrated decision support for assessing chemical liabilities.","True","Y","high","Tool for decision support not a database","","","21","N","N"
"26649755","An epigenetic toolkit allows for diverse genome architectures in eukaryotes.","False","Y","high","Toolkit/method not a database","","","21","N","N"
"31382034","Interactive Browser-Based Genomics Data Visualization Tools for Translational and Clinical Laboratory Applications.","False","Y","high","Tool for visualization not a database","","","21","N","N"
"27829360","Disease gene prioritization by integrating tissue-specific molecular networks using a robust multi-network model.","True","Y","high","Method for prioritization not a database","","","21","N","N"
"24825706","The development of an application for data privacy by applying an audit repository based on IHE ATNA.","False","Y","high","Application for privacy not a database","","","21","N","N"
"32539089","Phenotype-specific differences in polygenicity and effect size distribution across functional annotation categories revealed by AI-MiXeR.","False","Y","high","Method for analysis not a database","","","21","N","N"
"33649239","A versatile platform for locus-scale genome rewriting and verification.","False","Y","high","Platform for genome editing not a database","","","21","N","N"
"23338612","Collections of simultaneously altered genes as biomarkers of cancer cell drug response.","False","Y","high","Analysis/biomarker study not a database","","","21","N","N"
"26913838","Adding In Silico Assessment of Potential Splice Aberration to the Integrated Evaluation of BRCA Gene Unclassified Variants.","True","Y","high","Tool for assessment not a database","","","21","N","N"
"22452819","Microbial resource management of one-stage partial nitritation/anammox.","False","Y","high","Method for management not a database","","","21","N","N"
"22077701","DNA fingerprinting and new tools for fine-scale discrimination of Arabidopsis thaliana accessions.","True","Y","high","Tool for DNA fingerprinting not a database","","","21","N","N"
"30561349","Visual Life Sciences Workflow Design Using Distributed and Heterogeneous Resources.","False","Y","high","Tool for workflow design not a database","","","21","N","N"
"30537259","An updated gene atlas for maize reveals organ-specific and stress-induced genes.","False","Y","medium","Atlas mentioned but no URL","","","21","N","N"
"31295309","A new toolkit for gene tagging in Candida albicans containing recyclable markers.","False","Y","high","Toolkit for gene tagging not a database","","","21","N","N"
"31488040","Design of a joint research data platform: A use case for severity assessment.","False","Y","high","Platform design/method not a database","","","21","N","N"
"34653225","Identifying disease-gene associations using a convolutional neural network-based model by embedding a biological knowledge graph with entity descriptions.","False","Y","high","Method for identification not a database","","","21","N","N"
"29949982","A space and time-efficient index for the compacted colored de Bruijn graph.","False","Y","high","Algorithm/index method not a database","","","21","N","N"
"25414364","The Victor C++ library for protein representation and advanced manipulation.","True","Y","high","Software library not a database","","","21","N","N"
"25810768","A CRF-based system for recognizing chemical entity mentions (CEMs) in biomedical literature.","True","Y","high","Tool for recognition not a database","","","21","N","N"
"30851093","Interoperable and scalable data analysis with microservices: applications in metabolomics.","True","Y","high","Platform for analysis not a database","","","21","N","N"
"25093071","Statistical algorithms for ontology-based annotation of scientific literature.","False","Y","high","Algorithm for annotation not a database","","","21","N","N"
"29940834","Multiobjective grammar-based genetic programming applied to the study of asthma and allergy epidemiology.","False","Y","high","Method for analysis not a database","","","21","N","N"
"30423064","Towards an accurate and efficient heuristic for species/gene tree co-estimation.","True","Y","high","Method/algorithm for co-estimation not a database","","","21","N","N"
"31364058","Enhancing Mass Spectrometry-Based MHC-I Peptide Identification Through a Targeted Database Search Approach.","False","Y","high","Method for peptide identification not a database","","","21","N","N"
"27587700","Logical model specification aided by model-checking techniques: application to the mammalian cell cycle regulation.","True","Y","high","Tool for model specification not a database","","","21","N","N"
"28212397","A targeted gene expression platform allows for rapid analysis of chemical-induced antioxidant mRNA expression in zebrafish larvae.","False","Y","high","Platform for analysis not a database","","","21","N","N"
"26194583","Chemical databases: curation or integration by user-defined equivalence?","False","Y","high","Discussion/review not a database","","","21","N","N"
"28193641","A method for high-throughput production of sequence-verified DNA libraries and strain collections.","False","Y","high","Method for production not a database","","","21","N","N"
"31193185","Phylogenetic supertree and functional trait database for all extant parrots.","False","Y","medium","Database mentioned but no URL","","","21","N","N"
"30281661","Novel knowledge-based system with relation detection and textual evidence for question answering research.","False","Y","high","System for question answering not a database","","","21","N","N"
"32207518","Annotation of tandem mass spectrometry data using stochastic neural networks in shotgun proteomics.","False","Y","high","Method for annotation not a database","","","21","N","N"
"26146999","A Rapid and Low-Cost PCR Thermal Cycler for Low Resource Settings.","False","Y","high","Device/tool not a database","","","21","N","N"
"21569428","A user-friendly web portal for T-Coffee on supercomputers.","False","Y","high","Web portal/tool not a database","","","21","N","N"
"29070412","The Screening Compound Collection: A Key Asset for Drug Discovery.","False","Y","high","Collection mentioned but no URL","","","21","N","N"
"33400590","Reconstructing Genotypes in Private Genomic Databases from Genetic Risk Scores.","False","Y","high","Method for reconstruction not a database","","","21","N","N"
"32901022","A database of zooplankton biomass in Australian marine waters.","False","Y","high","Database mentioned but no URL not accessible","","","21","N","N"
"23418188","Chemical rule-based filtering of MS/MS spectra.","True","Y","high","Tool for filtering not a database","","","21","N","N"
"33859284","Repository scale classification and decomposition of tandem mass spectral data.","False","Y","high","Method for classification not a database","","","21","N","N"
"26262366","Annotation methods to develop and evaluate an expert system based on natural language processing in electronic medical records.","False","Y","high","Method for annotation not a database","","","21","N","N"
"32057052","Modular protein-DNA hybrid nanostructures as a drug delivery platform.","False","Y","high","Platform for drug delivery not a database","","","21","N","N"
"32539087","Curation of cancer hallmark-based genes and pathways for in silico characterization of chemical carcinogenesis.","False","Y","high","Method for curation not a database","","","21","N","N"
"29754224","Transformation of an Exotic Yeast Species into a Platform Organism: A Case Study for Engineering Glycolipid Production in the Yeast Starmerella bombicola.","False","Y","high","Method/case study not a database","","","21","N","N"
"23542976","Sharing and reusing multimedia multilingual educational resources in medicine.","False","Y","high","Method for sharing resources not a database","","","21","N","N"
"26163693","Application of learning to rank to protein remote homology detection.","True","Y","high","Method for homology detection not a database","","","21","N","N"
"22419783","Harmonization of gene/protein annotations: towards a gold standard MEDLINE.","True","Y","high","Tool for harmonization not a database","","","21","N","N"
"22755708","Online database of clinical MR and ultrasound images of brain tumors.","False","Y","high","Database mentioned but no URL not accessible","","","21","N","N"
"23803311","Consensus and conflict cards for metabolic pathway databases.","True","Y","high","Tool for database comparison not a database","","","21","N","N"
"27350455","Gesture Interaction Browser-Based 3D Molecular Viewer.","False","Y","high","Viewer/tool not a database","","","21","N","N"
"21738677","Integrated bio-entity network: a system for biological knowledge discovery.","False","Y","high","System for knowledge discovery not a database","","","21","N","N"
"33049043","Phylogenomics of the Epigenetic Toolkit Reveals Punctate Retention of Genes across Eukaryotes.","False","Y","high","Phylogenomic analysis not a database","","","21","N","N"
"22342955","Online tools for polyphasic analysis of Mycobacterium tuberculosis complex genotyping data: now and next.","True","Y","high","Tool for analysis not a database","","","21","N","N"
"34838140","Chemical toxicity prediction based on semi-supervised learning and graph convolutional neural network.","True","Y","high","Method for prediction not a database","","","21","N","N"
"29643539","[Construction of chemical information database based on optical structure recognition technique].","False","Y","high","Database mentioned but no URL not accessible","","","21","N","N"
"32790862","Isolating structural errors in reaction networks in systems biology.","False","Y","high","Method for error detection not a database","","","21","N","N"
"32821214","The InBIO Barcoding Initiative Database: contribution to the knowledge on DNA barcodes of Iberian Plecoptera.","False","Y","medium","Database mentioned but no URL","","","21","N","N"
"32265447","A platinum standard pan-genome resource that represents the population structure of Asian rice.","False","Y","high","Resource mentioned but no URL not accessible","","","21","N","N"
"33879355","Towards a Human Cell Atlas: Taking Notes from the Past.","False","Y","high","Commentary/review not a database","","","21","N","N"
"34015748","Making Waves: Collaboration in the time of SARS-CoV-2 - rapid development of an international co-operation and wastewater surveillance database to support public health decision-making.","False","Y","high","Database mentioned but no URL not accessible","","","21","N","N"
"32132545","A NWB-based dataset and processing pipeline of human single-neuron activity during a declarative memory task.","False","Y","high","Dataset/pipeline not a database","","","21","N","N"
"21601841","Classification and retrieval on macroinvertebrate image databases.","False","Y","high","Method for classification not a database","","","21","N","N"
"28767360","Software Toolbox for Low-Frequency Conductivity and Current Density Imaging Using MRI.","True","Y","high","Toolbox/software not a database","","","21","N","N"
"28849560","""Functional Analysis of OMICs Data and Small Molecule Compounds in an Integrated """"Knowledge-Based"""" Platform.""","False","Y","high","Platform for analysis not a database","","","21","N","N"
"31000757","Catalog of 2017 Thunderstorm Ground Enhancement (TGE) events observed on Aragats.","False","Y","medium","Catalog mentioned but no URL","","","21","N","N"
"24028533","Learning a Markov Logic network for supervised gene regulatory network inference.","False","Y","high","Method for network inference not a database","","","21","N","N"
"22611296","A mass spectrometry proteomics data management platform.","False","Y","high","Platform for data management not a database","","","21","N","N"
"26597515","An heuristic filtering tool to identify phenotype-associated genetic variants applied to human intellectual disability and canine coat colors.","False","Y","high","Tool for filtering not a database","","","21","N","N"
"32745361","A Photoaffinity-Based Fragment-Screening Platform for Efficient Identification of Protein Ligands.","False","Y","high","Platform for screening not a database","","","21","N","N"
"33859415","A genome-wide atlas of co-essential modules assigns function to uncharacterized genes.","False","Y","medium","Atlas mentioned but no URL","","","21","N","N"
"29748285","An anatomic transcriptional atlas of human glioblastoma.","False","Y","medium","Atlas mentioned but no URL","","","21","N","N"
"21816093","A regression system for estimation of errors introduced by confocal imaging into gene expression data in situ.","True","Y","high","System for error estimation not a database","","","21","N","N"
"26380077","The PFP and ESG protein function prediction methods in 2014: effect of database updates and ensemble approaches.","False","Y","high","Method for prediction not a database","","","21","N","N"
"26819881","Rethinking Mass Spectrometry-Based Small Molecule Identification Strategies in Metabolomics.","True","Y","high","Method/strategy discussion not a database","","","21","N","N"
"32695214","A data workflow to support plant breeding decisions from a terrestrial field-based high-throughput plant phenotyping system.","False","Y","high","Workflow/method not a database","","","21","N","N"
"24934416","Applying latent semantic analysis to large-scale medical image databases.","False","Y","high","Method for analysis not a database","","","21","N","N"
"31664036","Prenatal hypoxia-induced epigenomic and transcriptomic reprogramming in rat fetal and adult offspring hearts.","False","Y","high","Study/analysis not a database","","","21","N","N"
"26614660","Resource allocation in metabolic networks: kinetic optimization and approximations by FBA.","False","Y","high","Method for optimization not a database","","","21","N","N"
"23812986","A context-sensitive framework for the analysis of human signalling pathways in molecular interaction networks.","True","Y","high","Framework for analysis not a database","","","21","N","N"
"25358957","A haploid genetics toolbox for Arabidopsis thaliana.","False","Y","high","Toolbox/toolkit not a database","","","21","N","N"
"31788358","Assessment of North American arthropod collections: prospects and challenges for addressing biodiversity research.","False","Y","high","Assessment/review not a database","","","21","N","N"
"30130366","Kinomics toolbox-A web platform for analysis and viewing of kinomic peptide array data.","False","Y","high","Toolbox/platform for analysis not a database","","","21","N","N"
"28365743","Automated PDF highlighting to support faster curation of literature for Parkinson's and Alzheimer's disease.","False","Y","high","Tool for curation not a database","","","21","N","N"
"27273672","Predicting regulatory variants with composite statistic.","True","Y","high","Method for prediction not a database","","","21","N","N"
"33258966","A hybrid approach toward biomedical relation extraction training corpora: combining distant supervision with crowdsourcing.","False","Y","high","Method for relation extraction not a database","","","21","N","N"
"24099460","Development of an informatics platform for therapeutic protein and peptide analytics.","False","Y","high","Platform for analytics not a database","","","21","N","N"
"28448553","A computational toxicogenomics approach identifies a list of highly hepatotoxic compounds from a large microarray database.","False","Y","high","Method for toxicogenomics analysis not a database","","","21","N","N"
"22151536","Empirical comparison of cross-platform normalization methods for gene expression data.","True","Y","high","Method for normalization not a database","","","21","N","N"
"31838514","An extensive review of tools for manual annotation of documents.","False","Y","high","Review of tools not a database","","","21","N","N"
"29176591","Identifying metabolites by integrating metabolome databases with mass spectrometry cheminformatics.","False","Y","high","Method for metabolite identification not a database","","","21","N","N"
"28656622","A population level atlas of Mus musculus craniofacial skeleton and automated image-based shape analysis.","False","Y","medium","Atlas mentioned but no URL","","","21","N","N"
"32647203","Open software platform for automated analysis of paper-based microfluidic devices.","False","Y","high","Platform/software for analysis not a database","","","21","N","N"
"34836951","An atlas of protein turnover rates in mouse tissues.","False","Y","medium","Atlas mentioned but no URL","","","21","N","N"
"34398913","Expertise based skills management system to support resource allocation.","False","Y","high","System for management not a database","","","21","N","N"
"26262134","Conceptual Knowledge Discovery in Databases for Drug Combinations Predictions in Malignant Melanoma.","False","Y","high","Method for knowledge discovery not a database","","","21","N","N"
"24201223","A case study: semantic integration of gene-disease associations for type 2 diabetes mellitus from literature and biomedical data resources.","False","Y","high","Method for integration not a database","","","21","N","N"
"34638171","COVID-19 recommender system based on an annotated multilingual corpus.","False","Y","high","Recommender system not a database","","","21","N","N"
"34025601","HCK and ABAA: A Newly Designed Pipeline to Improve Fungi Metabarcoding Analysis.","False","Y","high","Pipeline for analysis not a database","","","21","N","N"
"21325301","Annotating genes and genomes with DNA sequences extracted from biomedical articles.","True","Y","high","Tool for annotation not a database","","","21","N","N"
"26154165","From Peer-Reviewed to Peer-Reproduced in Scholarly Publishing: The Complementary Roles of Data Models and Workflows in Bioinformatics.","True","Y","high","Discussion/platform not a database","","","21","N","N"
"22195556","A comparative lipidomics platform for chemotaxonomic analysis of Mycobacterium tuberculosis.","False","Y","high","Platform for analysis not a database","","","21","N","N"
"27587693","A probabilistic model for detecting rigid domains in protein structures.","False","Y","high","Method/model for detection not a database","","","21","N","N"
"30209245","A database of tissue-specific rhythmically expressed human genes has potential applications in circadian medicine.","False","Y","high","Database mentioned but no URL not accessible","","","21","N","N"
"33820939","A new open-access platform for measuring and sharing mTBI data.","False","Y","high","Platform for data sharing not a database","","","21","N","N"
"33269985","A Variable Scheduling Maintenance Culture Platform for Mammalian Cells.","False","Y","high","Platform for cell culture not a database","","","21","N","N"
"29331638","Comparative analysis of membrane protein structure databases.","False","Y","high","Analysis/comparison not a database","","","21","N","N"
"34624161","An atlas of the Norway spruce needle seasonal transcriptome.","False","Y","medium","Atlas mentioned but no URL","","","21","N","N"
"27126551","Dendrimer-based nanocarriers: a versatile platform for drug delivery.","False","Y","high","Platform for drug delivery not a database","","","21","N","N"
"26714017","Introduction to the Rosetta Special Collection.","False","Y","high","Introduction/review not a database","","","21","N","N"
"29360996","Feature specific quantile normalization enables cross-platform classification of molecular subtypes using gene expression data.","False","Y","high","Method for normalization not a database","","","21","N","N"
"31262303","Genomic data analysis workflows for tumors from patient-derived xenografts (PDXs): challenges and guidelines.","False","Y","high","Workflow/guidelines not a database","","","21","N","N"
"29992320","Identifying frequent patterns in biochemical reaction networks: a workflow.","False","Y","high","Workflow/method not a database","","","21","N","N"
"28429721","A mouse tissue transcription factor atlas.","False","Y","medium","Atlas mentioned but no URL","","","21","N","N"
"25367050","A MATLAB tool for pathway enrichment using a topology-based pathway regulation score.","False","Y","high","Tool for pathway analysis not a database","","","21","N","N"
"28316653","Large-scale virtual screening on public cloud resources with Apache Spark.","False","Y","high","Method for virtual screening not a database","","","21","N","N"
"23861827","Automated UMLS-based comparison of medical forms.","True","Y","high","Tool for comparison not a database","","","21","N","N"
"21815093","Yeast bioinformatics and strain engineering resources.","False","Y","high","Review of resources not a database","","","21","N","N"
"32822693","A surface metric and software toolbox for EEG electrode grids in the macaque.","False","Y","high","Toolbox/software not a database","","","21","N","N"
"29859055","Sequence-based prediction of physicochemical interactions at protein functional sites using a function-and-interaction-annotated domain profile database.","True","Y","high","Method for prediction not a database","","","21","N","N"
"31520508","Construction and applications of a B vitamin genetic resource for investigation of vitamin-dependent metabolism in maize.","False","Y","high","Resource mentioned but no URL not accessible","","","21","N","N"
"21299659","Genome-wide atlas of transcription during maize development.","False","Y","medium","Atlas mentioned but no URL","","","21","N","N"
"30735391","LC-HRMS-Database Screening Metrics for Rapid Prioritization of Samples to Accelerate the Discovery of Structurally New Natural Products.","False","Y","high","Method for screening not a database","","","21","N","N"
"23549918","Powerful genetic resource for the study of methicillin-resistant Staphylococcus aureus.","False","Y","high","Resource mentioned but no URL not accessible","","","21","N","N"
"22034914","An active learning based classification strategy for the minority class problem: application to histopathology annotation.","False","Y","high","Method for classification not a database","","","21","N","N"
"33420987","Platform Methods to Characterize the Charge Heterogeneity of Three Common Protein Therapeutics by Imaged Capillary Isoelectric Focusing.","False","Y","high","Platform/method for characterization not a database","","","21","N","N"
"23285197","An integrative approach to inferring gene regulatory module networks.","True","Y","high","Method for network inference not a database","","","21","N","N"
"25469636","Quantifying auditory temporal stability in a large database of recorded music.","False","Y","high","Method for analysis not a database","","","21","N","N"
"26067382","A Collection of Topological Types of Nanoclusters and Its Application to Icosahedron-Based Intermetallics.","False","Y","high","Collection mentioned but no URL","","","21","N","N"
"25910696","Data-dependent bucketing improves reference-free compression of sequencing reads.","True","Y","high","Method for compression not a database","","","21","N","N"
"21296753","Model annotation for synthetic biology: automating model to nucleotide sequence conversion.","True","Y","high","Tool for model annotation not a database","","","21","N","N"
"25506628","High-throughput platform assay technology for the discovery of pre-microrna-selective small molecule probes.","False","Y","high","Platform/assay for discovery not a database","","","21","N","N"
"28185557","Reconstruction of ancestral RNA sequences under multiple structural constraints.","True","Y","high","Method for reconstruction not a database","","","21","N","N"
"34494883","A Prioritized and Validated Resource of Mitochondrial Proteins in <i>Plasmodium</i> Identifies Unique Biology.","False","Y","high","Resource mentioned but no URL not accessible","","","21","N","N"
"27467575","Open Source Drug Discovery with the Malaria Box Compound Collection for Neglected Diseases and Beyond.","False","Y","high","Collection mentioned but no URL","","","21","N","N"
"31870282","Antimicrobial peptide identification using multi-scale convolutional network.","False","Y","high","Method for identification not a database","","","21","N","N"
"24848109","Extending the Schizosaccharomyces pombe molecular genetic toolbox.","False","Y","high","Toolbox/toolkit not a database","","","21","N","N"
"33080230","A Platform for Brain-wide Volumetric Functional Ultrasound Imaging and Analysis of Circuit Dynamics in Awake Mice.","False","Y","high","Platform for imaging not a database","","","21","N","N"
"24564380","Simple re-instantiation of small databases using cloud computing.","True","Y","high","Method for database deployment not a database","","","21","N","N"
"30755456","A Simple Three-dimensional Hydrogel Platform Enables <i>Ex Vivo</i> Cell Culture of Patient and PDX Tumors for Assaying Their Response to Clinically Relevant Therapies.","False","Y","high","Platform for cell culture not a database","","","21","N","N"
"29543794","A graphical and computational modeling platform for biological pathways.","False","Y","high","Platform for modeling not a database","","","21","N","N"
"22396485","Bioinformatics tools and database resources for systems genetics analysis in mice--a short review and an evaluation of future needs.","False","Y","high","Review of tools not a database","","","21","N","N"
"22295749","A machine learning-based system to normalise gene mentions to unique database identifiers.","False","Y","high","System for normalization not a database","","","21","N","N"
"28625679","Phenotype databases for genetic screens in human cells.","False","Y","high","Review of databases not a database","","","21","N","N"
"27069468","A Collaborative Location Based Travel Recommendation System through Enhanced Rating Prediction for the Group of Users.","False","Y","high","System for recommendations not a database","","","21","N","N"
"29542319","Smartphone-Based Mobile Detection Platform for Molecular Diagnostics and Spatiotemporal Disease Mapping.","False","Y","high","Platform for diagnostics not a database","","","21","N","N"
"29855020","A toolbox for discrete modelling of cell signalling dynamics.","False","Y","high","Toolbox for modeling not a database","","","21","N","N"
"27574023","Targeting protein function: the expanding toolkit for conditional disruption.","False","Y","high","Review/toolkit discussion not a database","","","21","N","N"
"25664616","A high-throughput platform for stem cell niche co-cultures and downstream gene expression analysis.","False","Y","high","Platform for co-cultures not a database","","","21","N","N"
"30057931","Creating a Structured AOP Knowledgebase via Ontology-Based Annotations.","False","Y","high","Method for knowledge base creation not a database","","","21","N","N"
"25937880","Making species checklists understandable to machines - a shift from relational databases to ontologies.","False","Y","high","Method/discussion not a database","","","21","N","N"
"21999355","Comparison of lists of genes based on functional profiles.","True","Y","high","Method for comparison not a database","","","21","N","N"
"27023095","Integrative NMR for biomolecular research.","True","Y","high","Tool/software for NMR not a database","","","21","N","N"
"22307718","Genotype calling for the Illumina platform.","False","Y","high","Method for genotype calling not a database","","","21","N","N"
"33020633","A genome resource for green millet Setaria viridis enables discovery of agronomically valuable loci.","False","Y","high","Resource mentioned but no URL not accessible","","","21","N","N"
"32759965","A data resource from concurrent intracranial stimulation and functional MRI of the human brain.","False","Y","high","Resource mentioned but no URL not accessible","","","21","N","N"
"23684311","The Mtb proteome library: a resource of assays to quantify the complete proteome of Mycobacterium tuberculosis.","False","Y","high","Resource mentioned but no URL not accessible","","","21","N","N"
"21855594","Interrogating health-related public databases from a food toxicology perspective: computational analysis of scoring data.","False","Y","high","Method for data interrogation not a database","","","21","N","N"
"25335785","Towards a resource-based habitat approach for spatial modelling of vector-borne disease risks.","False","Y","high","Method for modeling not a database","","","21","N","N"
"27115625","Update on Genomic Databases and Resources at the National Center for Biotechnology Information.","False","Y","high","Update/review not a database","","","21","N","N"
"24381135","Related genes and potential biomarkers for early diagnosis of Alzheimer's disease: a preliminary study based on DNA microarray.","True","Y","high","Study using database not a database","","","21","N","N"
"31449908","Protein domain microarrays as a platform to decipher signaling pathways and the histone code.","False","Y","high","Platform for microarrays not a database","","","21","N","N"
"28926565","A SNP panel and online tool for checking genotype concordance through comparing QR codes.","True","Y","high","Tool for genotype checking not a database","","","21","N","N"
"21367872","Human variation database: an open-source database template for genomic discovery.","True","Y","high","Tool/template for databases not a database","","","21","N","N"
"21682852","Querying large read collections in main memory: a versatile data structure.","True","Y","high","Tool for querying not a database","","","21","N","N"
"22014081","Development of genomic resources for the narrow-leafed lupin (Lupinus angustifolius): construction of a bacterial artificial chromosome (BAC) library and BAC-end sequencing.","False","Y","high","Resource mentioned but no URL not accessible","","","21","N","N"
"31113357","Knowledge-guided convolutional networks for chemical-disease relation extraction.","False","Y","high","Method for relation extraction not a database","","","21","N","N"
"29167538","A Deep-Dream Virtual Reality Platform for Studying Altered Perceptual Phenomenology.","False","Y","high","Platform for VR studies not a database","","","21","N","N"
"29762695","Development and validation of an extended database for yeast identification by MALDI-TOF MS in Argentina.","False","Y","high","Database mentioned but no URL not accessible","","","21","N","N"
"32564278","An automated and high-throughput-screening compatible pluripotent stem cell-based test platform for developmental and reproductive toxicity assessment of small molecule compounds.","False","Y","high","Platform for screening not a database","","","21","N","N"
"21258063","Automated validation of genetic variants from large databases: ensuring that variant references refer to the same genomic locations.","True","Y","high","Tool for validation not a database","","","21","N","N"
"27370123","A GPU-accelerated Monte Carlo dose calculation platform and its application toward validating an MRI-guided radiation therapy beam model.","False","Y","high","Platform for dose calculation not a database","","","21","N","N"
"30286784","The Italian neuromuscular registry: a coordinated platform where patient organizations and clinicians collaborate for data collection and multiple usage.","False","Y","high","Registry/platform not a true bioresource","","","21","N","N"
"24861626","A web tool for the design and management of panels of genes for targeted enrichment and massive sequencing for clinical applications.","True","Y","high","Tool for panel design not a database","","","21","N","N"
"33923556","Identifying Molecular-Based Trophic Interactions as a Resource for Advanced Integrated Pest Management.","False","Y","high","Method for identification not a database","","","21","N","N"
"27998934","Xenolog classification.","True","Y","high","Tool for classification not a database","","","21","N","N"
"23368995","A knowledge-based decision support system in bioinformatics: an application to protein complex extraction.","False","Y","high","System for decision support not a database","","","21","N","N"
"30649495","An Integrated Approach Using Publicly Available Resources for Identifying and Characterizing Chemicals of Potential Toxicity Concern: Proof-of-Concept With Chemicals That Affect Cancer Pathways.","False","Y","high","Method for chemical identification not a database","","","21","N","N"
"27212835","The Luxembourg database of trichothecene type B F. graminearum and F. culmorum producers.","False","Y","high","Database mentioned but no URL not accessible","","","21","N","N"
"34510750","Extremely Uniform Graphene Oxide Thin Film as a Universal Platform for One-Step Biomaterial Patterning.","False","Y","high","Platform for patterning not a database","","","21","N","N"
"22331816","Phenotypic information in genomic variant databases enhances clinical care and research: the International Standards for Cytogenomic Arrays Consortium experience.","False","Y","high","Discussion/consortium experience not a database","","","21","N","N"
"23666724","Algorithms for database-dependent search of MS/MS data.","False","Y","high","Algorithm for database search not a database","","","21","N","N"
"29742572","Development of Human Face Literature Database Using Text Mining Approach: Phase I.","False","Y","high","Database mentioned but no URL not accessible","","","21","N","N"
"27440183","Cloud-Based NoSQL Open Database of Pulmonary Nodules for Computer-Aided Lung Cancer Diagnosis and Reproducible Research.","False","Y","high","Database mentioned but no URL not accessible","","","21","N","N"
"32675069","Reconstruction of the Largest Pedigree Network for Pear Cultivars and Evaluation of the Genetic Diversity of the USDA-ARS National <i>Pyrus</i> Collection.","False","Y","high","Analysis/reconstruction not a database","","","21","N","N"
"24773139","Customized metabolomics database for the analysis of NMR ¹H-¹H TOCSY and ¹³C-¹H HSQC-TOCSY spectra of complex mixtures.","False","Y","high","Database mentioned but no URL not accessible","","","21","N","N"
"24107223","An online database for plant image analysis software tools.","False","Y","high","Database mentioned but no URL not accessible","","","21","N","N"
"23956306","Incorporating prior knowledge into Gene Network Study.","True","Y","high","Method for gene network analysis not a database","","","21","N","N"
"31222199","Accumulating computational resource usage of genomic data analysis workflow to optimize cloud computing instance selection.","False","Y","high","Method for optimization not a database","","","21","N","N"
"26800431","Cyclodextrin-based nanosponges: a versatile platform for cancer nanotherapeutics development.","False","Y","high","Platform for drug delivery not a database","","","21","N","N"
"25093067","Generalising semantic category disambiguation with large lexical resources for fun and profit.","False","Y","high","Method for disambiguation not a database","","","21","N","N"
"25890687","""Abstraction networks for terminologies: Supporting management of """"big knowledge"""".""","False","Y","high","Method for terminology management not a database","","","21","N","N"
"26896675","A genome-wide resource for the analysis of protein localisation in Drosophila.","False","Y","high","Resource mentioned but no URL not accessible","","","21","N","N"
"26158728","Heterogeneous Network Edge Prediction: A Data Integration Approach to Prioritize Disease-Associated Genes.","True","Y","high","Method for gene prioritization not a database","","","21","N","N"
"31424530","Multi-scale structural analysis of proteins by deep semantic segmentation.","True","Y","high","Method for protein analysis not a database","","","21","N","N"
"28475710","An efficient graph kernel method for non-coding RNA functional prediction.","True","Y","high","Method for RNA prediction not a database","","","21","N","N"
"23692364","Disease co-morbidity and the human Wnt signaling pathway: a network-wise study.","True","Y","high","Method for network analysis not a database","","","21","N","N"
"21693556","Inferring causative variants in microRNA target sites.","True","Y","high","Method for variant inference not a database","","","21","N","N"
"27231484","Data integration to prioritize drugs using genomics and curated data.","True","Y","high","Method for drug prioritization not a database","","","21","N","N"
"31688932","Taxonomic weighting improves the accuracy of a gap-filling algorithm for metabolic models.","True","Y","high","Method/algorithm for gap-filling not a database","","","21","N","N"
"25431329","Tissue-aware data integration approach for the inference of pathway interactions in metazoan organisms.","True","Y","high","Method for data integration not a database","","","21","N","N"
"23826885","Comparison of ultra-fast 2D and 3D ligand and target descriptors for side effect prediction and network analysis in polypharmacology.","True","Y","high","Method for side effect prediction not a database","","","21","N","N"
"21992066","Challenges in the association of human single nucleotide polymorphism mentions with unique database identifiers.","True","Y","high","Method for SNP normalization not a database","","","21","N","N"
"23828785","Rapid similarity search of proteins using alignments of domain arrangements.","True","Y","high","Tool for similarity search not a database","","","21","N","N"
"31695723","Measurement of Conditional Relatedness Between Genes Using Fully Convolutional Neural Network.","True","Y","high","Method for gene relatedness not a database","","","21","N","N"
"29664467","A prototypic small molecule database for bronchoalveolar lavage-based metabolomics.","False","Y","high","Database mentioned but no URL not accessible","","","21","N","N"
"24651476","Integer programming-based method for designing synthetic metabolic networks by Minimum Reaction Insertion in a Boolean model.","True","Y","high","Method for network design not a database","","","21","N","N"
"31467290","A dataset describing a suite of novel antibody reagents for the RAS signaling network.","False","Y","high","Dataset mentioned but no URL","","","21","N","N"
"27895718","Consensus Diversity Plots: a global diversity analysis of chemical libraries.","True","Y","high","Method for diversity analysis not a database","","","21","N","N"
"34252947","Graph transformation for enzymatic mechanisms.","False","Y","high","Method for graph transformation not a database","","","21","N","N"
"21245051","Automated bond order assignment as an optimization problem.","True","Y","high","Method for bond order assignment not a database","","","21","N","N"
"24489849","Improving predictions of protein-protein interfaces by combining amino acid-specific classifiers based on structural and physicochemical descriptors with their weighted neighbor averages.","True","Y","high","Method for interface prediction not a database","","","21","N","N"
"27275187","Advanced SPARQL querying in small molecule databases.","True","Y","high","Tool for database querying not a database","","","21","N","N"
"27177143","Fast Bayesian Inference of Copy Number Variants using Hidden Markov Models with Wavelet Compression.","True","Y","high","Method for CNV inference not a database","","","21","N","N"
"29077809","Linking metabolic network features to phenotypes using sparse group lasso.","True","Y","high","Method for network analysis not a database","","","21","N","N"
"29078314","Complex evolutionary footprints revealed in an analysis of reused protein segments of diverse lengths.","True","Y","high","Method for analysis not a database","","","21","N","N"
"27342196","Systematic identification and analysis of frequent gene fusion events in metabolic pathways.","True","Y","high","Method for gene fusion analysis not a database","","","21","N","N"
"28293298","Rapid development of entity-based data models for bioinformatics with persistence object-oriented design and structured interfaces.","True","Y","high","Tool for data model development not a database","","","21","N","N"
"22952610","Increasing coverage of transcription factor position weight matrices through domain-level homology.","True","Y","high","Method for PWM coverage not a database","","","21","N","N"
"34487148","A Bayesian hierarchical model to estimate DNA methylation conservation in colorectal tumors.","False","Y","high","Method/model for estimation not a database","","","21","N","N"
"28622336","A knowledge-based T2-statistic to perform pathway analysis for quantitative proteomic data.","False","Y","high","Method for pathway analysis not a database","","","21","N","N"
"23707966","Cataloging the biomedical world of pain through semi-automated curation of molecular interactions.","False","Y","high","Method for cataloging not a database","","","21","N","N"
"21317143","Cross-platform comparison of microarray data using order restricted inference.","True","Y","high","Method for data comparison not a database","","","21","N","N"
"30295749","A new method bridging graph theory and residue co-evolutionary networks for specificity determinant positions detection.","True","Y","high","Method for residue detection not a database","","","21","N","N"
"28591841","RSAT matrix-clustering: dynamic exploration and redundancy reduction of transcription factor binding motif collections.","True","Y","high","Tool for motif clustering not a database","","","21","N","N"
"22923304","Qualitative translation of relations from BioPAX to SBML qual.","True","Y","high","Tool for translation not a database","","","21","N","N"
"30886642","Iterative Variable Gene Discovery from Whole Genome Sequencing with a Bootstrapped Multiresolution Algorithm.","True","Y","high","Method for gene discovery not a database","","","21","N","N"
"23677943","Updating RNA-Seq analyses after re-annotation.","True","Y","high","Tool for RNA-seq updating not a database","","","21","N","N"
"31412138","Boosting phosphorylation site prediction with sequence feature-based machine learning.","True","Y","high","Method for site prediction not a database","","","21","N","N"
"23613707","Large-scale event extraction from literature with multi-level gene normalization.","True","Y","high","Method for event extraction not a database","","","21","N","N"
"25055762","A collection of open source applications for mass spectrometry data mining.","False","Y","high","Collection of tools not a database","","","21","N","N"
"25286919","Computing autocatalytic sets to unravel inconsistencies in metabolic network reconstructions.","True","Y","high","Method for network analysis not a database","","","21","N","N"
"28203707","Correlated mutations select misfolded from properly folded proteins.","True","Y","high","Method for protein analysis not a database","","","21","N","N"
"30530337","Intra-Cluster Distance Minimization in DNA Methylation Analysis Using an Advanced Tabu-Based Iterative k-Medoids Clustering Algorithm (T-CLUST).","True","Y","high","Algorithm for clustering not a database","","","21","N","N"
"34233810","Precision-engineered Peptide and Protein Analogs: Establishing a New Discovery Platform for Potent GPCR Modulators.","False","Y","high","Platform for drug discovery not a database","","","21","N","N"
"31121034","Secular trends in stillbirth by maternal socioeconomic status in Spain 2007-15: a population-based study of 4 million births.","False","Y","high","Epidemiological study not a database","","","21","N","N"
"28402395","mzML2ISA &amp; nmrML2ISA: generating enriched ISA-Tab metadata files from metabolomics XML data.","True","Y","high","Tool for metadata generation not a database","","","21","N","N"
"21685050","Genomic data integration using guided clustering.","True","Y","high","Method for data integration not a database","","","21","N","N"
"21619696","Conotoxin protein classification using free scores of words and support vector machines.","True","Y","high","Method for classification not a database","","","21","N","N"
"22537301","Towards accurate detection and genotyping of expressed variants from whole transcriptome sequencing data.","True","Y","high","Method for variant detection not a database","","","21","N","N"
"24962434","Gene Set Enrichment Analysis (GSEA) of Toxoplasma gondii expression datasets links cell cycle progression and the bradyzoite developmental program.","True","Y","high","Method for enrichment analysis not a database","","","21","N","N"
"27256311","Benchmarking the next generation of homology inference tools.","True","Y","high","Benchmark study not a database","","","21","N","N"
"22702658","An elm EST database for identifying leaf beetle egg-induced defense genes.","False","Y","high","Database mentioned but no URL not accessible","","","21","N","N"
"23883165","Automatic extraction of biomolecular interactions: an empirical approach.","True","Y","high","Method for extraction not a database","","","21","N","N"
"21851592","The taming of an impossible child: a standardized all-in approach to the phylogeny of Hymenoptera using public database sequences.","True","Y","high","Method for phylogeny not a database","","","21","N","N"
"25161242","Polytomy refinement for the correction of dubious duplications in gene trees.","True","Y","high","Method for tree refinement not a database","","","21","N","N"
"21622663","Computational discovery of human coding and non-coding transcripts with conserved splice sites.","True","Y","high","Method for transcript discovery not a database","","","21","N","N"
"27587660","Causality modeling for directed disease network.","True","Y","high","Method for modeling not a database","","","21","N","N"
"34436655","Exploring STR sequencing for forensic DNA intelligence databasing using the Austrian National DNA Database as an example.","False","Y","high","Method for STR analysis not a database","","","21","N","N"
"31225582","Re-curation and rational enrichment of knowledge graphs in Biological Expression Language.","False","Y","high","Method for curation not a database","","","21","N","N"
"26966655","A systematic review of pediatric clinical trials of high dose vitamin D.","True","Y","high","Systematic review not a database","","","21","N","N"
"32603341","A simple strategy to enhance the speed of protein secondary structure prediction without sacrificing accuracy.","True","Y","high","Method for structure prediction not a database","","","21","N","N"
"29524042","Automated reaction database and reaction network analysis: extraction of reaction templates using cheminformatics.","False","Y","high","Method for reaction analysis not a database","","","21","N","N"
"24773781","Integrating bioinformatic resources to predict transcription factors interacting with cis-sequences conserved in co-regulated genes.","False","Y","high","Method for TF prediction not a database","","","21","N","N"
"23169059","Supporting conditional mouse mutagenesis with a comprehensive cre characterization resource.","False","Y","high","Resource mentioned but no URL not accessible","","","21","N","N"
"28150250","Annotation of Alternatively Spliced Proteins and Transcripts with Protein-Folding Algorithms and Isoform-Level Functional Networks.","False","Y","high","Method for annotation not a database","","","21","N","N"
"25889708","De novo transcriptome sequencing of Agropyron cristatum to identify available gene resources for the enhancement of wheat.","False","Y","high","Resource mentioned but no URL not accessible","","","21","N","N"
"27987170","Species-Specific Genome Sequence Databases: A Practical Review.","False","Y","high","Review of databases not a database","","","21","N","N"
"33328476","A gene expression atlas for different kinds of stress in the mouse brain.","False","Y","medium","Atlas mentioned but no URL","","","21","N","N"
"28839451","Orthographic and Phonological Neighborhood Databases across Multiple Languages.","False","Y","medium","Databases mentioned but no URL","","","21","N","N"
"31428126","A Gene Expression Atlas of the Domestic Water Buffalo (&lt;i&gt;Bubalus bubalis&lt;/i&gt;).","False","Y","medium","Atlas mentioned but no URL","","","21","N","N"
"23828786","Towards building a disease-phenotype knowledge base: extracting disease-manifestation relationship from literature.","True","Y","high","Method for knowledge extraction not a database","","","21","N","N"
"24320595","Automated workflow-based exploitation of pathway databases provides new insights into genetic associations of metabolite profiles.","True","Y","high","Workflow/method for analysis not a database","","","21","N","N"
"33758196","Functional annotations of three domestic animal genomes provide vital resources for comparative and agricultural research.","False","Y","high","Annotation resource mentioned but no URL","","","21","N","N"
"26615188","The SIB Swiss Institute of Bioinformatics' resources: focus on curated databases.","True","Y","high","Review of resources not a database","","","21","N","N"
"29695735","Integrative annotation and knowledge discovery of kinase post-translational modifications and cancer-associated mutations through federated protein ontologies and resources.","False","Y","high","Method for annotation not a database","","","21","N","N"
"34283824","Performance and scaling behavior of bioinformatic applications in virtualization environments to create awareness for the efficient use of compute resources.","False","Y","high","Performance study not a database","","","21","N","N"
"23208789","The EU-ADR Web Platform: delivering advanced pharmacovigilance tools.","True","Y","high","Platform for pharmacovigilance not a database","","","21","N","N"
"27829123","Functional architecture and global properties of the Corynebacterium glutamicum regulatory network: Novel insights from a dataset with a high genomic coverage.","False","Y","high","Analysis/insights not a database","","","21","N","N"
"30549030","Whole mouse brain reconstruction and registration to a reference atlas with standard histochemical processing of coronal sections.","False","Y","high","Method for brain reconstruction not a database","","","21","N","N"
"26519401","Plant Pathway Databases.","False","Y","high","Review of databases not a database","","","21","N","N"
"23734176","Database citation in full text biomedical articles.","False","Y","high","Study on citations not a database","","","21","N","N"
"28365737","Literature consistency of bioinformatics sequence databases is effective for assessing record quality.","False","Y","high","Method for quality assessment not a database","","","21","N","N"
"27896724","Genomic Database Searching.","False","Y","high","Review/discussion not a database","","","21","N","N"
"21737420","Conceptual framework and pilot study to benchmark phylogenomic databases based on reference gene trees.","False","Y","high","Framework/benchmark study not a database","","","21","N","N"
"30388551","Organic molecular passivation of phosphorene: An aptamer-based biosensing platform.","False","Y","high","Platform for biosensing not a database","","","21","N","N"
"29602368","Open access genomic resources for terrestrial arthropods.","False","Y","high","Review of resources not a database","","","21","N","N"
"26456690","The dichotomy between disease phenotype databases and the implications for understanding complex diseases involving the major histocompatibility complex.","False","Y","high","Discussion/review not a database","","","21","N","N"
"31438218","A Cross-Lingual Effort Towards Managing English-Chinese Cancer Education Resources.","False","Y","high","Method for resource management not a database","","","21","N","N"
"22591347","The importance of integrating SNP and cheminformatics resources to pharmacogenomics.","False","Y","high","Discussion/review not a database","","","21","N","N"
"30259355","Online Databases and Circular RNAs.","False","Y","high","Review of databases not a database","","","21","N","N"
"27540173","Integration of omic networks in a developmental atlas of maize.","False","Y","medium","Atlas mentioned but no URL","","","21","N","N"
"31210270","Using association rule mining and ontologies to generate metadata recommendations from multiple biomedical databases.","False","Y","high","Method for metadata generation not a database","","","21","N","N"
"21478194","Prediction of metabolic reactions based on atomic and molecular properties of small-molecule compounds.","True","Y","high","Method for prediction not a database","","","21","N","N"
"30883301","Biomolecular Databases and Subnetwork Identification Approaches of Interest to Big Data Community: An Expert Review.","False","Y","high","Review not a database","","","21","N","N"
"25050811","Bioinformatics on the cloud computing platform Azure.","False","Y","high","Review/discussion not a database","","","21","N","N"
"30097089","""Atlas of the Radical SAM Superfamily: Divergent Evolution of Function Using a """"Plug and Play"""" Domain.""","False","Y","medium","Atlas mentioned but no URL","","","21","N","N"
"32947964","Protein Databases Related to Liquid-Liquid Phase Separation.","False","Y","high","Review of databases not a database","","","21","N","N"
"21283776","Is my network module preserved and reproducible?","True","Y","high","Method for module preservation not a database","","","21","N","N"
"25707592","Web resources for model organism studies.","True","Y","high","Review of resources not a database","","","21","N","N"
"27673730","De novo transcriptome assembly databases for the butterfly orchid Phalaenopsis equestris.","False","Y","medium","Databases mentioned but no URL","","","21","N","N"
"31278681","Semantic Integration and Enrichment of Heterogeneous Biological Databases.","False","Y","high","Method for integration not a database","","","21","N","N"
"24233784","Integrating in silico resources to map a signaling network.","False","Y","high","Method for network mapping not a database","","","21","N","N"
"24725457","Glycoproteomic and glycomic databases.","False","Y","high","Review of databases not a database","","","21","N","N"
"22956109","On-line resources for Xenopus.","False","Y","high","Review of resources not a database","","","21","N","N"
"34195960","Circular RNA Databases.","False","Y","high","Review of databases not a database","","","21","N","N"
"32033366","A Fast and Scalable Workflow for SNPs Detection in Genome Sequences Using Hadoop Map-Reduce.","False","Y","high","Workflow/method for SNP detection not a database","","","21","N","N"
"24595056","Semantics in support of biodiversity knowledge discovery: an introduction to the biological collections ontology and related ontologies.","False","Y","high","Introduction/ontology discussion not a database","","","21","N","N"
"27314852","State-Dependent Resource Harvesting with Lagged Information about System States.","False","Y","high","Mathematical model not a database","","","21","N","N"
"33508968","Databases for the study of biofilms: current status and potential applications.","False","Y","high","Database mentioned but no URL - not accessible","","","22","N","N"
"29446725","Mapping of Protein-Protein Interactions: Web-Based Resources for Revealing Interactomes.","False","Y","high","Database mentioned but no URL - not accessible","","","22","N","N"
"30659409","Screening responsive or resistant biomarkers of immune checkpoint inhibitors based on online databases.","False","Y","high","Paper about using databases - not the database itself","","","22","N","N"
"28660674","Comprehensive Network Map of ADME-Tox Databases.","False","Y","high","Database mentioned but no URL - not accessible","","","22","N","N"
"27743371","Databases and Associated Tools for Glycomics and Glycoproteomics.","False","Y","high","Database mentioned but no URL - not accessible","","","22","N","N"
"32331540","The Generated Databases (GDBs) as a Source of 3D-shaped Building Blocks for Use in Medicinal Chemistry and Drug Discovery.","False","Y","high","Paper about using database - not the database itself","","","22","N","N"
"27875548","Accelerating Information Retrieval from Profile Hidden Markov Model Databases.","False","Y","high","Tool for database searching - not a database","","","22","N","N"
"28269127","Dermatologist-like feature extraction from skin lesion for improved asymmetry classification in PH2 database.","False","Y","high","Method/algorithm paper - not a database","","","22","N","N"
"26434392","Protein function annotation using protein domain family resources.","False","Y","high","Paper about using resources - not the database itself","","","22","N","N"
"31514149","A Convolutional Neural Network System to Discriminate Drug-Target Interactions.","True","Y","high","Tool for prediction - not a database","","","22","N","N"
"31874614","Predicting drug-target interactions from drug structure and protein sequence using novel convolutional neural networks.","True","Y","high","Tool for prediction - not a database","","","22","N","N"
"25878529","The Jean Gutierrez spider mite collection.","False","Y","medium","Database mentioned but no URL - not accessible","","","22","N","N"
"33677561","Analysing the yeast complexome-the Complex Portal rising to the challenge.","False","Y","high","Paper about using database - not the database itself","","","22","N","N"
"26009974","Review of natural product databases.","False","Y","high","Paper about databases - not a database itself","","","22","N","N"
"21586727","Network-based tools for the identification of novel drug targets.","True","Y","high","Tool for identification - not a database","","","22","N","N"
"27878450","Mass spectrometry based proteomics profiling of human monocytes.","False","Y","high","Database mentioned but no URL - not accessible","","","22","N","N"
"26504517","A large and diverse collection of bovine genome sequences from the Canadian Cattle Genome Project.","False","Y","medium","Database mentioned but no URL - not accessible","","","22","N","N"
"26243826","Revisiting topological properties and models of protein-protein interaction networks from the perspective of dataset evolution.","False","Y","high","Paper about database analysis - not the database itself","","","22","N","N"
"27982081","A cloud-based workflow to quantify transcript-expression levels in public cancer compendia.","True","Y","high","Tool/workflow for analysis - not a database","","","22","N","N"
"29391424","Large-scale intact glycopeptide identification by Mascot database search.","False","Y","high","Tool for database searching - not a database","","","22","N","N"
"30735609","The first chromosome-level genome for a marine mammal as a resource to study ecology and evolution.","False","Y","medium","Database mentioned but no URL - not accessible","","","22","N","N"
"22445421","Expanding data and resources for forensic use of SNPs in individual identification.","False","Y","high","Paper about resources - not the database itself","","","22","N","N"
"31030996","Computational Drug Discovery in Chemotherapy-induced Alopecia via Text Mining and Biomedical Databases.","False","Y","high","Paper about using databases - not the database itself","","","22","N","N"
"21856738","Detecting biological network organization and functional gene orthologs.","True","Y","high","Tool for detection - not a database","","","22","N","N"
"27787817","Consensus Prediction of Charged Single Alpha-Helices with CSAHserver.","True","Y","high","Tool for prediction - not a database","","","22","N","N"
"24773593","Accelerating the scoring module of mass spectrometry-based peptide identification using GPUs.","True","Y","high","Tool for acceleration - not a database","","","22","N","N"
"25266226","Hybrid Bayesian-rank integration approach improves the predictive power of genomic dataset aggregation.","True","Y","high","Tool/approach for integration - not a database","","","22","N","N"
"31197310","Cloud bursting galaxy: federated identity and access management.","True","Y","high","Tool for access management - not a database","","","22","N","N"
"23497081","Learning a peptide-protein binding affinity predictor with kernel ridge regression.","True","Y","high","Tool for prediction - not a database","","","22","N","N"
"22350209","Peptide reranking with protein-peptide correspondence and precursor peak intensity information.","True","Y","high","Tool for reranking - not a database","","","22","N","N"
"32214380","Stochastic simulation and statistical inference platform for visualization and estimation of transcriptional kinetics.","True","Y","high","Tool/platform for simulation - not a database","","","22","N","N"
"21731011","The MSM program: web-based statistics package for estimating usual dietary intake using the Multiple Source Method.","True","Y","high","Tool/program for analysis - not a database","","","22","N","N"
"21798033","Visualizing meta-features in proteomic maps.","True","Y","high","Tool for visualization - not a database","","","22","N","N"
"29990104","A Robust 3D-2D Interactive Tool for Scene Segmentation and Annotation.","True","Y","high","Tool for segmentation - not a database","","","22","N","N"
"21896510","Robust relative compression of genomes with random access.","True","Y","high","Tool/algorithm for compression - not a database","","","22","N","N"
"30777010","Statistical assessment and visualization of synergies for large-scale sparse drug combination datasets.","True","Y","high","Tool for visualization - not a database","","","22","N","N"
"26451642","Event inference in multidomain families with phylogenetic reconciliation.","True","Y","high","Tool for inference - not a database","","","22","N","N"
"28155662","An ensemble micro neural network approach for elucidating interactions between zinc finger proteins and their target DNA.","True","Y","high","Tool/approach for prediction - not a database","","","22","N","N"
"34381873","An automated approach to identify scientific publications reporting pharmacokinetic parameters.","True","Y","high","Tool for identification - not a database","","","22","N","N"
"32415959","Efficient toolkit implementing best practices for principal component analysis of population genetic data.","True","Y","high","Toolkit for analysis - not a database","","","22","N","N"
"32121160","Computational Cancer Cell Models to Guide Precision Breast Cancer Medicine.","True","Y","high","Tool/model for prediction - not a database","","","22","N","N"
"25273111","PFP/ESG: automated protein function prediction servers enhanced with Gene Ontology visualization tool.","True","Y","high","Tool for prediction - not a database","","","22","N","N"
"21668950","A computational approach to candidate gene prioritization for X-linked mental retardation using annotation-based binary filtering and motif-based linear discriminatory analysis.","True","Y","high","Tool/approach for prioritization - not a database","","","22","N","N"
"30877103","Intratumoral Genetic and Functional Heterogeneity in Pediatric Glioblastoma.","True","Y","medium","Paper about research - not a database","","","22","N","N"
"30221945","Combining High-Resolution and Exact Calibration To Boost Statistical Power: A Well-Calibrated Score Function for High-Resolution MS2 Data.","True","Y","high","Tool/method for analysis - not a database","","","22","N","N"
"30942864","Protein multiple alignments: sequence-based versus structure-based programs.","True","Y","high","Tool/program comparison - not a database","","","22","N","N"
"28584021","The Landscape of Isoform Switches in Human Cancers.","True","Y","medium","Paper about research - not a database","","","22","N","N"
"34252933","On the feasibility of deep learning applications using raw mass spectrometry data.","True","Y","medium","Paper about methods - not a database","","","22","N","N"
"28365720","BELMiner: adapting a rule-based relation extraction system to extract biological expression language statements from bio-medical literature evidence sentences.","True","Y","high","Tool for extraction - not a database","","","22","N","N"
"27175227","Filtering large-scale event collections using a combination of supervised and unsupervised learning for event trigger classification.","True","Y","high","Tool for filtering - not a database","","","22","N","N"
"32778839","Combined proximity labeling and affinity purification-mass spectrometry workflow for mapping and visualizing protein interaction networks.","True","Y","high","Method/workflow paper - not a database","","","22","N","N"
"22262674","An effective statistical evaluation of ChIPseq dataset similarity.","True","Y","high","Tool for evaluation - not a database","","","22","N","N"
"24753488","Improving B-cell epitope prediction and its application to global antibody-antigen docking.","True","Y","high","Tool/method for prediction - not a database","","","22","N","N"
"28358862","Comprehensive framework for visualizing and analyzing spatio-temporal dynamics of racial diversity in the entire United States.","True","Y","high","Tool/framework for visualization - not a database","","","22","N","N"
"29506206","Extrema-weighted feature extraction for functional data.","True","Y","high","Tool/package for analysis - not a database","","","22","N","N"
"25705262","When drug discovery meets web search: Learning to Rank for ligand-based virtual screening.","True","Y","high","Method/algorithm paper - not a database","","","22","N","N"
"25607539","A toolkit for ARB to integrate custom databases and externally built phylogenies.","True","Y","high","Toolkit for integration - not a database","","","22","N","N"
"34849195","A k-mer based approach for classifying viruses without taxonomy identifies viral associations in human autism and plant microbiomes.","True","Y","high","Method/approach for classification - not a database","","","22","N","N"
"30753436","Fast nonconvex deconvolution of calcium imaging data.","True","Y","high","Tool/method for deconvolution - not a database","","","22","N","N"
"24265775","Using a web-based application to define the accuracy of diagnostic tests when the gold standard is imperfect.","True","Y","high","Tool/application for analysis - not a database","","","22","N","N"
"25544807","Prediction of Gene Activity in Early B Cell Development Based on an Integrative Multi-Omics Analysis.","True","Y","medium","Paper about prediction - not a database","","","22","N","N"
"32164527","A big data approach to metagenomics for all-food-sequencing.","True","Y","high","Method/approach for analysis - not a database","","","22","N","N"
"23677940","Identification of hidden relationships from the coupling of hydrophobic cluster analysis and domain architecture information.","True","Y","high","Tool/method for analysis - not a database","","","22","N","N"
"28691494","Two New Tools for Glycopeptide Analysis Researchers: A Glycopeptide Decoy Generator and a Large Data Set of Assigned CID Spectra of Glycopeptides.","True","Y","high","Tool for glycopeptide analysis - not a database","","","22","N","N"
"28200021","Statistical database analysis of the role of loop dynamics for protein-protein complex formation and allostery.","True","Y","high","Paper about database analysis - not a database","","","22","N","N"
"30102367","Review and comparative assessment of similarity-based methods for prediction of drug-protein interactions in the druggable human proteome.","True","Y","high","Paper about methods - not a database","","","22","N","N"
"24925130","High-accuracy identification of incident HIV-1 infections using a sequence clustering based diversity measure.","True","Y","high","Tool/method for identification - not a database","","","22","N","N"
"24564706","Finishing bacterial genome assemblies with Mix.","True","Y","high","Tool for genome assembly - not a database","","","22","N","N"
"25417203","Efficient searching and annotation of metabolic networks using chemical similarity.","True","Y","high","Tool for searching - not a database","","","22","N","N"
"26498621","Perl One-Liners: Bridging the Gap Between Large Data Sets and Analysis Tools.","True","Y","high","Tool/script for data processing - not a database","","","22","N","N"
"32528441","Prediction of Antimicrobial Resistance in Gram-Negative Bacteria From Whole-Genome Sequencing Data.","True","Y","high","Tool for prediction - not a database","","","22","N","N"
"30137231","Increased sensitivity with automated validation of XL-MS cleavable peptide crosslinks.","True","Y","high","Tool for validation - not a database","","","22","N","N"
"25943472","Automated band annotation for RNA structure probing experiments with numerous capillary electrophoresis profiles.","True","Y","high","Tool for annotation - not a database","","","22","N","N"
"24108638","A quantitative protocol for intensity-based live cell FRET imaging.","True","Y","high","Protocol/tool - not a database","","","22","N","N"
"23584833","Annotating the biomedical literature for the human variome.","True","Y","high","Tool for annotation - not a database","","","22","N","N"
"28633399","The interfacial character of antibody paratopes: analysis of antibody-antigen structures.","True","Y","high","Paper about analysis - not a database","","","22","N","N"
"31287816","Managing genomic variant calling workflows with Swift/T.","True","Y","high","Tool/workflow for variant calling - not a database","","","22","N","N"
"30010787","Comparative assessment of different familial aggregation methods in the context of large and unstructured pedigrees.","True","Y","high","Tool/package for analysis - not a database","","","22","N","N"
"27029637","An integrated analysis tool for analyzing hybridization intensities and genotypes using new-generation population-optimized human arrays.","True","Y","high","Tool for analysis - not a database","","","22","N","N"
"31127124","Exploratory Gene Ontology Analysis with Interactive Visualization.","True","Y","high","Tool for analysis - not a database","","","22","N","N"
"21493658","Figure summarizer browser extensions for PubMed Central.","True","Y","high","Tool/browser extension - not a database","","","22","N","N"
"26017195","Ambivalent covariance models.","True","Y","high","Tool/model for analysis - not a database","","","22","N","N"
"27918179","Mining big data to extract patterns and predict real-life outcomes.","True","Y","high","Tool/tutorial for data mining - not a database","","","22","N","N"
"31260629","Computational Model To Predict the Fraction of Unbound Drug in the Brain.","True","Y","high","Tool/model for prediction - not a database","","","22","N","N"
"23822816","Large-scale integrative network-based analysis identifies common pathways disrupted by copy number alterations across cancers.","True","Y","high","Tool/method for analysis - not a database","","","22","N","N"
"30541929","A Statistical Procedure for Genome-Wide Detection of QTL Hotspots Using Public Databases with Application to Rice.","True","Y","high","Tool/procedure for detection - not a database","","","22","N","N"
"24909817","A Web platform for the interactive visualization and analysis of the 3D fractal dimension of MRI data.","True","Y","high","Tool/platform for visualization - not a database","","","22","N","N"
"22160795","SWIFT MODELLER v2.0: a platform-independent GUI for homology modeling.","True","Y","high","Tool for modeling - not a database","","","22","N","N"
"27141850","Development of Antimicrobial Peptide Prediction Tool for Aquaculture Industries.","True","Y","high","Tool for prediction - not a database","","","22","N","N"
"21931740","A Gateway MultiSite recombination cloning toolkit.","True","Y","high","Toolkit for cloning - not a database","","","22","N","N"
"24595052","A topic clustering approach to finding similar questions from large question and answer archives.","True","Y","high","Tool/method for clustering - not a database","","","22","N","N"
"28007037","Block network mapping approach to quantitative trait locus analysis.","True","Y","high","Tool/approach for analysis - not a database","","","22","N","N"
