"extracted_name","baseline_name","match_type","is_match","score","reasoning","extracted_long","extracted_url","extracted_domain","baseline_url","baseline_domain","same_domain","edit_distance","url_similarity","confidence"
"GXD","gxd","EXACT","Y","10.0","Exact name match","","","","","","","","",""
"THANATOS","thanatos","EXACT","Y","10.0","Exact name match","","","","","","","","",""
"MorCVD","morcvd","EXACT","Y","10.0","Exact name match","","","","","","","","",""
"TISdb","tisdb","EXACT","Y","10.0","Exact name match","","","","","","","","",""
"PCDDB","pcddb","EXACT","Y","10.0","Exact name match","","","","","","","","",""
"ProKinO","prokino","EXACT","Y","10.0","Exact name match","","","","","","","","",""
"CancerTracer","cancertracer","EXACT","Y","10.0","Exact name match","","","","","","","","",""
"Gene4PD","gene4pd","EXACT","Y","10.0","Exact name match","","","","","","","","",""
"GenCoNet","genconet","EXACT","Y","10.0","Exact name match","","","","","","","","",""
"RegTransBase","regtransbase","EXACT","Y","10.0","Exact name match","","","","","","","","",""
"PPEAO","ppeao","EXACT","Y","10.0","Exact name match","","","","","","","","",""
"MetaProx","metaprox","EXACT","Y","10.0","Exact name match","","","","","","","","",""
"MiDAS","midas","EXACT","Y","10.0","Exact name match","","","","","","","","",""
"ZeBase","zebase","EXACT","Y","10.0","Exact name match","","","","","","","","",""
"MethSMRT","methsmrt","EXACT","Y","10.0","Exact name match","","","","","","","","",""
"iMusta4SLC","imusta4slc","EXACT","Y","10.0","Exact name match","","","","","","","","",""
"NeuroPedia","neuropedia","EXACT","Y","10.0","Exact name match","","","","","","","","",""
"e23D","e23d","EXACT","Y","10.0","Exact name match","","","","","","","","",""
"REDIdb","redidb","EXACT","Y","10.0","Exact name match","","","","","","","","",""
"MiCroKiTS","microkits","EXACT","Y","10.0","Exact name match","","","","","","","","",""
"RNAimmuno","rnaimmuno","EXACT","Y","10.0","Exact name match","","","","","","","","",""
"TGED","tged","EXACT","Y","10.0","Exact name match","","","","","","","","",""
"MRIdb","mridb","EXACT","Y","10.0","Exact name match","","","","","","","","",""
"HGFDB","hgfdb","EXACT","Y","10.0","Exact name match","","","","","","","","",""
"crisprSQL","crisprsql","EXACT","Y","10.0","Exact name match","","","","","","","","",""
"PhaSePro","phasepro","EXACT","Y","10.0","Exact name match","","","","","","","","",""
"ILDgenDB","ildgendb","EXACT","Y","10.0","Exact name match","","","","","","","","",""
"Metrabase","metrabase","EXACT","Y","10.0","Exact name match","","","","","","","","",""
"AAgAtlas","aagatlas","EXACT","Y","10.0","Exact name match","","","","","","","","",""
"SelenoDB","selenodb","EXACT","Y","10.0","Exact name match","","","","","","","","",""
"UNaProd","unaprod","EXACT","Y","10.0","Exact name match","","","","","","","","",""
"CmMDb","cmmdb","EXACT","Y","10.0","Exact name match","","","","","","","","",""
"mirDNMR","mirdnmr","EXACT","Y","10.0","Exact name match","","","","","","","","",""
"RedoxDB","redoxdb","EXACT","Y","10.0","Exact name match","","","","","","","","",""
"RTFAdb","rtfadb","EXACT","Y","10.0","Exact name match","","","","","","","","",""
"HFBD","hfbd","EXACT","Y","10.0","Exact name match","","","","","","","","",""
"PhosphoNetworks","phosphonetworks","EXACT","Y","10.0","Exact name match","","","","","","","","",""
"BTECH","btech","EXACT","Y","10.0","Exact name match","","","","","","","","",""
"FerrDb","ferrdb","EXACT","Y","10.0","Exact name match","","","","","","","","",""
"RESPIRE","respire","EXACT","Y","10.0","Exact name match","","","","","","","","",""
"ExtremeDB","extremedb","EXACT","Y","10.0","Exact name match","","","","","","","","",""
"AraQTL","araqtl","EXACT","Y","10.0","Exact name match","","","","","","","","",""
"CRISPRCasdb","crisprcasdb","EXACT","Y","10.0","Exact name match","","","","","","","","",""
"CEREALAB","cerealab","EXACT","Y","10.0","Exact name match","","","","","","","","",""
"InDiaMed","indiamed","EXACT","Y","10.0","Exact name match","","","","","","","","",""
"PPI4DOCK","ppi4dock","EXACT","Y","10.0","Exact name match","","","","","","","","",""
"PTID","ptid","EXACT","Y","10.0","Exact name match","","","","","","","","",""
"SiMPLOD","simplod","EXACT","Y","10.0","Exact name match","","","","","","","","",""
"PRDB","prdb","EXACT","Y","10.0","Exact name match","","","","","","","","",""
"circBase","circbase","EXACT","Y","10.0","Exact name match","","","","","","","","",""
"NPCDB","npcdb","EXACT","Y","10.0","Exact name match","","","","","","","","",""
"NAPS","naps","EXACT","Y","10.0","Exact name match","","","","","","","","",""
"MMHub","mmhub","EXACT","Y","10.0","Exact name match","","","","","","","","",""
"BioPhytMol","biophytmol","EXACT","Y","10.0","Exact name match","","","","","","","","",""
"PathFams","pathfams","EXACT","Y","10.0","Exact name match","","","","","","","","",""
"FusionGDB","fusiongdb","EXACT","Y","10.0","Exact name match","","","","","","","","",""
"LDSplitDB","ldsplitdb","EXACT","Y","10.0","Exact name match","","","","","","","","",""
"Pleurochrysome","pleurochrysome","EXACT","Y","10.0","Exact name match","","","","","","","","",""
"ChemHub","chemhub","EXACT","Y","10.0","Exact name match","","","","","","","","",""
"iLIR","ilir","EXACT","Y","10.0","Exact name match","","","","","","","","",""
"DoSA","dosa","EXACT","Y","10.0","Exact name match","","","","","","","","",""
"DATAMAN","dataman","EXACT","Y","10.0","Exact name match","","","","","","","","",""
"DifferentialNet","differentialnet","EXACT","Y","10.0","Exact name match","","","","","","","","",""
"PKAD","pkad","EXACT","Y","10.0","Exact name match","","","","","","","","",""
"PceRBase","pcerbase","EXACT","Y","10.0","Exact name match","","","","","","","","",""
"CAMP","camp","EXACT","Y","10.0","Exact name match","","","","","","","","",""
"GreenPhylDB","greenphyldb","EXACT","Y","10.0","Exact name match","","","","","","","","",""
"FunGene","fungene","EXACT","Y","10.0","Exact name match","","","","","","","","",""
"PPDB","ppdb","EXACT","Y","10.0","Exact name match","","","","","","","","",""
"TRACER","tracer","EXACT","Y","10.0","Exact name match","","","","","","","","",""
"DISEASES","diseases","EXACT","Y","10.0","Exact name match","","","","","","","","",""
"ADHDgene","adhdgene","EXACT","Y","10.0","Exact name match","","","","","","","","",""
"YY1TargetDB","yy1targetdb","EXACT","Y","10.0","Exact name match","","","","","","","","",""
"MIBiG","mibig","EXACT","Y","10.0","Exact name match","","","","","","","","",""
"HCMDB","hcmdb","EXACT","Y","10.0","Exact name match","","","","","","","","",""
"FAIRDOMHub","fairdomhub","EXACT","Y","10.0","Exact name match","","","","","","","","",""
"gcMeta","gcmeta","EXACT","Y","10.0","Exact name match","","","","","","","","",""
"ColorCells","colorcells","EXACT","Y","10.0","Exact name match","","","","","","","","",""
"SAGD","sagd","EXACT","Y","10.0","Exact name match","","","","","","","","",""
"HybridMolDB","hybridmoldb","EXACT","Y","10.0","Exact name match","","","","","","","","",""
"FifBase","fifbase","EXACT","Y","10.0","Exact name match","","","","","","","","",""
"ParkDB","parkdb","EXACT","Y","10.0","Exact name match","","","","","","","","",""
"SwissRegulon","swissregulon","EXACT","Y","10.0","Exact name match","","","","","","","","",""
"MiREDiBase","miredibase","EXACT","Y","10.0","Exact name match","","","","","","","","",""
"dbWGFP","dbwgfp","EXACT","Y","10.0","Exact name match","","","","","","","","",""
"LeptoDB","leptodb","EXACT","Y","10.0","Exact name match","","","","","","","","",""
"CropSNPdb","cropsnpdb","EXACT","Y","10.0","Exact name match","","","","","","","","",""
"BnaGVD","bnagvd","EXACT","Y","10.0","Exact name match","","","","","","","","",""
"ChannelsDB","channelsdb","EXACT","Y","10.0","Exact name match","","","","","","","","",""
"ChEMBL","chembl","EXACT","Y","10.0","Exact name match","","","","","","","","",""
"TRANSNAP","transnap","EXACT","Y","10.0","Exact name match","","","","","","","","",""
"QSDB","qsdb","EXACT","Y","10.0","Exact name match","","","","","","","","",""
"NvERTx","nvertx","EXACT","Y","10.0","Exact name match","","","","","","","","",""
"TSNAdb","tsnadb","EXACT","Y","10.0","Exact name match","","","","","","","","",""
"APAatlas","apaatlas","EXACT","Y","10.0","Exact name match","","","","","","","","",""
"SNPedia","snpedia","EXACT","Y","10.0","Exact name match","","","","","","","","",""
"dbPAF","dbpaf","EXACT","Y","10.0","Exact name match","","","","","","","","",""
"EpilepsyGene","epilepsygene","EXACT","Y","10.0","Exact name match","","","","","","","","",""
"YTRP","ytrp","EXACT","Y","10.0","Exact name match","","","","","","","","",""
"GtRNAdb","gtrnadb","EXACT","Y","10.0","Exact name match","","","","","","","","",""
"DBatVir","dbatvir","EXACT","Y","10.0","Exact name match","","","","","","","","",""
"HRaP","hrap","EXACT","Y","10.0","Exact name match","","","","","","","","",""
"dbMTS","dbmts","EXACT","Y","10.0","Exact name match","","","","","","","","",""
"HCSGD","hcsgd","EXACT","Y","10.0","Exact name match","","","","","","","","",""
"GoSynthetic","gosynthetic","EXACT","Y","10.0","Exact name match","","","","","","","","",""
"HmtVar","hmtvar","EXACT","Y","10.0","Exact name match","","","","","","","","",""
"EnhFFL","enhffl","EXACT","Y","10.0","Exact name match","","","","","","","","",""
"EnzyMine","enzymine","EXACT","Y","10.0","Exact name match","","","","","","","","",""
"GlycoCD","glycocd","EXACT","Y","10.0","Exact name match","","","","","","","","",""
"PhycoCosm","phycocosm","EXACT","Y","10.0","Exact name match","","","","","","","","",""
"ncDR","ncdr","EXACT","Y","10.0","Exact name match","","","","","","","","",""
"NPACT","npact","EXACT","Y","10.0","Exact name match","","","","","","","","",""
"DEBDOM","debdom","EXACT","Y","10.0","Exact name match","","","","","","","","",""
"RASOnD","rasond","EXACT","Y","10.0","Exact name match","","","","","","","","",""
"MethylomeDB","methylomedb","EXACT","Y","10.0","Exact name match","","","","","","","","",""
"MepmiRDB","mepmirdb","EXACT","Y","10.0","Exact name match","","","","","","","","",""
"HDncRNA","hdncrna","EXACT","Y","10.0","Exact name match","","","","","","","","",""
"ENdb","endb","EXACT","Y","10.0","Exact name match","","","","","","","","",""
"COCONUT","coconut","EXACT","Y","10.0","Exact name match","","","","","","","","",""
"PMBD","pmbd","EXACT","Y","10.0","Exact name match","","","","","","","","",""
"EVLncRNAs","evlncrnas","EXACT","Y","10.0","Exact name match","","","","","","","","",""
"SuperTCM","supertcm","EXACT","Y","10.0","Exact name match","","","","","","","","",""
"MENSAdb","mensadb","EXACT","Y","10.0","Exact name match","","","","","","","","",""
"dbSAP","dbsap","EXACT","Y","10.0","Exact name match","","","","","","","","",""
"SwissSidechain","swisssidechain","EXACT","Y","10.0","Exact name match","","","","","","","","",""
"PhosphoGRID","phosphogrid","EXACT","Y","10.0","Exact name match","","","","","","","","",""
"ImmuSort","immusort","EXACT","Y","10.0","Exact name match","","","","","","","","",""
"eSnail","esnail","EXACT","Y","10.0","Exact name match","","","","","","","","",""
"DBATE","dbate","EXACT","Y","10.0","Exact name match","","","","","","","","",""
"dEMBF","dembf","EXACT","Y","10.0","Exact name match","","","","","","","","",""
"NrichD","nrichd","EXACT","Y","10.0","Exact name match","","","","","","","","",""
"FlavoDb","flavodb","EXACT","Y","10.0","Exact name match","","","","","","","","",""
"TrypanoCyc","trypanocyc","EXACT","Y","10.0","Exact name match","","","","","","","","",""
"FlavorDB","flavordb","EXACT","Y","10.0","Exact name match","","","","","","","","",""
"VIPdb","vipdb","EXACT","Y","10.0","Exact name match","","","","","","","","",""
"NPBS","npbs","EXACT","Y","10.0","Exact name match","","","","","","","","",""
"StoneMod","stonemod","EXACT","Y","10.0","Exact name match","","","","","","","","",""
"EnhancerAtlas","enhanceratlas","EXACT","Y","10.0","Exact name match","","","","","","","","",""
"CDRgator","cdrgator","EXACT","Y","10.0","Exact name match","","","","","","","","",""
"UniLectin3D","unilectin3d","EXACT","Y","10.0","Exact name match","","","","","","","","",""
"OMICtools","omictools","EXACT","Y","10.0","Exact name match","","","","","","","","",""
"MetamORF","metamorf","EXACT","Y","10.0","Exact name match","","","","","","","","",""
"CFEA","cfea","EXACT","Y","10.0","Exact name match","","","","","","","","",""
"GREENC","greenc","EXACT","Y","10.0","Exact name match","","","","","","","","",""
"PubAngioGen","pubangiogen","EXACT","Y","10.0","Exact name match","","","","","","","","",""
"DBCAT","dbcat","EXACT","Y","10.0","Exact name match","","","","","","","","",""
"CADRE","cadre","EXACT","Y","10.0","Exact name match","","","","","","","","",""
"PADFrag","padfrag","EXACT","Y","10.0","Exact name match","","","","","","","","",""
"MENDA","menda","EXACT","Y","10.0","Exact name match","","","","","","","","",""
"MutHTP","muthtp","EXACT","Y","10.0","Exact name match","","","","","","","","",""
"CSCD","cscd","EXACT","Y","10.0","Exact name match","","","","","","","","",""
"SorghumFDB","sorghumfdb","EXACT","Y","10.0","Exact name match","","","","","","","","",""
"croFGD","crofgd","EXACT","Y","10.0","Exact name match","","","","","","","","",""
"ASDCD","asdcd","EXACT","Y","10.0","Exact name match","","","","","","","","",""
"DDRprot","ddrprot","EXACT","Y","10.0","Exact name match","","","","","","","","",""
"ITSoneDB","itsonedb","EXACT","Y","10.0","Exact name match","","","","","","","","",""
"DrugSig","drugsig","EXACT","Y","10.0","Exact name match","","","","","","","","",""
"dbCerEx","dbcerex","EXACT","Y","10.0","Exact name match","","","","","","","","",""
"PDBj","pdbj","EXACT","Y","10.0","Exact name match","","","","","","","","",""
"MaConDa","maconda","EXACT","Y","10.0","Exact name match","","","","","","","","",""
"PancanQTL","pancanqtl","EXACT","Y","10.0","Exact name match","","","","","","","","",""
"CHDGKB","chdgkb","EXACT","Y","10.0","Exact name match","","","","","","","","",""
"GBIS","gbis","EXACT","Y","10.0","Exact name match","","","","","","","","",""
"circVAR","circvar","EXACT","Y","10.0","Exact name match","","","","","","","","",""
"Express","express","EXACT","Y","10.0","Exact name match","","","","","","","","",""
"CDSA","cdsa","EXACT","Y","10.0","Exact name match","","","","","","","","",""
"BESC","besc","EXACT","Y","10.0","Exact name match","","","","","","","","",""
"Ensembl Genomes","ensembl genomes","EXACT","Y","10.0","Exact name match","","","","","","","","",""
"Terabase","terabase","EXACT","Y","10.0","Exact name match","","","","","","","","",""
"LEGE","lege","EXACT","Y","10.0","Exact name match","","","","","","","","",""
"BioTop","biotop","EXACT","Y","10.0","Exact name match","","","","","","","","",""
"IntergenicDB","intergenicdb","EXACT","Y","10.0","Exact name match","","","","","","","","",""
"uORFdb","uorfdb","EXACT","Y","10.0","Exact name match","","","","","","","","",""
"AgriSeqDB","agriseqdb","EXACT","Y","10.0","Exact name match","","","","","","","","",""
"PhosphoSitePlus","phosphositeplus","EXACT","Y","10.0","Exact name match","","","","","","","","",""
"LCGbase","lcgbase","EXACT","Y","10.0","Exact name match","","","","","","","","",""
"ImtRDB","imtrdb","EXACT","Y","10.0","Exact name match","","","","","","","","",""
"PlantPIs","plantpis","EXACT","Y","10.0","Exact name match","","","","","","","","",""
"Progenetix","progenetix","EXACT","Y","10.0","Exact name match","","","","","","","","",""
"Genes2FANs","genes2fans","EXACT","Y","10.0","Exact name match","","","","","","","","",""
"EpimiRBase","epimirbase","EXACT","Y","10.0","Exact name match","","","","","","","","",""
"MACE","mace","EXACT","Y","10.0","Exact name match","","","","","","","","",""
"Fuzzle","fuzzle","EXACT","Y","10.0","Exact name match","","","","","","","","",""
"MAPS","maps","EXACT","Y","10.0","Exact name match","","","","","","","","",""
"modMine","modmine","EXACT","Y","10.0","Exact name match","","","","","","","","",""
"PubChemQC","pubchemqc","EXACT","Y","10.0","Exact name match","","","","","","","","",""
"PRP","prp","EXACT","Y","10.0","Exact name match","","","","","","","","",""
"footprintDB","footprintdb","EXACT","Y","10.0","Exact name match","","","","","","","","",""
"MGA","mga","EXACT","Y","10.0","Exact name match","","","","","","","","",""
"SysteMHC","systemhc","EXACT","Y","10.0","Exact name match","","","","","","","","",""
"MusatransSSRDB","musatransssrdb","EXACT","Y","10.0","Exact name match","","","","","","","","",""
"circExp","circexp","EXACT","Y","10.0","Exact name match","","","","","","","","",""
"cBioPortal","cbioportal","EXACT","Y","10.0","Exact name match","","","","","","","","",""
"Mantra","mantra","EXACT","Y","10.0","Exact name match","","","","","","","","",""
"SBKB","sbkb","EXACT","Y","10.0","Exact name match","","","","","","","","",""
"Factorbook","factorbook","EXACT","Y","10.0","Exact name match","","","","","","","","",""
"HippDB","hippdb","EXACT","Y","10.0","Exact name match","","","","","","","","",""
"ANTISTAPHYBASE","antistaphybase","EXACT","Y","10.0","Exact name match","","","","","","","","",""
"RiboD","ribod","EXACT","Y","10.0","Exact name match","","","","","","","","",""
"HoTResDB","hotresdb","EXACT","Y","10.0","Exact name match","","","","","","","","",""
"GABI-Kat","gabi-kat","EXACT","Y","10.0","Exact name match","","","","","","","","",""
"Pro54DB","pro54db","EXACT","Y","10.0","Exact name match","","","","","","","","",""
"TOPDOM","topdom","EXACT","Y","10.0","Exact name match","","","","","","","","",""
"ExpTreeDB","exptreedb","EXACT","Y","10.0","Exact name match","","","","","","","","",""
"T-HOD","t-hod","EXACT","Y","10.0","Exact name match","","","","","","","","",""
"IntDb","intdb","EXACT","Y","10.0","Exact name match","","","","","","","","",""
"GenomeRNAi","genomernai","EXACT","Y","10.0","Exact name match","","","","","","","","",""
"DisBind","disbind","EXACT","Y","10.0","Exact name match","","","","","","","","",""
"RCDB","rcdb","EXACT","Y","10.0","Exact name match","","","","","","","","",""
"AAgMarker","aagmarker","EXACT","Y","10.0","Exact name match","","","","","","","","",""
"GeneDB","genedb","EXACT","Y","10.0","Exact name match","","","","","","","","",""
"targetHub","targethub","EXACT","Y","10.0","Exact name match","","","","","","","","",""
"WoM","wom","EXACT","Y","10.0","Exact name match","","","","","","","","",""
"MeRy-B","mery-b","EXACT","Y","10.0","Exact name match","","","","","","","","",""
"FROG-kb","frog-kb","EXACT","Y","10.0","Exact name match","","","","","","","","",""
"GiSAO.db","gisao.db","EXACT","Y","10.0","Exact name match","","","","","","","","",""
"Mesophotic.org","mesophotic.org","EXACT","Y","10.0","Exact name match","","","","","","","","",""
"OHNOLOGS","ohnologs","EXACT","Y","10.0","Exact name match","","","","","","","","",""
"mpMoRFsDB","mpmorfsdb","EXACT","Y","10.0","Exact name match","","","","","","","","",""
"BioPlanet","bioplanet","EXACT","Y","10.0","Exact name match","","","","","","","","",""
"GreenCircRNA","greencircrna","EXACT","Y","10.0","Exact name match","","","","","","","","",""
"EuroPineDB","europinedb","EXACT","Y","10.0","Exact name match","","","","","","","","",""
"Voronoia4RNA","voronoia4rna","EXACT","Y","10.0","Exact name match","","","","","","","","",""
"DKnet","dknet","EXACT","Y","10.0","Exact name match","","","","","","","","",""
"IMG-ABC","img-abc","EXACT","Y","10.0","Exact name match","","","","","","","","",""
"CircAtlas","circatlas","EXACT","Y","10.0","Exact name match","","","","","","","","",""
"RetrogeneDB","retrogenedb","EXACT","Y","10.0","Exact name match","","","","","","","","",""
"SITVITWEB","sitvitweb","EXACT","Y","10.0","Exact name match","","","","","","","","",""
"JCDB","jcdb","EXACT","Y","10.0","Exact name match","","","","","","","","",""
"SNPdbe","snpdbe","EXACT","Y","10.0","Exact name match","","","","","","","","",""
"CentrosomeDB","centrosomedb","EXACT","Y","10.0","Exact name match","","","","","","","","",""
"mtProtEvol","mtprotevol","EXACT","Y","10.0","Exact name match","","","","","","","","",""
"eProS","epros","EXACT","Y","10.0","Exact name match","","","","","","","","",""
"AluHunter","aluhunter","EXACT","Y","10.0","Exact name match","","","","","","","","",""
"RNApathwaysDB","rnapathwaysdb","EXACT","Y","10.0","Exact name match","","","","","","","","",""
"PMKB","pmkb","EXACT","Y","10.0","Exact name match","","","","","","","","",""
"REBASE","rebase","EXACT","Y","10.0","Exact name match","","","","","","","","",""
"BFluenza","bfluenza","EXACT","Y","10.0","Exact name match","","","","","","","","",""
"GROMACS","gromacs","EXACT","Y","10.0","Exact name match","","","","","","","","",""
"OGDD","ogdd","EXACT","Y","10.0","Exact name match","","","","","","","","",""
"GigaDB","gigadb","EXACT","Y","10.0","Exact name match","","","","","","","","",""
"LncRNA2Target","lncrna2target","EXACT","Y","10.0","Exact name match","","","","","","","","",""
"BBCancer","bbcancer","EXACT","Y","10.0","Exact name match","","","","","","","","",""
"miREnvironment","mirenvironment","EXACT","Y","10.0","Exact name match","","","","","","","","",""
"MoonProt","moonprot","EXACT","Y","10.0","Exact name match","","","","","","","","",""
"PerMM","permm","EXACT","Y","10.0","Exact name match","","","","","","","","",""
"BBGD454","bbgd454","EXACT","Y","10.0","Exact name match","","","","","","","","",""
"PeTMbase","petmbase","EXACT","Y","10.0","Exact name match","","","","","","","","",""
"APD3","apd3","EXACT","Y","10.0","Exact name match","","","","","","","","",""
"iLIR@viral","ilir@viral","EXACT","Y","10.0","Exact name match","","","","","","","","",""
"HuVarBase","huvarbase","EXACT","Y","10.0","Exact name match","","","","","","","","",""
"ccNET","ccnet","EXACT","Y","10.0","Exact name match","","","","","","","","",""
"JET2","jet2","EXACT","Y","10.0","Exact name match","","","","","","","","",""
"RiceXPro","ricexpro","EXACT","Y","10.0","Exact name match","","","","","","","","",""
"TOMATOMICS","tomatomics","EXACT","Y","10.0","Exact name match","","","","","","","","",""
"qPhos","qphos","EXACT","Y","10.0","Exact name match","","","","","","","","",""
"SILVA","silva","EXACT","Y","10.0","Exact name match","","","","","","","","",""
"ProTargetMiner","protargetminer","EXACT","Y","10.0","Exact name match","","","","","","","","",""
"CancerNet","cancernet","EXACT","Y","10.0","Exact name match","","","","","","","","",""
"HPREP","hprep","EXACT","Y","10.0","Exact name match","","","","","","","","",""
"Fibromine","fibromine","EXACT","Y","10.0","Exact name match","","","","","","","","",""
"GCGVD","gcgvd","EXACT","Y","10.0","Exact name match","","","","","","","","",""
"BmTEdb","bmtedb","EXACT","Y","10.0","Exact name match","","","","","","","","",""
"IIID","iiid","EXACT","Y","10.0","Exact name match","","","","","","","","",""
"ImmunemiR","immunemir","EXACT","Y","10.0","Exact name match","","","","","","","","",""
"mirDIP","mirdip","EXACT","Y","10.0","Exact name match","","","","","","","","",""
"INstruct","instruct","EXACT","Y","10.0","Exact name match","","","","","","","","",""
"tRex","trex","EXACT","Y","10.0","Exact name match","","","","","","","","",""
"CIRCpedia","circpedia","EXACT","Y","10.0","Exact name match","","","","","","","","",""
"WERAM","weram","EXACT","Y","10.0","Exact name match","","","","","","","","",""
"dbMDEGA","dbmdega","EXACT","Y","10.0","Exact name match","","","","","","","","",""
"Myosinome","myosinome","EXACT","Y","10.0","Exact name match","","","","","","","","",""
"Gemma","gemma","EXACT","Y","10.0","Exact name match","","","","","","","","",""
"Ebolabase","ebolabase","EXACT","Y","10.0","Exact name match","","","","","","","","",""
"HotRegion","hotregion","EXACT","Y","10.0","Exact name match","","","","","","","","",""
"UniHI","unihi","EXACT","Y","10.0","Exact name match","","","","","","","","",""
"LipidHome","lipidhome","EXACT","Y","10.0","Exact name match","","","","","","","","",""
"Haemopedia","haemopedia","EXACT","Y","10.0","Exact name match","","","","","","","","",""
"DeOri","deori","EXACT","Y","10.0","Exact name match","","","","","","","","",""
"CottonGVD","cottongvd","EXACT","Y","10.0","Exact name match","","","","","","","","",""
"BioMaster","biomaster","EXACT","Y","10.0","Exact name match","","","","","","","","",""
"yApoptosis","yapoptosis","EXACT","Y","10.0","Exact name match","","","","","","","","",""
"UET","uet","EXACT","Y","10.0","Exact name match","","","","","","","","",""
"BioPortal","bioportal","EXACT","Y","10.0","Exact name match","","","","","","","","",""
"CANTATAdb","cantatadb","EXACT","Y","10.0","Exact name match","","","","","","","","",""
"BmncRNAdb","bmncrnadb","EXACT","Y","10.0","Exact name match","","","","","","","","",""
"AraGWAS","aragwas","EXACT","Y","10.0","Exact name match","","","","","","","","",""
"CHESS","chess","EXACT","Y","10.0","Exact name match","","","","","","","","",""
"MetOSite","metosite","EXACT","Y","10.0","Exact name match","","","","","","","","",""
"GRALL","grall","EXACT","Y","10.0","Exact name match","","","","","","","","",""
"ValidNESs","validness","EXACT","Y","10.0","Exact name match","","","","","","","","",""
"GenOrigin","genorigin","EXACT","Y","10.0","Exact name match","","","","","","","","",""
"SCOP","scop","EXACT","Y","10.0","Exact name match","","","","","","","","",""
"MeDReaders","medreaders","EXACT","Y","10.0","Exact name match","","","","","","","","",""
"RHeference","rheference","EXACT","Y","10.0","Exact name match","","","","","","","","",""
"GREG","greg","EXACT","Y","10.0","Exact name match","","","","","","","","",""
"MVP","mvp","EXACT","Y","10.0","Exact name match","","","","","","","","",""
"BacterialLectinDb","bacteriallectindb","EXACT","Y","10.0","Exact name match","","","","","","","","",""
"HopBase","hopbase","EXACT","Y","10.0","Exact name match","","","","","","","","",""
"miPepBase","mipepbase","EXACT","Y","10.0","Exact name match","","","","","","","","",""
"SwissBioisostere","swissbioisostere","EXACT","Y","10.0","Exact name match","","","","","","","","",""
"iGNM","ignm","EXACT","Y","10.0","Exact name match","","","","","","","","",""
"LIPABASE","lipabase","EXACT","Y","10.0","Exact name match","","","","","","","","",""
"SalmonDB","salmondb","EXACT","Y","10.0","Exact name match","","","","","","","","",""
"SCDb","scdb","EXACT","Y","10.0","Exact name match","","","","","","","","",""
"biochem4j","biochem4j","EXACT","Y","10.0","Exact name match","","","","","","","","",""
"HistoneDB","histonedb","EXACT","Y","10.0","Exact name match","","","","","","","","",""
"WGVD","wgvd","EXACT","Y","10.0","Exact name match","","","","","","","","",""
"lncRNome","lncrnome","EXACT","Y","10.0","Exact name match","","","","","","","","",""
"BGDB","bgdb","EXACT","Y","10.0","Exact name match","","","","","","","","",""
"HEROD","herod","EXACT","Y","10.0","Exact name match","","","","","","","","",""
"IndiGenomes","indigenomes","EXACT","Y","10.0","Exact name match","","","","","","","","",""
"KinetochoreDB","kinetochoredb","EXACT","Y","10.0","Exact name match","","","","","","","","",""
"CircNet","circnet","EXACT","Y","10.0","Exact name match","","","","","","","","",""
"CardioTF","cardiotf","EXACT","Y","10.0","Exact name match","","","","","","","","",""
"UniLectin","unilectin","EXACT","Y","10.0","Exact name match","","","","","","","","",""
"PNRD","pnrd","EXACT","Y","10.0","Exact name match","","","","","","","","",""
"GenomeTrakrCP","genometrakrcp","EXACT","Y","10.0","Exact name match","","","","","","","","",""
"TENOR","tenor","EXACT","Y","10.0","Exact name match","","","","","","","","",""
"CMBD","cmbd","EXACT","Y","10.0","Exact name match","","","","","","","","",""
"BGMUT","bgmut","EXACT","Y","10.0","Exact name match","","","","","","","","",""
"GLASS","glass","EXACT","Y","10.0","Exact name match","","","","","","","","",""
"Degradome","degradome","EXACT","Y","10.0","Exact name match","","","","","","","","",""
"Transcriptomine","transcriptomine","EXACT","Y","10.0","Exact name match","","","","","","","","",""
"HBFP","hbfp","EXACT","Y","10.0","Exact name match","","","","","","","","",""
"GGBN","ggbn","EXACT","Y","10.0","Exact name match","","","","","","","","",""
"Kalium","kalium","EXACT","Y","10.0","Exact name match","","","","","","","","",""
"CNSA","cnsa","EXACT","Y","10.0","Exact name match","","","","","","","","",""
"miRCancer","mircancer","EXACT","Y","10.0","Exact name match","","","","","","","","",""
"TRIP","trip","EXACT","Y","10.0","Exact name match","","","","","","","","",""
"BacMap","bacmap","EXACT","Y","10.0","Exact name match","","","","","","","","",""
"AraNet","aranet","EXACT","Y","10.0","Exact name match","","","","","","","","",""
"Selectome","selectome","EXACT","Y","10.0","Exact name match","","","","","","","","",""
"ChiTaRS","chitars","EXACT","Y","10.0","Exact name match","","","","","","","","",""
"eyeIntegration","eyeintegration","EXACT","Y","10.0","Exact name match","","","","","","","","",""
"recount3","recount3","EXACT","Y","10.0","Exact name match","","","","","","","","",""
"APID","apid","EXACT","Y","10.0","Exact name match","","","","","","","","",""
"PDB","pdb","EXACT","Y","10.0","Exact name match","","","","","","","","",""
"MuteinDB","muteindb","EXACT","Y","10.0","Exact name match","","","","","","","","",""
"OPA1","opa1","EXACT","Y","10.0","Exact name match","","","","","","","","",""
"eQTL","eqtl","EXACT","Y","10.0","Exact name match","","","","","","","","",""
"pseudoMap","pseudomap","EXACT","Y","10.0","Exact name match","","","","","","","","",""
"SpectraBank","spectrabank","EXACT","Y","10.0","Exact name match","","","","","","","","",""
"TerrestrialMetagenomeDB","terrestrialmetagenomedb","EXACT","Y","10.0","Exact name match","","","","","","","","",""
"TimeTree","timetree","EXACT","Y","10.0","Exact name match","","","","","","","","",""
"miREC","mirec","EXACT","Y","10.0","Exact name match","","","","","","","","",""
"TreeshrewDB","treeshrewdb","EXACT","Y","10.0","Exact name match","","","","","","","","",""
"RAC","rac","EXACT","Y","10.0","Exact name match","","","","","","","","",""
"FVD","fvd","EXACT","Y","10.0","Exact name match","","","","","","","","",""
"Camps","camps","EXACT","Y","10.0","Exact name match","","","","","","","","",""
"ANDB","andb","EXACT","Y","10.0","Exact name match","","","","","","","","",""
"DaVIE","davie","EXACT","Y","10.0","Exact name match","","","","","","","","",""
"REGene","regene","EXACT","Y","10.0","Exact name match","","","","","","","","",""
"AmyLoad","amyload","EXACT","Y","10.0","Exact name match","","","","","","","","",""
"Negatome","negatome","EXACT","Y","10.0","Exact name match","","","","","","","","",""
"MPDB","mpdb","EXACT","Y","10.0","Exact name match","","","","","","","","",""
"EDR","edr","EXACT","Y","10.0","Exact name match","","","","","","","","",""
"GExplore","gexplore","EXACT","Y","10.0","Exact name match","","","","","","","","",""
"BiGG","bigg","EXACT","Y","10.0","Exact name match","","","","","","","","",""
"PlantOrDB","plantordb","EXACT","Y","10.0","Exact name match","","","","","","","","",""
"ASER","aser","EXACT","Y","10.0","Exact name match","","","","","","","","",""
"CellLineMiner","celllineminer","EXACT","Y","10.0","Exact name match","","","","","","","","",""
"REFOLDdb","refolddb","EXACT","Y","10.0","Exact name match","","","","","","","","",""
"CDSbank","cdsbank","EXACT","Y","10.0","Exact name match","","","","","","","","",""
"GEO","geo","EXACT","Y","10.0","Exact name match","","","","","","","","",""
"iHMS","ihms","EXACT","Y","10.0","Exact name match","","","","","","","","",""
"LoQAtE","loqate","EXACT","Y","10.0","Exact name match","","","","","","","","",""
"ALDB","aldb","EXACT","Y","10.0","Exact name match","","","","","","","","",""
"BYKdb","bykdb","EXACT","Y","10.0","Exact name match","","","","","","","","",""
"ECCParaCorp","eccparacorp","EXACT","Y","10.0","Exact name match","","","","","","","","",""
"piRNAQuest","pirnaquest","EXACT","Y","10.0","Exact name match","","","","","","","","",""
"SALMONELLABASE","salmonellabase","EXACT","Y","10.0","Exact name match","","","","","","","","",""
"OGRO","ogro","EXACT","Y","10.0","Exact name match","","","","","","","","",""
"Pln24NT","pln24nt","EXACT","Y","10.0","Exact name match","","","","","","","","",""
"MSigDB","msigdb","EXACT","Y","10.0","Exact name match","","","","","","","","",""
"AtlasT4SS","atlast4ss","EXACT","Y","10.0","Exact name match","","","","","","","","",""
"GenomewidePDB","genomewidepdb","EXACT","Y","10.0","Exact name match","","","","","","","","",""
"EcoliNet","ecolinet","EXACT","Y","10.0","Exact name match","","","","","","","","",""
"MARDy","mardy","EXACT","Y","10.0","Exact name match","","","","","","","","",""
"CEGA","cega","EXACT","Y","10.0","Exact name match","","","","","","","","",""
"AgeFactDB","agefactdb","EXACT","Y","10.0","Exact name match","","","","","","","","",""
"ISSMIC","issmic","EXACT","Y","10.0","Exact name match","","","","","","","","",""
"AtFusionDB","atfusiondb","EXACT","Y","10.0","Exact name match","","","","","","","","",""
"NLSdb","nlsdb","EXACT","Y","10.0","Exact name match","","","","","","","","",""
"liqDB","liqdb","EXACT","Y","10.0","Exact name match","","","","","","","","",""
"OncomiRdbB","oncomirdbb","EXACT","Y","10.0","Exact name match","","","","","","","","",""
"lnCaNet","lncanet","EXACT","Y","10.0","Exact name match","","","","","","","","",""
"WormQTL","wormqtl","EXACT","Y","10.0","Exact name match","","","","","","","","",""
"AtCircDB","atcircdb","EXACT","Y","10.0","Exact name match","","","","","","","","",""
"GTRD","gtrd","EXACT","Y","10.0","Exact name match","","","","","","","","",""
"ocsESTdb","ocsestdb","EXACT","Y","10.0","Exact name match","","","","","","","","",""
"GenderMedDB","gendermeddb","EXACT","Y","10.0","Exact name match","","","","","","","","",""
"YaTCM","yatcm","EXACT","Y","10.0","Exact name match","","","","","","","","",""
"LncVar","lncvar","EXACT","Y","10.0","Exact name match","","","","","","","","",""
"VerSeDa","verseda","EXACT","Y","10.0","Exact name match","","","","","","","","",""
"MisPred","mispred","EXACT","Y","10.0","Exact name match","","","","","","","","",""
"MOSAIC","mosaic","EXACT","Y","10.0","Exact name match","","","","","","","","",""
"ZIKAVID","zikavid","EXACT","Y","10.0","Exact name match","","","","","","","","",""
"Verdant","verdant","EXACT","Y","10.0","Exact name match","","","","","","","","",""
"miRT","mirt","EXACT","Y","10.0","Exact name match","","","","","","","","",""
"RPdb","rpdb","EXACT","Y","10.0","Exact name match","","","","","","","","",""
"DMD","dmd","EXACT","Y","10.0","Exact name match","","","","","","","","",""
"STADIUM","stadium","EXACT","Y","10.0","Exact name match","","","","","","","","",""
"SpirPro","spirpro","EXACT","Y","10.0","Exact name match","","","","","","","","",""
"RiceWiki","ricewiki","EXACT","Y","10.0","Exact name match","","","","","","","","",""
"MGDD","mgdd","EXACT","Y","10.0","Exact name match","","","","","","","","",""
"CMRegNet","cmregnet","EXACT","Y","10.0","Exact name match","","","","","","","","",""
"FunTree","funtree","EXACT","Y","10.0","Exact name match","","","","","","","","",""
"HFIP","hfip","EXACT","Y","10.0","Exact name match","","","","","","","","",""
"SMART","smart","EXACT","Y","10.0","Exact name match","","","","","","","","",""
"AllergenPro","allergenpro","EXACT","Y","10.0","Exact name match","","","","","","","","",""
"PTMD","ptmd","EXACT","Y","10.0","Exact name match","","","","","","","","",""
"Channelpedia","channelpedia","EXACT","Y","10.0","Exact name match","","","","","","","","",""
"Expresso","expresso","EXACT","Y","10.0","Exact name match","","","","","","","","",""
"InterEvol","interevol","EXACT","Y","10.0","Exact name match","","","","","","","","",""
"ARN","arn","EXACT","Y","10.0","Exact name match","","","","","","","","",""
"MCENet","mcenet","EXACT","Y","10.0","Exact name match","","","","","","","","",""
"YNA","yna","EXACT","Y","10.0","Exact name match","","","","","","","","",""
"hLGDB","hlgdb","EXACT","Y","10.0","Exact name match","","","","","","","","",""
"SAGER","sager","EXACT","Y","10.0","Exact name match","","","","","","","","",""
"CPPsite","cppsite","EXACT","Y","10.0","Exact name match","","","","","","","","",""
"FisOmics","fisomics","EXACT","Y","10.0","Exact name match","","","","","","","","",""
"dbPPT","dbppt","EXACT","Y","10.0","Exact name match","","","","","","","","",""
"PGAT","pgat","EXACT","Y","10.0","Exact name match","","","","","","","","",""
"PPIM","ppim","EXACT","Y","10.0","Exact name match","","","","","","","","",""
"MINT","mint","EXACT","Y","10.0","Exact name match","","","","","","","","",""
"MethMotif","methmotif","EXACT","Y","10.0","Exact name match","","","","","","","","",""
"KRGDB","krgdb","EXACT","Y","10.0","Exact name match","","","","","","","","",""
"novPTMenzy","novptmenzy","EXACT","Y","10.0","Exact name match","","","","","","","","",""
"dbDEPC","dbdepc","EXACT","Y","10.0","Exact name match","","","","","","","","",""
"UVGD","uvgd","EXACT","Y","10.0","Exact name match","","","","","","","","",""
"SAPdb","sapdb","EXACT","Y","10.0","Exact name match","","","","","","","","",""
"bNAber","bnaber","EXACT","Y","10.0","Exact name match","","","","","","","","",""
"LuluDB","luludb","EXACT","Y","10.0","Exact name match","","","","","","","","",""
"TransmiR","transmir","EXACT","Y","10.0","Exact name match","","","","","","","","",""
"ICG","icg","EXACT","Y","10.0","Exact name match","","","","","","","","",""
"dendPoint","dendpoint","EXACT","Y","10.0","Exact name match","","","","","","","","",""
"T1TAdb","t1tadb","EXACT","Y","10.0","Exact name match","","","","","","","","",""
"Ricebase","ricebase","EXACT","Y","10.0","Exact name match","","","","","","","","",""
"COVIDium","covidium","EXACT","Y","10.0","Exact name match","","","","","","","","",""
"HAPPI","happi","EXACT","Y","10.0","Exact name match","","","","","","","","",""
"BDgene","bdgene","EXACT","Y","10.0","Exact name match","","","","","","","","",""
"GeneFriends","genefriends","EXACT","Y","10.0","Exact name match","","","","","","","","",""
"P2TF","p2tf","EXACT","Y","10.0","Exact name match","","","","","","","","",""
"AlzBase","alzbase","EXACT","Y","10.0","Exact name match","","","","","","","","",""
"CreZoo","crezoo","EXACT","Y","10.0","Exact name match","","","","","","","","",""
"FRIDa","frida","EXACT","Y","10.0","Exact name match","","","","","","","","",""
"MetaboLights","metabolights","EXACT","Y","10.0","Exact name match","","","","","","","","",""
"GRIPDB","gripdb","EXACT","Y","10.0","Exact name match","","","","","","","","",""
"TIE","tie","EXACT","Y","10.0","Exact name match","","","","","","","","",""
"mSignatureDB","msignaturedb","EXACT","Y","10.0","Exact name match","","","","","","","","",""
"mutLBSgeneDB","mutlbsgenedb","EXACT","Y","10.0","Exact name match","","","","","","","","",""
"RegPhos","regphos","EXACT","Y","10.0","Exact name match","","","","","","","","",""
"MimoDB","mimodb","EXACT","Y","10.0","Exact name match","","","","","","","","",""
"diArk","diark","EXACT","Y","10.0","Exact name match","","","","","","","","",""
"NeXO","nexo","EXACT","Y","10.0","Exact name match","","","","","","","","",""
"dbGAPs","dbgaps","EXACT","Y","10.0","Exact name match","","","","","","","","",""
"Metabolonote","metabolonote","EXACT","Y","10.0","Exact name match","","","","","","","","",""
"TOMATOMA","tomatoma","EXACT","Y","10.0","Exact name match","","","","","","","","",""
"DenHunt","denhunt","EXACT","Y","10.0","Exact name match","","","","","","","","",""
"L1Base","l1base","EXACT","Y","10.0","Exact name match","","","","","","","","",""
"IDDB","iddb","EXACT","Y","10.0","Exact name match","","","","","","","","",""
"MediaDB","mediadb","EXACT","Y","10.0","Exact name match","","","","","","","","",""
"SymbioGBR","symbiogbr","EXACT","Y","10.0","Exact name match","","","","","","","","",""
"MirGeneDB","mirgenedb","EXACT","Y","10.0","Exact name match","","","","","","","","",""
"ABCD","abcd","EXACT","Y","10.0","Exact name match","","","","","","","","",""
"SWEETLEAD","sweetlead","EXACT","Y","10.0","Exact name match","","","","","","","","",""
"CIGene","cigene","EXACT","Y","10.0","Exact name match","","","","","","","","",""
"JingleBells","jinglebells","EXACT","Y","10.0","Exact name match","","","","","","","","",""
"VarCards","varcards","EXACT","Y","10.0","Exact name match","","","","","","","","",""
"RadAtlas","radatlas","EXACT","Y","10.0","Exact name match","","","","","","","","",""
"SPDB","spdb","EXACT","Y","10.0","Exact name match","","","","","","","","",""
"snOPY","snopy","EXACT","Y","10.0","Exact name match","","","","","","","","",""
"SITVIT2","sitvit2","EXACT","Y","10.0","Exact name match","","","","","","","","",""
"circRNADb","circrnadb","EXACT","Y","10.0","Exact name match","","","","","","","","",""
"HTRIdb","htridb","EXACT","Y","10.0","Exact name match","","","","","","","","",""
"GIGA","giga","EXACT","Y","10.0","Exact name match","","","","","","","","",""
"TarBase","tarbase","EXACT","Y","10.0","Exact name match","","","","","","","","",""
"mirtronDB","mirtrondb","EXACT","Y","10.0","Exact name match","","","","","","","","",""
"Isotopo","isotopo","EXACT","Y","10.0","Exact name match","","","","","","","","",""
"SemMedDB","semmeddb","EXACT","Y","10.0","Exact name match","","","","","","","","",""
"CicerSpTEdb","cicersptedb","EXACT","Y","10.0","Exact name match","","","","","","","","",""
"OnTheFly","onthefly","EXACT","Y","10.0","Exact name match","","","","","","","","",""
"CAUSALdb","causaldb","EXACT","Y","10.0","Exact name match","","","","","","","","",""
"Start2Fold","start2fold","EXACT","Y","10.0","Exact name match","","","","","","","","",""
"DNAmoreDB","dnamoredb","EXACT","Y","10.0","Exact name match","","","","","","","","",""
"CoryneBase","corynebase","EXACT","Y","10.0","Exact name match","","","","","","","","",""
"RhesusBase","rhesusbase","EXACT","Y","10.0","Exact name match","","","","","","","","",""
"HCVIVdb","hcvivdb","EXACT","Y","10.0","Exact name match","","","","","","","","",""
"CoevDB","coevdb","EXACT","Y","10.0","Exact name match","","","","","","","","",""
"FurinDB","furindb","EXACT","Y","10.0","Exact name match","","","","","","","","",""
"EKPD","ekpd","EXACT","Y","10.0","Exact name match","","","","","","","","",""
"TTSMI","ttsmi","EXACT","Y","10.0","Exact name match","","","","","","","","",""
"PepBDB","pepbdb","EXACT","Y","10.0","Exact name match","","","","","","","","",""
"PhagesDB","phagesdb","EXACT","Y","10.0","Exact name match","","","","","","","","",""
"DREMECELS","dremecels","EXACT","Y","10.0","Exact name match","","","","","","","","",""
"LncCeRBase","lnccerbase","EXACT","Y","10.0","Exact name match","","","","","","","","",""
"ADReCS","adrecs","EXACT","Y","10.0","Exact name match","","","","","","","","",""
"CLIPdb","clipdb","EXACT","Y","10.0","Exact name match","","","","","","","","",""
"TissGDB","tissgdb","EXACT","Y","10.0","Exact name match","","","","","","","","",""
"LNCediting","lncediting","EXACT","Y","10.0","Exact name match","","","","","","","","",""
"FRCD","frcd","EXACT","Y","10.0","Exact name match","","","","","","","","",""
"MIPModDB","mipmoddb","EXACT","Y","10.0","Exact name match","","","","","","","","",""
"PlantCircNet","plantcircnet","EXACT","Y","10.0","Exact name match","","","","","","","","",""
"HBVdb","hbvdb","EXACT","Y","10.0","Exact name match","","","","","","","","",""
"dbCPG","dbcpg","EXACT","Y","10.0","Exact name match","","","","","","","","",""
"PolarProtDb","polarprotdb","EXACT","Y","10.0","Exact name match","","","","","","","","",""
"STATdb","statdb","EXACT","Y","10.0","Exact name match","","","","","","","","",""
"HieranoiDB","hieranoidb","EXACT","Y","10.0","Exact name match","","","","","","","","",""
"PhyloPro","phylopro","EXACT","Y","10.0","Exact name match","","","","","","","","",""
"VirusCircBase","viruscircbase","EXACT","Y","10.0","Exact name match","","","","","","","","",""
"iJGVD","ijgvd","EXACT","Y","10.0","Exact name match","","","","","","","","",""
"DPRP","dprp","EXACT","Y","10.0","Exact name match","","","","","","","","",""
"LncReg","lncreg","EXACT","Y","10.0","Exact name match","","","","","","","","",""
"MycoRRdb","mycorrdb","EXACT","Y","10.0","Exact name match","","","","","","","","",""
"VESPUCCI","vespucci","EXACT","Y","10.0","Exact name match","","","","","","","","",""
"SPGDB","spgdb","EXACT","Y","10.0","Exact name match","","","","","","","","",""
"iCAV","icav","EXACT","Y","10.0","Exact name match","","","","","","","","",""
"RGED","rged","EXACT","Y","10.0","Exact name match","","","","","","","","",""
"MultitaskProtDB","multitaskprotdb","EXACT","Y","10.0","Exact name match","","","","","","","","",""
"RaftProt","raftprot","EXACT","Y","10.0","Exact name match","","","","","","","","",""
"eHALOPH","ehaloph","EXACT","Y","10.0","Exact name match","","","","","","","","",""
"AdditiveChem","additivechem","EXACT","Y","10.0","Exact name match","","","","","","","","",""
"RADB","radb","EXACT","Y","10.0","Exact name match","","","","","","","","",""
"DRodVir","drodvir","EXACT","Y","10.0","Exact name match","","","","","","","","",""
"ASRDb","asrdb","EXACT","Y","10.0","Exact name match","","","","","","","","",""
"MMRdb","mmrdb","EXACT","Y","10.0","Exact name match","","","","","","","","",""
"CNVIntegrate","cnvintegrate","EXACT","Y","10.0","Exact name match","","","","","","","","",""
"PeanutDB","peanutdb","EXACT","Y","10.0","Exact name match","","","","","","","","",""
"EPITRANS","epitrans","EXACT","Y","10.0","Exact name match","","","","","","","","",""
"KERIS","keris","EXACT","Y","10.0","Exact name match","","","","","","","","",""
"FmMDb","fmmdb","EXACT","Y","10.0","Exact name match","","","","","","","","",""
"LUCApedia","lucapedia","EXACT","Y","10.0","Exact name match","","","","","","","","",""
"HEXEvent","hexevent","EXACT","Y","10.0","Exact name match","","","","","","","","",""
"dbDiarrhea","dbdiarrhea","EXACT","Y","10.0","Exact name match","","","","","","","","",""
"saRNAdb","sarnadb","EXACT","Y","10.0","Exact name match","","","","","","","","",""
"Linc2GO","linc2go","EXACT","Y","10.0","Exact name match","","","","","","","","",""
"EyeDiseases","eyediseases","EXACT","Y","10.0","Exact name match","","","","","","","","",""
"QSIdb","qsidb","EXACT","Y","10.0","Exact name match","","","","","","","","",""
"CITGeneDB","citgenedb","EXACT","Y","10.0","Exact name match","","","","","","","","",""
"PheLiGe","phelige","EXACT","Y","10.0","Exact name match","","","","","","","","",""
"HisgAtlas","hisgatlas","EXACT","Y","10.0","Exact name match","","","","","","","","",""
"tRFtarget","trftarget","EXACT","Y","10.0","Exact name match","","","","","","","","",""
"miRactDB","miractdb","EXACT","Y","10.0","Exact name match","","","","","","","","",""
"DDIEM","ddiem","EXACT","Y","10.0","Exact name match","","","","","","","","",""
"Phytozome","phytozome","EXACT","Y","10.0","Exact name match","","","","","","","","",""
"PIMADb","pimadb","EXACT","Y","10.0","Exact name match","","","","","","","","",""
"siRNAmod","sirnamod","EXACT","Y","10.0","Exact name match","","","","","","","","",""
"ScaPD","scapd","EXACT","Y","10.0","Exact name match","","","","","","","","",""
"MabsBase","mabsbase","EXACT","Y","10.0","Exact name match","","","","","","","","",""
"ActiveDriverDB","activedriverdb","EXACT","Y","10.0","Exact name match","","","","","","","","",""
"SNP2APA","snp2apa","EXACT","Y","10.0","Exact name match","","","","","","","","",""
"LymPHOS","lymphos","EXACT","Y","10.0","Exact name match","","","","","","","","",""
"BrainEXP","brainexp","EXACT","Y","10.0","Exact name match","","","","","","","","",""
"HGTree","hgtree","EXACT","Y","10.0","Exact name match","","","","","","","","",""
"MyMpn","mympn","EXACT","Y","10.0","Exact name match","","","","","","","","",""
"ChIPBase","chipbase","EXACT","Y","10.0","Exact name match","","","","","","","","",""
"IBDsite","ibdsite","EXACT","Y","10.0","Exact name match","","","","","","","","",""
"SchistoDB","schistodb","EXACT","Y","10.0","Exact name match","","","","","","","","",""
"RiceQTLPro","riceqtlpro","EXACT","Y","10.0","Exact name match","","","","","","","","",""
"YDHS","ydhs","EXACT","Y","10.0","Exact name match","","","","","","","","",""
"PHENOPSIS","phenopsis","EXACT","Y","10.0","Exact name match","","","","","","","","",""
"EcoliOverExpressionDB","ecolioverexpressiondb","EXACT","Y","10.0","Exact name match","","","","","","","","",""
"COG","cog","EXACT","Y","10.0","Exact name match","","","","","","","","",""
"SequencEnG","sequenceng","EXACT","Y","10.0","Exact name match","","","","","","","","",""
"KiMoSys","kimosys","EXACT","Y","10.0","Exact name match","","","","","","","","",""
"RPocket","rpocket","EXACT","Y","10.0","Exact name match","","","","","","","","",""
"deepBase","deepbase","EXACT","Y","10.0","Exact name match","","","","","","","","",""
"GPA","gpa","EXACT","Y","10.0","Exact name match","","","","","","","","",""
"CATH","cath","EXACT","Y","10.0","Exact name match","","","","","","","","",""
"GeneProf","geneprof","EXACT","Y","10.0","Exact name match","","","","","","","","",""
"EcoGene","ecogene","EXACT","Y","10.0","Exact name match","","","","","","","","",""
"ArrayExpress","arrayexpress","EXACT","Y","10.0","Exact name match","","","","","","","","",""
"FlyAtlas","flyatlas","EXACT","Y","10.0","Exact name match","","","","","","","","",""
"nifH","nifh","EXACT","Y","10.0","Exact name match","","","","","","","","",""
"PalmXplore","palmxplore","EXACT","Y","10.0","Exact name match","","","","","","","","",""
"SignaLink","signalink","EXACT","Y","10.0","Exact name match","","","","","","","","",""
"KNApSAcK","knapsack","EXACT","Y","10.0","Exact name match","","","","","","","","",""
"MetaADEDB","metaadedb","EXACT","Y","10.0","Exact name match","","","","","","","","",""
"SEQanswers","seqanswers","EXACT","Y","10.0","Exact name match","","","","","","","","",""
"PEpiD","pepid","EXACT","Y","10.0","Exact name match","","","","","","","","",""
"HOMER","homer","EXACT","Y","10.0","Exact name match","","","","","","","","",""
"LncRNAnet","lncrnanet","EXACT","Y","10.0","Exact name match","","","","","","","","",""
"mirPub","mirpub","EXACT","Y","10.0","Exact name match","","","","","","","","",""
"TelNet","telnet","EXACT","Y","10.0","Exact name match","","","","","","","","",""
"PRD","prd","EXACT","Y","10.0","Exact name match","","","","","","","","",""
"DOMMINO","dommino","EXACT","Y","10.0","Exact name match","","","","","","","","",""
"HIstome","histome","EXACT","Y","10.0","Exact name match","","","","","","","","",""
"MINAS","minas","EXACT","Y","10.0","Exact name match","","","","","","","","",""
"TopFIND","topfind","EXACT","Y","10.0","Exact name match","","","","","","","","",""
"PCOSKB","pcoskb","EXACT","Y","10.0","Exact name match","","","","","","","","",""
"MENT","ment","EXACT","Y","10.0","Exact name match","","","","","","","","",""
"DrugPath","drugpath","EXACT","Y","10.0","Exact name match","","","","","","","","",""
"RMDB","rmdb","EXACT","Y","10.0","Exact name match","","","","","","","","",""
"FlyExpress","flyexpress","EXACT","Y","10.0","Exact name match","","","","","","","","",""
"REGNET","regnet","EXACT","Y","10.0","Exact name match","","","","","","","","",""
"ArachnoServer","arachnoserver","EXACT","Y","10.0","Exact name match","","","","","","","","",""
"Cppsite","cppsite","EXACT","Y","10.0","Exact name match","","","","","","","","",""
"FHLdb","fhldb","EXACT","Y","10.0","Exact name match","","","","","","","","",""
"NPIDB","npidb","EXACT","Y","10.0","Exact name match","","","","","","","","",""
"MetSigDis","metsigdis","EXACT","Y","10.0","Exact name match","","","","","","","","",""
"KGCAK","kgcak","EXACT","Y","10.0","Exact name match","","","","","","","","",""
"PulmonDB","pulmondb","EXACT","Y","10.0","Exact name match","","","","","","","","",""
"3DGD","3dgd","EXACT","Y","10.0","Exact name match","","","","","","","","",""
"TCMIO","tcmio","EXACT","Y","10.0","Exact name match","","","","","","","","",""
"TEMPURA","tempura","EXACT","Y","10.0","Exact name match","","","","","","","","",""
"SATPdb","satpdb","EXACT","Y","10.0","Exact name match","","","","","","","","",""
"SymGenDB","symgendb","EXACT","Y","10.0","Exact name match","","","","","","","","",""
"GeneSetDB","genesetdb","EXACT","Y","10.0","Exact name match","","","","","","","","",""
"ExonSkipDB","exonskipdb","EXACT","Y","10.0","Exact name match","","","","","","","","",""
"NANPDB","nanpdb","EXACT","Y","10.0","Exact name match","","","","","","","","",""
"ReprOlive","reprolive","EXACT","Y","10.0","Exact name match","","","","","","","","",""
"TreeTFDB","treetfdb","EXACT","Y","10.0","Exact name match","","","","","","","","",""
"LenVarDB","lenvardb","EXACT","Y","10.0","Exact name match","","","","","","","","",""
"SynLethDB","synlethdb","EXACT","Y","10.0","Exact name match","","","","","","","","",""
"CIDeR","cider","EXACT","Y","10.0","Exact name match","","","","","","","","",""
"RBP2GO","rbp2go","EXACT","Y","10.0","Exact name match","","","","","","","","",""
"STCRDab","stcrdab","EXACT","Y","10.0","Exact name match","","","","","","","","",""
"ChlamDB","chlamdb","EXACT","Y","10.0","Exact name match","","","","","","","","",""
"SINEBase","sinebase","EXACT","Y","10.0","Exact name match","","","","","","","","",""
"THPdb","thpdb","EXACT","Y","10.0","Exact name match","","","","","","","","",""
"Lnc2Meth","lnc2meth","EXACT","Y","10.0","Exact name match","","","","","","","","",""
"DINeR","diner","EXACT","Y","10.0","Exact name match","","","","","","","","",""
"CancerEnD","cancerend","EXACT","Y","10.0","Exact name match","","","","","","","","",""
"DoBISCUIT","dobiscuit","EXACT","Y","10.0","Exact name match","","","","","","","","",""
"SurvCurv","survcurv","EXACT","Y","10.0","Exact name match","","","","","","","","",""
"GrTEdb","grtedb","EXACT","Y","10.0","Exact name match","","","","","","","","",""
"CMNPD","cmnpd","EXACT","Y","10.0","Exact name match","","","","","","","","",""
"dbMAE","dbmae","EXACT","Y","10.0","Exact name match","","","","","","","","",""
"AmtDB","amtdb","EXACT","Y","10.0","Exact name match","","","","","","","","",""
"CoopTFD","cooptfd","EXACT","Y","10.0","Exact name match","","","","","","","","",""
"OverGeneDB","overgenedb","EXACT","Y","10.0","Exact name match","","","","","","","","",""
"SCDevDB","scdevdb","EXACT","Y","10.0","Exact name match","","","","","","","","",""
"SNP2TFBS","snp2tfbs","EXACT","Y","10.0","Exact name match","","","","","","","","",""
"RabGTD","rabgtd","EXACT","Y","10.0","Exact name match","","","","","","","","",""
"dbHiMo","dbhimo","EXACT","Y","10.0","Exact name match","","","","","","","","",""
"HDVdb","hdvdb","EXACT","Y","10.0","Exact name match","","","","","","","","",""
"CMAUP","cmaup","EXACT","Y","10.0","Exact name match","","","","","","","","",""
"SSER","sser","EXACT","Y","10.0","Exact name match","","","","","","","","",""
"TRIPATH","tripath","EXACT","Y","10.0","Exact name match","","","","","","","","",""
"GyDB","gydb","EXACT","Y","10.0","Exact name match","","","","","","","","",""
"cAb-Rep","cab-rep","EXACT","Y","10.0","Exact name match","","","","","","","","",""
"dbCAN-seq","dbcan-seq","EXACT","Y","10.0","Exact name match","","","","","","","","",""
"PanGFR-HM","pangfr-hm","EXACT","Y","10.0","Exact name match","","","","","","","","",""
"CAPS-DB","caps-db","EXACT","Y","10.0","Exact name match","","","","","","","","",""
"T-psi-C","t-psi-c","EXACT","Y","10.0","Exact name match","","","","","","","","",""
"SpliceAid-F","spliceaid-f","EXACT","Y","10.0","Exact name match","","","","","","","","",""
"D-lnc","d-lnc","EXACT","Y","10.0","Exact name match","","","","","","","","",""
"DiaNat-DB","dianat-db","EXACT","Y","10.0","Exact name match","","","","","","","","",""
"e-GRASP","e-grasp","EXACT","Y","10.0","Exact name match","","","","","","","","",""
"pE-DB","pe-db","EXACT","Y","10.0","Exact name match","","","","","","","","",""
"PeachVar-DB","peachvar-db","EXACT","Y","10.0","Exact name match","","","","","","","","",""
"MG-RAST","mg-rast","EXACT","Y","10.0","Exact name match","","","","","","","","",""
"Kin-Driver","kin-driver","EXACT","Y","10.0","Exact name match","","","","","","","","",""
"CreZOO","crezoo","EXACT","Y","10.0","Exact name match","","","","","","","","",""
"Plastid-LCGbase","plastid-lcgbase","EXACT","Y","10.0","Exact name match","","","","","","","","",""
"CYP-nsSNP","cyp-nssnp","EXACT","Y","10.0","Exact name match","","","","","","","","",""
"Exposome-Explorer","exposome-explorer","EXACT","Y","10.0","Exact name match","","","","","","","","",""
"PTP-central","ptp-central","EXACT","Y","10.0","Exact name match","","","","","","","","",""
"Onco-Regulon","onco-regulon","EXACT","Y","10.0","Exact name match","","","","","","","","",""
"ETM-DB","etm-db","EXACT","Y","10.0","Exact name match","","","","","","","","",""
"BGBX","bgbx","EXACT","Y","10.0","Exact name match","","","","","","","","",""
"GOBLET","goblet","EXACT","Y","10.0","Exact name match","","","","","","","","",""
"LINPS","linps","EXACT","Y","10.0","Exact name match","","","","","","","","",""
"MAP","map","EXACT","Y","10.0","Exact name match","","","","","","","","",""
"TCPA","tcpa","EXACT","Y","10.0","Exact name match","","","","","","","","",""
"DIVAS","divas","EXACT","Y","10.0","Exact name match","","","","","","","","",""
"SigCS base","sigcs base","EXACT","Y","10.0","Exact name match","","","","","","","","",""
"CORTECON","cortecon","EXACT","Y","10.0","Exact name match","","","","","","","","",""
"MiPanda","mipanda","EXACT","Y","10.0","Exact name match","","","","","","","","",""
"bex-db","bex-db","EXACT","Y","10.0","Exact name match","","","","","","","","",""
"GAG","gag","EXACT","Y","10.0","Exact name match","","","","","","","","",""
"RSRS","rsrs","EXACT","Y","10.0","Exact name match","","","","","","","","",""
"PDBe-KB","pdbe-kb","EXACT","Y","10.0","Exact name match","","","","","","","","",""
"denovo-db","denovo-db","EXACT","Y","10.0","Exact name match","","","","","","","","",""
"EvoSNP-DB","evosnp-db","EXACT","Y","10.0","Exact name match","","","","","","","","",""
"MGEx-Udb","mgex-udb","EXACT","Y","10.0","Exact name match","","","","","","","","",""
"SBR-Blood","sbr-blood","EXACT","Y","10.0","Exact name match","","","","","","","","",""
"BARRA:CuRDa","barra:curda","EXACT","Y","10.0","Exact name match","","","","","","","","",""
"T-Time","t-time","EXACT","Y","10.0","Exact name match","","","","","","","","",""
"RNA CoSSMos","rna cossmos","EXACT","Y","10.0","Exact name match","","","","","","","","",""
"PlaNC-TE","planc-te","EXACT","Y","10.0","Exact name match","","","","","","","","",""
"Ensembl Plants","ensembl plants","EXACT","Y","10.0","Exact name match","","","","","","","","",""
"Plant Reactome","plant reactome","EXACT","Y","10.0","Exact name match","","","","","","","","",""
"WormBase ParaSite","wormbase parasite","EXACT","Y","10.0","Exact name match","","","","","","","","",""
"Milk Bioactive Peptide Database","milk bioactive peptide database","EXACT","Y","10.0","Exact name match","","","","","","","","",""
"POGO-DB","pogo-db","EXACT","Y","10.0","Exact name match","","","","","","","","",""
"HoPaCI-DB","hopaci-db","EXACT","Y","10.0","Exact name match","","","","","","","","",""
"DRUGPATH","drugpath","EXACT","Y","10.0","Exact name match","","","","","","","","",""
"HSC-explorer","hsc-explorer","EXACT","Y","10.0","Exact name match","","","","","","","","",""
"JRC GMO-Amplicons","jrc gmo-amplicons","EXACT","Y","10.0","Exact name match","","","","","","","","",""
"Animal-APAdb","animal-apadb","EXACT","Y","10.0","Exact name match","","","","","","","","",""
"CSEA-DB","csea-db","EXACT","Y","10.0","Exact name match","","","","","","","","",""
"MD-CTS","md-cts","EXACT","Y","10.0","Exact name match","","","","","","","","",""
"CRISP-view","crisp-view","EXACT","Y","10.0","Exact name match","","","","","","","","",""
"EPS-DB","eps-db","EXACT","Y","10.0","Exact name match","","","","","","","","",""
"pico-PLAZA","pico-plaza","EXACT","Y","10.0","Exact name match","","","","","","","","",""
"LSE-Sign","lse-sign","EXACT","Y","10.0","Exact name match","","","","","","","","",""
"Zebrafish GenomeWiki","zebrafish genomewiki","EXACT","Y","10.0","Exact name match","","","","","","","","",""
"NuBBEDB","nubbedb","EXACT","Y","10.0","Exact name match","","","","","","","","",""
"PED","ped","EXACT","Y","10.0","Exact name match","","","","","","","","",""
"Gee Fu","gee fu","EXACT","Y","10.0","Exact name match","","","","","","","","",""
"Pathway Commons","pathway commons","EXACT","Y","10.0","Exact name match","","","","","","","","",""
"HLA-ADR","hla-adr","EXACT","Y","10.0","Exact name match","","","","","","","","",""
"IsomiR Bank","isomir bank","EXACT","Y","10.0","Exact name match","","","","","","","","",""
"WCO-Lite","wco-lite","EXACT","Y","10.0","Exact name match","","","","","","","","",""
"OPTIMAS-DW","optimas-dw","EXACT","Y","10.0","Exact name match","","","","","","","","",""
"IMG/VR","img/vr","EXACT","Y","10.0","Exact name match","","","","","","","","",""
"EzTaxon-e","eztaxon-e","EXACT","Y","10.0","Exact name match","","","","","","","","",""
"RVS","rvs","EXACT","Y","10.0","Exact name match","","","","","","","","",""
"Colorectal Cancer Atlas","colorectal cancer atlas","EXACT","Y","10.0","Exact name match","","","","","","","","",""
"Lotus Base","lotus base","EXACT","Y","10.0","Exact name match","","","","","","","","",""
"GWAS Atlas","gwas atlas","EXACT","Y","10.0","Exact name match","","","","","","","","",""
"Marmal-aid","marmal-aid","EXACT","Y","10.0","Exact name match","","","","","","","","",""
"MiST","mist","EXACT","Y","10.0","Exact name match","","","","","","","","",""
"Proteome-pI","proteome-pi","EXACT","Y","10.0","Exact name match","","","","","","","","",""
"EDCs DataBank","edcs databank","EXACT","Y","10.0","Exact name match","","","","","","","","",""
"Fish Karyome","fish karyome","EXACT","Y","10.0","Exact name match","","","","","","","","",""
"ESCAPE","escape","EXACT","Y","10.0","Exact name match","","","","","","","","",""
"vMS-Share","vms-share","EXACT","Y","10.0","Exact name match","","","","","","","","",""
"BiG-FAM","big-fam","EXACT","Y","10.0","Exact name match","","","","","","","","",""
"QAP","qap","EXACT","Y","10.0","Exact name match","","","","","","","","",""
"AHCODA-DB","ahcoda-db","EXACT","Y","10.0","Exact name match","","","","","","","","",""
"GNPS","gnps","EXACT","Y","10.0","Exact name match","","","","","","","","",""
"lncRNAtor","lncrnator","EXACT","Y","10.0","Exact name match","","","","","","","","",""
"OpSatdb","opsatdb","EXACT","Y","10.0","Exact name match","","","","","","","","",""
"HMA","hma","EXACT","Y","10.0","Exact name match","","","","","","","","",""
"HDG","hdg","EXACT","Y","10.0","Exact name match","","","","","","","","",""
"NeuroMMSig","neurommsig","EXACT","Y","10.0","Exact name match","","","","","","","","",""
"UCDB","ucdb","EXACT","Y","10.0","Exact name match","","","","","","","","",""
"CPD","cpd","EXACT","Y","10.0","Exact name match","","","","","","","","",""
"PaxDb","paxdb","EXACT","Y","10.0","Exact name match","","","","","","","","",""
"CSA","csa","EXACT","Y","10.0","Exact name match","","","","","","","","",""
"PROMISCUOUS","promiscuous","EXACT","Y","10.0","Exact name match","","","","","","","","",""
"iMarmot","imarmot","EXACT","Y","10.0","Exact name match","","","","","","","","",""
"PODC","podc","EXACT","Y","10.0","Exact name match","","","","","","","","",""
"RiceMetaSys","ricemetasys","EXACT","Y","10.0","Exact name match","","","","","","","","",""
"u-CARE","u-care","EXACT","Y","10.0","Exact name match","","","","","","","","",""
"ICSCB","icscb","EXACT","Y","10.0","Exact name match","","","","","","","","",""
"KGVDB","kgvdb","EXACT","Y","10.0","Exact name match","","","","","","","","",""
"IMPC","impc","EXACT","Y","10.0","Exact name match","","","","","","","","",""
"SPP","spp","EXACT","Y","10.0","Exact name match","","","","","","","","",""
"FSRD","fsrd","EXACT","Y","10.0","Exact name match","","","","","","","","",""
"Circad","circad","EXACT","Y","10.0","Exact name match","","","","","","","","",""
"DBM-DB","dbm-db","EXACT","Y","10.0","Exact name match","","","","","","","","",""
"PPGD","ppgd","EXACT","Y","10.0","Exact name match","","","","","","","","",""
"PRID","prid","EXACT","Y","10.0","Exact name match","","","","","","","","",""
"KDDB","kddb","EXACT","Y","10.0","Exact name match","","","","","","","","",""
"Newt-omics","newt-omics","EXACT","Y","10.0","Exact name match","","","","","","","","",""
"TcoF-DB","tcof-db","EXACT","Y","10.0","Exact name match","","","","","","","","",""
"CrAgDb","cragdb","EXACT","Y","10.0","Exact name match","","","","","","","","",""
"CicArMiSatDB","cicarmisatdb","EXACT","Y","10.0","Exact name match","","","","","","","","",""
"CGWR","cgwr","EXACT","Y","10.0","Exact name match","","","","","","","","",""
"ModERN","modern","EXACT","Y","10.0","Exact name match","","","","","","","","",""
"NRLiSt BDB","nrlist bdb","EXACT","Y","10.0","Exact name match","","","","","","","","",""
"OMDB","omdb","EXACT","Y","10.0","Exact name match","","","","","","","","",""
"MTDB","mtdb","EXACT","Y","10.0","Exact name match","","","","","","","","",""
"NR-DBIND","nr-dbind","EXACT","Y","10.0","Exact name match","","","","","","","","",""
"BuffSatDB","buffsatdb","EXACT","Y","10.0","Exact name match","","","","","","","","",""
"LNCmap","lncmap","EXACT","Y","10.0","Exact name match","","","","","","","","",""
"dbSWEET","dbsweet","EXACT","Y","10.0","Exact name match","","","","","","","","",""
"MouseBytes","mousebytes","EXACT","Y","10.0","Exact name match","","","","","","","","",""
"Dr.VIS","dr.vis","EXACT","Y","10.0","Exact name match","","","","","","","","",""
"Dynamic-BM","dynamic-bm","EXACT","Y","10.0","Exact name match","","","","","","","","",""
"H-InvDB","h-invdb","EXACT","Y","10.0","Exact name match","","","","","","","","",""
"AH-DB","ah-db","EXACT","Y","10.0","Exact name match","","","","","","","","",""
"C-GATE","c-gate","EXACT","Y","10.0","Exact name match","","","","","","","","",""
"MitoCarta","mitocarta","EXACT","Y","10.0","Exact name match","","","","","","","","",""
"OdoBD","odobd","EXACT","Y","10.0","Exact name match","","","","","","","","",""
"PlantsDB","plantsdb","EXACT","Y","10.0","Exact name match","","","","","","","","",""
"RBP-Var","rbp-var","EXACT","Y","10.0","Exact name match","","","","","","","","",""
"ExVe","exve","EXACT","Y","10.0","Exact name match","","","","","","","","",""
"TB DEPOT","tb depot","EXACT","Y","10.0","Exact name match","","","","","","","","",""
"Europe PMC","europe pmc","EXACT","Y","10.0","Exact name match","","","","","","","","",""
"Ocins","ocins","EXACT","Y","10.0","Exact name match","","","","","","","","",""
"CircR2Disease","circr2disease","EXACT","Y","10.0","Exact name match","","","","","","","","",""
"CrustyBase","crustybase","EXACT","Y","10.0","Exact name match","","","","","","","","",""
"zflncRNApedia","zflncrnapedia","EXACT","Y","10.0","Exact name match","","","","","","","","",""
"PfalDB","pfaldb","EXACT","Y","10.0","Exact name match","","","","","","","","",""
"FlyRNAi","flyrnai","EXACT","Y","10.0","Exact name match","","","","","","","","",""
"PineElm_SSRdb","pineelm_ssrdb","EXACT","Y","10.0","Exact name match","","","","","","","","",""
"PharmDB-K","pharmdb-k","EXACT","Y","10.0","Exact name match","","","","","","","","",""
"P-PAL","p-pal","EXACT","Y","10.0","Exact name match","","","","","","","","",""
"CottonQTLdb","cottonqtldb","EXACT","Y","10.0","Exact name match","","","","","","","","",""
"AELP","aelp","EXACT","Y","10.0","Exact name match","","","","","","","","",""
"OTD","otd","EXACT","Y","10.0","Exact name match","","","","","","","","",""
"HDI","hdi","EXACT","Y","10.0","Exact name match","","","","","","","","",""
"ncRNA-eQTL","ncrna-eqtl","EXACT","Y","10.0","Exact name match","","","","","","","","",""
"HerceptinR","herceptinr","EXACT","Y","10.0","Exact name match","","","","","","","","",""
"Animal-ImputeDB","animal-imputedb","EXACT","Y","10.0","Exact name match","","","","","","","","",""
"TSEA-DB","tsea-db","EXACT","Y","10.0","Exact name match","","","","","","","","",""
"BioFuelDB","biofueldb","EXACT","Y","10.0","Exact name match","","","","","","","","",""
"Plant-ImputeDB","plant-imputedb","EXACT","Y","10.0","Exact name match","","","","","","","","",""
"GPCRDB","gpcrdb","EXACT","Y","10.0","Exact name match","","","","","","","","",""
"dbCAN-PUL","dbcan-pul","EXACT","Y","10.0","Exact name match","","","","","","","","",""
"Mr.Vc","mr.vc","EXACT","Y","10.0","Exact name match","","","","","","","","",""
"MeT-DB","met-db","EXACT","Y","10.0","Exact name match","","","","","","","","",""
"DGV","dgv","EXACT","Y","10.0","Exact name match","","","","","","","","",""
"GENI-DB","geni-db","EXACT","Y","10.0","Exact name match","","","","","","","","",""
"ARED-Plus","ared-plus","EXACT","Y","10.0","Exact name match","","","","","","","","",""
"ProADD","proadd","EXACT","Y","10.0","Exact name match","","","","","","","","",""
"Color Data","color data","EXACT","Y","10.0","Exact name match","","","","","","","","",""
"NetPath","netpath","EXACT","Y","10.0","Exact name match","","","","","","","","",""
"BC5CDR","bc5cdr","EXACT","Y","10.0","Exact name match","","","","","","","","",""
"MeKO","meko","EXACT","Y","10.0","Exact name match","","","","","","","","",""
"PlantMetabolomics","plantmetabolomics","EXACT","Y","10.0","Exact name match","","","","","","","","",""
"LNCat","lncat","EXACT","Y","10.0","Exact name match","","","","","","","","",""
"MitoepigenomeKB","mitoepigenomekb","EXACT","Y","10.0","Exact name match","","","","","","","","",""
"comparative cellular and molecular biology of longevity database","comparative cellular and molecular biology of longevity database","EXACT","Y","10.0","Exact name match","","","","","","","","",""
"STAGdb","stagdb","EXACT","Y","10.0","Exact name match","","","","","","","","",""
"DFRMLI","dfrmli","EXACT","Y","10.0","Exact name match","","","","","","","","",""
"Ancestral Genomes","ancestral genomes","EXACT","Y","10.0","Exact name match","","","","","","","","",""
"BFGR","bfgr","EXACT","Y","10.0","Exact name match","","","","","","","","",""
"dbLGL","dblgl","EXACT","Y","10.0","Exact name match","","","","","","","","",""
"CoFly","cofly","EXACT","Y","10.0","Exact name match","","","","","","","","",""
"Biotinidase Gene Variants Registry","biotinidase gene variants registry","EXACT","Y","10.0","Exact name match","","","","","","","","",""
"PIMbase","pimbase","EXACT","Y","10.0","Exact name match","","","","","","","","",""
"IIMDB","iimdb","EXACT","Y","10.0","Exact name match","","","","","","","","",""
"MPID-T2","mpid-t2","EXACT","Y","10.0","Exact name match","","","","","","","","",""
"URJC GB","urjc gb","EXACT","Y","10.0","Exact name match","","","","","","","","",""
"TEXAS","texas","EXACT","Y","10.0","Exact name match","","","","","","","","",""
"GreekLex","greeklex","EXACT","Y","10.0","Exact name match","","","","","","","","",""
"COLMAR Lipids","colmar lipids","EXACT","Y","10.0","Exact name match","","","","","","","","",""
"DRDB","drdb","EXACT","Y","10.0","Exact name match","","","","","","","","",""
"Ssa miRNAs DB","ssa mirnas db","EXACT","Y","10.0","Exact name match","","","","","","","","",""
"Structure Surfer","structure surfer","EXACT","Y","10.0","Exact name match","","","","","","","","",""
"Soybean-VCF2Genomes","soybean-vcf2genomes","EXACT","Y","10.0","Exact name match","","","","","","","","",""
"Allen Brain Atlas","allen brain atlas","EXACT","Y","10.0","Exact name match","","","","","","","","",""
"ICE","ice","EXACT","Y","10.0","Exact name match","","","","","","","","",""
"RenalDB","renaldb","EXACT","Y","10.0","Exact name match","","","","","","","","",""
"DB-AT","db-at","EXACT","Y","10.0","Exact name match","","","","","","","","",""
"DiatomCyc","diatomcyc","EXACT","Y","10.0","Exact name match","","","","","","","","",""
"CPCat","cpcat","EXACT","Y","10.0","Exact name match","","","","","","","","",""
"VIP DB","vip db","EXACT","Y","10.0","Exact name match","","","","","","","","",""
"DEE2","dee2","EXACT","Y","10.0","Exact name match","","","","","","","","",""
"SSKB","sskb","EXACT","Y","10.0","Exact name match","","","","","","","","",""
"MADB","madb","EXACT","Y","10.0","Exact name match","","","","","","","","",""
"LegumeSSRdb","legumessrdb","EXACT","Y","10.0","Exact name match","","","","","","","","",""
"PSSRD","pssrd","EXACT","Y","10.0","Exact name match","","","","","","","","",""
"KUPKB","kupkb","EXACT","Y","10.0","Exact name match","","","","","","","","",""
"Rice TOGO Browser","rice togo browser","EXACT","Y","10.0","Exact name match","","","","","","","","",""
"dbATM","dbatm","EXACT","Y","10.0","Exact name match","","","","","","","","",""
"ODCS","odcs","EXACT","Y","10.0","Exact name match","","","","","","","","",""
"FAT-PTM","fat-ptm","EXACT","Y","10.0","Exact name match","","","","","","","","",""
"GPSno","gpsno","EXACT","Y","10.0","Exact name match","","","","","","","","",""
"EnviroAtlas","enviroatlas","EXACT","Y","10.0","Exact name match","","","","","","","","",""
"T-ARDIS","t-ardis","EXACT","Y","10.0","Exact name match","","","","","","","","",""
"TOPPCell","toppcell","EXACT","Y","10.0","Exact name match","","","","","","","","",""
"drugSimDB","drugsimdb","EXACT","Y","10.0","Exact name match","","","","","","","","",""
"Histone Antibody Specificity Database","histone antibody specificity database","EXACT","Y","10.0","Exact name match","","","","","","","","",""
"DEDUCT","deduct","EXACT","Y","10.0","Exact name match","","","","","","","","",""
"MyoMiner","myominer","EXACT","Y","10.0","Exact name match","","","","","","","","",""
"Cancer-Immu","cancer-immu","EXACT","Y","10.0","Exact name match","","","","","","","","",""
"TRiP","trip","EXACT","Y","10.0","Exact name match","","","","","","","","",""
"Dockground","dockground","EXACT","Y","10.0","Exact name match","","","","","","","","",""
"EimeriaTDB","eimeriatdb","EXACT","Y","10.0","Exact name match","","","","","","","","",""
"ZINC","zinc","EXACT","Y","10.0","Exact name match","","","","","","","","",""
"Bioinformatics Links","bioinformatics links","EXACT","Y","10.0","Exact name match","","","","","","","","",""
"ThebaDB","thebadb","EXACT","Y","10.0","Exact name match","","","","","","","","",""
"TSmiR","tsmir","EXACT","Y","10.0","Exact name match","","","","","","","","",""
"ProTherm","protherm","EXACT","Y","10.0","Exact name match","","","","","","","","",""
"MicronData","microndata","EXACT","Y","10.0","Exact name match","","","","","","","","",""
"B-AMP","b-amp","EXACT","Y","10.0","Exact name match","","","","","","","","",""
"HICL","hicl","EXACT","Y","10.0","Exact name match","","","","","","","","",""
"QUAD","quad","EXACT","Y","10.0","Exact name match","","","","","","","","",""
"ASRD","asrd","EXACT","Y","10.0","Exact name match","","","","","","","","",""
"KID","kid","EXACT","Y","10.0","Exact name match","","","","","","","","",""
"SulfAtlas","sulfatlas","EXACT","Y","10.0","Exact name match","","","","","","","","",""
"MSGene","msgene","EXACT","Y","10.0","Exact name match","","","","","","","","",""
"ToxinDB","toxindb","EXACT","Y","10.0","Exact name match","","","","","","","","",""
"CNAdbCC","cnadbcc","EXACT","Y","10.0","Exact name match","","","","","","","","",""
"ASNR","asnr","EXACT","Y","10.0","Exact name match","","","","","","","","",""
"InteracDome","interacdome","EXACT","Y","10.0","Exact name match","","","","","","","","",""
"Infevers","infevers","EXACT","Y","10.0","Exact name match","","","","","","","","",""
"MPDSDM","mpdsdm","EXACT","Y","10.0","Exact name match","","","","","","","","",""
"piRNA-eQTL","pirna-eqtl","EXACT","Y","10.0","Exact name match","","","","","","","","",""
"Human genetic variation database","human genetic variation database","EXACT","Y","10.0","Exact name match","","","","","","","","",""
"Phytoseiidae database","phytoseiidae database","EXACT","Y","10.0","Exact name match","","","","","","","","",""
"Daphnia stressor database","daphnia stressor database","EXACT","Y","10.0","Exact name match","","","","","","","","",""
"Super Natural II","super natural ii","EXACT","Y","10.0","Exact name match","","","","","","","","",""
"FunGene-DB","fungene-db","EXACT","Y","10.0","Exact name match","","","","","","","","",""
"SM-TF","sm-tf","EXACT","Y","10.0","Exact name match","","","","","","","","",""
"A-WINGS","a-wings","EXACT","Y","10.0","Exact name match","","","","","","","","",""
"MycoProtease-DB","mycoprotease-db","EXACT","Y","10.0","Exact name match","","","","","","","","",""
"TargetMine","targetmine","EXACT","Y","10.0","Exact name match","","","","","","","","",""
"Aptamer Base","aptamer base","EXACT","Y","10.0","Exact name match","","","","","","","","",""
"articles.ELM","articles.elm","EXACT","Y","10.0","Exact name match","","","","","","","","",""
"ProNetView-ccRCC","pronetview-ccrcc","EXACT","Y","10.0","Exact name match","","","","","","","","",""
"PhyMet2","phymet2","EXACT","Y","10.0","Exact name match","","","","","","","","",""
"Mouse IDGenes","mouse idgenes","EXACT","Y","10.0","Exact name match","","","","","","","","",""
"NCBI Taxonomy","ncbi taxonomy","EXACT","Y","10.0","Exact name match","","","","","","","","",""
"TE Hub","te hub","EXACT","Y","10.0","Exact name match","","","","","","","","",""
"Digital development","digital development","EXACT","Y","10.0","Exact name match","","","","","","","","",""
"CR Cistrome","cr cistrome","EXACT","Y","10.0","Exact name match","","","","","","","","",""
"TDR Targets","tdr targets","EXACT","Y","10.0","Exact name match","","","","","","","","",""
"CressInt","cressint","EXACT","Y","10.0","Exact name match","","","","","","","","",""
"Open Targets Genetics","open targets genetics","EXACT","Y","10.0","Exact name match","","","","","","","","",""
"UCSC Genome Browser","ucsc genome browser","EXACT","Y","10.0","Exact name match","","","","","","","","",""
"Glycosciences.DB","glycosciences.db","EXACT","Y","10.0","Exact name match","","","","","","","","",""
"Bival-Bind","bival-bind","EXACT","Y","10.0","Exact name match","","","","","","","","",""
"SpermatogenesisOnline","spermatogenesisonline","EXACT","Y","10.0","Exact name match","","","","","","","","",""
"ARA-PEPs","ara-peps","EXACT","Y","10.0","Exact name match","","","","","","","","",""
"McPAS-TCR","mcpas-tcr","EXACT","Y","10.0","Exact name match","","","","","","","","",""
"SysInflam HuDB","sysinflam hudb","EXACT","Y","10.0","Exact name match","","","","","","","","",""
"CCGD-ESCC","ccgd-escc","EXACT","Y","10.0","Exact name match","","","","","","","","",""
"TREND-DB","trend-db","EXACT","Y","10.0","Exact name match","","","","","","","","",""
"Cyclo-lib","cyclo-lib","EXACT","Y","10.0","Exact name match","","","","","","","","",""
"tRNADB-CE","trnadb-ce","EXACT","Y","10.0","Exact name match","","","","","","","","",""
"switches.ELM","switches.elm","EXACT","Y","10.0","Exact name match","","","","","","","","",""
"HTT-DB","htt-db","EXACT","Y","10.0","Exact name match","","","","","","","","",""
"NFI-Regulome","nfi-regulome","EXACT","Y","10.0","Exact name match","","","","","","","","",""
"CFTR-France","cftr-france","EXACT","Y","10.0","Exact name match","","","","","","","","",""
"hu.MAP","hu.map","EXACT","Y","10.0","Exact name match","","","","","","","","",""
"Pancan-meQTL","pancan-meqtl","EXACT","Y","10.0","Exact name match","","","","","","","","",""
"PharmDB","pharmdb","EXACT","Y","10.0","Exact name match","","","","","","","","",""
"FARE-CAFE","fare-cafe","EXACT","Y","10.0","Exact name match","","","","","","","","",""
"WALTZ-DB","waltz-db","EXACT","Y","10.0","Exact name match","","","","","","","","",""
"PlanTE-MIR DB","plante-mir db","EXACT","Y","10.0","Exact name match","","","","","","","","",""
"CyFi-MAP","cyfi-map","EXACT","Y","10.0","Exact name match","","","","","","","","",""
"IUPHAR-DB","iuphar-db","EXACT","Y","10.0","Exact name match","","","","","","","","",""
"exRNA Atlas","exrna atlas","EXACT","Y","10.0","Exact name match","","","","","","","","",""
"FilTer BaSe","filter base","EXACT","Y","10.0","Exact name match","","","","","","","","",""
"OMEGA-NET","omega-net","EXACT","Y","10.0","Exact name match","","","","","","","","",""
"B2G-FAR","b2g-far","EXACT","Y","10.0","Exact name match","","","","","","","","",""
"HTD","htd","EXACT","Y","10.0","Exact name match","","","","","","","","",""
"LOTUS-DB","lotus-db","EXACT","Y","10.0","Exact name match","","","","","","","","",""
"DIANA-miRGen","diana-mirgen","EXACT","Y","10.0","Exact name match","","","","","","","","",""
"DFL","dfl","EXACT","Y","10.0","Exact name match","","","","","","","","",""
"MUFOLD-DB","mufold-db","EXACT","Y","10.0","Exact name match","","","","","","","","",""
"CYP-allele","cyp-allele","EXACT","Y","10.0","Exact name match","","","","","","","","",""
"Plant-PrAS","plant-pras","EXACT","Y","10.0","Exact name match","","","","","","","","",""
"Aging Chart","aging chart","EXACT","Y","10.0","Exact name match","","","","","","","","",""
"P-MITE","p-mite","EXACT","Y","10.0","Exact name match","","","","","","","","",""
"DB Dehydrogenase","db dehydrogenase","EXACT","Y","10.0","Exact name match","","","","","","","","",""
"HipSci","hipsci","EXACT","Y","10.0","Exact name match","","","","","","","","",""
"BCE","bce","EXACT","Y","10.0","Exact name match","","","","","","","","",""
"QuartetS-DB","quartets-db","EXACT","Y","10.0","Exact name match","","","","","","","","",""
"MASCP gator","mascp gator","EXACT","Y","10.0","Exact name match","","","","","","","","",""
"ECG-ViEW","ecg-view","EXACT","Y","10.0","Exact name match","","","","","","","","",""
"RNA-Seq Atlas","rna-seq atlas","EXACT","Y","10.0","Exact name match","","","","","","","","",""
"OCaPPI-Db","ocappi-db","EXACT","Y","10.0","Exact name match","","","","","","","","",""
"HTS-DB","hts-db","EXACT","Y","10.0","Exact name match","","","","","","","","",""
"BC-TFdb","bc-tfdb","EXACT","Y","10.0","Exact name match","","","","","","","","",""
"PRO-MINE","pro-mine","EXACT","Y","10.0","Exact name match","","","","","","","","",""
"MP:PD","mp:pd","EXACT","Y","10.0","Exact name match","","","","","","","","",""
"FLOR-ID","flor-id","EXACT","Y","10.0","Exact name match","","","","","","","","",""
"Alga-PrAS","alga-pras","EXACT","Y","10.0","Exact name match","","","","","","","","",""
"DR-GAS","dr-gas","EXACT","Y","10.0","Exact name match","","","","","","","","",""
"NSort/DB","nsort/db","EXACT","Y","10.0","Exact name match","","","","","","","","",""
"e-Drug3D","e-drug3d","EXACT","Y","10.0","Exact name match","","","","","","","","",""
"LifeMap Discovery","lifemap discovery","EXACT","Y","10.0","Exact name match","","","","","","","","",""
"TCM-Mesh","tcm-mesh","EXACT","Y","10.0","Exact name match","","","","","","","","",""
"1-CMDb","1-cmdb","EXACT","Y","10.0","Exact name match","","","","","","","","",""
"Cube-DB","cube-db","EXACT","Y","10.0","Exact name match","","","","","","","","",""
"Missense3D-DB","missense3d-db","EXACT","Y","10.0","Exact name match","","","","","","","","",""
"ESCC ATLAS","escc atlas","EXACT","Y","10.0","Exact name match","","","","","","","","",""
"MicrobPad MD","microbpad md","EXACT","Y","10.0","Exact name match","","","","","","","","",""
"miR-EdiTar","mir-editar","EXACT","Y","10.0","Exact name match","","","","","","","","",""
"PhenOMIM","phenomim","EXACT","Y","10.0","Exact name match","","","","","","","","",""
"BMW","bmw","EXACT","Y","10.0","Exact name match","","","","","","","","",""
"PSRN","psrn","EXACT","Y","10.0","Exact name match","","","","","","","","",""
"FireProtDB","fireprotdb","EXACT","Y","10.0","Exact name match","","","","","","","","",""
"ApoCanD","apocand","EXACT","Y","10.0","Exact name match","","","","","","","","",""
"jPOSTrepo","jpostrepo","EXACT","Y","10.0","Exact name match","","","","","","","","",""
"ICeE","icee","EXACT","Y","10.0","Exact name match","","","","","","","","",""
"PrOnto","pronto","EXACT","Y","10.0","Exact name match","","","","","","","","",""
"FishDB","fishdb","EXACT","Y","10.0","Exact name match","","","","","","","","",""
"NeMedPlant","nemedplant","EXACT","Y","10.0","Exact name match","","","","","","","","",""
"CryptoDB","cryptodb","EXACT","Y","10.0","Exact name match","","","","","","","","",""
"CancerSplicingQTL","cancersplicingqtl","EXACT","Y","10.0","Exact name match","","","","","","","","",""
"PolySac3DB","polysac3db","EXACT","Y","10.0","Exact name match","","","","","","","","",""
"ChemProt","chemprot","EXACT","Y","10.0","Exact name match","","","","","","","","",""
"DIGIT","digit","EXACT","Y","10.0","Exact name match","","","","","","","","",""
"AWESOME","awesome","EXACT","Y","10.0","Exact name match","","","","","","","","",""
"CancerImmunityQTL","cancerimmunityqtl","EXACT","Y","10.0","Exact name match","","","","","","","","",""
"RecipeDB","recipedb","EXACT","Y","10.0","Exact name match","","","","","","","","",""
"WCSdb","wcsdb","EXACT","Y","10.0","Exact name match","","","","","","","","",""
"BrassiBase","brassibase","EXACT","Y","10.0","Exact name match","","","","","","","","",""
"TriForC","triforc","EXACT","Y","10.0","Exact name match","","","","","","","","",""
"GlobalFungi","globalfungi","EXACT","Y","10.0","Exact name match","","","","","","","","",""
"GenomicusPlants","genomicusplants","EXACT","Y","10.0","Exact name match","","","","","","","","",""
"NanDeSyn","nandesyn","EXACT","Y","10.0","Exact name match","","","","","","","","",""
"MiasDB","miasdb","EXACT","Y","10.0","Exact name match","","","","","","","","",""
"SuperbaSE","superbase","EXACT","Y","10.0","Exact name match","","","","","","","","",""
"DBETH","dbeth","EXACT","Y","10.0","Exact name match","","","","","","","","",""
"MaveDB","mavedb","EXACT","Y","10.0","Exact name match","","","","","","","","",""
"dbGuide","dbguide","EXACT","Y","10.0","Exact name match","","","","","","","","",""
"MaGenDB","magendb","EXACT","Y","10.0","Exact name match","","","","","","","","",""
"DOCKGROUND","dockground","EXACT","Y","10.0","Exact name match","","","","","","","","",""
"MyoData","myodata","EXACT","Y","10.0","Exact name match","","","","","","","","",""
"SuperDRUG2","superdrug2","EXACT","Y","10.0","Exact name match","","","","","","","","",""
"PlantTFDB","planttfdb","EXACT","Y","10.0","Exact name match","","","","","","","","",""
"TeroKit","terokit","EXACT","Y","10.0","Exact name match","","","","","","","","",""
"ISOB","isob","EXACT","Y","10.0","Exact name match","","","","","","","","",""
"SkateBase","skatebase","EXACT","Y","10.0","Exact name match","","","","","","","","",""
"dbMPIKT","dbmpikt","EXACT","Y","10.0","Exact name match","","","","","","","","",""
"TIMBAL","timbal","EXACT","Y","10.0","Exact name match","","","","","","","","",""
"Quorumpeps","quorumpeps","EXACT","Y","10.0","Exact name match","","","","","","","","",""
"LeishMicrosatDB","leishmicrosatdb","EXACT","Y","10.0","Exact name match","","","","","","","","",""
"MetazSecKB","metazseckb","EXACT","Y","10.0","Exact name match","","","","","","","","",""
"CANNUSE","cannuse","EXACT","Y","10.0","Exact name match","","","","","","","","",""
"ORchestra","orchestra","EXACT","Y","10.0","Exact name match","","","","","","","","",""
"PIPEMicroDB","pipemicrodb","EXACT","Y","10.0","Exact name match","","","","","","","","",""
"iMITEdb","imitedb","EXACT","Y","10.0","Exact name match","","","","","","","","",""
"RiceFREND","ricefrend","EXACT","Y","10.0","Exact name match","","","","","","","","",""
"GlycoFish","glycofish","EXACT","Y","10.0","Exact name match","","","","","","","","",""
"MarinegenomicsDB","marinegenomicsdb","EXACT","Y","10.0","Exact name match","","","","","","","","",""
"sRNATarBase","srnatarbase","EXACT","Y","10.0","Exact name match","","","","","","","","",""
"H2DB","h2db","EXACT","Y","10.0","Exact name match","","","","","","","","",""
"CSCTT","csctt","EXACT","Y","10.0","Exact name match","","","","","","","","",""
"MtiBase","mtibase","EXACT","Y","10.0","Exact name match","","","","","","","","",""
"PICKLES","pickles","EXACT","Y","10.0","Exact name match","","","","","","","","",""
"Glyco3D","glyco3d","EXACT","Y","10.0","Exact name match","","","","","","","","",""
"dbHDPLS","dbhdpls","EXACT","Y","10.0","Exact name match","","","","","","","","",""
"DOOR","door","EXACT","Y","10.0","Exact name match","","","","","","","","",""
"AnimalLectinDb","animallectindb","EXACT","Y","10.0","Exact name match","","","","","","","","",""
"DOR","dor","EXACT","Y","10.0","Exact name match","","","","","","","","",""
"HuPho","hupho","EXACT","Y","10.0","Exact name match","","","","","","","","",""
"CicArVarDB","cicarvardb","EXACT","Y","10.0","Exact name match","","","","","","","","",""
"AciDB","acidb","EXACT","Y","10.0","Exact name match","","","","","","","","",""
"DLGP","dlgp","EXACT","Y","10.0","Exact name match","","","","","","","","",""
"GAMDB","gamdb","EXACT","Y","10.0","Exact name match","","","","","","","","",""
"LinkProt","linkprot","EXACT","Y","10.0","Exact name match","","","","","","","","",""
"tbvar","tbvar","EXACT","Y","10.0","Exact name match","","","","","","","","",""
"DIACAN","diacan","EXACT","Y","10.0","Exact name match","","","","","","","","",""
"MemMoRF","memmorf","EXACT","Y","10.0","Exact name match","","","","","","","","",""
"LAHEDES","lahedes","EXACT","Y","10.0","Exact name match","","","","","","","","",""
"PolyA_DB","polya_db","EXACT","Y","10.0","Exact name match","","","","","","","","",""
"ApoptoProteomics","apoptoproteomics","EXACT","Y","10.0","Exact name match","","","","","","","","",""
"VTCdb","vtcdb","EXACT","Y","10.0","Exact name match","","","","","","","","",""
"SBMDb","sbmdb","EXACT","Y","10.0","Exact name match","","","","","","","","",""
"FED","fed","EXACT","Y","10.0","Exact name match","","","","","","","","",""
"FLAD","flad","EXACT","Y","10.0","Exact name match","","","","","","","","",""
"ImmReg","immreg","EXACT","Y","10.0","Exact name match","","","","","","","","",""
"aBiofilm","abiofilm","EXACT","Y","10.0","Exact name match","","","","","","","","",""
"ALSoD","alsod","EXACT","Y","10.0","Exact name match","","","","","","","","",""
"DegraBase","degrabase","EXACT","Y","10.0","Exact name match","","","","","","","","",""
"MTCID","mtcid","EXACT","Y","10.0","Exact name match","","","","","","","","",""
"LongevityMap","longevitymap","EXACT","Y","10.0","Exact name match","","","","","","","","",""
"PlantRNA","plantrna","EXACT","Y","10.0","Exact name match","","","","","","","","",""
"FiloBase","filobase","EXACT","Y","10.0","Exact name match","","","","","","","","",""
"CuGenDB","cugendb","EXACT","Y","10.0","Exact name match","","","","","","","","",""
"UbiHub","ubihub","EXACT","Y","10.0","Exact name match","","","","","","","","",""
"PeroxiBase","peroxibase","EXACT","Y","10.0","Exact name match","","","","","","","","",""
"CGDB","cgdb","EXACT","Y","10.0","Exact name match","","","","","","","","",""
"ProtChemSI","protchemsi","EXACT","Y","10.0","Exact name match","","","","","","","","",""
"ImmuCo","immuco","EXACT","Y","10.0","Exact name match","","","","","","","","",""
"BreCAN-DB","brecan-db","EXACT","Y","10.0","Exact name match","","","","","","","","",""
"dbNSFP","dbnsfp","EXACT","Y","10.0","Exact name match","","","","","","","","",""
"PeptiSite","peptisite","EXACT","Y","10.0","Exact name match","","","","","","","","",""
"MutSpliceDB","mutsplicedb","EXACT","Y","10.0","Exact name match","","","","","","","","",""
"dbPSHP","dbpshp","EXACT","Y","10.0","Exact name match","","","","","","","","",""
"SKEMPI","skempi","EXACT","Y","10.0","Exact name match","","","","","","","","",""
"CACG","cacg","EXACT","Y","10.0","Exact name match","","","","","","","","",""
"tRFdb","trfdb","EXACT","Y","10.0","Exact name match","","","","","","","","",""
"CyanoPATH","cyanopath","EXACT","Y","10.0","Exact name match","","","","","","","","",""
"MSV3d","msv3d","EXACT","Y","10.0","Exact name match","","","","","","","","",""
"CamRegBase","camregbase","EXACT","Y","10.0","Exact name match","","","","","","","","",""
"OGRDB","ogrdb","EXACT","Y","10.0","Exact name match","","","","","","","","",""
"RiceSRTFDB","ricesrtfdb","EXACT","Y","10.0","Exact name match","","","","","","","","",""
"PyIgClassify","pyigclassify","EXACT","Y","10.0","Exact name match","","","","","","","","",""
"FermFooDb","fermfoodb","EXACT","Y","10.0","Exact name match","","","","","","","","",""
"TranscriptomeBrowser","transcriptomebrowser","EXACT","Y","10.0","Exact name match","","","","","","","","",""
"Virxicon","virxicon","EXACT","Y","10.0","Exact name match","","","","","","","","",""
"PASS","pass","EXACT","Y","10.0","Exact name match","","","","","","","","",""
"TGV","tgv","EXACT","Y","10.0","Exact name match","","","","","","","","",""
"fIMDb","fimdb","EXACT","Y","10.0","Exact name match","","","","","","","","",""
"ESID","esid","EXACT","Y","10.0","Exact name match","","","","","","","","",""
"eTOX","etox","EXACT","Y","10.0","Exact name match","","","","","","","","",""
"PlantCAZyme","plantcazyme","EXACT","Y","10.0","Exact name match","","","","","","","","",""
"PSCRIdb","pscridb","EXACT","Y","10.0","Exact name match","","","","","","","","",""
"CTCFBSDB","ctcfbsdb","EXACT","Y","10.0","Exact name match","","","","","","","","",""
"PROXiMATE","proximate","EXACT","Y","10.0","Exact name match","","","","","","","","",""
"IntronDB","introndb","EXACT","Y","10.0","Exact name match","","","","","","","","",""
"InsectBase","insectbase","EXACT","Y","10.0","Exact name match","","","","","","","","",""
"5SRNAdb","5srnadb","EXACT","Y","10.0","Exact name match","","","","","","","","",""
"FusoBase","fusobase","EXACT","Y","10.0","Exact name match","","","","","","","","",""
"TrypsNetDB","trypsnetdb","EXACT","Y","10.0","Exact name match","","","","","","","","",""
"InSexBase","insexbase","EXACT","Y","10.0","Exact name match","","","","","","","","",""
"AromaDb","aromadb","EXACT","Y","10.0","Exact name match","","","","","","","","",""
"LSHGD","lshgd","EXACT","Y","10.0","Exact name match","","","","","","","","",""
"AppleMDO","applemdo","EXACT","Y","10.0","Exact name match","","","","","","","","",""
"DDTRP","ddtrp","EXACT","Y","10.0","Exact name match","","","","","","","","",""
"ProPortal","proportal","EXACT","Y","10.0","Exact name match","","","","","","","","",""
"DBTFLC","dbtflc","EXACT","Y","10.0","Exact name match","","","","","","","","",""
"A2MDB","a2mdb","EXACT","Y","10.0","Exact name match","","","","","","","","",""
"CytReD","cytred","EXACT","Y","10.0","Exact name match","","","","","","","","",""
"IDPM","idpm","EXACT","Y","10.0","Exact name match","","","","","","","","",""
"PhytoTypeDB","phytotypedb","EXACT","Y","10.0","Exact name match","","","","","","","","",""
"PolysacDB","polysacdb","EXACT","Y","10.0","Exact name match","","","","","","","","",""
"CREDO","credo","EXACT","Y","10.0","Exact name match","","","","","","","","",""
"LigandBox","ligandbox","EXACT","Y","10.0","Exact name match","","","","","","","","",""
"chewie-NS","chewie-ns","EXACT","Y","10.0","Exact name match","","","","","","","","",""
"XDB","xdb","EXACT","Y","10.0","Exact name match","","","","","","","","",""
"ProPepper","propepper","EXACT","Y","10.0","Exact name match","","","","","","","","",""
"UNcleProt","uncleprot","EXACT","Y","10.0","Exact name match","","","","","","","","",""
"GenoBase","genobase","EXACT","Y","10.0","Exact name match","","","","","","","","",""
"BloodChIP","bloodchip","EXACT","Y","10.0","Exact name match","","","","","","","","",""
"PhenoPlasm","phenoplasm","EXACT","Y","10.0","Exact name match","","","","","","","","",""
"PvTFDB","pvtfdb","EXACT","Y","10.0","Exact name match","","","","","","","","",""
"3DFlu","3dflu","EXACT","Y","10.0","Exact name match","","","","","","","","",""
"AlloMAPS","allomaps","EXACT","Y","10.0","Exact name match","","","","","","","","",""
"riboCIRC","ribocirc","EXACT","Y","10.0","Exact name match","","","","","","","","",""
"PLSDB","plsdb","EXACT","Y","10.0","Exact name match","","","","","","","","",""
"GlycoMob","glycomob","EXACT","Y","10.0","Exact name match","","","","","","","","",""
"TTRMDB","ttrmdb","EXACT","Y","10.0","Exact name match","","","","","","","","",""
"MPSBase","mpsbase","EXACT","Y","10.0","Exact name match","","","","","","","","",""
"SWITCHES","switches","EXACT","Y","10.0","Exact name match","","","","","","","","",""
"MetaTropismDB","metatropismdb","EXACT","Y","10.0","Exact name match","","","","","","","","",""
"MicRhoDE","micrhode","EXACT","Y","10.0","Exact name match","","","","","","","","",""
"APMicroDB","apmicrodb","EXACT","Y","10.0","Exact name match","","","","","","","","",""
"ASD","asd","EXACT","Y","10.0","Exact name match","","","","","","","","",""
"NipahVR","nipahvr","EXACT","Y","10.0","Exact name match","","","","","","","","",""
"Polytraits","polytraits","EXACT","Y","10.0","Exact name match","","","","","","","","",""
"AURA","aura","EXACT","Y","10.0","Exact name match","","","","","","","","",""
"VPDB","vpdb","EXACT","Y","10.0","Exact name match","","","","","","","","",""
"DruGeVar","drugevar","EXACT","Y","10.0","Exact name match","","","","","","","","",""
"HGV&TB","hgv&tb","EXACT","Y","10.0","Exact name match","","","","","","","","",""
"PRIDE","pride","EXACT","Y","10.0","Exact name match","","","","","","","","",""
"MVsCarta","mvscarta","EXACT","Y","10.0","Exact name match","","","","","","","","",""
"Circ2Traits","circ2traits","EXACT","Y","10.0","Exact name match","","","","","","","","",""
"BIND","bind","EXACT","Y","10.0","Exact name match","","","","","","","","",""
"MetaNetX","metanetx","EXACT","Y","10.0","Exact name match","","","","","","","","",""
"RNAiAtlas","rnaiatlas","EXACT","Y","10.0","Exact name match","","","","","","","","",""
"GeneTack","genetack","EXACT","Y","10.0","Exact name match","","","","","","","","",""
"WheatGenome.info","wheatgenome.info","EXACT","Y","10.0","Exact name match","","","","","","","","",""
"PedsDTI","pedsdti","EXACT","Y","10.0","Exact name match","","","","","","","","",""
"MedPServer","medpserver","EXACT","Y","10.0","Exact name match","","","","","","","","",""
"COINS","coins","EXACT","Y","10.0","Exact name match","","","","","","","","",""
"seeQTL","seeqtl","EXACT","Y","10.0","Exact name match","","","","","","","","",""
"IPGB","ipgb","EXACT","Y","10.0","Exact name match","","","","","","","","",""
"RetroRules","retrorules","EXACT","Y","10.0","Exact name match","","","","","","","","",""
"Hipposeq","hipposeq","EXACT","Y","10.0","Exact name match","","","","","","","","",""
"Hepitopes","hepitopes","EXACT","Y","10.0","Exact name match","","","","","","","","",""
"PMP","pmp","EXACT","Y","10.0","Exact name match","","","","","","","","",""
"DistiLD","distild","EXACT","Y","10.0","Exact name match","","","","","","","","",""
"Islander","islander","EXACT","Y","10.0","Exact name match","","","","","","","","",""
"IKMC","ikmc","EXACT","Y","10.0","Exact name match","","","","","","","","",""
"H2V","h2v","EXACT","Y","10.0","Exact name match","","","","","","","","",""
"TOMATOMET","tomatomet","EXACT","Y","10.0","Exact name match","","","","","","","","",""
"OAS","oas","EXACT","Y","10.0","Exact name match","","","","","","","","",""
"CRN","crn","EXACT","Y","10.0","Exact name match","","","","","","","","",""
"REGULATOR","regulator","EXACT","Y","10.0","Exact name match","","","","","","","","",""
"PIP-DB","pip-db","EXACT","Y","10.0","Exact name match","","","","","","","","",""
"RAP-DB","rap-db","EXACT","Y","10.0","Exact name match","","","","","","","","",""
"eGOB","egob","EXACT","Y","10.0","Exact name match","","","","","","","","",""
"NEU-GD","neu-gd","EXACT","Y","10.0","Exact name match","","","","","","","","",""
"PaVE","pave","EXACT","Y","10.0","Exact name match","","","","","","","","",""
"PODB","podb","EXACT","Y","10.0","Exact name match","","","","","","","","",""
"CytomegaloVirusDb","cytomegalovirusdb","EXACT","Y","10.0","Exact name match","","","","","","","","",""
"GeneWeaver","geneweaver","EXACT","Y","10.0","Exact name match","","","","","","","","",""
"PolyASite","polyasite","EXACT","Y","10.0","Exact name match","","","","","","","","",""
"DSLD","dsld","EXACT","Y","10.0","Exact name match","","","","","","","","",""
"CrossTope","crosstope","EXACT","Y","10.0","Exact name match","","","","","","","","",""
"HeartBioPortal","heartbioportal","EXACT","Y","10.0","Exact name match","","","","","","","","",""
"RiDs db","rids db","EXACT","Y","10.0","Exact name match","","","","","","","","",""
"SoyProDB","soyprodb","EXACT","Y","10.0","Exact name match","","","","","","","","",""
"RID","rid","EXACT","Y","10.0","Exact name match","","","","","","","","",""
"BioHub","biohub","EXACT","Y","10.0","Exact name match","","","","","","","","",""
"MnM","mnm","EXACT","Y","10.0","Exact name match","","","","","","","","",""
"tRic","tric","EXACT","Y","10.0","Exact name match","","","","","","","","",""
"SuperPain","superpain","EXACT","Y","10.0","Exact name match","","","","","","","","",""
"OncomiRDB","oncomirdb","EXACT","Y","10.0","Exact name match","","","","","","","","",""
"O-GlcNAcAtlas","o-glcnacatlas","EXACT","Y","10.0","Exact name match","","","","","","","","",""
"Actinobase","actinobase","EXACT","Y","10.0","Exact name match","","","","","","","","",""
"BACTOME","bactome","EXACT","Y","10.0","Exact name match","","","","","","","","",""
"AlliumMap","alliummap","EXACT","Y","10.0","Exact name match","","","","","","","","",""
"TGD","tgd","EXACT","Y","10.0","Exact name match","","","","","","","","",""
"TGRD","tgrd","EXACT","Y","10.0","Exact name match","","","","","","","","",""
"OPD","opd","EXACT","Y","10.0","Exact name match","","","","","","","","",""
"ProbOnto","probonto","EXACT","Y","10.0","Exact name match","","","","","","","","",""
"ILISI","ilisi","EXACT","Y","10.0","Exact name match","","","","","","","","",""
"BiodEnz","biodenz","EXACT","Y","10.0","Exact name match","","","","","","","","",""
"ORDER","order","EXACT","Y","10.0","Exact name match","","","","","","","","",""
"AAIR","aair","EXACT","Y","10.0","Exact name match","","","","","","","","",""
"SMBP","smbp","EXACT","Y","10.0","Exact name match","","","","","","","","",""
"PTM-SD","ptm-sd","EXACT","Y","10.0","Exact name match","","","","","","","","",""
"HFMDB","hfmdb","EXACT","Y","10.0","Exact name match","","","","","","","","",""
"TissueCoCoPUTs","tissuecocoputs","EXACT","Y","10.0","Exact name match","","","","","","","","",""
"hmChIP","hmchip","EXACT","Y","10.0","Exact name match","","","","","","","","",""
"NABIC","nabic","EXACT","Y","10.0","Exact name match","","","","","","","","",""
"ppdb","ppdb","EXACT","Y","10.0","Exact name match","","","","","","","","",""
"DAA","daa","EXACT","Y","10.0","Exact name match","","","","","","","","",""
"sc-PDB","sc-pdb","EXACT","Y","10.0","Exact name match","","","","","","","","",""
"RCSB PDB","rcsb pdb","EXACT","Y","10.0","Exact name match","","","","","","","","",""
"MTB-PCDB","mtb-pcdb","EXACT","Y","10.0","Exact name match","","","","","","","","",""
"SABIO-RK","sabio-rk","EXACT","Y","10.0","Exact name match","","","","","","","","",""
"D-PLACE","d-place","EXACT","Y","10.0","Exact name match","","","","","","","","",""
"Immu-Mela","immu-mela","EXACT","Y","10.0","Exact name match","","","","","","","","",""
"PCoM-DB","pcom-db","EXACT","Y","10.0","Exact name match","","","","","","","","",""
"HETOP","hetop","EXACT","Y","10.0","Exact name match","","","","","","","","",""
"FlyXCDB","flyxcdb","EXACT","Y","10.0","Exact name match","","","","","","","","",""
"BIRS","birs","EXACT","Y","10.0","Exact name match","","","","","","","","",""
"CRCDA","crcda","EXACT","Y","10.0","Exact name match","","","","","","","","",""
"R-loopDB","r-loopdb","EXACT","Y","10.0","Exact name match","","","","","","","","",""
"PROTAC-DB","protac-db","EXACT","Y","10.0","Exact name match","","","","","","","","",""
"SANDchild","sandchild","EXACT","Y","10.0","Exact name match","","","","","","","","",""
"ASL-LEX","asl-lex","EXACT","Y","10.0","Exact name match","","","","","","","","",""
"HIVoligoDB","hivoligodb","EXACT","Y","10.0","Exact name match","","","","","","","","",""
"PEN","pen","EXACT","Y","10.0","Exact name match","","","","","","","","",""
"PCD","pcd","EXACT","Y","10.0","Exact name match","","","","","","","","",""
"tropiTree","tropitree","EXACT","Y","10.0","Exact name match","","","","","","","","",""
"FreeSolv","freesolv","EXACT","Y","10.0","Exact name match","","","","","","","","",""
"PPD","ppd","EXACT","Y","10.0","Exact name match","","","","","","","","",""
"MIK","mik","EXACT","Y","10.0","Exact name match","","","","","","","","",""
"Planform","planform","EXACT","Y","10.0","Exact name match","","","","","","","","",""
"ScerTF","scertf","EXACT","Y","10.0","Exact name match","","","","","","","","",""
"SWMD","swmd","EXACT","Y","10.0","Exact name match","","","","","","","","",""
"CMPD","cmpd","EXACT","Y","10.0","Exact name match","","","","","","","","",""
"GVM","gvm","EXACT","Y","10.0","Exact name match","","","","","","","","",""
"CancerMine","cancermine","EXACT","Y","10.0","Exact name match","","","","","","","","",""
"PepTherDia","peptherdia","EXACT","Y","10.0","Exact name match","","","","","","","","",""
"MetSRR","metsrr","EXACT","Y","10.0","Exact name match","","","","","","","","",""
"BBGRE","bbgre","EXACT","Y","10.0","Exact name match","","","","","","","","",""
"CCGD","ccgd","EXACT","Y","10.0","Exact name match","","","","","","","","",""
"COMMODE","commode","EXACT","Y","10.0","Exact name match","","","","","","","","",""
"FSD","fsd","EXACT","Y","10.0","Exact name match","","","","","","","","",""
"Membranome","membranome","EXACT","Y","10.0","Exact name match","","","","","","","","",""
"CPGR","cpgr","EXACT","Y","10.0","Exact name match","","","","","","","","",""
"yStreX","ystrex","EXACT","Y","10.0","Exact name match","","","","","","","","",""
"HeteroGenome","heterogenome","EXACT","Y","10.0","Exact name match","","","","","","","","",""
"RDIS","rdis","EXACT","Y","10.0","Exact name match","","","","","","","","",""
"PDIR","pdir","EXACT","Y","10.0","Exact name match","","","","","","","","",""
"PCPD","pcpd","EXACT","Y","10.0","Exact name match","","","","","","","","",""
"CMAP","cmap","EXACT","Y","10.0","Exact name match","","","","","","","","",""
"TeaMiD","teamid","EXACT","Y","10.0","Exact name match","","","","","","","","",""
"CoxBase","coxbase","EXACT","Y","10.0","Exact name match","","","","","","","","",""
"ANISEED","aniseed","EXACT","Y","10.0","Exact name match","","","","","","","","",""
"CSF-PR","csf-pr","EXACT","Y","10.0","Exact name match","","","","","","","","",""
"TiPs","tips","EXACT","Y","10.0","Exact name match","","","","","","","","",""
"studyforrest","studyforrest","EXACT","Y","10.0","Exact name match","","","","","","","","",""
"DIPPER","dipper","EXACT","Y","10.0","Exact name match","","","","","","","","",""
"Araport","araport","EXACT","Y","10.0","Exact name match","","","","","","","","",""
"VIETHERB","vietherb","EXACT","Y","10.0","Exact name match","","","","","","","","",""
"miRmine","mirmine","EXACT","Y","10.0","Exact name match","","","","","","","","",""
"ZikaBase","zikabase","EXACT","Y","10.0","Exact name match","","","","","","","","",""
"HAGR","hagr","EXACT","Y","10.0","Exact name match","","","","","","","","",""
"SweGen","swegen","EXACT","Y","10.0","Exact name match","","","","","","","","",""
"MEGALEX","megalex","EXACT","Y","10.0","Exact name match","","","","","","","","",""
"DKK","dkk","EXACT","Y","10.0","Exact name match","","","","","","","","",""
"ChromoHub","chromohub","EXACT","Y","10.0","Exact name match","","","","","","","","",""
"ERISdb","erisdb","EXACT","Y","10.0","Exact name match","","","","","","","","",""
"TPIA","tpia","EXACT","Y","10.0","Exact name match","","","","","","","","",""
"GlycoGAIT","glycogait","EXACT","Y","10.0","Exact name match","","","","","","","","",""
"MassBase","massbase","EXACT","Y","10.0","Exact name match","","","","","","","","",""
"HaloDom","halodom","EXACT","Y","10.0","Exact name match","","","","","","","","",""
"RNASeqMetaDB","rnaseqmetadb","EXACT","Y","10.0","Exact name match","","","","","","","","",""
"Transformer","transformer","EXACT","Y","10.0","Exact name match","","","","","","","","",""
"AraPath","arapath","EXACT","Y","10.0","Exact name match","","","","","","","","",""
"PHI-base","phi-base","EXACT","Y","10.0","Exact name match","","","","","","","","",""
"TISSUES","tissues","EXACT","Y","10.0","Exact name match","","","","","","","","",""
"CellMinerHCC","cellminerhcc","EXACT","Y","10.0","Exact name match","","","","","","","","",""
"SCNProDB","scnprodb","EXACT","Y","10.0","Exact name match","","","","","","","","",""
"FRED","fred","EXACT","Y","10.0","Exact name match","","","","","","","","",""
"Traitpedia","traitpedia","EXACT","Y","10.0","Exact name match","","","","","","","","",""
"ThalInd","thalind","EXACT","Y","10.0","Exact name match","","","","","","","","",""
"RDP","rdp","EXACT","Y","10.0","Exact name match","","","","","","","","",""
"ExED","exed","EXACT","Y","10.0","Exact name match","","","","","","","","",""
"TIN","tin","EXACT","Y","10.0","Exact name match","","","","","","","","",""
"dbAARD","dbaard","EXACT","Y","10.0","Exact name match","","","","","","","","",""
"CZRC","czrc","EXACT","Y","10.0","Exact name match","","","","","","","","",""
"Diat.barcode","diat.barcode","EXACT","Y","10.0","Exact name match","","","","","","","","",""
"jPOST","jpost","EXACT","Y","10.0","Exact name match","","","","","","","","",""
"ClusterMine360","clustermine360","EXACT","Y","10.0","Exact name match","","","","","","","","",""
"ProCaff","procaff","EXACT","Y","10.0","Exact name match","","","","","","","","",""
"ChIPprimersDB","chipprimersdb","EXACT","Y","10.0","Exact name match","","","","","","","","",""
"LAND-deFeND","land-defend","EXACT","Y","10.0","Exact name match","","","","","","","","",""
"DaiCee","daicee","EXACT","Y","10.0","Exact name match","","","","","","","","",""
"WheatExp","wheatexp","EXACT","Y","10.0","Exact name match","","","","","","","","",""
"NDB","ndb","EXACT","Y","10.0","Exact name match","","","","","","","","",""
"StimulStat","stimulstat","EXACT","Y","10.0","Exact name match","","","","","","","","",""
"MICdb","micdb","EXACT","Y","10.0","Exact name match","","","","","","","","",""
"ProtDataTherm","protdatatherm","EXACT","Y","10.0","Exact name match","","","","","","","","",""
"MemProtMD","memprotmd","EXACT","Y","10.0","Exact name match","","","","","","","","",""
"TUMIR","tumir","EXACT","Y","10.0","Exact name match","","","","","","","","",""
"CSDB","csdb","EXACT","Y","10.0","Exact name match","","","","","","","","",""
"realDB","realdb","EXACT","Y","10.0","Exact name match","","","","","","","","",""
"ArthropodaCyc","arthropodacyc","EXACT","Y","10.0","Exact name match","","","","","","","","",""
"PREDICTS","predicts","EXACT","Y","10.0","Exact name match","","","","","","","","",""
"VaDE","vade","EXACT","Y","10.0","Exact name match","","","","","","","","",""
"PedAM","pedam","EXACT","Y","10.0","Exact name match","","","","","","","","",""
"lncRNAMap","lncrnamap","EXACT","Y","10.0","Exact name match","","","","","","","","",""
"IGFmdb","igfmdb","EXACT","Y","10.0","Exact name match","","","","","","","","",""
"MorusDB","morusdb","EXACT","Y","10.0","Exact name match","","","","","","","","",""
"RATEmiRs","ratemirs","EXACT","Y","10.0","Exact name match","","","","","","","","",""
"CrusTF","crustf","EXACT","Y","10.0","Exact name match","","","","","","","","",""
"mPPI","mppi","EXACT","Y","10.0","Exact name match","","","","","","","","",""
"OMIM","omim","EXACT","Y","10.0","Exact name match","","","","","","","","",""
"ICEberg","iceberg","EXACT","Y","10.0","Exact name match","","","","","","","","",""
"microPIR","micropir","EXACT","Y","10.0","Exact name match","","","","","","","","",""
"BETA","beta","EXACT","Y","10.0","Exact name match","","","","","","","","",""
"DNASU","dnasu","EXACT","Y","10.0","Exact name match","","","","","","","","",""
"OmniPath","omnipath","EXACT","Y","10.0","Exact name match","","","","","","","","",""
"GeneLab","genelab","EXACT","Y","10.0","Exact name match","","","","","","","","",""
"ALTB","altb","EXACT","Y","10.0","Exact name match","","","","","","","","",""
"BiomeNet","biomenet","EXACT","Y","10.0","Exact name match","","","","","","","","",""
"HumGut","humgut","EXACT","Y","10.0","Exact name match","","","","","","","","",""
"PKKB","pkkb","EXACT","Y","10.0","Exact name match","","","","","","","","",""
"RegNetwork","regnetwork","EXACT","Y","10.0","Exact name match","","","","","","","","",""
"Ferretome","ferretome","EXACT","Y","10.0","Exact name match","","","","","","","","",""
"OrthoInspector","orthoinspector","EXACT","Y","10.0","Exact name match","","","","","","","","",""
"RefEx","refex","EXACT","Y","10.0","Exact name match","","","","","","","","",""
"DREAM","dream","EXACT","Y","10.0","Exact name match","","","","","","","","",""
"WallProtDB","wallprotdb","EXACT","Y","10.0","Exact name match","","","","","","","","",""
"PubChem","pubchem","EXACT","Y","10.0","Exact name match","","","","","","","","",""
"ATdb","atdb","EXACT","Y","10.0","Exact name match","","","","","","","","",""
"BDB","bdb","EXACT","Y","10.0","Exact name match","","","","","","","","",""
"Allie","allie","EXACT","Y","10.0","Exact name match","","","","","","","","",""
"PSMD","psmd","EXACT","Y","10.0","Exact name match","","","","","","","","",""
"T2D@ZJU","t2d@zju","EXACT","Y","10.0","Exact name match","","","","","","","","",""
"SignaFish","signafish","EXACT","Y","10.0","Exact name match","","","","","","","","",""
"SilkDB","silkdb","EXACT","Y","10.0","Exact name match","","","","","","","","",""
"ESTHER","esther","EXACT","Y","10.0","Exact name match","","","","","","","","",""
"CLEARPOND","clearpond","EXACT","Y","10.0","Exact name match","","","","","","","","",""
"SwissLipids","swisslipids","EXACT","Y","10.0","Exact name match","","","","","","","","",""
"TarDB","tardb","EXACT","Y","10.0","Exact name match","","","","","","","","",""
"miRStress","mirstress","EXACT","Y","10.0","Exact name match","","","","","","","","",""
"HumanNet","humannet","EXACT","Y","10.0","Exact name match","","","","","","","","",""
"POSTAR","postar","EXACT","Y","10.0","Exact name match","","","","","","","","",""
"HbVar","hbvar","EXACT","Y","10.0","Exact name match","","","","","","","","",""
"BARD","bard","EXACT","Y","10.0","Exact name match","","","","","","","","",""
"CicerTransDB","cicertransdb","EXACT","Y","10.0","Exact name match","","","","","","","","",""
"Chickspress","chickspress","EXACT","Y","10.0","Exact name match","","","","","","","","",""
"PrionHome","prionhome","EXACT","Y","10.0","Exact name match","","","","","","","","",""
"OMA","oma","EXACT","Y","10.0","Exact name match","","","","","","","","",""
"JASPAR","jaspar","EXACT","Y","10.0","Exact name match","","","","","","","","",""
"Tfcancer","tfcancer","EXACT","Y","10.0","Exact name match","","","","","","","","",""
"YeastNet","yeastnet","EXACT","Y","10.0","Exact name match","","","","","","","","",""
"Drug2Gene","drug2gene","EXACT","Y","10.0","Exact name match","","","","","","","","",""
"MASiVEdb","masivedb","EXACT","Y","10.0","Exact name match","","","","","","","","",""
"EffectiveDB","effectivedb","EXACT","Y","10.0","Exact name match","","","","","","","","",""
"MFIB","mfib","EXACT","Y","10.0","Exact name match","","","","","","","","",""
"INOH","inoh","EXACT","Y","10.0","Exact name match","","","","","","","","",""
"TarNet","tarnet","EXACT","Y","10.0","Exact name match","","","","","","","","",""
"PDBbind","pdbbind","EXACT","Y","10.0","Exact name match","","","","","","","","",""
"MYCbase","mycbase","EXACT","Y","10.0","Exact name match","","","","","","","","",""
"ClearedLeavesDB","clearedleavesdb","EXACT","Y","10.0","Exact name match","","","","","","","","",""
"dbDSM","dbdsm","EXACT","Y","10.0","Exact name match","","","","","","","","",""
"CVDHD","cvdhd","EXACT","Y","10.0","Exact name match","","","","","","","","",""
"EWAS Atlas","ewas atlas","EXACT","Y","10.0","Exact name match","","","","","","","","",""
"PaGenBase","pagenbase","EXACT","Y","10.0","Exact name match","","","","","","","","",""
"Wikidata","wikidata","EXACT","Y","10.0","Exact name match","","","","","","","","",""
"PCMdb","pcmdb","EXACT","Y","10.0","Exact name match","","","","","","","","",""
"NURBS","nurbs","EXACT","Y","10.0","Exact name match","","","","","","","","",""
"DSigDB","dsigdb","EXACT","Y","10.0","Exact name match","","","","","","","","",""
"VitiVar","vitivar","EXACT","Y","10.0","Exact name match","","","","","","","","",""
"Peryton","peryton","EXACT","Y","10.0","Exact name match","","","","","","","","",""
"PlaD","plad","EXACT","Y","10.0","Exact name match","","","","","","","","",""
"TeaCoN","teacon","EXACT","Y","10.0","Exact name match","","","","","","","","",""
"Stress2TF","stress2tf","EXACT","Y","10.0","Exact name match","","","","","","","","",""
"SynBioHub","synbiohub","EXACT","Y","10.0","Exact name match","","","","","","","","",""
"HCVpro","hcvpro","EXACT","Y","10.0","Exact name match","","","","","","","","",""
"WholeCellKB","wholecellkb","EXACT","Y","10.0","Exact name match","","","","","","","","",""
"DBSecSys","dbsecsys","EXACT","Y","10.0","Exact name match","","","","","","","","",""
"PASmiR","pasmir","EXACT","Y","10.0","Exact name match","","","","","","","","",""
"DIBS","dibs","EXACT","Y","10.0","Exact name match","","","","","","","","",""
"MK4MDD","mk4mdd","EXACT","Y","10.0","Exact name match","","","","","","","","",""
"SurvExpress","survexpress","EXACT","Y","10.0","Exact name match","","","","","","","","",""
"SACPD","sacpd","EXACT","Y","10.0","Exact name match","","","","","","","","",""
"SFGD","sfgd","EXACT","Y","10.0","Exact name match","","","","","","","","",""
"CarrotDB","carrotdb","EXACT","Y","10.0","Exact name match","","","","","","","","",""
"EcoliWiki","ecoliwiki","EXACT","Y","10.0","Exact name match","","","","","","","","",""
"miRandb","mirandb","EXACT","Y","10.0","Exact name match","","","","","","","","",""
"DemaDb","demadb","EXACT","Y","10.0","Exact name match","","","","","","","","",""
"StemCellCKB","stemcellckb","EXACT","Y","10.0","Exact name match","","","","","","","","",""
"ASDB","asdb","EXACT","Y","10.0","Exact name match","","","","","","","","",""
"PPTdb","pptdb","EXACT","Y","10.0","Exact name match","","","","","","","","",""
"MaizeMine","maizemine","EXACT","Y","10.0","Exact name match","","","","","","","","",""
"NeuroPep","neuropep","EXACT","Y","10.0","Exact name match","","","","","","","","",""
"EpimiR","epimir","EXACT","Y","10.0","Exact name match","","","","","","","","",""
"APASdb","apasdb","EXACT","Y","10.0","Exact name match","","","","","","","","",""
"CNVD","cnvd","EXACT","Y","10.0","Exact name match","","","","","","","","",""
"CHD@ZJU","chd@zju","EXACT","Y","10.0","Exact name match","","","","","","","","",""
"TSdb","tsdb","EXACT","Y","10.0","Exact name match","","","","","","","","",""
"mUbiSiDa","mubisida","EXACT","Y","10.0","Exact name match","","","","","","","","",""
"3did","3did","EXACT","Y","10.0","Exact name match","","","","","","","","",""
"ncRPheno","ncrpheno","EXACT","Y","10.0","Exact name match","","","","","","","","",""
"ProtaBank","protabank","EXACT","Y","10.0","Exact name match","","","","","","","","",""
"PheMaDB","phemadb","EXACT","Y","10.0","Exact name match","","","","","","","","",""
"MitoMiner","mitominer","EXACT","Y","10.0","Exact name match","","","","","","","","",""
"DGA","dga","EXACT","Y","10.0","Exact name match","","","","","","","","",""
"MCDB","mcdb","EXACT","Y","10.0","Exact name match","","","","","","","","",""
"TRRUST","trrust","EXACT","Y","10.0","Exact name match","","","","","","","","",""
"IC4R","ic4r","EXACT","Y","10.0","Exact name match","","","","","","","","",""
"YARG","yarg","EXACT","Y","10.0","Exact name match","","","","","","","","",""
"DescribePROT","describeprot","EXACT","Y","10.0","Exact name match","","","","","","","","",""
"AYbRAH","aybrah","EXACT","Y","10.0","Exact name match","","","","","","","","",""
"OrthoDB","orthodb","EXACT","Y","10.0","Exact name match","","","","","","","","",""
"EmExplorer","emexplorer","EXACT","Y","10.0","Exact name match","","","","","","","","",""
"CKTTD","ckttd","EXACT","Y","10.0","Exact name match","","","","","","","","",""
"FluReassort","flureassort","EXACT","Y","10.0","Exact name match","","","","","","","","",""
"MRPrimerV","mrprimerv","EXACT","Y","10.0","Exact name match","","","","","","","","",""
"miRBase","mirbase","EXACT","Y","10.0","Exact name match","","","","","","","","",""
"AgAbDb","agabdb","EXACT","Y","10.0","Exact name match","","","","","","","","",""
"VigGS","viggs","EXACT","Y","10.0","Exact name match","","","","","","","","",""
"PhIN","phin","EXACT","Y","10.0","Exact name match","","","","","","","","",""
"BCCTBbp","bcctbbp","EXACT","Y","10.0","Exact name match","","","","","","","","",""
"iProX","iprox","EXACT","Y","10.0","Exact name match","","","","","","","","",""
"IQdb","iqdb","EXACT","Y","10.0","Exact name match","","","","","","","","",""
"LncAS2Cancer","lncas2cancer","EXACT","Y","10.0","Exact name match","","","","","","","","",""
"TSGene","tsgene","EXACT","Y","10.0","Exact name match","","","","","","","","",""
"BRAINS","brains","EXACT","Y","10.0","Exact name match","","","","","","","","",""
"SyntDB","syntdb","EXACT","Y","10.0","Exact name match","","","","","","","","",""
"SVAD","svad","EXACT","Y","10.0","Exact name match","","","","","","","","",""
"VariBench","varibench","EXACT","Y","10.0","Exact name match","","","","","","","","",""
"HitPredict","hitpredict","EXACT","Y","10.0","Exact name match","","","","","","","","",""
"Pedican","pedican","EXACT","Y","10.0","Exact name match","","","","","","","","",""
"LabeledIn","labeledin","EXACT","Y","10.0","Exact name match","","","","","","","","",""
"miRCarta","mircarta","EXACT","Y","10.0","Exact name match","","","","","","","","",""
"PGMD","pgmd","EXACT","Y","10.0","Exact name match","","","","","","","","",""
"HIGDB","higdb","EXACT","Y","10.0","Exact name match","","","","","","","","",""
"Polbase","polbase","EXACT","Y","10.0","Exact name match","","","","","","","","",""
"CDD","cdd","EXACT","Y","10.0","Exact name match","","","","","","","","",""
"Genome3D","genome3d","EXACT","Y","10.0","Exact name match","","","","","","","","",""
"LncSEA","lncsea","EXACT","Y","10.0","Exact name match","","","","","","","","",""
"GEneSTATION","genestation","EXACT","Y","10.0","Exact name match","","","","","","","","",""
"OGP","ogp","EXACT","Y","10.0","Exact name match","","","","","","","","",""
"YADAMP","yadamp","EXACT","Y","10.0","Exact name match","","","","","","","","",""
"Ensembl","ensembl","EXACT","Y","10.0","Exact name match","","","","","","","","",""
"PGG.Han","pgg.han","EXACT","Y","10.0","Exact name match","","","","","","","","",""
"DNAmod","dnamod","EXACT","Y","10.0","Exact name match","","","","","","","","",""
"PRIMOS","primos","EXACT","Y","10.0","Exact name match","","","","","","","","",""
"TBC2target","tbc2target","EXACT","Y","10.0","Exact name match","","","","","","","","",""
"MPD","mpd","EXACT","Y","10.0","Exact name match","","","","","","","","",""
"IMPPAT","imppat","EXACT","Y","10.0","Exact name match","","","","","","","","",""
"CancerDR","cancerdr","EXACT","Y","10.0","Exact name match","","","","","","","","",""
"M6ADD","m6add","EXACT","Y","10.0","Exact name match","","","","","","","","",""
"DoriC","doric","EXACT","Y","10.0","Exact name match","","","","","","","","",""
"CancerPDF","cancerpdf","EXACT","Y","10.0","Exact name match","","","","","","","","",""
"ccPDB","ccpdb","EXACT","Y","10.0","Exact name match","","","","","","","","",""
"HAMdb","hamdb","EXACT","Y","10.0","Exact name match","","","","","","","","",""
"FragariaCyc","fragariacyc","EXACT","Y","10.0","Exact name match","","","","","","","","",""
"DrugSpaceX","drugspacex","EXACT","Y","10.0","Exact name match","","","","","","","","",""
"PoplarGene","poplargene","EXACT","Y","10.0","Exact name match","","","","","","","","",""
"EuPathDB","eupathdb","EXACT","Y","10.0","Exact name match","","","","","","","","",""
"IRBAS","irbas","EXACT","Y","10.0","Exact name match","","","","","","","","",""
"CerealsDB","cerealsdb","EXACT","Y","10.0","Exact name match","","","","","","","","",""
"MethBank","methbank","EXACT","Y","10.0","Exact name match","","","","","","","","",""
"TBC2health","tbc2health","EXACT","Y","10.0","Exact name match","","","","","","","","",""
"DNetDB","dnetdb","EXACT","Y","10.0","Exact name match","","","","","","","","",""
"SEdb","sedb","EXACT","Y","10.0","Exact name match","","","","","","","","",""
"PreDREM","predrem","EXACT","Y","10.0","Exact name match","","","","","","","","",""
"ATLAS","atlas","EXACT","Y","10.0","Exact name match","","","","","","","","",""
"SANCDB","sancdb","EXACT","Y","10.0","Exact name match","","","","","","","","",""
"Lnc2Cancer","lnc2cancer","EXACT","Y","10.0","Exact name match","","","","","","","","",""
"SMAL","smal","EXACT","Y","10.0","Exact name match","","","","","","","","",""
"NGSmethDB","ngsmethdb","EXACT","Y","10.0","Exact name match","","","","","","","","",""
"dbHCCvar","dbhccvar","EXACT","Y","10.0","Exact name match","","","","","","","","",""
"alfaNET","alfanet","EXACT","Y","10.0","Exact name match","","","","","","","","",""
"iPTMnet","iptmnet","EXACT","Y","10.0","Exact name match","","","","","","","","",""
"ChEpiMod","chepimod","EXACT","Y","10.0","Exact name match","","","","","","","","",""
"mESAdb","mesadb","EXACT","Y","10.0","Exact name match","","","","","","","","",""
"SNObase","snobase","EXACT","Y","10.0","Exact name match","","","","","","","","",""
"PlantPAN","plantpan","EXACT","Y","10.0","Exact name match","","","","","","","","",""
"ProGlycProt","proglycprot","EXACT","Y","10.0","Exact name match","","","","","","","","",""
"LitCovid","litcovid","EXACT","Y","10.0","Exact name match","","","","","","","","",""
"RadishBase","radishbase","EXACT","Y","10.0","Exact name match","","","","","","","","",""
"MESOCOSM","mesocosm","EXACT","Y","10.0","Exact name match","","","","","","","","",""
"SIDD","sidd","EXACT","Y","10.0","Exact name match","","","","","","","","",""
"FuzDB","fuzdb","EXACT","Y","10.0","Exact name match","","","","","","","","",""
"CancerHSP","cancerhsp","EXACT","Y","10.0","Exact name match","","","","","","","","",""
"MPTherm","mptherm","EXACT","Y","10.0","Exact name match","","","","","","","","",""
"MloDisDB","mlodisdb","EXACT","Y","10.0","Exact name match","","","","","","","","",""
"TRCirc","trcirc","EXACT","Y","10.0","Exact name match","","","","","","","","",""
"MicroScope","microscope","EXACT","Y","10.0","Exact name match","","","","","","","","",""
"BoMiProt","bomiprot","EXACT","Y","10.0","Exact name match","","","","","","","","",""
"miRVIT","mirvit","EXACT","Y","10.0","Exact name match","","","","","","","","",""
"CGMD","cgmd","EXACT","Y","10.0","Exact name match","","","","","","","","",""
"HmtDB","hmtdb","EXACT","Y","10.0","Exact name match","","","","","","","","",""
"AutophagySMDB","autophagysmdb","EXACT","Y","10.0","Exact name match","","","","","","","","",""
"PPInS","ppins","EXACT","Y","10.0","Exact name match","","","","","","","","",""
"PpTFDB","pptfdb","EXACT","Y","10.0","Exact name match","","","","","","","","",""
"EuRBPDB","eurbpdb","EXACT","Y","10.0","Exact name match","","","","","","","","",""
"LncBook","lncbook","EXACT","Y","10.0","Exact name match","","","","","","","","",""
"PAIDB","paidb","EXACT","Y","10.0","Exact name match","","","","","","","","",""
"RPFdb","rpfdb","EXACT","Y","10.0","Exact name match","","","","","","","","",""
"ExoCarta","exocarta","EXACT","Y","10.0","Exact name match","","","","","","","","",""
"HACER","hacer","EXACT","Y","10.0","Exact name match","","","","","","","","",""
"AthaMap","athamap","EXACT","Y","10.0","Exact name match","","","","","","","","",""
"ConsensusPathDB","consensuspathdb","EXACT","Y","10.0","Exact name match","","","","","","","","",""
"BCIP","bcip","EXACT","Y","10.0","Exact name match","","","","","","","","",""
"EuDBase","eudbase","EXACT","Y","10.0","Exact name match","","","","","","","","",""
"VIPERdb","viperdb","EXACT","Y","10.0","Exact name match","","","","","","","","",""
"HRGRN","hrgrn","EXACT","Y","10.0","Exact name match","","","","","","","","",""
"HNOCDB","hnocdb","EXACT","Y","10.0","Exact name match","","","","","","","","",""
"lncExplore","lncexplore","EXACT","Y","10.0","Exact name match","","","","","","","","",""
"m6AVar","m6avar","EXACT","Y","10.0","Exact name match","","","","","","","","",""
"HUMA","huma","EXACT","Y","10.0","Exact name match","","","","","","","","",""
"HVIDB","hvidb","EXACT","Y","10.0","Exact name match","","","","","","","","",""
"CCDS","ccds","EXACT","Y","10.0","Exact name match","","","","","","","","",""
"FARNA","farna","EXACT","Y","10.0","Exact name match","","","","","","","","",""
"dbMCS","dbmcs","EXACT","Y","10.0","Exact name match","","","","","","","","",""
"TMREC","tmrec","EXACT","Y","10.0","Exact name match","","","","","","","","",""
"DORMAN","dorman","EXACT","Y","10.0","Exact name match","","","","","","","","",""
"SeedStor","seedstor","EXACT","Y","10.0","Exact name match","","","","","","","","",""
"PRMdb","prmdb","EXACT","Y","10.0","Exact name match","","","","","","","","",""
"PathoPhenoDB","pathophenodb","EXACT","Y","10.0","Exact name match","","","","","","","","",""
"hTFtarget","htftarget","EXACT","Y","10.0","Exact name match","","","","","","","","",""
"TOPDB","topdb","EXACT","Y","10.0","Exact name match","","","","","","","","",""
"MtBrowse","mtbrowse","EXACT","Y","10.0","Exact name match","","","","","","","","",""
"PhaSepDB","phasepdb","EXACT","Y","10.0","Exact name match","","","","","","","","",""
"mockrobiota","mockrobiota","EXACT","Y","10.0","Exact name match","","","","","","","","",""
"Gene4Denovo","gene4denovo","EXACT","Y","10.0","Exact name match","","","","","","","","",""
"BacWGSTdb","bacwgstdb","EXACT","Y","10.0","Exact name match","","","","","","","","",""
"SZDB","szdb","EXACT","Y","10.0","Exact name match","","","","","","","","",""
"dbCRSR","dbcrsr","EXACT","Y","10.0","Exact name match","","","","","","","","",""
"PhenoM","phenom","EXACT","Y","10.0","Exact name match","","","","","","","","",""
"GlyMDB","glymdb","EXACT","Y","10.0","Exact name match","","","","","","","","",""
"PLEXdb","plexdb","EXACT","Y","10.0","Exact name match","","","","","","","","",""
"piRBase","pirbase","EXACT","Y","10.0","Exact name match","","","","","","","","",""
"SCRIPDB","scripdb","EXACT","Y","10.0","Exact name match","","","","","","","","",""
"FAWMine","fawmine","EXACT","Y","10.0","Exact name match","","","","","","","","",""
"AureoWiki","aureowiki","EXACT","Y","10.0","Exact name match","","","","","","","","",""
"StreptoBase","streptobase","EXACT","Y","10.0","Exact name match","","","","","","","","",""
"CancerProView","cancerproview","EXACT","Y","10.0","Exact name match","","","","","","","","",""
"MGDB","mgdb","EXACT","Y","10.0","Exact name match","","","","","","","","",""
"PupDB","pupdb","EXACT","Y","10.0","Exact name match","","","","","","","","",""
"SilencerDB","silencerdb","EXACT","Y","10.0","Exact name match","","","","","","","","",""
"dbCPM","dbcpm","EXACT","Y","10.0","Exact name match","","","","","","","","",""
"BCL2DB","bcl2db","EXACT","Y","10.0","Exact name match","","","","","","","","",""
"ProOpDB","proopdb","EXACT","Y","10.0","Exact name match","","","","","","","","",""
"CAZypedia","cazypedia","EXACT","Y","10.0","Exact name match","","","","","","","","",""
"RefSeq","refseq","EXACT","Y","10.0","Exact name match","","","","","","","","",""
"AspGD","aspgd","EXACT","Y","10.0","Exact name match","","","","","","","","",""
"CanImmunother","canimmunother","EXACT","Y","10.0","Exact name match","","","","","","","","",""
"DGIdb","dgidb","EXACT","Y","10.0","Exact name match","","","","","","","","",""
"NUCOME","nucome","EXACT","Y","10.0","Exact name match","","","","","","","","",""
"ncRNAVar","ncrnavar","EXACT","Y","10.0","Exact name match","","","","","","","","",""
"VARAdb","varadb","EXACT","Y","10.0","Exact name match","","","","","","","","",""
"ALFRED","alfred","EXACT","Y","10.0","Exact name match","","","","","","","","",""
"EndoDB","endodb","EXACT","Y","10.0","Exact name match","","","","","","","","",""
"MtSSPdb","mtsspdb","EXACT","Y","10.0","Exact name match","","","","","","","","",""
"MolluscDB","molluscdb","EXACT","Y","10.0","Exact name match","","","","","","","","",""
"IndelFR","indelfr","EXACT","Y","10.0","Exact name match","","","","","","","","",""
"PCOSBase","pcosbase","EXACT","Y","10.0","Exact name match","","","","","","","","",""
"SCEGRAM","scegram","EXACT","Y","10.0","Exact name match","","","","","","","","",""
"CoV3D","cov3d","EXACT","Y","10.0","Exact name match","","","","","","","","",""
"LncTarD","lnctard","EXACT","Y","10.0","Exact name match","","","","","","","","",""
"AFND","afnd","EXACT","Y","10.0","Exact name match","","","","","","","","",""
"PanSNPdb","pansnpdb","EXACT","Y","10.0","Exact name match","","","","","","","","",""
"CVD2014","cvd2014","EXACT","Y","10.0","Exact name match","","","","","","","","",""
"Plasmobase","plasmobase","EXACT","Y","10.0","Exact name match","","","","","","","","",""
"Cellinker","cellinker","EXACT","Y","10.0","Exact name match","","","","","","","","",""
"KONAGAbase","konagabase","EXACT","Y","10.0","Exact name match","","","","","","","","",""
"MouseNet","mousenet","EXACT","Y","10.0","Exact name match","","","","","","","","",""
"SEED","seed","EXACT","Y","10.0","Exact name match","","","","","","","","",""
"pVOGs","pvogs","EXACT","Y","10.0","Exact name match","","","","","","","","",""
"AHTPDB","ahtpdb","EXACT","Y","10.0","Exact name match","","","","","","","","",""
"DualSeqDB","dualseqdb","EXACT","Y","10.0","Exact name match","","","","","","","","",""
"SC2disease","sc2disease","EXACT","Y","10.0","Exact name match","","","","","","","","",""
"ADPriboDB","adpribodb","EXACT","Y","10.0","Exact name match","","","","","","","","",""
"ALCOdb","alcodb","EXACT","Y","10.0","Exact name match","","","","","","","","",""
"LNCipedia","lncipedia","EXACT","Y","10.0","Exact name match","","","","","","","","",""
"CELLPEDIA","cellpedia","EXACT","Y","10.0","Exact name match","","","","","","","","",""
"ncRI","ncri","EXACT","Y","10.0","Exact name match","","","","","","","","",""
"CoCoCoNet","cococonet","EXACT","Y","10.0","Exact name match","","","","","","","","",""
"PlasmoGEM","plasmogem","EXACT","Y","10.0","Exact name match","","","","","","","","",""
"YCRD","ycrd","EXACT","Y","10.0","Exact name match","","","","","","","","",""
"MeDAS","medas","EXACT","Y","10.0","Exact name match","","","","","","","","",""
"TUPDB","tupdb","EXACT","Y","10.0","Exact name match","","","","","","","","",""
"COLOMBOS","colombos","EXACT","Y","10.0","Exact name match","","","","","","","","",""
"PsyMuKB","psymukb","EXACT","Y","10.0","Exact name match","","","","","","","","",""
"PSORTdb","psortdb","EXACT","Y","10.0","Exact name match","","","","","","","","",""
"CovalentInDB","covalentindb","EXACT","Y","10.0","Exact name match","","","","","","","","",""
"TetraFGD","tetrafgd","EXACT","Y","10.0","Exact name match","","","","","","","","",""
"ILDGDB","ildgdb","EXACT","Y","10.0","Exact name match","","","","","","","","",""
"PICCOLO","piccolo","EXACT","Y","10.0","Exact name match","","","","","","","","",""
"NLDB","nldb","EXACT","Y","10.0","Exact name match","","","","","","","","",""
"PhenoModifier","phenomodifier","EXACT","Y","10.0","Exact name match","","","","","","","","",""
"HelmCoP","helmcop","EXACT","Y","10.0","Exact name match","","","","","","","","",""
"TANRIC","tanric","EXACT","Y","10.0","Exact name match","","","","","","","","",""
"SEVENS","sevens","EXACT","Y","10.0","Exact name match","","","","","","","","",""
"TOPPR","toppr","EXACT","Y","10.0","Exact name match","","","","","","","","",""
"DENdb","dendb","EXACT","Y","10.0","Exact name match","","","","","","","","",""
"AmyPro","amypro","EXACT","Y","10.0","Exact name match","","","","","","","","",""
"COnVIDa","convida","EXACT","Y","10.0","Exact name match","","","","","","","","",""
"PmiREN","pmiren","EXACT","Y","10.0","Exact name match","","","","","","","","",""
"HNCDB","hncdb","EXACT","Y","10.0","Exact name match","","","","","","","","",""
"NeuroMuscleDB","neuromuscledb","EXACT","Y","10.0","Exact name match","","","","","","","","",""
"BrucellaBase","brucellabase","EXACT","Y","10.0","Exact name match","","","","","","","","",""
"PAmiRDB","pamirdb","EXACT","Y","10.0","Exact name match","","","","","","","","",""
"QTLbase","qtlbase","EXACT","Y","10.0","Exact name match","","","","","","","","",""
"GOLD","gold","EXACT","Y","10.0","Exact name match","","","","","","","","",""
"TRlnc","trlnc","EXACT","Y","10.0","Exact name match","","","","","","","","",""
"G4IPDB","g4ipdb","EXACT","Y","10.0","Exact name match","","","","","","","","",""
"LncExpDB","lncexpdb","EXACT","Y","10.0","Exact name match","","","","","","","","",""
"AcrHub","acrhub","EXACT","Y","10.0","Exact name match","","","","","","","","",""
"TFBSbank","tfbsbank","EXACT","Y","10.0","Exact name match","","","","","","","","",""
"CPLM","cplm","EXACT","Y","10.0","Exact name match","","","","","","","","",""
"LincSNP","lincsnp","EXACT","Y","10.0","Exact name match","","","","","","","","",""
"PLncDB","plncdb","EXACT","Y","10.0","Exact name match","","","","","","","","",""
"Translocatome","translocatome","EXACT","Y","10.0","Exact name match","","","","","","","","",""
"ncEP","ncep","EXACT","Y","10.0","Exact name match","","","","","","","","",""
"TCMSP","tcmsp","EXACT","Y","10.0","Exact name match","","","","","","","","",""
"TFBSshape","tfbsshape","EXACT","Y","10.0","Exact name match","","","","","","","","",""
"CAZy","cazy","EXACT","Y","10.0","Exact name match","","","","","","","","",""
"EWASdb","ewasdb","EXACT","Y","10.0","Exact name match","","","","","","","","",""
"RASP","rasp","EXACT","Y","10.0","Exact name match","","","","","","","","",""
"FMODB","fmodb","EXACT","Y","10.0","Exact name match","","","","","","","","",""
"BioGPS","biogps","EXACT","Y","10.0","Exact name match","","","","","","","","",""
"MitProNet","mitpronet","EXACT","Y","10.0","Exact name match","","","","","","","","",""
"pathDIP","pathdip","EXACT","Y","10.0","Exact name match","","","","","","","","",""
"ChromothripsisDB","chromothripsisdb","EXACT","Y","10.0","Exact name match","","","","","","","","",""
"ATACdb","atacdb","EXACT","Y","10.0","Exact name match","","","","","","","","",""
"ChEBI","chebi","EXACT","Y","10.0","Exact name match","","","","","","","","",""
"UniPathway","unipathway","EXACT","Y","10.0","Exact name match","","","","","","","","",""
"PortEco","porteco","EXACT","Y","10.0","Exact name match","","","","","","","","",""
"HGNC","hgnc","EXACT","Y","10.0","Exact name match","","","","","","","","",""
"MBGD","mbgd","EXACT","Y","10.0","Exact name match","","","","","","","","",""
"CEBS","cebs","EXACT","Y","10.0","Exact name match","","","","","","","","",""
"PeptideAtlas","peptideatlas","EXACT","Y","10.0","Exact name match","","","","","","","","",""
"miRTarBase","mirtarbase","EXACT","Y","10.0","Exact name match","","","","","","","","",""
"CitrusKB","citruskb","EXACT","Y","10.0","Exact name match","","","","","","","","",""
"FusoPortal","fusoportal","EXACT","Y","10.0","Exact name match","","","","","","","","",""
"TAIR","tair","EXACT","Y","10.0","Exact name match","","","","","","","","",""
"Reactome","reactome","EXACT","Y","10.0","Exact name match","","","","","","","","",""
"BioMuta","biomuta","EXACT","Y","10.0","Exact name match","","","","","","","","",""
"miRDB","mirdb","EXACT","Y","10.0","Exact name match","","","","","","","","",""
"NoncoRNA","noncorna","EXACT","Y","10.0","Exact name match","","","","","","","","",""
"MACSNVdb","macsnvdb","EXACT","Y","10.0","Exact name match","","","","","","","","",""
"BGD","bgd","EXACT","Y","10.0","Exact name match","","","","","","","","",""
"MaizeGDB","maizegdb","EXACT","Y","10.0","Exact name match","","","","","","","","",""
"LncRBase","lncrbase","EXACT","Y","10.0","Exact name match","","","","","","","","",""
"ComPPI","comppi","EXACT","Y","10.0","Exact name match","","","","","","","","",""
"OryzaGenome","oryzagenome","EXACT","Y","10.0","Exact name match","","","","","","","","",""
"UNITE","unite","EXACT","Y","10.0","Exact name match","","","","","","","","",""
"GeneSigDB","genesigdb","EXACT","Y","10.0","Exact name match","","","","","","","","",""
"DDMGD","ddmgd","EXACT","Y","10.0","Exact name match","","","","","","","","",""
"MEROPS","merops","EXACT","Y","10.0","Exact name match","","","","","","","","",""
"ATTED-II","atted-ii","EXACT","Y","10.0","Exact name match","","","","","","","","",""
"ENCODE","encode","EXACT","Y","10.0","Exact name match","","","","","","","","",""
"CollecTF","collectf","EXACT","Y","10.0","Exact name match","","","","","","","","",""
"ExPASy","expasy","EXACT","Y","10.0","Exact name match","","","","","","","","",""
"VitisCyc","vitiscyc","EXACT","Y","10.0","Exact name match","","","","","","","","",""
"PRGdb","prgdb","EXACT","Y","10.0","Exact name match","","","","","","","","",""
"NCG","ncg","EXACT","Y","10.0","Exact name match","","","","","","","","",""
"GMEnzy","gmenzy","EXACT","Y","10.0","Exact name match","","","","","","","","",""
"P2CS","p2cs","EXACT","Y","10.0","Exact name match","","","","","","","","",""
"FlyBase","flybase","EXACT","Y","10.0","Exact name match","","","","","","","","",""
"PDmethDB","pdmethdb","EXACT","Y","10.0","Exact name match","","","","","","","","",""
"INDIGO","indigo","EXACT","Y","10.0","Exact name match","","","","","","","","",""
"DNAproDB","dnaprodb","EXACT","Y","10.0","Exact name match","","","","","","","","",""
"PharmGKB","pharmgkb","EXACT","Y","10.0","Exact name match","","","","","","","","",""
"HMDD","hmdd","EXACT","Y","10.0","Exact name match","","","","","","","","",""
"MetalPDB","metalpdb","EXACT","Y","10.0","Exact name match","","","","","","","","",""
"PTMcode","ptmcode","EXACT","Y","10.0","Exact name match","","","","","","","","",""
"COXPRESdb","coxpresdb","EXACT","Y","10.0","Exact name match","","","","","","","","",""
"PrimerBank","primerbank","EXACT","Y","10.0","Exact name match","","","","","","","","",""
"BacDive","bacdive","EXACT","Y","10.0","Exact name match","","","","","","","","",""
"miRWalk","mirwalk","EXACT","Y","10.0","Exact name match","","","","","","","","",""
"DECIPHER","decipher","EXACT","Y","10.0","Exact name match","","","","","","","","",""
"PATRIC","patric","EXACT","Y","10.0","Exact name match","","","","","","","","",""
"MeFSAT","mefsat","EXACT","Y","10.0","Exact name match","","","","","","","","",""
"IEDB","iedb","EXACT","Y","10.0","Exact name match","","","","","","","","",""
"RegPrecise","regprecise","EXACT","Y","10.0","Exact name match","","","","","","","","",""
"YMDB","ymdb","EXACT","Y","10.0","Exact name match","","","","","","","","",""
"UniProt","uniprot","EXACT","Y","10.0","Exact name match","","","","","","","","",""
"SCOPe","scope","EXACT","Y","10.0","Exact name match","","","","","","","","",""
"GrainGenes","graingenes","EXACT","Y","10.0","Exact name match","","","","","","","","",""
"MitoLSDB","mitolsdb","EXACT","Y","10.0","Exact name match","","","","","","","","",""
"BiOnIC","bionic","EXACT","Y","10.0","Exact name match","","","","","","","","",""
"MitoZoa","mitozoa","EXACT","Y","10.0","Exact name match","","","","","","","","",""
"YM500","ym500","EXACT","Y","10.0","Exact name match","","","","","","","","",""
"FCDD","fcdd","EXACT","Y","10.0","Exact name match","","","","","","","","",""
"PDXliver","pdxliver","EXACT","Y","10.0","Exact name match","","","","","","","","",""
"dbAMP","dbamp","EXACT","Y","10.0","Exact name match","","","","","","","","",""
"DNApod","dnapod","EXACT","Y","10.0","Exact name match","","","","","","","","",""
"CottonGen","cottongen","EXACT","Y","10.0","Exact name match","","","","","","","","",""
"TIARA","tiara","EXACT","Y","10.0","Exact name match","","","","","","","","",""
"CSCdb","cscdb","EXACT","Y","10.0","Exact name match","","","","","","","","",""
"LOVD","lovd","EXACT","Y","10.0","Exact name match","","","","","","","","",""
"BRENDA","brenda","EXACT","Y","10.0","Exact name match","","","","","","","","",""
"CancerPPD","cancerppd","EXACT","Y","10.0","Exact name match","","","","","","","","",""
"Pfam","pfam","EXACT","Y","10.0","Exact name match","","","","","","","","",""
"MTB","mtb","EXACT","Y","10.0","Exact name match","","","","","","","","",""
"rSNPBase","rsnpbase","EXACT","Y","10.0","Exact name match","","","","","","","","",""
"HSPMdb","hspmdb","EXACT","Y","10.0","Exact name match","","","","","","","","",""
"BioProject","bioproject","EXACT","Y","10.0","Exact name match","","","","","","","","",""
"BioGRID","biogrid","EXACT","Y","10.0","Exact name match","","","","","","","","",""
"LegProt","legprot","EXACT","Y","10.0","Exact name match","","","","","","","","",""
"Panorama","panorama","EXACT","Y","10.0","Exact name match","","","","","","","","",""
"Propedia","propedia","EXACT","Y","10.0","Exact name match","","","","","","","","",""
"IntPath","intpath","EXACT","Y","10.0","Exact name match","","","","","","","","",""
"HypoxiaDB","hypoxiadb","EXACT","Y","10.0","Exact name match","","","","","","","","",""
"SIMAP","simap","EXACT","Y","10.0","Exact name match","","","","","","","","",""
"UbiNet","ubinet","EXACT","Y","10.0","Exact name match","","","","","","","","",""
"APPRIS","appris","EXACT","Y","10.0","Exact name match","","","","","","","","",""
"NPInter","npinter","EXACT","Y","10.0","Exact name match","","","","","","","","",""
"IntAct","intact","EXACT","Y","10.0","Exact name match","","","","","","","","",""
"NaDH","nadh","EXACT","Y","10.0","Exact name match","","","","","","","","",""
"BioSharing","biosharing","EXACT","Y","10.0","Exact name match","","","","","","","","",""
"HPIDB","hpidb","EXACT","Y","10.0","Exact name match","","","","","","","","",""
"LnCeVar","lncevar","EXACT","Y","10.0","Exact name match","","","","","","","","",""
"IPD","ipd","EXACT","Y","10.0","Exact name match","","","","","","","","",""
"GENT2","gent2","EXACT","Y","10.0","Exact name match","","","","","","","","",""
"MICAD","micad","EXACT","Y","10.0","Exact name match","","","","","","","","",""
"EcoCyc","ecocyc","EXACT","Y","10.0","Exact name match","","","","","","","","",""
"Sinbase","sinbase","EXACT","Y","10.0","Exact name match","","","","","","","","",""
"CNGBdb","cngbdb","EXACT","Y","10.0","Exact name match","","","","","","","","",""
"dbCID","dbcid","EXACT","Y","10.0","Exact name match","","","","","","","","",""
"ClinVar","clinvar","EXACT","Y","10.0","Exact name match","","","","","","","","",""
"PyDISH","pydish","EXACT","Y","10.0","Exact name match","","","","","","","","",""
"HORDE","horde","EXACT","Y","10.0","Exact name match","","","","","","","","",""
"DrugCentral","drugcentral","EXACT","Y","10.0","Exact name match","","","","","","","","",""
"DASHR","dashr","EXACT","Y","10.0","Exact name match","","","","","","","","",""
"ZFIN","zfin","EXACT","Y","10.0","Exact name match","","","","","","","","",""
"RNAcentral","rnacentral","EXACT","Y","10.0","Exact name match","","","","","","","","",""
"PRISMOID","prismoid","EXACT","Y","10.0","Exact name match","","","","","","","","",""
"CARLSBAD","carlsbad","EXACT","Y","10.0","Exact name match","","","","","","","","",""
"dbCNS","dbcns","EXACT","Y","10.0","Exact name match","","","","","","","","",""
"NALDB","naldb","EXACT","Y","10.0","Exact name match","","","","","","","","",""
"MicroPhenoDB","microphenodb","EXACT","Y","10.0","Exact name match","","","","","","","","",""
"CODEX","codex","EXACT","Y","10.0","Exact name match","","","","","","","","",""
"DBAASP","dbaasp","EXACT","Y","10.0","Exact name match","","","","","","","","",""
"ETCM","etcm","EXACT","Y","10.0","Exact name match","","","","","","","","",""
"Rfam","rfam","EXACT","Y","10.0","Exact name match","","","","","","","","",""
"FAANG","faang","EXACT","Y","10.0","Exact name match","","","","","","","","",""
"TnCentral","tncentral","EXACT","Y","10.0","Exact name match","","","","","","","","",""
"ENA","ena","EXACT","Y","10.0","Exact name match","","","","","","","","",""
"Plant rDNA","plant rdna","EXACT","Y","10.0","Exact name match","","","","","","","","",""
"GRASP","grasp","EXACT","Y","10.0","Exact name match","","","","","","","","",""
"FireDB","firedb","EXACT","Y","10.0","Exact name match","","","","","","","","",""
"mGAP","mgap","EXACT","Y","10.0","Exact name match","","","","","","","","",""
"OpenTein","opentein","EXACT","Y","10.0","Exact name match","","","","","","","","",""
"FANTOM5","fantom5","EXACT","Y","10.0","Exact name match","","","","","","","","",""
"SFLD","sfld","EXACT","Y","10.0","Exact name match","","","","","","","","",""
"IRD","ird","EXACT","Y","10.0","Exact name match","","","","","","","","",""
"SMPDB","smpdb","EXACT","Y","10.0","Exact name match","","","","","","","","",""
"CTD","ctd","EXACT","Y","10.0","Exact name match","","","","","","","","",""
"SGD","sgd","EXACT","Y","10.0","Exact name match","","","","","","","","",""
"COOLR","coolr","EXACT","Y","10.0","Exact name match","","","","","","","","",""
"bio.tools","bio.tools","EXACT","Y","10.0","Exact name match","","","","","","","","",""
"Norine","norine","EXACT","Y","10.0","Exact name match","","","","","","","","",""
"DriverDB","driverdb","EXACT","Y","10.0","Exact name match","","","","","","","","",""
"CoryneRegNet","coryneregnet","EXACT","Y","10.0","Exact name match","","","","","","","","",""
"DIANA-TarBase","diana-tarbase","EXACT","Y","10.0","Exact name match","","","","","","","","",""
"Binding MOAD","binding moad","EXACT","Y","10.0","Exact name match","","","","","","","","",""
"REMEDY","remedy","EXACT","Y","10.0","Exact name match","","","","","","","","",""
"iPPI-DB","ippi-db","EXACT","Y","10.0","Exact name match","","","","","","","","",""
"HAND","hand","EXACT","Y","10.0","Exact name match","","","","","","","","",""
"InverPep","inverpep","EXACT","Y","10.0","Exact name match","","","","","","","","",""
"MtbSD","mtbsd","EXACT","Y","10.0","Exact name match","","","","","","","","",""
"DisGeNET","disgenet","EXACT","Y","10.0","Exact name match","","","","","","","","",""
"KLIFS","klifs","EXACT","Y","10.0","Exact name match","","","","","","","","",""
"MitoTox","mitotox","EXACT","Y","10.0","Exact name match","","","","","","","","",""
"MSeqDR","mseqdr","EXACT","Y","10.0","Exact name match","","","","","","","","",""
"Expression Atlas","expression atlas","EXACT","Y","10.0","Exact name match","","","","","","","","",""
"HisPhosSite","hisphossite","EXACT","Y","10.0","Exact name match","","","","","","","","",""
"InterPro","interpro","EXACT","Y","10.0","Exact name match","","","","","","","","",""
"iBeetle-Base","ibeetle-base","EXACT","Y","10.0","Exact name match","","","","","","","","",""
"ZFNGenome","zfngenome","EXACT","Y","10.0","Exact name match","","","","","","","","",""
"ListeriaBase","listeriabase","EXACT","Y","10.0","Exact name match","","","","","","","","",""
"GWAS Central","gwas central","EXACT","Y","10.0","Exact name match","","","","","","","","",""
"Drugmonizome","drugmonizome","EXACT","Y","10.0","Exact name match","","","","","","","","",""
"lncRNASNP","lncrnasnp","EXACT","Y","10.0","Exact name match","","","","","","","","",""
"WikiPathways","wikipathways","EXACT","Y","10.0","Exact name match","","","","","","","","",""
"COSMIC","cosmic","EXACT","Y","10.0","Exact name match","","","","","","","","",""
"Dfam","dfam","EXACT","Y","10.0","Exact name match","","","","","","","","",""
"CoDNaS","codnas","EXACT","Y","10.0","Exact name match","","","","","","","","",""
"ASFVdb","asfvdb","EXACT","Y","10.0","Exact name match","","","","","","","","",""
"MosaicBase","mosaicbase","EXACT","Y","10.0","Exact name match","","","","","","","","",""
"ViPR","vipr","EXACT","Y","10.0","Exact name match","","","","","","","","",""
"ProCarbDB","procarbdb","EXACT","Y","10.0","Exact name match","","","","","","","","",""
"TCDB","tcdb","EXACT","Y","10.0","Exact name match","","","","","","","","",""
"TCRdb","tcrdb","EXACT","Y","10.0","Exact name match","","","","","","","","",""
"LnCeCell","lncecell","EXACT","Y","10.0","Exact name match","","","","","","","","",""
"ESCOLEX","escolex","EXACT","Y","10.0","Exact name match","","","","","","","","",""
"EHFPI","ehfpi","EXACT","Y","10.0","Exact name match","","","","","","","","",""
"ProThermDB","prothermdb","EXACT","Y","10.0","Exact name match","","","","","","","","",""
"PlaMoM","plamom","EXACT","Y","10.0","Exact name match","","","","","","","","",""
"TopicalPdb","topicalpdb","EXACT","Y","10.0","Exact name match","","","","","","","","",""
"SMMRNA","smmrna","EXACT","Y","10.0","Exact name match","","","","","","","","",""
"DDBJ","ddbj","EXACT","Y","10.0","Exact name match","","","","","","","","",""
"AprGPD","aprgpd","EXACT","Y","10.0","Exact name match","","","","","","","","",""
"CeCaFDB","cecafdb","EXACT","Y","10.0","Exact name match","","","","","","","","",""
"Atacama","atacama","EXACT","Y","10.0","Exact name match","","","","","","","","",""
"AromaDeg","aromadeg","EXACT","Y","10.0","Exact name match","","","","","","","","",""
"dbPHCC","dbphcc","EXACT","Y","10.0","Exact name match","","","","","","","","",""
"MeLAD","melad","EXACT","Y","10.0","Exact name match","","","","","","","","",""
"OrchidBase","orchidbase","EXACT","Y","10.0","Exact name match","","","","","","","","",""
"SorGSD","sorgsd","EXACT","Y","10.0","Exact name match","","","","","","","","",""
"MalaCards","malacards","EXACT","Y","10.0","Exact name match","","","","","","","","",""
"CRlncRNA","crlncrna","EXACT","Y","10.0","Exact name match","","","","","","","","",""
"miRegulome","miregulome","EXACT","Y","10.0","Exact name match","","","","","","","","",""
"GWASdb","gwasdb","EXACT","Y","10.0","Exact name match","","","","","","","","",""
"WormBase","wormbase","EXACT","Y","10.0","Exact name match","","","","","","","","",""
"BioSamples","biosamples","EXACT","Y","10.0","Exact name match","","","","","","","","",""
"CARD","card","EXACT","Y","10.0","Exact name match","","","","","","","","",""
"AlzPathway","alzpathway","EXACT","Y","10.0","Exact name match","","","","","","","","",""
"LiverAtlas","liveratlas","EXACT","Y","10.0","Exact name match","","","","","","","","",""
"BrassicaTED","brassicated","EXACT","Y","10.0","Exact name match","","","","","","","","",""
"PromBase","prombase","EXACT","Y","10.0","Exact name match","","","","","","","","",""
"ECMDB","ecmdb","EXACT","Y","10.0","Exact name match","","","","","","","","",""
"LabxDB","labxdb","EXACT","Y","10.0","Exact name match","","","","","","","","",""
"MSDD","msdd","EXACT","Y","10.0","Exact name match","","","","","","","","",""
"Pre_GI","pre_gi","EXACT","Y","10.0","Exact name match","","","","","","","","",""
"DrugBank","drugbank","EXACT","Y","10.0","Exact name match","","","","","","","","",""
"BSRD","bsrd","EXACT","Y","10.0","Exact name match","","","","","","","","",""
"VFDB","vfdb","EXACT","Y","10.0","Exact name match","","","","","","","","",""
"BioLiP","biolip","EXACT","Y","10.0","Exact name match","","","","","","","","",""
"MMMDB","mmmdb","EXACT","Y","10.0","Exact name match","","","","","","","","",""
"DoGSD","dogsd","EXACT","Y","10.0","Exact name match","","","","","","","","",""
"SEGreg","segreg","EXACT","Y","10.0","Exact name match","","","","","","","","",""
"SalmoNet","salmonet","EXACT","Y","10.0","Exact name match","","","","","","","","",""
"BitterDB","bitterdb","EXACT","Y","10.0","Exact name match","","","","","","","","",""
"IRESbase","iresbase","EXACT","Y","10.0","Exact name match","","","","","","","","",""
"DNAVaxDB","dnavaxdb","EXACT","Y","10.0","Exact name match","","","","","","","","",""
"dbSUPER","dbsuper","EXACT","Y","10.0","Exact name match","","","","","","","","",""
"euL1db","eul1db","EXACT","Y","10.0","Exact name match","","","","","","","","",""
"3DSNP","3dsnp","EXACT","Y","10.0","Exact name match","","","","","","","","",""
"SpliceProt","spliceprot","EXACT","Y","10.0","Exact name match","","","","","","","","",""
"EssOilDB","essoildb","EXACT","Y","10.0","Exact name match","","","","","","","","",""
"exoRBase","exorbase","EXACT","Y","10.0","Exact name match","","","","","","","","",""
"PD_NGSAtlas","pd_ngsatlas","EXACT","Y","10.0","Exact name match","","","","","","","","",""
"PEPlife","peplife","EXACT","Y","10.0","Exact name match","","","","","","","","",""
"OrthoMaM","orthomam","EXACT","Y","10.0","Exact name match","","","","","","","","",""
"ZiFDB","zifdb","EXACT","Y","10.0","Exact name match","","","","","","","","",""
"GMrepo","gmrepo","EXACT","Y","10.0","Exact name match","","","","","","","","",""
"InterMetalDB","intermetaldb","EXACT","Y","10.0","Exact name match","","","","","","","","",""
"ConoMode","conomode","EXACT","Y","10.0","Exact name match","","","","","","","","",""
"SIFTS","sifts","EXACT","Y","10.0","Exact name match","","","","","","","","",""
"ParaPep","parapep","EXACT","Y","10.0","Exact name match","","","","","","","","",""
"ParameciumDB","parameciumdb","EXACT","Y","10.0","Exact name match","","","","","","","","",""
"SecReT4","secret4","EXACT","Y","10.0","Exact name match","","","","","","","","",""
"GPCRdb","gpcrdb","EXACT","Y","10.0","Exact name match","","","","","","","","",""
"DBTSS","dbtss","EXACT","Y","10.0","Exact name match","","","","","","","","",""
"HpBase","hpbase","EXACT","Y","10.0","Exact name match","","","","","","","","",""
"PIECE","piece","EXACT","Y","10.0","Exact name match","","","","","","","","",""
"miRdSNP","mirdsnp","EXACT","Y","10.0","Exact name match","","","","","","","","",""
"VIRdb","virdb","EXACT","Y","10.0","Exact name match","","","","","","","","",""
"KinaseMD","kinasemd","EXACT","Y","10.0","Exact name match","","","","","","","","",""
"LnChrom","lnchrom","EXACT","Y","10.0","Exact name match","","","","","","","","",""
"LegumeIP","legumeip","EXACT","Y","10.0","Exact name match","","","","","","","","",""
"AnimalTFDB","animaltfdb","EXACT","Y","10.0","Exact name match","","","","","","","","",""
"SmProt","smprot","EXACT","Y","10.0","Exact name match","","","","","","","","",""
"miRPathDB","mirpathdb","EXACT","Y","10.0","Exact name match","","","","","","","","",""
"DRAMP","dramp","EXACT","Y","10.0","Exact name match","","","","","","","","",""
"AOD","aod","EXACT","Y","10.0","Exact name match","","","","","","","","",""
"MRMAssayDB","mrmassaydb","EXACT","Y","10.0","Exact name match","","","","","","","","",""
"EXPath","expath","EXACT","Y","10.0","Exact name match","","","","","","","","",""
"mVOC","mvoc","EXACT","Y","10.0","Exact name match","","","","","","","","",""
"arrayMap","arraymap","EXACT","Y","10.0","Exact name match","","","","","","","","",""
"Xenbase","xenbase","EXACT","Y","10.0","Exact name match","","","","","","","","",""
"sORFs.org","sorfs.org","EXACT","Y","10.0","Exact name match","","","","","","","","",""
"Vaxar","vaxar","EXACT","Y","10.0","Exact name match","","","","","","","","",""
"iSyTE","isyte","EXACT","Y","10.0","Exact name match","","","","","","","","",""
"ITS2","its2","EXACT","Y","10.0","Exact name match","","","","","","","","",""
"IID","iid","EXACT","Y","10.0","Exact name match","","","","","","","","",""
"GlyTouCan","glytoucan","EXACT","Y","10.0","Exact name match","","","","","","","","",""
"ChiloDB","chilodb","EXACT","Y","10.0","Exact name match","","","","","","","","",""
"DPL","dpl","EXACT","Y","10.0","Exact name match","","","","","","","","",""
"isoMETLIN","isometlin","EXACT","Y","10.0","Exact name match","","","","","","","","",""
"RegulonDB","regulondb","EXACT","Y","10.0","Exact name match","","","","","","","","",""
"EVpedia","evpedia","EXACT","Y","10.0","Exact name match","","","","","","","","",""
"MEGARes","megares","EXACT","Y","10.0","Exact name match","","","","","","","","",""
"DbPTM","dbptm","EXACT","Y","10.0","Exact name match","","","","","","","","",""
"EMDB","emdb","EXACT","Y","10.0","Exact name match","","","","","","","","",""
"RGD","rgd","EXACT","Y","10.0","Exact name match","","","","","","","","",""
"ProteomicsDB","proteomicsdb","EXACT","Y","10.0","Exact name match","","","","","","","","",""
"DisProt","disprot","EXACT","Y","10.0","Exact name match","","","","","","","","",""
"MAHMI","mahmi","EXACT","Y","10.0","Exact name match","","","","","","","","",""
"TissueNet","tissuenet","EXACT","Y","10.0","Exact name match","","","","","","","","",""
"HPO","hpo","EXACT","Y","10.0","Exact name match","","","","","","","","",""
"Gramene","gramene","EXACT","Y","10.0","Exact name match","","","","","","","","",""
"KEGG","kegg","EXACT","Y","10.0","Exact name match","","","","","","","","",""
"PsyGeNET","psygenet","EXACT","Y","10.0","Exact name match","","","","","","","","",""
"GliomaDB","gliomadb","EXACT","Y","10.0","Exact name match","","","","","","","","",""
"MGI","mgi","EXACT","Y","10.0","Exact name match","","","","","","","","",""
"FINDbase","findbase","EXACT","Y","10.0","Exact name match","","","","","","","","",""
"ELM","elm","EXACT","Y","10.0","Exact name match","","","","","","","","",""
"SesameFG","sesamefg","EXACT","Y","10.0","Exact name match","","","","","","","","",""
"SeaBase","seabase","EXACT","Y","10.0","Exact name match","","","","","","","","",""
"CPAD","cpad","EXACT","Y","10.0","Exact name match","","","","","","","","",""
"PolymiRTS","polymirts","EXACT","Y","10.0","Exact name match","","","","","","","","",""
"MobiDB","mobidb","EXACT","Y","10.0","Exact name match","","","","","","","","",""
"cBiT","cbit","EXACT","Y","10.0","Exact name match","","","","","","","","",""
"MtExpress","mtexpress","EXACT","Y","10.0","Exact name match","","","","","","","","",""
"MatrixDB","matrixdb","EXACT","Y","10.0","Exact name match","","","","","","","","",""
"eRAM","eram","EXACT","Y","10.0","Exact name match","","","","","","","","",""
"MetaImprint","metaimprint","EXACT","Y","10.0","Exact name match","","","","","","","","",""
"DSSTox","dsstox","EXACT","Y","10.0","Exact name match","","","","","","","","",""
"LiverWiki","liverwiki","EXACT","Y","10.0","Exact name match","","","","","","","","",""
"Kassiopeia","kassiopeia","EXACT","Y","10.0","Exact name match","","","","","","","","",""
"NONCODE","noncode","EXACT","Y","10.0","Exact name match","","","","","","","","",""
"ETph","etph","EXACT","Y","10.0","Exact name match","","","","","","","","",""
"OpenProt","openprot","EXACT","Y","10.0","Exact name match","","","","","","","","",""
"SpatialDB","spatialdb","EXACT","Y","10.0","Exact name match","","","","","","","","",""
"PCAT","pcat","EXACT","Y","10.0","Exact name match","","","","","","","","",""
"LINCS","lincs","EXACT","Y","10.0","Exact name match","","","","","","","","",""
"InnateDB","innatedb","EXACT","Y","10.0","Exact name match","","","","","","","","",""
"UniCarbKB","unicarbkb","EXACT","Y","10.0","Exact name match","","","","","","","","",""
"DNAtraffic","dnatraffic","EXACT","Y","10.0","Exact name match","","","","","","","","",""
"EOGD","eogd","EXACT","Y","10.0","Exact name match","","","","","","","","",""
"TropGeneDB","tropgenedb","EXACT","Y","10.0","Exact name match","","","","","","","","",""
"KnockTF","knocktf","EXACT","Y","10.0","Exact name match","","","","","","","","",""
"YersiniaBase","yersiniabase","EXACT","Y","10.0","Exact name match","","","","","","","","",""
"TreeFam","treefam","EXACT","Y","10.0","Exact name match","","","","","","","","",""
"MTD","mtd","EXACT","Y","10.0","Exact name match","","","","","","","","",""
"GENIPAC","genipac","EXACT","Y","10.0","Exact name match","","","","","","","","",""
"PPMdb","ppmdb","EXACT","Y","10.0","Exact name match","","","","","","","","",""
"MetaCyc","metacyc","EXACT","Y","10.0","Exact name match","","","","","","","","",""
"SheddomeDB","sheddomedb","EXACT","Y","10.0","Exact name match","","","","","","","","",""
"EPD","epd","EXACT","Y","10.0","Exact name match","","","","","","","","",""
"SIGNOR","signor","EXACT","Y","10.0","Exact name match","","","","","","","","",""
"RISE","rise","EXACT","Y","10.0","Exact name match","","","","","","","","",""
"DockCoV2","dockcov2","EXACT","Y","10.0","Exact name match","","","","","","","","",""
"iCAN","ican","EXACT","Y","10.0","Exact name match","","","","","","","","",""
"TCCR","tccr","EXACT","Y","10.0","Exact name match","","","","","","","","",""
"APADB","apadb","EXACT","Y","10.0","Exact name match","","","","","","","","",""
"PKIDB","pkidb","EXACT","Y","10.0","Exact name match","","","","","","","","",""
"AutDB","autdb","EXACT","Y","10.0","Exact name match","","","","","","","","",""
"FungiDB","fungidb","EXACT","Y","10.0","Exact name match","","","","","","","","",""
"sHSPdb","shspdb","EXACT","Y","10.0","Exact name match","","","","","","","","",""
"NESdb","nesdb","EXACT","Y","10.0","Exact name match","","","","","","","","",""
"IGSR","igsr","EXACT","Y","10.0","Exact name match","","","","","","","","",""
"SynBioLGDB","synbiolgdb","EXACT","Y","10.0","Exact name match","","","","","","","","",""
"iMETHYL","imethyl","EXACT","Y","10.0","Exact name match","","","","","","","","",""
"HSPIR","hspir","EXACT","Y","10.0","Exact name match","","","","","","","","",""
"PIGD","pigd","EXACT","Y","10.0","Exact name match","","","","","","","","",""
"SpinachDB","spinachdb","EXACT","Y","10.0","Exact name match","","","","","","","","",""
"PCPPI","pcppi","EXACT","Y","10.0","Exact name match","","","","","","","","",""
"MonarchBase","monarchbase","EXACT","Y","10.0","Exact name match","","","","","","","","",""
"ClosIndb","closindb","EXACT","Y","10.0","Exact name match","","","","","","","","",""
"CyanoEXpress","cyanoexpress","EXACT","Y","10.0","Exact name match","","","","","","","","",""
"RecountDB","recountdb","EXACT","Y","10.0","Exact name match","","","","","","","","",""
"DBBP","dbbp","EXACT","Y","10.0","Exact name match","","","","","","","","",""
"SYNERGxDB","synergxdb","EXACT","Y","10.0","Exact name match","","","","","","","","",""
"TIDB","tidb","EXACT","Y","10.0","Exact name match","","","","","","","","",""
"CanVaS","canvas","EXACT","Y","10.0","Exact name match","","","","","","","","",""
"PGG.SNV","pgg.snv","EXACT","Y","10.0","Exact name match","","","","","","","","",""
"MeioBase","meiobase","EXACT","Y","10.0","Exact name match","","","","","","","","",""
"CCSI","ccsi","EXACT","Y","10.0","Exact name match","","","","","","","","",""
"MEPD","mepd","EXACT","Y","10.0","Exact name match","","","","","","","","",""
"MIKB","mikb","EXACT","Y","10.0","Exact name match","","","","","","","","",""
"MitoBreak","mitobreak","EXACT","Y","10.0","Exact name match","","","","","","","","",""
"Echinobase","echinobase","EXACT","Y","10.0","Exact name match","","","","","","","","",""
"AddictGene","addictgene","EXACT","Y","10.0","Exact name match","","","","","","","","",""
"EpiDenovo","epidenovo","EXACT","Y","10.0","Exact name match","","","","","","","","",""
"SPECTRA","spectra","EXACT","Y","10.0","Exact name match","","","","","","","","",""
"RNAactDrug","rnaactdrug","EXACT","Y","10.0","Exact name match","","","","","","","","",""
"ThermoMutDB","thermomutdb","EXACT","Y","10.0","Exact name match","","","","","","","","",""
"DsTRD","dstrd","EXACT","Y","10.0","Exact name match","","","","","","","","",""
"EENdb","eendb","EXACT","Y","10.0","Exact name match","","","","","","","","",""
"WIDDE","widde","EXACT","Y","10.0","Exact name match","","","","","","","","",""
"SDADB","sdadb","EXACT","Y","10.0","Exact name match","","","","","","","","",""
"NucMap","nucmap","EXACT","Y","10.0","Exact name match","","","","","","","","",""
"ViRBase","virbase","EXACT","Y","10.0","Exact name match","","","","","","","","",""
"MycoCosm","mycocosm","EXACT","Y","10.0","Exact name match","","","","","","","","",""
"DBCOVP","dbcovp","EXACT","Y","10.0","Exact name match","","","","","","","","",""
"PLNlncRbase","plnlncrbase","EXACT","Y","10.0","Exact name match","","","","","","","","",""
"RIGD","rigd","EXACT","Y","10.0","Exact name match","","","","","","","","",""
"ccmGDB","ccmgdb","EXACT","Y","10.0","Exact name match","","","","","","","","",""
"LncSpA","lncspa","EXACT","Y","10.0","Exact name match","","","","","","","","",""
"DroughtDB","droughtdb","EXACT","Y","10.0","Exact name match","","","","","","","","",""
"PtRFdb","ptrfdb","EXACT","Y","10.0","Exact name match","","","","","","","","",""
"CNCDatabase","cncdatabase","EXACT","Y","10.0","Exact name match","","","","","","","","",""
"BioPepDB","biopepdb","EXACT","Y","10.0","Exact name match","","","","","","","","",""
"GourdBase","gourdbase","EXACT","Y","10.0","Exact name match","","","","","","","","",""
"dbPEC","dbpec","EXACT","Y","10.0","Exact name match","","","","","","","","",""
"RicyerDB","ricyerdb","EXACT","Y","10.0","Exact name match","","","","","","","","",""
"TOXsIgN","toxsign","EXACT","Y","10.0","Exact name match","","","","","","","","",""
"MODOMICS","modomics","EXACT","Y","10.0","Exact name match","","","","","","","","",""
"dbCoRC","dbcorc","EXACT","Y","10.0","Exact name match","","","","","","","","",""
"PdumBase","pdumbase","EXACT","Y","10.0","Exact name match","","","","","","","","",""
"HCCDB","hccdb","EXACT","Y","10.0","Exact name match","","","","","","","","",""
"DevOmics","devomics","EXACT","Y","10.0","Exact name match","","","","","","","","",""
"FoldamerDB","foldamerdb","EXACT","Y","10.0","Exact name match","","","","","","","","",""
"XTalkDB","xtalkdb","EXACT","Y","10.0","Exact name match","","","","","","","","",""
"LeukmiR","leukmir","EXACT","Y","10.0","Exact name match","","","","","","","","",""
"ORegAnno","oreganno","EXACT","Y","10.0","Exact name match","","","","","","","","",""
"Scop3P","scop3p","EXACT","Y","10.0","Exact name match","","","","","","","","",""
"RiboDB","ribodb","EXACT","Y","10.0","Exact name match","","","","","","","","",""
"iProteinDB","iproteindb","EXACT","Y","10.0","Exact name match","","","","","","","","",""
"emiRIT","emirit","EXACT","Y","10.0","Exact name match","","","","","","","","",""
"pfSNP","pfsnp","EXACT","Y","10.0","Exact name match","","","","","","","","",""
"AcrDB","acrdb","EXACT","Y","10.0","Exact name match","","","","","","","","",""
"3DMET","3dmet","EXACT","Y","10.0","Exact name match","","","","","","","","",""
"PCSD","pcsd","EXACT","Y","10.0","Exact name match","","","","","","","","",""
"PANTHER","panther","EXACT","Y","10.0","Exact name match","","","","","","","","",""
"DrLLPS","drllps","EXACT","Y","10.0","Exact name match","","","","","","","","",""
"IBDDB","ibddb","EXACT","Y","10.0","Exact name match","","","","","","","","",""
"VDJdb","vdjdb","EXACT","Y","10.0","Exact name match","","","","","","","","",""
"TLPdb","tlpdb","EXACT","Y","10.0","Exact name match","","","","","","","","",""
"RGKbase","rgkbase","EXACT","Y","10.0","Exact name match","","","","","","","","",""
"LMPID","lmpid","EXACT","Y","10.0","Exact name match","","","","","","","","",""
"TCMID","tcmid","EXACT","Y","10.0","Exact name match","","","","","","","","",""
"CR2Cancer","cr2cancer","EXACT","Y","10.0","Exact name match","","","","","","","","",""
"AVPdb","avpdb","EXACT","Y","10.0","Exact name match","","","","","","","","",""
"CYCLoPs","cyclops","EXACT","Y","10.0","Exact name match","","","","","","","","",""
"PlantDHS","plantdhs","EXACT","Y","10.0","Exact name match","","","","","","","","",""
"ConoServer","conoserver","EXACT","Y","10.0","Exact name match","","","","","","","","",""
"DBTMEE","dbtmee","EXACT","Y","10.0","Exact name match","","","","","","","","",""
"SDRED","sdred","EXACT","Y","10.0","Exact name match","","","","","","","","",""
"iCSDB","icsdb","EXACT","Y","10.0","Exact name match","","","","","","","","",""
"PhoPepMass","phopepmass","EXACT","Y","10.0","Exact name match","","","","","","","","",""
"JuncDB","juncdb","EXACT","Y","10.0","Exact name match","","","","","","","","",""
"TrypInDB","trypindb","EXACT","Y","10.0","Exact name match","","","","","","","","",""
"MeiosisOnline","meiosisonline","EXACT","Y","10.0","Exact name match","","","","","","","","",""
"NSDNA","nsdna","EXACT","Y","10.0","Exact name match","","","","","","","","",""
"ImmuCellDB","immucelldb","EXACT","Y","10.0","Exact name match","","","","","","","","",""
"DiseaseEnhancer","diseaseenhancer","EXACT","Y","10.0","Exact name match","","","","","","","","",""
"funRNA","funrna","EXACT","Y","10.0","Exact name match","","","","","","","","",""
"dbGSH","dbgsh","EXACT","Y","10.0","Exact name match","","","","","","","","",""
"TumorHoPe","tumorhope","EXACT","Y","10.0","Exact name match","","","","","","","","",""
"SSBD","ssbd","EXACT","Y","10.0","Exact name match","","","","","","","","",""
"SGR","sgr","EXACT","Y","10.0","Exact name match","","","","","","","","",""
"PhosPhAt","phosphat","EXACT","Y","10.0","Exact name match","","","","","","","","",""
"RED","red","EXACT","Y","10.0","Exact name match","","","","","","","","",""
"Liverome","liverome","EXACT","Y","10.0","Exact name match","","","","","","","","",""
"HumCFS","humcfs","EXACT","Y","10.0","Exact name match","","","","","","","","",""
"diXa","dixa","EXACT","Y","10.0","Exact name match","","","","","","","","",""
"HEDD","hedd","EXACT","Y","10.0","Exact name match","","","","","","","","",""
"PolyQ","polyq","EXACT","Y","10.0","Exact name match","","","","","","","","",""
"HERB","herb","EXACT","Y","10.0","Exact name match","","","","","","","","",""
"RAID","raid","EXACT","Y","10.0","Exact name match","","","","","","","","",""
"PDBe","pdbe","EXACT","Y","10.0","Exact name match","","","","","","","","",""
"Geroprotectors","geroprotectors","EXACT","Y","10.0","Exact name match","","","","","","","","",""
"Datasets2Tools","datasets2tools","EXACT","Y","10.0","Exact name match","","","","","","","","",""
"SAbDab","sabdab","EXACT","Y","10.0","Exact name match","","","","","","","","",""
"HIR","hir","EXACT","Y","10.0","Exact name match","","","","","","","","",""
"PID","pid","EXACT","Y","10.0","Exact name match","","","","","","","","",""
"ModelSEED","modelseed","EXACT","Y","10.0","Exact name match","","","","","","","","",""
"LncR2metasta","lncr2metasta","EXACT","Y","10.0","Exact name match","","","","","","","","",""
"HDAM","hdam","EXACT","Y","10.0","Exact name match","","","","","","","","",""
"SysPTM","sysptm","EXACT","Y","10.0","Exact name match","","","","","","","","",""
"HelicoBase","helicobase","EXACT","Y","10.0","Exact name match","","","","","","","","",""
"GSDB","gsdb","EXACT","Y","10.0","Exact name match","","","","","","","","",""
"MitoFish","mitofish","EXACT","Y","10.0","Exact name match","","","","","","","","",""
"CorkOakDB","corkoakdb","EXACT","Y","10.0","Exact name match","","","","","","","","",""
"SM2miR","sm2mir","EXACT","Y","10.0","Exact name match","","","","","","","","",""
"HGMD","hgmd","EXACT","Y","10.0","Exact name match","","","","","","","","",""
"DeepBase","deepbase","EXACT","Y","10.0","Exact name match","","","","","","","","",""
"PMTED","pmted","EXACT","Y","10.0","Exact name match","","","","","","","","",""
"probeBase","probebase","EXACT","Y","10.0","Exact name match","","","","","","","","",""
"ASGDB","asgdb","EXACT","Y","10.0","Exact name match","","","","","","","","",""
"Bolbase","bolbase","EXACT","Y","10.0","Exact name match","","","","","","","","",""
"LipidPedia","lipidpedia","EXACT","Y","10.0","Exact name match","","","","","","","","",""
"OsteoporosAtlas","osteoporosatlas","EXACT","Y","10.0","Exact name match","","","","","","","","",""
"phiBIOTICS","phibiotics","EXACT","Y","10.0","Exact name match","","","","","","","","",""
"dbVOR","dbvor","EXACT","Y","10.0","Exact name match","","","","","","","","",""
"Nematode.net","nematode.net","EXACT","Y","10.0","Exact name match","","","","","","","","",""
"PESNPdb","pesnpdb","EXACT","Y","10.0","Exact name match","","","","","","","","",""
"TparvaDB","tparvadb","EXACT","Y","10.0","Exact name match","","","","","","","","",""
"CirGRDB","cirgrdb","EXACT","Y","10.0","Exact name match","","","","","","","","",""
"B3Pdb","b3pdb","EXACT","Y","10.0","Exact name match","","","","","","","","",""
"DbMDR","dbmdr","EXACT","Y","10.0","Exact name match","","","","","","","","",""
"TranslatomeDB","translatomedb","EXACT","Y","10.0","Exact name match","","","","","","","","",""
"AtmiRNET","atmirnet","EXACT","Y","10.0","Exact name match","","","","","","","","",""
"SecReT6","secret6","EXACT","Y","10.0","Exact name match","","","","","","","","",""
"KIDFamMap","kidfammap","EXACT","Y","10.0","Exact name match","","","","","","","","",""
"Nc2Eye","nc2eye","EXACT","Y","10.0","Exact name match","","","","","","","","",""
"EpiRegio","epiregio","EXACT","Y","10.0","Exact name match","","","","","","","","",""
"OncoBase","oncobase","EXACT","Y","10.0","Exact name match","","","","","","","","",""
"PDBFlex","pdbflex","EXACT","Y","10.0","Exact name match","","","","","","","","",""
"CRISPRz","crisprz","EXACT","Y","10.0","Exact name match","","","","","","","","",""
"OncotRF","oncotrf","EXACT","Y","10.0","Exact name match","","","","","","","","",""
"AT_CHLORO","at_chloro","EXACT","Y","10.0","Exact name match","","","","","","","","",""
"TACCO","tacco","EXACT","Y","10.0","Exact name match","","","","","","","","",""
"EncoMPASS","encompass","EXACT","Y","10.0","Exact name match","","","","","","","","",""
"UniPROBE","uniprobe","EXACT","Y","10.0","Exact name match","","","","","","","","",""
"MIsoMine","misomine","EXACT","Y","10.0","Exact name match","","","","","","","","",""
"rVarBase","rvarbase","EXACT","Y","10.0","Exact name match","","","","","","","","",""
"AroCageDB","arocagedb","EXACT","Y","10.0","Exact name match","","","","","","","","",""
"OptoBase","optobase","EXACT","Y","10.0","Exact name match","","","","","","","","",""
"DrugCombDB","drugcombdb","EXACT","Y","10.0","Exact name match","","","","","","","","",""
"EnDisease","endisease","EXACT","Y","10.0","Exact name match","","","","","","","","",""
"YeTFaSCo","yetfasco","EXACT","Y","10.0","Exact name match","","","","","","","","",""
"RSVdb","rsvdb","EXACT","Y","10.0","Exact name match","","","","","","","","",""
"G4LDB","g4ldb","EXACT","Y","10.0","Exact name match","","","","","","","","",""
"DNMIVD","dnmivd","EXACT","Y","10.0","Exact name match","","","","","","","","",""
"ExoBCD","exobcd","EXACT","Y","10.0","Exact name match","","","","","","","","",""
"FunSecKB","funseckb","EXACT","Y","10.0","Exact name match","","","","","","","","",""
"PrePPI","preppi","EXACT","Y","10.0","Exact name match","","","","","","","","",""
"LLPSDB","llpsdb","EXACT","Y","10.0","Exact name match","","","","","","","","",""
"CyanoPhyChe","cyanophyche","EXACT","Y","10.0","Exact name match","","","","","","","","",""
"ViruSurf","virusurf","EXACT","Y","10.0","Exact name match","","","","","","","","",""
"REPIC","repic","EXACT","Y","10.0","Exact name match","","","","","","","","",""
"AnnoLnc","annolnc","EXACT","Y","10.0","Exact name match","","","","","","","","",""
"GRNdb","grndb","EXACT","Y","10.0","Exact name match","","","","","","","","",""
"FmTFDb","fmtfdb","EXACT","Y","10.0","Exact name match","","","","","","","","",""
"MAGICdb","magicdb","EXACT","Y","10.0","Exact name match","","","","","","","","",""
"DBDiaSNP","dbdiasnp","EXACT","Y","10.0","Exact name match","","","","","","","","",""
"MiSynPat","misynpat","EXACT","Y","10.0","Exact name match","","","","","","","","",""
"BactPepDB","bactpepdb","EXACT","Y","10.0","Exact name match","","","","","","","","",""
"VISDB","visdb","EXACT","Y","10.0","Exact name match","","","","","","","","",""
"NBDB","nbdb","EXACT","Y","10.0","Exact name match","","","","","","","","",""
"ZenoFishDb","zenofishdb","EXACT","Y","10.0","Exact name match","","","","","","","","",""
"SomamiR","somamir","EXACT","Y","10.0","Exact name match","","","","","","","","",""
"SNP2Structure","snp2structure","EXACT","Y","10.0","Exact name match","","","","","","","","",""
"VirusMentha","virusmentha","EXACT","Y","10.0","Exact name match","","","","","","","","",""
"TeaAS","teaas","EXACT","Y","10.0","Exact name match","","","","","","","","",""
"StaphyloBase","staphylobase","EXACT","Y","10.0","Exact name match","","","","","","","","",""
"ABCMdb","abcmdb","EXACT","Y","10.0","Exact name match","","","","","","","","",""
"NetGenes","netgenes","EXACT","Y","10.0","Exact name match","","","","","","","","",""
"AMDD","amdd","EXACT","Y","10.0","Exact name match","","","","","","","","",""
"GreeningDB","greeningdb","EXACT","Y","10.0","Exact name match","","","","","","","","",""
"FEDA","feda","EXACT","Y","10.0","Exact name match","","","","","","","","",""
"CGOB","cgob","EXACT","Y","10.0","Exact name match","","","","","","","","",""
"MelanomaDB","melanomadb","EXACT","Y","10.0","Exact name match","","","","","","","","",""
"EctoGEM","ectogem","EXACT","Y","10.0","Exact name match","","","","","","","","",""
"HeRA","hera","EXACT","Y","10.0","Exact name match","","","","","","","","",""
"OPM","opm","EXACT","Y","10.0","Exact name match","","","","","","","","",""
"NeuroGeM","neurogem","EXACT","Y","10.0","Exact name match","","","","","","","","",""
"3CDB","3cdb","EXACT","Y","10.0","Exact name match","","","","","","","","",""
"ValidatorDB","validatordb","EXACT","Y","10.0","Exact name match","","","","","","","","",""
"LIMONADA","limonada","EXACT","Y","10.0","Exact name match","","","","","","","","",""
"SyStemCell","systemcell","EXACT","Y","10.0","Exact name match","","","","","","","","",""
"VariCarta","varicarta","EXACT","Y","10.0","Exact name match","","","","","","","","",""
"REVA","reva","EXACT","Y","10.0","Exact name match","","","","","","","","",""
"MarkerDB","markerdb","EXACT","Y","10.0","Exact name match","","","","","","","","",""
"HAHmiR.DB","hahmir.db","EXACT","Y","10.0","Exact name match","","","","","","","","",""
"HAltORF","haltorf","EXACT","Y","10.0","Exact name match","","","","","","","","",""
"HGPGD","hgpgd","EXACT","Y","10.0","Exact name match","","","","","","","","",""
"qPrimerDB","qprimerdb","EXACT","Y","10.0","Exact name match","","","","","","","","",""
"2DProts","2dprots","EXACT","Y","10.0","Exact name match","","","","","","","","",""
"AmphibiaChina","amphibiachina","EXACT","Y","10.0","Exact name match","","","","","","","","",""
"TISCH","tisch","EXACT","Y","10.0","Exact name match","","","","","","","","",""
"SkinSensDB","skinsensdb","EXACT","Y","10.0","Exact name match","","","","","","","","",""
"GenomeCRISPR","genomecrispr","EXACT","Y","10.0","Exact name match","","","","","","","","",""
"ChIPSummitDB","chipsummitdb","EXACT","Y","10.0","Exact name match","","","","","","","","",""
"MDR","mdr","EXACT","Y","10.0","Exact name match","","","","","","","","",""
"PathoYeastract","pathoyeastract","EXACT","Y","10.0","Exact name match","","","","","","","","",""
"HeteroMeth","heterometh","EXACT","Y","10.0","Exact name match","","","","","","","","",""
"MODEM","modem","EXACT","Y","10.0","Exact name match","","","","","","","","",""
"geoBoundaries","geoboundaries","EXACT","Y","10.0","Exact name match","","","","","","","","",""
"NONATObase","nonatobase","EXACT","Y","10.0","Exact name match","","","","","","","","",""
"ZINClick","zinclick","EXACT","Y","10.0","Exact name match","","","","","","","","",""
"CyanoLyase","cyanolyase","EXACT","Y","10.0","Exact name match","","","","","","","","",""
"PINA","pina","EXACT","Y","10.0","Exact name match","","","","","","","","",""
"GDBMedChem","gdbmedchem","EXACT","Y","10.0","Exact name match","","","","","","","","",""
"GCGene","gcgene","EXACT","Y","10.0","Exact name match","","","","","","","","",""
"PhenoDB","phenodb","EXACT","Y","10.0","Exact name match","","","","","","","","",""
"MetaRef","metaref","EXACT","Y","10.0","Exact name match","","","","","","","","",""
"ATD","atd","EXACT","Y","10.0","Exact name match","","","","","","","","",""
"MFMD","mfmd","EXACT","Y","10.0","Exact name match","","","","","","","","",""
"RAIN","rain","EXACT","Y","10.0","Exact name match","","","","","","","","",""
"IPAD","ipad","EXACT","Y","10.0","Exact name match","","","","","","","","",""
"FusionCancer","fusioncancer","EXACT","Y","10.0","Exact name match","","","","","","","","",""
"MNDR","mndr","EXACT","Y","10.0","Exact name match","","","","","","","","",""
"MASI","masi","EXACT","Y","10.0","Exact name match","","","","","","","","",""
"Cistrome","cistrome","EXACT","Y","10.0","Exact name match","","","","","","","","",""
"HIVed","hived","EXACT","Y","10.0","Exact name match","","","","","","","","",""
"REDfly","redfly","EXACT","Y","10.0","Exact name match","","","","","","","","",""
"ThRSDB","thrsdb","EXACT","Y","10.0","Exact name match","","","","","","","","",""
"IMOTA","imota","EXACT","Y","10.0","Exact name match","","","","","","","","",""
"miRNEST","mirnest","EXACT","Y","10.0","Exact name match","","","","","","","","",""
"CSVS","csvs","EXACT","Y","10.0","Exact name match","","","","","","","","",""
"YEASTRACT","yeastract","EXACT","Y","10.0","Exact name match","","","","","","","","",""
"CarbonylDB","carbonyldb","EXACT","Y","10.0","Exact name match","","","","","","","","",""
"PCDq","pcdq","EXACT","Y","10.0","Exact name match","","","","","","","","",""
"iCysMod","icysmod","EXACT","Y","10.0","Exact name match","","","","","","","","",""
"FMiR","fmir","EXACT","Y","10.0","Exact name match","","","","","","","","",""
"RMVar","rmvar","EXACT","Y","10.0","Exact name match","","","","","","","","",""
"GETPrime","getprime","EXACT","Y","10.0","Exact name match","","","","","","","","",""
"TaxKB","taxkb","EXACT","Y","10.0","Exact name match","","","","","","","","",""
"BacMet","bacmet","EXACT","Y","10.0","Exact name match","","","","","","","","",""
"PSDX","psdx","EXACT","Y","10.0","Exact name match","","","","","","","","",""
"gcType","gctype","EXACT","Y","10.0","Exact name match","","","","","","","","",""
"ECODAB","ecodab","EXACT","Y","10.0","Exact name match","","","","","","","","",""
"VPTMdb","vptmdb","EXACT","Y","10.0","Exact name match","","","","","","","","",""
"Amadis","amadis","EXACT","Y","10.0","Exact name match","","","","","","","","",""
"STRSeq","strseq","EXACT","Y","10.0","Exact name match","","","","","","","","",""
"ChimerDB","chimerdb","EXACT","Y","10.0","Exact name match","","","","","","","","",""
"RiceATM","riceatm","EXACT","Y","10.0","Exact name match","","","","","","","","",""
"cncRNAdb","cncrnadb","EXACT","Y","10.0","Exact name match","","","","","","","","",""
"FGDB","fgdb","EXACT","Y","10.0","Exact name match","","","","","","","","",""
"mirTrans","mirtrans","EXACT","Y","10.0","Exact name match","","","","","","","","",""
"PVsiRNAdb","pvsirnadb","EXACT","Y","10.0","Exact name match","","","","","","","","",""
"MDP","mdp","EXACT","Y","10.0","Exact name match","","","","","","","","",""
"PDBTM","pdbtm","EXACT","Y","10.0","Exact name match","","","","","","","","",""
"StRAP","strap","EXACT","Y","10.0","Exact name match","","","","","","","","",""
"SoyFN","soyfn","EXACT","Y","10.0","Exact name match","","","","","","","","",""
"mutTCPdb","muttcpdb","EXACT","Y","10.0","Exact name match","","","","","","","","",""
"ctcRbase","ctcrbase","EXACT","Y","10.0","Exact name match","","","","","","","","",""
"SARSCOVIDB","sarscovidb","EXACT","Y","10.0","Exact name match","","","","","","","","",""
"HDNetDB","hdnetdb","EXACT","Y","10.0","Exact name match","","","","","","","","",""
"Pancreatlas","pancreatlas","EXACT","Y","10.0","Exact name match","","","","","","","","",""
"EVmiRNA","evmirna","EXACT","Y","10.0","Exact name match","","","","","","","","",""
"GESDB","gesdb","EXACT","Y","10.0","Exact name match","","","","","","","","",""
"REDIportal","rediportal","EXACT","Y","10.0","Exact name match","","","","","","","","",""
"Genomicus","genomicus","EXACT","Y","10.0","Exact name match","","","","","","","","",""
"IGDD","igdd","EXACT","Y","10.0","Exact name match","","","","","","","","",""
"PheKB","phekb","EXACT","Y","10.0","Exact name match","","","","","","","","",""
"VectorBase","vectorbase","EXACT","Y","10.0","Exact name match","","","","","","","","",""
"GSA","gsa","EXACT","Y","10.0","Exact name match","","","","","","","","",""
"DrugAge","drugage","EXACT","Y","10.0","Exact name match","","","","","","","","",""
"TransCirc","transcirc","EXACT","Y","10.0","Exact name match","","","","","","","","",""
"MycoSec","mycosec","EXACT","Y","10.0","Exact name match","","","","","","","","",""
"PMDBase","pmdbase","EXACT","Y","10.0","Exact name match","","","","","","","","",""
"SilkPathDB","silkpathdb","EXACT","Y","10.0","Exact name match","","","","","","","","",""
"GeOMe","geome","EXACT","Y","10.0","Exact name match","","","","","","","","",""
"HGPD","hgpd","EXACT","Y","10.0","Exact name match","","","","","","","","",""
"BarleyVarDB","barleyvardb","EXACT","Y","10.0","Exact name match","","","","","","","","",""
"WDSPdb","wdspdb","EXACT","Y","10.0","Exact name match","","","","","","","","",""
"OGDA","ogda","EXACT","Y","10.0","Exact name match","","","","","","","","",""
"MyomirDB","myomirdb","EXACT","Y","10.0","Exact name match","","","","","","","","",""
"SpliceDisease","splicedisease","EXACT","Y","10.0","Exact name match","","","","","","","","",""
"dbPSP","dbpsp","EXACT","Y","10.0","Exact name match","","","","","","","","",""
"SpinachBase","spinachbase","EXACT","Y","10.0","Exact name match","","","","","","","","",""
"RiceRBP","ricerbp","EXACT","Y","10.0","Exact name match","","","","","","","","",""
"PSCDB","pscdb","EXACT","Y","10.0","Exact name match","","","","","","","","",""
"Psmir","psmir","EXACT","Y","10.0","Exact name match","","","","","","","","",""
"DPTEdb","dptedb","EXACT","Y","10.0","Exact name match","","","","","","","","",""
"AtPID","atpid","EXACT","Y","10.0","Exact name match","","","","","","","","",""
"dbEMT","dbemt","EXACT","Y","10.0","Exact name match","","","","","","","","",""
"CyanOmics","cyanomics","EXACT","Y","10.0","Exact name match","","","","","","","","",""
"CellTalkDB","celltalkdb","EXACT","Y","10.0","Exact name match","","","","","","","","",""
"TBDB","tbdb","EXACT","Y","10.0","Exact name match","","","","","","","","",""
"KampoDB","kampodb","EXACT","Y","10.0","Exact name match","","","","","","","","",""
"ACNPD","acnpd","EXACT","Y","10.0","Exact name match","","","","","","","","",""
"SwissPalm","swisspalm","EXACT","Y","10.0","Exact name match","","","","","","","","",""
"miRGate","mirgate","EXACT","Y","10.0","Exact name match","","","","","","","","",""
"CEMTDD","cemtdd","EXACT","Y","10.0","Exact name match","","","","","","","","",""
"InterStoreDB","interstoredb","EXACT","Y","10.0","Exact name match","","","","","","","","",""
"DSMNC","dsmnc","EXACT","Y","10.0","Exact name match","","","","","","","","",""
"CIBMAN","cibman","EXACT","Y","10.0","Exact name match","","","","","","","","",""
"GermlncRNA","germlncrna","EXACT","Y","10.0","Exact name match","","","","","","","","",""
"oRNAment","ornament","EXACT","Y","10.0","Exact name match","","","","","","","","",""
"TMPL","tmpl","EXACT","Y","10.0","Exact name match","","","","","","","","",""
"EzCatDB","ezcatdb","EXACT","Y","10.0","Exact name match","","","","","","","","",""
"MCPdb","mcpdb","EXACT","Y","10.0","Exact name match","","","","","","","","",""
"GPCards","gpcards","EXACT","Y","10.0","Exact name match","","","","","","","","",""
"CAGm","cagm","EXACT","Y","10.0","Exact name match","","","","","","","","",""
"SureChEMBL","surechembl","EXACT","Y","10.0","Exact name match","","","","","","","","",""
"IIIDB","iiidb","EXACT","Y","10.0","Exact name match","","","","","","","","",""
"StreptomeDB","streptomedb","EXACT","Y","10.0","Exact name match","","","","","","","","",""
"RepeatsDB","repeatsdb","EXACT","Y","10.0","Exact name match","","","","","","","","",""
"HaploReg","haploreg","EXACT","Y","10.0","Exact name match","","","","","","","","",""
"PGDD","pgdd","EXACT","Y","10.0","Exact name match","","","","","","","","",""
"WikiCell","wikicell","EXACT","Y","10.0","Exact name match","","","","","","","","",""
"PlantRGDB","plantrgdb","EXACT","Y","10.0","Exact name match","","","","","","","","",""
"dbDEMC","dbdemc","EXACT","Y","10.0","Exact name match","","","","","","","","",""
"EchinoDB","echinodb","EXACT","Y","10.0","Exact name match","","","","","","","","",""
"AlnC","alnc","EXACT","Y","10.0","Exact name match","","","","","","","","",""
"dbInDel","dbindel","EXACT","Y","10.0","Exact name match","","","","","","","","",""
"DARNED","darned","EXACT","Y","10.0","Exact name match","","","","","","","","",""
"UUCD","uucd","EXACT","Y","10.0","Exact name match","","","","","","","","",""
"vHoT","vhot","EXACT","Y","10.0","Exact name match","","","","","","","","",""
"ALEdb","aledb","EXACT","Y","10.0","Exact name match","","","","","","","","",""
"TCR3d","tcr3d","EXACT","Y","10.0","Exact name match","","","","","","","","",""
"CircR2Cancer","circr2cancer","EXACT","Y","10.0","Exact name match","","","","","","","","",""
"KiPho","kipho","EXACT","Y","10.0","Exact name match","","","","","","","","",""
"SORGOdb","sorgodb","EXACT","Y","10.0","Exact name match","","","","","","","","",""
"DBGC","dbgc","EXACT","Y","10.0","Exact name match","","","","","","","","",""
"BtoxDB","btoxdb","EXACT","Y","10.0","Exact name match","","","","","","","","",""
"CyanoBase","cyanobase","EXACT","Y","10.0","Exact name match","","","","","","","","",""
"SKmDB","skmdb","EXACT","Y","10.0","Exact name match","","","","","","","","",""
"BambooGDB","bamboogdb","EXACT","Y","10.0","Exact name match","","","","","","","","",""
"GDR","gdr","EXACT","Y","10.0","Exact name match","","","","","","","","",""
"tasiRNAdb","tasirnadb","EXACT","Y","10.0","Exact name match","","","","","","","","",""
"MitoSatPlant","mitosatplant","EXACT","Y","10.0","Exact name match","","","","","","","","",""
"PhylOPDb","phylopdb","EXACT","Y","10.0","Exact name match","","","","","","","","",""
"mycoCLAP","mycoclap","EXACT","Y","10.0","Exact name match","","","","","","","","",""
"SELAdb","seladb","EXACT","Y","10.0","Exact name match","","","","","","","","",""
"PopHumanScan","pophumanscan","EXACT","Y","10.0","Exact name match","","","","","","","","",""
"eggNOG","eggnog","EXACT","Y","10.0","Exact name match","","","","","","","","",""
"NanoMiner","nanominer","EXACT","Y","10.0","Exact name match","","","","","","","","",""
"CMEP","cmep","EXACT","Y","10.0","Exact name match","","","","","","","","",""
"AmyCo","amyco","EXACT","Y","10.0","Exact name match","","","","","","","","",""
"COD","cod","EXACT","Y","10.0","Exact name match","","","","","","","","",""
"AICD","aicd","EXACT","Y","10.0","Exact name match","","","","","","","","",""
"PGG.Population","pgg.population","EXACT","Y","10.0","Exact name match","","","","","","","","",""
"CuAS","cuas","EXACT","Y","10.0","Exact name match","","","","","","","","",""
"SUPERFAMILY","superfamily","EXACT","Y","10.0","Exact name match","","","","","","","","",""
"SymMap","symmap","EXACT","Y","10.0","Exact name match","","","","","","","","",""
"Victors","victors","EXACT","Y","10.0","Exact name match","","","","","","","","",""
"MetaMetaDB","metametadb","EXACT","Y","10.0","Exact name match","","","","","","","","",""
"PerMemDB","permemdb","EXACT","Y","10.0","Exact name match","","","","","","","","",""
"FOAM","foam","EXACT","Y","10.0","Exact name match","","","","","","","","",""
"PlantNATsDB","plantnatsdb","EXACT","Y","10.0","Exact name match","","","","","","","","",""
"PGDBj","pgdbj","EXACT","Y","10.0","Exact name match","","","","","","","","",""
"YeastIP","yeastip","EXACT","Y","10.0","Exact name match","","","","","","","","",""
"NARD","nard","EXACT","Y","10.0","Exact name match","","","","","","","","",""
"HumanMetagenomeDB","humanmetagenomedb","EXACT","Y","10.0","Exact name match","","","","","","","","",""
"FixPred","fixpred","EXACT","Y","10.0","Exact name match","","","","","","","","",""
"PlantExpress","plantexpress","EXACT","Y","10.0","Exact name match","","","","","","","","",""
"ProteinExplorer","proteinexplorer","EXACT","Y","10.0","Exact name match","","","","","","","","",""
"GGVD","ggvd","EXACT","Y","10.0","Exact name match","","","","","","","","",""
"neXtProt","nextprot","EXACT","Y","10.0","Exact name match","","","","","","","","",""
"PGD","pgd","EXACT","Y","10.0","Exact name match","","","","","","","","",""
"SNP@lincTFBS","snp@linctfbs","EXACT","Y","10.0","Exact name match","","","","","","","","",""
"Rhea","rhea","EXACT","Y","10.0","Exact name match","","","","","","","","",""
"CLD","cld","EXACT","Y","10.0","Exact name match","","","","","","","","",""
"STAB","stab","EXACT","Y","10.0","Exact name match","","","","","","","","",""
"SmedGD","smedgd","EXACT","Y","10.0","Exact name match","","","","","","","","",""
"RNALocate","rnalocate","EXACT","Y","10.0","Exact name match","","","","","","","","",""
"ProteomeScout","proteomescout","EXACT","Y","10.0","Exact name match","","","","","","","","",""
"Lynx","lynx","EXACT","Y","10.0","Exact name match","","","","","","","","",""
"OGEE","ogee","EXACT","Y","10.0","Exact name match","","","","","","","","",""
"MutationAligner","mutationaligner","EXACT","Y","10.0","Exact name match","","","","","","","","",""
"DrugComb","drugcomb","EXACT","Y","10.0","Exact name match","","","","","","","","",""
"RPAN","rpan","EXACT","Y","10.0","Exact name match","","","","","","","","",""
"CATA","cata","EXACT","Y","10.0","Exact name match","","","","","","","","",""
"STIFDB2","stifdb2","EXACT","Y","10.0","Exact name match","","","","","","","","",""
"SEECancer","seecancer","EXACT","Y","10.0","Exact name match","","","","","","","","",""
"IGD","igd","EXACT","Y","10.0","Exact name match","","","","","","","","",""
"SuperFly","superfly","EXACT","Y","10.0","Exact name match","","","","","","","","",""
"PRIMe","prime","EXACT","Y","10.0","Exact name match","","","","","","","","",""
"VHLdb","vhldb","EXACT","Y","10.0","Exact name match","","","","","","","","",""
"KnotProt","knotprot","EXACT","Y","10.0","Exact name match","","","","","","","","",""
"miRandola","mirandola","EXACT","Y","10.0","Exact name match","","","","","","","","",""
"SBCDDB","sbcddb","EXACT","Y","10.0","Exact name match","","","","","","","","",""
"STITCH","stitch","EXACT","Y","10.0","Exact name match","","","","","","","","",""
"LocSigDB","locsigdb","EXACT","Y","10.0","Exact name match","","","","","","","","",""
"DEOP","deop","EXACT","Y","10.0","Exact name match","","","","","","","","",""
"ReMap","remap","EXACT","Y","10.0","Exact name match","","","","","","","","",""
"LjGEA","ljgea","EXACT","Y","10.0","Exact name match","","","","","","","","",""
"BDdb","bddb","EXACT","Y","10.0","Exact name match","","","","","","","","",""
"DRscDB","drscdb","EXACT","Y","10.0","Exact name match","","","","","","","","",""
"EPSLiM","epslim","EXACT","Y","10.0","Exact name match","","","","","","","","",""
"3DIV","3div","EXACT","Y","10.0","Exact name match","","","","","","","","",""
"SRD","srd","EXACT","Y","10.0","Exact name match","","","","","","","","",""
"PLMD","plmd","EXACT","Y","10.0","Exact name match","","","","","","","","",""
"KIR","kir","EXACT","Y","10.0","Exact name match","","","","","","","","",""
"PITDB","pitdb","EXACT","Y","10.0","Exact name match","","","","","","","","",""
"gutMEGA","gutmega","EXACT","Y","10.0","Exact name match","","","","","","","","",""
"HemaExplorer","hemaexplorer","EXACT","Y","10.0","Exact name match","","","","","","","","",""
"OncoPPi","oncoppi","EXACT","Y","10.0","Exact name match","","","","","","","","",""
"LeGOO","legoo","EXACT","Y","10.0","Exact name match","","","","","","","","",""
"AOE","aoe","EXACT","Y","10.0","Exact name match","","","","","","","","",""
"D3DistalMutation","d3distalmutation","EXACT","Y","10.0","Exact name match","","","","","","","","",""
"TANTIGEN","tantigen","EXACT","Y","10.0","Exact name match","","","","","","","","",""
"PEP725","pep725","EXACT","Y","10.0","Exact name match","","","","","","","","",""
"LAMP","lamp","EXACT","Y","10.0","Exact name match","","","","","","","","",""
"DEER","deer","EXACT","Y","10.0","Exact name match","","","","","","","","",""
"TIBS","tibs","EXACT","Y","10.0","Exact name match","","","","","","","","",""
"MatrisomeDB","matrisomedb","EXACT","Y","10.0","Exact name match","","","","","","","","",""
"GenFam","genfam","EXACT","Y","10.0","Exact name match","","","","","","","","",""
"OrysPSSP","oryspssp","EXACT","Y","10.0","Exact name match","","","","","","","","",""
"DIDA","dida","EXACT","Y","10.0","Exact name match","","","","","","","","",""
"rrnDB","rrndb","EXACT","Y","10.0","Exact name match","","","","","","","","",""
"lncRNAdb","lncrnadb","EXACT","Y","10.0","Exact name match","","","","","","","","",""
"HIVsirDB","hivsirdb","EXACT","Y","10.0","Exact name match","","","","","","","","",""
"DeTEXT","detext","EXACT","Y","10.0","Exact name match","","","","","","","","",""
"metabolicMine","metabolicmine","EXACT","Y","10.0","Exact name match","","","","","","","","",""
"dbSNO","dbsno","EXACT","Y","10.0","Exact name match","","","","","","","","",""
"CathaCyc","cathacyc","EXACT","Y","10.0","Exact name match","","","","","","","","",""
"MGnify","mgnify","EXACT","Y","10.0","Exact name match","","","","","","","","",""
"LncACTdb","lncactdb","EXACT","Y","10.0","Exact name match","","","","","","","","",""
"TuberQ","tuberq","EXACT","Y","10.0","Exact name match","","","","","","","","",""
"BorreliaBase","borreliabase","EXACT","Y","10.0","Exact name match","","","","","","","","",""
"PAGER","pager","EXACT","Y","10.0","Exact name match","","","","","","","","",""
"BSGatlas","bsgatlas","EXACT","Y","10.0","Exact name match","","","","","","","","",""
"eFG","efg","EXACT","Y","10.0","Exact name match","","","","","","","","",""
"iRefWeb","irefweb","EXACT","Y","10.0","Exact name match","","","","","","","","",""
"BRAD","brad","EXACT","Y","10.0","Exact name match","","","","","","","","",""
"CamurWeb","camurweb","EXACT","Y","10.0","Exact name match","","","","","","","","",""
"PhylomeDB","phylomedb","EXACT","Y","10.0","Exact name match","","","","","","","","",""
"SoyBase","soybase","EXACT","Y","10.0","Exact name match","","","","","","","","",""
"PomBase","pombase","EXACT","Y","10.0","Exact name match","","","","","","","","",""
"PDID","pdid","EXACT","Y","10.0","Exact name match","","","","","","","","",""
"PlanMine","planmine","EXACT","Y","10.0","Exact name match","","","","","","","","",""
"CBMAR","cbmar","EXACT","Y","10.0","Exact name match","","","","","","","","",""
"VaxiJen","vaxijen","EXACT","Y","10.0","Exact name match","","","","","","","","",""
"KNIndex","knindex","EXACT","Y","10.0","Exact name match","","","","","","","","",""
"CeleryDB","celerydb","EXACT","Y","10.0","Exact name match","","","","","","","","",""
"InvFEST","invfest","EXACT","Y","10.0","Exact name match","","","","","","","","",""
"Vesiclepedia","vesiclepedia","EXACT","Y","10.0","Exact name match","","","","","","","","",""
"Nabe","nabe","EXACT","Y","10.0","Exact name match","","","","","","","","",""
"MoonDB","moondb","EXACT","Y","10.0","Exact name match","","","","","","","","",""
"ANGIOGENES","angiogenes","EXACT","Y","10.0","Exact name match","","","","","","","","",""
"ThaleMine","thalemine","EXACT","Y","10.0","Exact name match","","","","","","","","",""
"GOA","goa","EXACT","Y","10.0","Exact name match","","","","","","","","",""
"BioM2MetDisease","biom2metdisease","EXACT","Y","10.0","Exact name match","","","","","","","","",""
"DBDB","dbdb","EXACT","Y","10.0","Exact name match","","","","","","","","",""
"inTB","intb","EXACT","Y","10.0","Exact name match","","","","","","","","",""
"CellMarker","cellmarker","EXACT","Y","10.0","Exact name match","","","","","","","","",""
"Datanator","datanator","EXACT","Y","10.0","Exact name match","","","","","","","","",""
"CBD","cbd","EXACT","Y","10.0","Exact name match","","","","","","","","",""
"MPD3","mpd3","EXACT","Y","10.0","Exact name match","","","","","","","","",""
"GEISHA","geisha","EXACT","Y","10.0","Exact name match","","","","","","","","",""
"ISVdb","isvdb","EXACT","Y","10.0","Exact name match","","","","","","","","",""
"ProfileDB","profiledb","EXACT","Y","10.0","Exact name match","","","","","","","","",""
"CSmiRTar","csmirtar","EXACT","Y","10.0","Exact name match","","","","","","","","",""
"ncRNA2MetS","ncrna2mets","EXACT","Y","10.0","Exact name match","","","","","","","","",""
"StemMapper","stemmapper","EXACT","Y","10.0","Exact name match","","","","","","","","",""
"Hepamine","hepamine","EXACT","Y","10.0","Exact name match","","","","","","","","",""
"RNAInter","rnainter","EXACT","Y","10.0","Exact name match","","","","","","","","",""
"CSDB_GT","csdb_gt","EXACT","Y","10.0","Exact name match","","","","","","","","",""
"TMPad","tmpad","EXACT","Y","10.0","Exact name match","","","","","","","","",""
"NeisseriaBase","neisseriabase","EXACT","Y","10.0","Exact name match","","","","","","","","",""
"CORUM","corum","EXACT","Y","10.0","Exact name match","","","","","","","","",""
"SkeletalVis","skeletalvis","EXACT","Y","10.0","Exact name match","","","","","","","","",""
"FunCoup","funcoup","EXACT","Y","10.0","Exact name match","","","","","","","","",""
"RMBase","rmbase","EXACT","Y","10.0","Exact name match","","","","","","","","",""
"ValTrendsDB","valtrendsdb","EXACT","Y","10.0","Exact name match","","","","","","","","",""
"RNArchitecture","rnarchitecture","EXACT","Y","10.0","Exact name match","","","","","","","","",""
"RCPedia","rcpedia","EXACT","Y","10.0","Exact name match","","","","","","","","",""
"SynGO","syngo","EXACT","Y","10.0","Exact name match","","","","","","","","",""
"iPfam","ipfam","EXACT","Y","10.0","Exact name match","","","","","","","","",""
"HOCOMOCO","hocomoco","EXACT","Y","10.0","Exact name match","","","","","","","","",""
"DISNOR","disnor","EXACT","Y","10.0","Exact name match","","","","","","","","",""
"DictyBase","dictybase","EXACT","Y","10.0","Exact name match","","","","","","","","",""
"ASpedia","aspedia","EXACT","Y","10.0","Exact name match","","","","","","","","",""
"BGVD","bgvd","EXACT","Y","10.0","Exact name match","","","","","","","","",""
"ONRLDB","onrldb","EXACT","Y","10.0","Exact name match","","","","","","","","",""
"IRView","irview","EXACT","Y","10.0","Exact name match","","","","","","","","",""
"DiseaseMeth","diseasemeth","EXACT","Y","10.0","Exact name match","","","","","","","","",""
"TC3A","tc3a","EXACT","Y","10.0","Exact name match","","","","","","","","",""
"CRMarker","crmarker","EXACT","Y","10.0","Exact name match","","","","","","","","",""
"ZInC","zinc","EXACT","Y","10.0","Exact name match","","","","","","","","",""
"MGD","mgd","EXACT","Y","10.0","Exact name match","","","","","","","","",""
"SpiroESTdb","spiroestdb","EXACT","Y","10.0","Exact name match","","","","","","","","",""
"CORE","core","EXACT","Y","10.0","Exact name match","","","","","","","","",""
"CancerSEA","cancersea","EXACT","Y","10.0","Exact name match","","","","","","","","",""
"IsoBase","isobase","EXACT","Y","10.0","Exact name match","","","","","","","","",""
"GRONS","grons","EXACT","Y","10.0","Exact name match","","","","","","","","",""
"DetoxiProt","detoxiprot","EXACT","Y","10.0","Exact name match","","","","","","","","",""
"miRNASNP","mirnasnp","EXACT","Y","10.0","Exact name match","","","","","","","","",""
"UCNEbase","ucnebase","EXACT","Y","10.0","Exact name match","","","","","","","","",""
"STRING","string","EXACT","Y","10.0","Exact name match","","","","","","","","",""
"KVarPredDB","kvarpreddb","EXACT","Y","10.0","Exact name match","","","","","","","","",""
"hUbiquitome","hubiquitome","EXACT","Y","10.0","Exact name match","","","","","","","","",""
"LepChorionDB","lepchoriondb","EXACT","Y","10.0","Exact name match","","","","","","","","",""
"HKPocket","hkpocket","EXACT","Y","10.0","Exact name match","","","","","","","","",""
"LncRNADisease","lncrnadisease","EXACT","Y","10.0","Exact name match","","","","","","","","",""
"MANET","manet","EXACT","Y","10.0","Exact name match","","","","","","","","",""
"DEPOD","depod","EXACT","Y","10.0","Exact name match","","","","","","","","",""
"hiPathDB","hipathdb","EXACT","Y","10.0","Exact name match","","","","","","","","",""
"PoSSuM","possum","EXACT","Y","10.0","Exact name match","","","","","","","","",""
"SCPortalen","scportalen","EXACT","Y","10.0","Exact name match","","","","","","","","",""
"RNAWRE","rnawre","EXACT","Y","10.0","Exact name match","","","","","","","","",""
"PhytoREF","phytoref","EXACT","Y","10.0","Exact name match","","","","","","","","",""
"DcGO","dcgo","EXACT","Y","10.0","Exact name match","","","","","","","","",""
"GENT","gent","EXACT","Y","10.0","Exact name match","","","","","","","","",""
"CellFinder","cellfinder","EXACT","Y","10.0","Exact name match","","","","","","","","",""
"PINIR","pinir","EXACT","Y","10.0","Exact name match","","","","","","","","",""
"MnTEdb","mntedb","EXACT","Y","10.0","Exact name match","","","","","","","","",""
"AraPheno","arapheno","EXACT","Y","10.0","Exact name match","","","","","","","","",""
"fPoxDB","fpoxdb","EXACT","Y","10.0","Exact name match","","","","","","","","",""
"EDK","edk","EXACT","Y","10.0","Exact name match","","","","","","","","",""
"dbGaP","dbgap","EXACT","Y","10.0","Exact name match","","","","","","","","",""
"AutismKB","autismkb","EXACT","Y","10.0","Exact name match","","","","","","","","",""
"PlantAFP","plantafp","EXACT","Y","10.0","Exact name match","","","","","","","","",""
"PAGED","paged","EXACT","Y","10.0","Exact name match","","","","","","","","",""
"ENPD","enpd","EXACT","Y","10.0","Exact name match","","","","","","","","",""
"DoRiNA","dorina","EXACT","Y","10.0","Exact name match","","","","","","","","",""
"EnzyBase","enzybase","EXACT","Y","10.0","Exact name match","","","","","","","","",""
"CRISPRlnc","crisprlnc","EXACT","Y","10.0","Exact name match","","","","","","","","",""
"ProRepeat","prorepeat","EXACT","Y","10.0","Exact name match","","","","","","","","",""
"DenvInD","denvind","EXACT","Y","10.0","Exact name match","","","","","","","","",""
"NPCARE","npcare","EXACT","Y","10.0","Exact name match","","","","","","","","",""
"hPSCreg","hpscreg","EXACT","Y","10.0","Exact name match","","","","","","","","",""
"enviPath","envipath","EXACT","Y","10.0","Exact name match","","","","","","","","",""
"AcetoBase","acetobase","EXACT","Y","10.0","Exact name match","","","","","","","","",""
"MMDB","mmdb","EXACT","Y","10.0","Exact name match","","","","","","","","",""
"CGD","cgd","EXACT","Y","10.0","Exact name match","","","","","","","","",""
"SugarBindDB","sugarbinddb","EXACT","Y","10.0","Exact name match","","","","","","","","",""
"MAPslnc","mapslnc","EXACT","Y","10.0","Exact name match","","","","","","","","",""
"DINAX","dinax","EXACT","Y","10.0","Exact name match","","","","","","","","",""
"SalmoBase","salmobase","EXACT","Y","10.0","Exact name match","","","","","","","","",""
"jMorp","jmorp","EXACT","Y","10.0","Exact name match","","","","","","","","",""
"ICTV","ictv","EXACT","Y","10.0","Exact name match","","","","","","","","",""
"MethHC","methhc","EXACT","Y","10.0","Exact name match","","","","","","","","",""
"TeloPIN","telopin","EXACT","Y","10.0","Exact name match","","","","","","","","",""
"KIXBASE","kixbase","EXACT","Y","10.0","Exact name match","","","","","","","","",""
"RetinoGenetics","retinogenetics","EXACT","Y","10.0","Exact name match","","","","","","","","",""
"Hemolytik","hemolytik","EXACT","Y","10.0","Exact name match","","","","","","","","",""
"gEVE","geve","EXACT","Y","10.0","Exact name match","","","","","","","","",""
"Gene4HL","gene4hl","EXACT","Y","10.0","Exact name match","","","","","","","","",""
"CottonFGD","cottonfgd","EXACT","Y","10.0","Exact name match","","","","","","","","",""
"GAAD","gaad","EXACT","Y","10.0","Exact name match","","","","","","","","",""
"MetaCrop","metacrop","EXACT","Y","10.0","Exact name match","","","","","","","","",""
"circlncRNAnet","circlncrnanet","EXACT","Y","10.0","Exact name match","","","","","","","","",""
"RBPMetaDB","rbpmetadb","EXACT","Y","10.0","Exact name match","","","","","","","","",""
"CeNDR","cendr","EXACT","Y","10.0","Exact name match","","","","","","","","",""
"IFIM","ifim","EXACT","Y","10.0","Exact name match","","","","","","","","",""
"HemeOxDB","hemeoxdb","EXACT","Y","10.0","Exact name match","","","","","","","","",""
"Proteopedia","proteopedia","EXACT","Y","10.0","Exact name match","","","","","","","","",""
"Bgee","bgee","EXACT","Y","10.0","Exact name match","","","","","","","","",""
"MethCNA","methcna","EXACT","Y","10.0","Exact name match","","","","","","","","",""
"DAMPD","dampd","EXACT","Y","10.0","Exact name match","","","","","","","","",""
"CTDB","ctdb","EXACT","Y","10.0","Exact name match","","","","","","","","",""
"IthaGenes","ithagenes","EXACT","Y","10.0","Exact name match","","","","","","","","",""
"CCG","ccg","EXACT","Y","10.0","Exact name match","","","","","","","","",""
"AtPAN","atpan","EXACT","Y","10.0","Exact name match","","","","","","","","",""
"Orchidstra","orchidstra","EXACT","Y","10.0","Exact name match","","","","","","","","",""
"CEG","ceg","EXACT","Y","10.0","Exact name match","","","","","","","","",""
"NCRO","ncro","EXACT","Y","10.0","Exact name match","","","","","","","","",""
"EADB","eadb","EXACT","Y","10.0","Exact name match","","","","","","","","",""
"LSD","lsd","EXACT","Y","10.0","Exact name match","","","","","","","","",""
"piRTarBase","pirtarbase","EXACT","Y","10.0","Exact name match","","","","","","","","",""
"EDdb","eddb","EXACT","Y","10.0","Exact name match","","","","","","","","",""
"AtMAD","atmad","EXACT","Y","10.0","Exact name match","","","","","","","","",""
"WaspAtlas","waspatlas","EXACT","Y","10.0","Exact name match","","","","","","","","",""
"CitGVD","citgvd","EXACT","Y","10.0","Exact name match","","","","","","","","",""
"gutMDisorder","gutmdisorder","EXACT","Y","10.0","Exact name match","","","","","","","","",""
"ECO","eco","EXACT","Y","10.0","Exact name match","","","","","","","","",""
"SubtiWiki","subtiwiki","EXACT","Y","10.0","Exact name match","","","","","","","","",""
"EPSD","epsd","EXACT","Y","10.0","Exact name match","","","","","","","","",""
"OrtholugeDB","ortholugedb","EXACT","Y","10.0","Exact name match","","","","","","","","",""
"PhenoDis","phenodis","EXACT","Y","10.0","Exact name match","","","","","","","","",""
"Diseasecard","diseasecard","EXACT","Y","10.0","Exact name match","","","","","","","","",""
"ECGene","ecgene","EXACT","Y","10.0","Exact name match","","","","","","","","",""
"GraP","grap","EXACT","Y","10.0","Exact name match","","","","","","","","",""
"CharProtDB","charprotdb","EXACT","Y","10.0","Exact name match","","","","","","","","",""
"viruSITE","virusite","EXACT","Y","10.0","Exact name match","","","","","","","","",""
"Cysteinome","cysteinome","EXACT","Y","10.0","Exact name match","","","","","","","","",""
"ArchDB","archdb","EXACT","Y","10.0","Exact name match","","","","","","","","",""
"FBIS","fbis","EXACT","Y","10.0","Exact name match","","","","","","","","",""
"MSDB","msdb","EXACT","Y","10.0","Exact name match","","","","","","","","",""
"SoyKB","soykb","EXACT","Y","10.0","Exact name match","","","","","","","","",""
"NECTAR","nectar","EXACT","Y","10.0","Exact name match","","","","","","","","",""
"MaxQB","maxqb","EXACT","Y","10.0","Exact name match","","","","","","","","",""
"IDC","idc","EXACT","Y","10.0","Exact name match","","","","","","","","",""
"PhenomeCentral","phenomecentral","EXACT","Y","10.0","Exact name match","","","","","","","","",""
"PFDB","pfdb","EXACT","Y","10.0","Exact name match","","","","","","","","",""
"KAIKObase","kaikobase","EXACT","Y","10.0","Exact name match","","","","","","","","",""
"tsRBase","tsrbase","EXACT","Y","10.0","Exact name match","","","","","","","","",""
"TransportDB","transportdb","EXACT","Y","10.0","Exact name match","","","","","","","","",""
"FANTOM","fantom5","SAME_DOMAIN, digit_only_diff, edit_dist=1, contains, url_path_sim=1.00, long_sim=1.00","Y","7.0","Score=7.0: SAME_DOMAIN, digit_only_diff, edit_dist=1, contains, url_path_sim=1.00, long_sim=1.00","Functional Annotation of the Mammalian Genome","http://fantom.gsc.riken.jp","riken.jp","http://fantom.gsc.riken.jp","riken.jp","True","1.0","1.0","HIGH"
"SCOP2","scop","SAME_DOMAIN, digit_only_diff, edit_dist=1, contains, url_path_sim=0.98, long_sim=0.88","Y","7.0","Score=7.0: SAME_DOMAIN, digit_only_diff, edit_dist=1, contains, url_path_sim=0.98, long_sim=0.88","Structural Classification of Proteins version 2","http://scop2.mrc-lmb.cam.ac.uk/","ac.uk","http://scop.mrc-lmb.cam.ac.uk","ac.uk","True","1.0","0.98","HIGH"
"HomeoDB","homeodb2","SAME_DOMAIN, digit_only_diff, edit_dist=1, contains, url_path_sim=1.00, long_sim=0.87","Y","7.0","Score=7.0: SAME_DOMAIN, digit_only_diff, edit_dist=1, contains, url_path_sim=1.00, long_sim=0.87","Homeobox Database","http://homeodb.zoo.ox.ac.uk","ac.uk","http://homeodb.zoo.ox.ac.uk","ac.uk","True","1.0","1.0","HIGH"
"SUBA","suba3","SAME_DOMAIN, digit_only_diff, edit_dist=1, contains, url_path_sim=1.00, long_sim=0.96","Y","7.0","Score=7.0: SAME_DOMAIN, digit_only_diff, edit_dist=1, contains, url_path_sim=1.00, long_sim=0.96","SUBcellular localization database for Arabidopsis proteins","http://suba.plantenergy.uwa.edu.au","edu.au","http://suba.plantenergy.uwa.edu.au","edu.au","True","1.0","1.0","HIGH"
"SABRE2","sabre","SAME_DOMAIN, digit_only_diff, edit_dist=1, contains, url_path_sim=1.00","Y","6.5","Score=6.5: SAME_DOMAIN, digit_only_diff, edit_dist=1, contains, url_path_sim=1.00","SABRE Database Version 2","http://sabre.epd.brc.riken.jp/SABRE2.html","riken.jp","http://sabre.epd.brc.riken.jp/SABRE2.html","riken.jp","True","1.0","1.0","HIGH"
"2DE-pattern","de-pattern","SAME_DOMAIN, digit_only_diff, edit_dist=1, contains, url_path_sim=1.00","Y","6.5","Score=6.5: SAME_DOMAIN, digit_only_diff, edit_dist=1, contains, url_path_sim=1.00","Two-Dimensional Electrophoresis Pattern Database","http://2de-pattern.pnpi.nrcki.ru","nrcki.ru","http://2de-pattern.pnpi.nrcki.ru","nrcki.ru","True","1.0","1.0","HIGH"
"POGs","pogs2","SAME_DOMAIN, digit_only_diff, edit_dist=1, contains, url_path_sim=1.00","Y","6.5","Score=6.5: SAME_DOMAIN, digit_only_diff, edit_dist=1, contains, url_path_sim=1.00","POGs","http://pogs.uoregon.edu/","uoregon.edu","http://pogs.uoregon.edu","uoregon.edu","True","1.0","1.0","HIGH"
"AREsite","aresite2","SAME_DOMAIN, digit_only_diff, edit_dist=1, contains, url_path_sim=1.00","Y","6.5","Score=6.5: SAME_DOMAIN, digit_only_diff, edit_dist=1, contains, url_path_sim=1.00","AU-Rich Element site","http://rna.tbi.univie.ac.at/AREsite","ac.at","http://rna.tbi.univie.ac.at/AREsite","ac.at","True","1.0","1.0","HIGH"
"PRODORIC","prodoric2","SAME_DOMAIN, digit_only_diff, edit_dist=1, contains, url_path_sim=1.00","Y","6.5","Score=6.5: SAME_DOMAIN, digit_only_diff, edit_dist=1, contains, url_path_sim=1.00","Prokaryotic Database Of gene Regulation","http://www.prodoric2.de","prodoric2.de","http://www.prodoric2.de","prodoric2.de","True","1.0","1.0","HIGH"
"proGenomes","progenomes2","SAME_DOMAIN, digit_only_diff, edit_dist=1, contains, url_path_sim=1.00","Y","6.5","Score=6.5: SAME_DOMAIN, digit_only_diff, edit_dist=1, contains, url_path_sim=1.00","proGenomes","http://progenomes.embl.de/","embl.de","http://progenomes.embl.de","embl.de","True","1.0","1.0","HIGH"
"2P2Idb","2p2i","SAME_DOMAIN, db_suffix_diff, edit_dist=2, contains, url_path_sim=1.00","Y","5.5","Score=5.5: SAME_DOMAIN, db_suffix_diff, edit_dist=2, contains, url_path_sim=1.00","Protein-Protein Interaction Database","http://2p2idb.cnrs-mrs.fr","cnrs-mrs.fr","http://2p2idb.cnrs-mrs.fr","cnrs-mrs.fr","True","2.0","1.0","HIGH"
"CarotenoidDB","carotenoid","SAME_DOMAIN, db_suffix_diff, edit_dist=2, contains, url_path_sim=1.00","Y","5.5","Score=5.5: SAME_DOMAIN, db_suffix_diff, edit_dist=2, contains, url_path_sim=1.00","Carotenoids Database","http://carotenoiddb.jp","carotenoiddb.jp","http://carotenoiddb.jp","carotenoiddb.jp","True","2.0","1.0","HIGH"
"GRIN","grindb","SAME_DOMAIN, db_suffix_diff, edit_dist=2, contains, url_path_sim=1.00","Y","5.5","Score=5.5: SAME_DOMAIN, db_suffix_diff, edit_dist=2, contains, url_path_sim=1.00","Glutamate Receptor Ionotropic NMDA Database","http://lmc.uab.es/grindb","uab.es","http://lmc.uab.es/grindb","uab.es","True","2.0","1.0","HIGH"
"HOCTAR","hoctardb","SAME_DOMAIN, db_suffix_diff, edit_dist=2, contains, url_path_sim=1.00","Y","5.5","Score=5.5: SAME_DOMAIN, db_suffix_diff, edit_dist=2, contains, url_path_sim=1.00","Host and C. elegans microRNA Target Resource","http://hoctar.tigem.it/","tigem.it","http://hoctar.tigem.it","tigem.it","True","2.0","1.0","HIGH"
"HYPO","hypodb","SAME_DOMAIN, db_suffix_diff, edit_dist=2, contains, url_path_sim=1.00","Y","5.5","Score=5.5: SAME_DOMAIN, db_suffix_diff, edit_dist=2, contains, url_path_sim=1.00","Human Hypothetical Proteins Database","http://www.bioclues.org/hypo2","bioclues.org","http://www.bioclues.org/hypo2","bioclues.org","True","2.0","1.0","HIGH"
"RiceDB","rice","SAME_DOMAIN, db_suffix_diff, edit_dist=2, contains, url_path_sim=1.00","Y","5.5","Score=5.5: SAME_DOMAIN, db_suffix_diff, edit_dist=2, contains, url_path_sim=1.00","Rice Database","http://ricedb.plantenergy.uwa.edu.au","edu.au","http://ricedb.plantenergy.uwa.edu.au","edu.au","True","2.0","1.0","HIGH"
"Antagomirbase","antagomir","SAME_DOMAIN, db_suffix_diff, contains, url_path_sim=1.00","Y","5.0","Score=5.0: SAME_DOMAIN, db_suffix_diff, contains, url_path_sim=1.00","Antagomir Database","http://bioinfopresidencycollegekolkata.edu.in/antagomirs.html","edu.in","http://bioinfopresidencycollegekolkata.edu.in/antagomirs.html","edu.in","True","4.0","1.0","HIGH"
"RCGD","rcgdb","SAME_DOMAIN, edit_dist=1, contains, url_path_sim=1.00, long_sim=1.00","Y","5.0","Score=5.0: SAME_DOMAIN, edit_dist=1, contains, url_path_sim=1.00, long_sim=1.00","Roche Cancer Genome Database","http://rcgdb.bioinf.uni-sb.de/MutomeWeb/","uni-sb.de","http://rcgdb.bioinf.uni-sb.de/MutomeWeb","uni-sb.de","True","1.0","1.0","HIGH"
"MCGD","mcg","SAME_DOMAIN, edit_dist=1, url_path_sim=1.00, long_sim=0.81","Y","4.5","Score=4.5: SAME_DOMAIN, edit_dist=1, url_path_sim=1.00, long_sim=0.81","Maize Cell Genomics Database","http://maize.jcvi.org/cellgenomics","jcvi.org","http://maize.jcvi.org/cellgenomics","jcvi.org","True","1.0","1.0","HIGH"
"PMSDN","pms_dn","SAME_DOMAIN, edit_dist=1, url_path_sim=1.00, long_sim=1.00","Y","4.5","Score=4.5: SAME_DOMAIN, edit_dist=1, url_path_sim=1.00, long_sim=1.00","Phelan-McDermid Syndrome Data Network","https://pmsdn.hms.harvard.edu","harvard.edu","http://pmsdn.hms.harvard.edu","harvard.edu","True","1.0","1.0","HIGH"
"MSKKP","msk-kp","SAME_DOMAIN, edit_dist=1, url_path_sim=1.00, long_sim=1.00","Y","4.5","Score=4.5: SAME_DOMAIN, edit_dist=1, url_path_sim=1.00, long_sim=1.00","Musculoskeletal Knowledge Portal","http://mskkp.org/","mskkp.org","http://mskkp.org","mskkp.org","True","1.0","1.0","HIGH"
"AMI","tami","SAME_DOMAIN, edit_dist=1, url_path_sim=1.00, long_sim=0.90","Y","4.5","Score=4.5: SAME_DOMAIN, edit_dist=1, url_path_sim=1.00, long_sim=0.90","Antimicrobial Index","http://antibiotics.toku-e.com/","toku-e.com","http://antibiotics.toku-e.com","toku-e.com","True","1.0","1.0","HIGH"
"HSPW","hsp","SAME_DOMAIN, edit_dist=1, url_path_sim=1.00, long_sim=1.00","Y","4.5","Score=4.5: SAME_DOMAIN, edit_dist=1, url_path_sim=1.00, long_sim=1.00","Human Salivary Proteome Wiki","https://salivaryproteome.nidcr.nih.gov/","nih.gov","http://salivaryproteome.nidcr.nih.gov","nih.gov","True","1.0","1.0","HIGH"
"CHAMP","chbmp","SAME_DOMAIN, edit_dist=1, url_path_sim=1.00, long_sim=0.90","Y","4.5","Score=4.5: SAME_DOMAIN, edit_dist=1, url_path_sim=1.00, long_sim=0.90","CDC Hemophilia A Mutation Project","http://www.cdc.gov/hemophiliamutations","cdc.gov","http://www.cdc.gov/hemophiliamutations","cdc.gov","True","1.0","1.0","HIGH"
"GFD","gfdb","SAME_DOMAIN, edit_dist=1, url_path_sim=1.00, long_sim=1.00","Y","4.5","Score=4.5: SAME_DOMAIN, edit_dist=1, url_path_sim=1.00, long_sim=1.00","Glycan Fragment Database","http://www.glycanstructure.org","glycanstructure.org","http://www.glycanstructure.org","glycanstructure.org","True","1.0","1.0","HIGH"
"PR2","pr(2","SAME_DOMAIN, edit_dist=1, url_path_sim=1.00, long_sim=1.00","Y","4.5","Score=4.5: SAME_DOMAIN, edit_dist=1, url_path_sim=1.00, long_sim=1.00","Protist Ribosomal Reference database","http://ssu-rrna.org/","ssu-rrna.org","http://ssu-rrna.org","ssu-rrna.org","True","1.0","1.0","HIGH"
"HPMCD","hpmc","SAME_DOMAIN, edit_dist=1, contains, url_path_sim=1.00","Y","4.5","Score=4.5: SAME_DOMAIN, edit_dist=1, contains, url_path_sim=1.00","Human-associated and Plant-associated Microbial Communities Database","http://www.hpmcd.org/","hpmcd.org","http://www.hpmcd.org","hpmcd.org","True","1.0","1.0","HIGH"
"SPTEdb","dptedb","SAME_DOMAIN, edit_dist=1, url_path_sim=0.97, long_sim=0.88","Y","4.5","Score=4.5: SAME_DOMAIN, edit_dist=1, url_path_sim=0.97, long_sim=0.88","Salicaceous Plant Transposable Elements Database","http://genedenovoweb.ticp.net:81/SPTEdb/index.php","ticp.net:81","http://genedenovoweb.ticp.net:81/DPTEdb/index.php","ticp.net:81","True","1.0","0.97","HIGH"
"DrugR+","drugr","SAME_DOMAIN, edit_dist=1, contains, url_path_sim=1.00","Y","4.5","Score=4.5: SAME_DOMAIN, edit_dist=1, contains, url_path_sim=1.00","DrugR+","http://www.drugr.ir","drugr.ir","http://www.drugr.ir","drugr.ir","True","1.0","1.0","HIGH"
"PlaPPISite","lappisite","SAME_DOMAIN, edit_dist=1, contains, url_path_sim=1.00","Y","4.5","Score=4.5: SAME_DOMAIN, edit_dist=1, contains, url_path_sim=1.00","Plant Protein-Protein Interaction Site database","http://zzdlab.com/plappisite/index.php","zzdlab.com","http://zzdlab.com/plappisite/index.php","zzdlab.com","True","1.0","1.0","HIGH"
"LCED","lcced","SAME_DOMAIN, edit_dist=1, url_path_sim=1.00, long_sim=0.93","Y","4.5","Score=4.5: SAME_DOMAIN, edit_dist=1, url_path_sim=1.00, long_sim=0.93","Laccase Engineering Database","http://www.lcced.uni-stuttgart.de","uni-stuttgart.de","http://www.lcced.uni-stuttgart.de","uni-stuttgart.de","True","1.0","1.0","HIGH"
"CEA","tcea","SAME_DOMAIN, edit_dist=1, url_path_sim=1.00, long_sim=0.91","Y","4.5","Score=4.5: SAME_DOMAIN, edit_dist=1, url_path_sim=1.00, long_sim=0.91","Cancer Editome Atlas","http://tcea.tmu.edu.tw","edu.tw","http://tcea.tmu.edu.tw","edu.tw","True","1.0","1.0","HIGH"
"EV@LUTIL","evalutil","SAME_DOMAIN, edit_dist=1, url_path_sim=1.00","Y","4.0","Score=4.0: SAME_DOMAIN, edit_dist=1, url_path_sim=1.00","EV@LUTIL","https://ssl2.isped.u-bordeaux2.fr/eva_003/","u-bordeaux2.fr","http://ssl2.isped.u-bordeaux2.fr/eva_003","u-bordeaux2.fr","True","1.0","1.0","HIGH"
"Mouse Genomes Project","the mouse genomes project","SAME_DOMAIN, contains, url_path_sim=1.00, long_sim=0.91","Y","4.0","Score=4.0: SAME_DOMAIN, contains, url_path_sim=1.00, long_sim=0.91","Mouse Genomes Project","http://www.sanger.ac.uk/resources/mouse/genomes/","ac.uk","http://www.sanger.ac.uk/resources/mouse/genomes","ac.uk","True","4.0","1.0","HIGH"
"CFCD","fcdb","SAME_DOMAIN, edit_dist=2, url_path_sim=1.00, long_sim=1.00","Y","4.0","Score=4.0: SAME_DOMAIN, edit_dist=2, url_path_sim=1.00, long_sim=1.00","Czech Food Composition Database","http://www.czfcdb.cz","czfcdb.cz","http://www.czfcdb.cz","czfcdb.cz","True","2.0","1.0","HIGH"
"CCF","ccfv3","SAME_DOMAIN, edit_dist=2, url_path_sim=1.00, long_sim=0.82","Y","4.0","Score=4.0: SAME_DOMAIN, edit_dist=2, url_path_sim=1.00, long_sim=0.82","Common Coordinate Framework","https://atlas.brain-map.org/","brain-map.org","http://atlas.brain-map.org","brain-map.org","True","2.0","1.0","HIGH"
"SWI/SNF-Infobase","swi/snf infobase","SAME_DOMAIN, edit_dist=1, url_path_sim=1.00","Y","4.0","Score=4.0: SAME_DOMAIN, edit_dist=1, url_path_sim=1.00","SWI/SNF Remodeling Complex Information Portal","http://scbt.sastra.edu/swisnfdb/index.php","sastra.edu","http://scbt.sastra.edu/swisnfdb/index.php","sastra.edu","True","1.0","1.0","HIGH"
"GPCR-DB","gpcrdb","SAME_DOMAIN, edit_dist=1, url_path_sim=1.00","Y","4.0","Score=4.0: SAME_DOMAIN, edit_dist=1, url_path_sim=1.00","GPCR Database","http://www.gpcrdb.org","gpcrdb.org","http://gpcrdb.org","gpcrdb.org","True","1.0","1.0","HIGH"
"MUDDD","mu3d","SAME_DOMAIN, edit_dist=2, url_path_sim=1.00, long_sim=1.00","Y","4.0","Score=4.0: SAME_DOMAIN, edit_dist=2, url_path_sim=1.00, long_sim=1.00","Miami University Deception Detection Database","http://hdl.handle.net/2374.MIA/6067","handle.net","http://hdl.handle.net/2374.MIA/6067","handle.net","True","2.0","1.0","HIGH"
"PAMDB","pambd","SAME_DOMAIN, edit_dist=2, url_path_sim=1.00, long_sim=0.99","Y","4.0","Score=4.0: SAME_DOMAIN, edit_dist=2, url_path_sim=1.00, long_sim=0.99","Pseudomonas aeruginosa Metabolome Database","http://pseudomonas.umaryland.edu","umaryland.edu","http://pseudomonas.umaryland.edu","umaryland.edu","True","2.0","1.0","HIGH"
"RCSB-PDB","rcsb pdb","SAME_DOMAIN, edit_dist=1, url_path_sim=1.00","Y","4.0","Score=4.0: SAME_DOMAIN, edit_dist=1, url_path_sim=1.00","Research Collaboratory for Structural Bioinformatics Protein Data Bank","http://www.rcsb.org","rcsb.org","http://rcsb.org","rcsb.org","True","1.0","1.0","HIGH"
"BIOGEN-BASE","biogen base","SAME_DOMAIN, edit_dist=1, url_path_sim=1.00","Y","4.0","Score=4.0: SAME_DOMAIN, edit_dist=1, url_path_sim=1.00","Bioinformatics Genomics and Phenomics Resource","http://www.tnaugenomics.com/biogenbase/casava.php","tnaugenomics.com","http://www.tnaugenomics.com/biogenbase/casava.php","tnaugenomics.com","True","1.0","1.0","HIGH"
"Gene ATLAS","geneatlas","SAME_DOMAIN, edit_dist=1, url_path_sim=1.00","Y","4.0","Score=4.0: SAME_DOMAIN, edit_dist=1, url_path_sim=1.00","UK Biobank Genetic Associations Atlas","http://geneatlas.roslin.ed.ac.uk","ac.uk","http://geneatlas.roslin.ed.ac.uk","ac.uk","True","1.0","1.0","HIGH"
"Skeleton Genetics","skeletongenetics","SAME_DOMAIN, edit_dist=1, url_path_sim=1.00","Y","4.0","Score=4.0: SAME_DOMAIN, edit_dist=1, url_path_sim=1.00","Skeleton Genetics","http://101.200.211.232/skeletongenetics/","211.232","http://101.200.211.232/skeletongenetics","211.232","True","1.0","1.0","HIGH"
"CAMPR3","camp","SAME_DOMAIN, edit_dist=2, contains, url_path_sim=0.98","Y","4.0","Score=4.0: SAME_DOMAIN, edit_dist=2, contains, url_path_sim=0.98","Antimicrobial Peptides Database","http://www.camp3.bicnirrh.res.in","res.in","http://www.camp.bicnirrh.res.in","res.in","True","2.0","0.98","HIGH"
"GXA","goa","SAME_DOMAIN, edit_dist=1, url_path_sim=0.92","Y","4.0","Score=4.0: SAME_DOMAIN, edit_dist=1, url_path_sim=0.92","Gene Expression Atlas","http://www.ebi.ac.uk/gxa","ac.uk","http://www.ebi.ac.uk/GOA","ac.uk","True","1.0","0.92","HIGH"
"Spliceosome Database","spliceosome","SAME_DOMAIN, contains, url_path_sim=1.00, long_sim=0.71","Y","4.0","Score=4.0: SAME_DOMAIN, contains, url_path_sim=1.00, long_sim=0.71","Spliceosome Database","http://spliceosomedb.ucsc.edu","ucsc.edu","http://spliceosomedb.ucsc.edu","ucsc.edu","True","9.0","1.0","HIGH"
"ROD","cod","SAME_DOMAIN, edit_dist=1, url_path_sim=0.90","Y","4.0","Score=4.0: SAME_DOMAIN, edit_dist=1, url_path_sim=0.90","Raman Open Database","http://www.crystallography.net/cod","crystallography.net","http://www.crystallography.net","crystallography.net","True","1.0","0.9","HIGH"
"M-CSA","csa","SAME_DOMAIN, edit_dist=2, url_path_sim=0.81, long_sim=0.74","Y","4.0","Score=4.0: SAME_DOMAIN, edit_dist=2, url_path_sim=0.81, long_sim=0.74","Mechanism and Catalytic Site Atlas","http://www.ebi.ac.uk/thornton-srv/m-csa","ac.uk","http://www.ebi.ac.uk/thornton-srv/databases/CSA","ac.uk","True","2.0","0.81","HIGH"
"Disease Ontology","human disease ontology","SAME_DOMAIN, contains, url_path_sim=1.00, long_sim=0.84","Y","4.0","Score=4.0: SAME_DOMAIN, contains, url_path_sim=1.00, long_sim=0.84","Disease Ontology","http://www.disease-ontology.org","disease-ontology.org","http://www.disease-ontology.org","disease-ontology.org","True","6.0","1.0","HIGH"
"ncRNAdb","ncrna-db","SAME_DOMAIN, edit_dist=1, url_path_sim=1.00","Y","4.0","Score=4.0: SAME_DOMAIN, edit_dist=1, url_path_sim=1.00","Non-coding RNA Database","http://ncrnadb.scienze.univr.it/ncrnadb/","univr.it","http://ncrnadb.scienze.univr.it/ncrnadb","univr.it","True","1.0","1.0","HIGH"
"PMIDB","pmi-db","SAME_DOMAIN, edit_dist=1, url_path_sim=1.00","Y","4.0","Score=4.0: SAME_DOMAIN, edit_dist=1, url_path_sim=1.00","PMIDB","http://easybioai.com/PMIDB","easybioai.com","http://easybioai.com/PMIDB","easybioai.com","True","1.0","1.0","HIGH"
"ADReCS-Target","adrecs","SAME_DOMAIN, contains, url_path_sim=0.87, long_sim=0.92","Y","4.0","Score=4.0: SAME_DOMAIN, contains, url_path_sim=0.87, long_sim=0.92","Adverse Drug Reaction Classification System Target","http://bioinf.xmu.edu.cn/ADReCS-Target","edu.cn","http://bioinf.xmu.edu.cn/ADReCS","edu.cn","True","7.0","0.87","HIGH"
"MGOB","cgob","SAME_DOMAIN, edit_dist=1, url_path_sim=0.91","Y","4.0","Score=4.0: SAME_DOMAIN, edit_dist=1, url_path_sim=0.91","Methylotroph Gene Order Browser","http://mgob.ucd.ie","ucd.ie","http://cgob.ucd.ie","ucd.ie","True","1.0","0.91","HIGH"
"Organ System Heterogeneity DB","organ system heterogeneity","SAME_DOMAIN, contains, url_path_sim=1.00, long_sim=0.85","Y","4.0","Score=4.0: SAME_DOMAIN, contains, url_path_sim=1.00, long_sim=0.85","Organ System Heterogeneity Database","http://mips.helmholtz-muenchen.de/Organ_System_Heterogeneity/","helmholtz-muenchen.de","http://mips.helmholtz-muenchen.de/Organ_System_Heterogeneity","helmholtz-muenchen.de","True","3.0","1.0","HIGH"
"2019-nCoV","2019ncovr","SAME_DOMAIN, edit_dist=2, url_path_sim=0.85, long_sim=1.00","Y","4.0","Score=4.0: SAME_DOMAIN, edit_dist=2, url_path_sim=0.85, long_sim=1.00","2019 Novel Coronavirus Resource","https://bigd.big.ac.cn/ncov","ac.cn","http://bigd.big.ac.cn","ac.cn","True","2.0","0.85","HIGH"
"SEVA","seva-db","SAME_DOMAIN, contains, url_path_sim=1.00, long_sim=1.00","Y","4.0","Score=4.0: SAME_DOMAIN, contains, url_path_sim=1.00, long_sim=1.00","Standard European Vector Architecture","http://seva.cnb.csic.es","csic.es","http://seva.cnb.csic.es","csic.es","True","3.0","1.0","HIGH"
"LANL hemorrhagic fever virus database","hemorrhagic fever virus database","SAME_DOMAIN, contains, url_path_sim=1.00, long_sim=0.93","Y","4.0","Score=4.0: SAME_DOMAIN, contains, url_path_sim=1.00, long_sim=0.93","LANL hemorrhagic fever virus database","http://hfv.lanl.gov","lanl.gov","http://hfv.lanl.gov","lanl.gov","True","5.0","1.0","HIGH"
"UMCD","ucla multimodal connectivity database","SAME_DOMAIN, url_path_sim=1.00, long_sim=1.00","Y","3.5","Score=3.5: SAME_DOMAIN, url_path_sim=1.00, long_sim=1.00","UCLA Multimodal Connectivity Database","http://umcd.humanconnectomeproject.org","humanconnectomeproject.org","http://umcd.humanconnectomeproject.org","humanconnectomeproject.org","True","33.0","1.0","HIGH"
"CellMiner","cellminer-sclc","SAME_DOMAIN, contains, url_path_sim=0.90","Y","3.5","Score=3.5: SAME_DOMAIN, contains, url_path_sim=0.90","CellMiner","http://discover.nci.nih.gov/cellminer/","nih.gov","http://discover.nci.nih.gov/SclcCellMinerCDB","nih.gov","True","5.0","0.9","HIGH"
"My Personal Mutanome","mpm","SAME_DOMAIN, url_path_sim=1.00, long_sim=1.00","Y","3.5","Score=3.5: SAME_DOMAIN, url_path_sim=1.00, long_sim=1.00","My Personal Mutanome","https://mutanome.lerner.ccf.org","ccf.org","http://mutanome.lerner.ccf.org","ccf.org","True","17.0","1.0","HIGH"
"MBPD","monosaccharide biosynthesis pathways database","SAME_DOMAIN, url_path_sim=1.00, long_sim=1.00","Y","3.5","Score=3.5: SAME_DOMAIN, url_path_sim=1.00, long_sim=1.00","Monosaccharide Biosynthesis Pathways Database","http://www.bio.iitb.ac.in/mbpd/","ac.in","http://www.bio.iitb.ac.in/mbpd","ac.in","True","41.0","1.0","HIGH"
"CRRD","rgd","SAME_DOMAIN, edit_dist=2, url_path_sim=0.87","Y","3.5","Score=3.5: SAME_DOMAIN, edit_dist=2, url_path_sim=0.87","Chinchilla Research Resource Database","http://crrd.mcw.edu","mcw.edu","http://rgd.mcw.edu","mcw.edu","True","2.0","0.87","HIGH"
"Poaceae orphan genes database","pogd","SAME_DOMAIN, url_path_sim=1.00, long_sim=1.00","Y","3.5","Score=3.5: SAME_DOMAIN, url_path_sim=1.00, long_sim=1.00","Poaceae orphan genes database","http://bioinfo.ahau.edu.cn/pogd","edu.cn","http://bioinfo.ahau.edu.cn/pogd","edu.cn","True","25.0","1.0","HIGH"
"Nelumbo Genome Database","ngd","SAME_DOMAIN, url_path_sim=1.00, long_sim=1.00","Y","3.5","Score=3.5: SAME_DOMAIN, url_path_sim=1.00, long_sim=1.00","Nelumbo Genome Database","http://nelumbo.biocloud.net","biocloud.net","http://nelumbo.biocloud.net","biocloud.net","True","20.0","1.0","HIGH"
"NBIGV-DB","nbigv","SAME_DOMAIN, contains, url_path_sim=1.00","Y","3.5","Score=3.5: SAME_DOMAIN, contains, url_path_sim=1.00","NBIGV-DB","http://nbigv.org","nbigv.org","http://nbigv.org","nbigv.org","True","3.0","1.0","HIGH"
"PoPoolation DB","popoolation","SAME_DOMAIN, contains, url_path_sim=1.00","Y","3.5","Score=3.5: SAME_DOMAIN, contains, url_path_sim=1.00","PoPoolation Database","http://www.popoolation.at/pgt","popoolation.at","http://www.popoolation.at/pgt","popoolation.at","True","3.0","1.0","HIGH"
"Nanosized Cancer Database","nanosized cancer polymarker biochip project","SAME_DOMAIN, url_path_sim=1.00, long_sim=0.85","Y","3.5","Score=3.5: SAME_DOMAIN, url_path_sim=1.00, long_sim=0.85","Nanosized Cancer Polymarker Biochip Database","https://serviziweb.ulss12.ve.it/firbabo","ve.it","http://serviziweb.ulss12.ve.it/firbabo","ve.it","True","23.0","1.0","HIGH"
"Mammalian metabolic enzymes database","mammalian metabolic enzyme database","SAME_DOMAIN, edit_dist=1, long_sim=0.99","Y","3.5","Score=3.5: SAME_DOMAIN, edit_dist=1, long_sim=0.99","Mammalian Metabolic Enzymes Database","https://hpcwebapps.cit.nih.gov/ESBL/Database/MetabolicEnzymes/MetabolicEnzymeDatabase.html","nih.gov","http://hpcwebapps.cit.nih.gov/ESBL/Database/MetabolicEnzymes/MetabolicEnzymeDatabase.html, http://hpcwebapps.cit.nih.gov/ESBL/Database/MetabolicEnzymes","nih.gov","True","1.0","0.73","HIGH"
"TMDB","tea metabolome database","SAME_DOMAIN, url_path_sim=1.00, long_sim=1.00","Y","3.5","Score=3.5: SAME_DOMAIN, url_path_sim=1.00, long_sim=1.00","Tea Metabolome Database","http://pcsb.ahau.edu.cn:8080/TCDB/index.jsp","edu.cn:8080","http://pcsb.ahau.edu.cn:8080/TCDB/index.jsp","edu.cn:8080","True","19.0","1.0","HIGH"
"EBI","ena","SAME_DOMAIN, edit_dist=2, url_path_sim=0.82","Y","3.5","Score=3.5: SAME_DOMAIN, edit_dist=2, url_path_sim=0.82","European Bioinformatics Institute","http://www.ebi.ac.uk","ac.uk","http://www.ebi.ac.uk/ena","ac.uk","True","2.0","0.82","HIGH"
"AECD","antimicrobial enzyme combinations database","SAME_DOMAIN, url_path_sim=1.00, long_sim=0.98","Y","3.5","Score=3.5: SAME_DOMAIN, url_path_sim=1.00, long_sim=0.98","Antimicrobial-Enzyme Combinations Database","https://www.ceb.uminho.pt/aecd","uminho.pt","http://www.ceb.uminho.pt/aecd","uminho.pt","True","38.0","1.0","HIGH"
"GWAS Catalog","gwas","SAME_DOMAIN, contains, url_path_sim=1.00","Y","3.5","Score=3.5: SAME_DOMAIN, contains, url_path_sim=1.00","Genome-Wide Association Study Catalog","http://www.ebi.ac.uk/gwas/","ac.uk","http://www.ebi.ac.uk/gwas","ac.uk","True","8.0","1.0","HIGH"
"amamutdb","amamutdb.no","SAME_DOMAIN, contains, url_path_sim=1.00","Y","3.5","Score=3.5: SAME_DOMAIN, contains, url_path_sim=1.00","alpha-mannosidosis mutation database","http://amamutdb.no","amamutdb.no","http://amamutdb.no","amamutdb.no","True","3.0","1.0","HIGH"
"ProBiS-Dock Database","probis-dock","SAME_DOMAIN, contains, url_path_sim=1.00","Y","3.5","Score=3.5: SAME_DOMAIN, contains, url_path_sim=1.00","Small Ligand-Protein Binding Sites Database","http://probis-dock-database.insilab.org","insilab.org","http://probis-dock-database.insilab.org","insilab.org","True","9.0","1.0","HIGH"
"ECG-ViEW II","ecg-view","SAME_DOMAIN, contains, url_path_sim=1.00","Y","3.5","Score=3.5: SAME_DOMAIN, contains, url_path_sim=1.00","Electrocardiogram Visualization and Analysis Database","http://www.ecgview.org","ecgview.org","http://www.ecgview.org","ecgview.org","True","3.0","1.0","HIGH"
"M6A2Target","wer target gene database","SAME_DOMAIN, url_path_sim=1.00, long_sim=0.73","Y","3.5","Score=3.5: SAME_DOMAIN, url_path_sim=1.00, long_sim=0.73","m6A targets database","http://m6a2target.canceromics.org","canceromics.org","http://m6a2target.canceromics.org","canceromics.org","True","18.0","1.0","HIGH"
"RADAR","radar--a","SAME_DOMAIN, contains, url_path_sim=1.00","Y","3.5","Score=3.5: SAME_DOMAIN, contains, url_path_sim=1.00","Rigorously Annotated Database of A-to-I RNA editing","http://RNAedit.com","rnaedit.com","http://RNAedit.com","rnaedit.com","True","3.0","1.0","HIGH"
"MGFD","the maize gene families database","SAME_DOMAIN, url_path_sim=1.00, long_sim=0.93","Y","3.5","Score=3.5: SAME_DOMAIN, url_path_sim=1.00, long_sim=0.93","maize gene families database","http://mgfd.ahau.edu.cn/","edu.cn","http://mgfd.ahau.edu.cn","edu.cn","True","28.0","1.0","HIGH"
"ROAD","rice oligonucleotide array database","SAME_DOMAIN, url_path_sim=1.00, long_sim=1.00","Y","3.5","Score=3.5: SAME_DOMAIN, url_path_sim=1.00, long_sim=1.00","Rice Oligonucleotide Array Database","http://www.ricearray.org","ricearray.org","http://www.ricearray.org","ricearray.org","True","31.0","1.0","HIGH"
"Soybean Proteome DB","soybean proteome database","SAME_DOMAIN, url_path_sim=1.00, long_sim=1.00","Y","3.5","Score=3.5: SAME_DOMAIN, url_path_sim=1.00, long_sim=1.00","Soybean Proteome Database","http://proteome.dc.affrc.go.jp/Soybean/","go.jp","http://proteome.dc.affrc.go.jp/Soybean","go.jp","True","6.0","1.0","HIGH"
"Eimeria transcript DB","eimeriatdb","SAME_DOMAIN, url_path_sim=1.00, long_sim=1.00","Y","3.5","Score=3.5: SAME_DOMAIN, url_path_sim=1.00, long_sim=1.00","Eimeria transcript DB","http://www.coccidia.icb.usp.br/eimeriatdb/","usp.br","http://www.coccidia.icb.usp.br/eimeriatdb","usp.br","True","11.0","1.0","HIGH"
"Soybean transporter database","soytd","SAME_DOMAIN, url_path_sim=1.00, long_sim=1.00","Y","3.5","Score=3.5: SAME_DOMAIN, url_path_sim=1.00, long_sim=1.00","Soybean transporter database","http://artemis.cyverse.org/soykb_dev/SoyTD/","cyverse.org","http://artemis.cyverse.org/soykb_dev/SoyTD","cyverse.org","True","23.0","1.0","HIGH"
"PlantCyc","plant metabolic network","SAME_DOMAIN, url_path_sim=1.00, long_sim=1.00","Y","3.5","Score=3.5: SAME_DOMAIN, url_path_sim=1.00, long_sim=1.00","Plant Metabolic Network","https://plantcyc.org","plantcyc.org","http://plantcyc.org","plantcyc.org","True","17.0","1.0","HIGH"
"Yeast interactome","yir","SAME_DOMAIN, url_path_sim=1.00, long_sim=0.79","Y","3.5","Score=3.5: SAME_DOMAIN, url_path_sim=1.00, long_sim=0.79","Yeast interactome","http://yeast.biomedtzc.cn","biomedtzc.cn","http://yeast.biomedtzc.cn","biomedtzc.cn","True","14.0","1.0","HIGH"
"ViBrism DB","vibrism","SAME_DOMAIN, contains, url_path_sim=1.00","Y","3.5","Score=3.5: SAME_DOMAIN, contains, url_path_sim=1.00","Visual Brain Image Search and Mining Database","http://vibrism.neuroinf.jp/","neuroinf.jp","http://vibrism.neuroinf.jp","neuroinf.jp","True","3.0","1.0","HIGH"
"Mnemiopsis_genome","mgp portal","SAME_DOMAIN, url_path_sim=1.00, long_sim=0.76","Y","3.5","Score=3.5: SAME_DOMAIN, url_path_sim=1.00, long_sim=0.76","Mnemiopsis leidyi Genome Portal","http://research.nhgri.nih.gov/mnemiopsis/","nih.gov","http://research.nhgri.nih.gov/mnemiopsis","nih.gov","True","15.0","1.0","HIGH"
"UCSC","ucsc genome browser","SAME_DOMAIN, contains, url_path_sim=1.00","Y","3.5","Score=3.5: SAME_DOMAIN, contains, url_path_sim=1.00","University of California Santa Cruz Genome Browser","http://genome.ucsc.edu","ucsc.edu","http://genome.ucsc.edu","ucsc.edu","True","15.0","1.0","HIGH"
"P³DB","p(3)db","SAME_DOMAIN, url_path_sim=1.00, long_sim=1.00","Y","3.5","Score=3.5: SAME_DOMAIN, url_path_sim=1.00, long_sim=1.00","Plant Protein Phosphorylation Database","http://p3db.org","p3db.org","http://p3db.org","p3db.org","True","3.0","1.0","HIGH"
"PTIR","kir","SAME_DOMAIN, edit_dist=2, url_path_sim=0.92","Y","3.5","Score=3.5: SAME_DOMAIN, edit_dist=2, url_path_sim=0.92","Predicted Tomato Interactome Resource","http://bdg.hfut.edu.cn/ptir/index.html","edu.cn","http://bdg.hfut.edu.cn/kir/index.html","edu.cn","True","2.0","0.92","HIGH"
"Coronavirus Database","covdb","SAME_DOMAIN, url_path_sim=1.00, long_sim=1.00","Y","3.5","Score=3.5: SAME_DOMAIN, url_path_sim=1.00, long_sim=1.00","Coronavirus Database","http://covdb.popgenetics.net","popgenetics.net","http://covdb.popgenetics.net","popgenetics.net","True","15.0","1.0","HIGH"
"SCISSOR","scissorãâãâ¢ãâãâãâãâãâãâãâãâãâãâãâãâ¬ãâãâãâãâãâãâ¢ãâãâãâãâãâãâãâãâãâãâãâãâ¬ãâãâãâãâãâãâ¢ãâãâãâãâãâãâãâãâãâãâãâãâ¬ãâãâãâãâãâãâ¢ãâãâãâãâãâãâãâãâãâãâãâãâ¬ãâãâãâãâãâãâ¢ãâãâãâãâãâãâãâãâãâãâãâãâ¬ãâãâãâãâãâãâ¢ãâãâãâãâãâãâãâãâãâãâãâãâ¬ãâãâãâãâãâãâ¢ãâãâãâãâãâãâãâãâãâãâãâãâ¬ãâãâãâãâãâãâ¢ãâãâãâãâãâãâãâãâãâãâãâãâ¬ãâãâãâãâãâãâ¢ãâãâãâãâãâãâãâãâãâãâãâãâ¬ãâãâãâãâãâãâ¢ãâãâãâãâãâãâãâãâãâãâãâãâ¬ãâãâãâãâãâãâ¢ãâãâãâãâãâãâãâãâãâãâãâãâ¬ãâãâãâãâãâãâ¢ãâãâãâãâãâãâãâãâãâãâãâãâ¬ãâãâãâãâãâãâ¢ãâãâãâãâãâãâãâãâãâãâãâãâ¬ãâãâãâãâãâãâ¢ãâãâãâãâãâãâãâãâãâãâãâãâ¬ãâãâãâãâãâãâ¢ãâãâãâãâãâãâãâãâãâãâãâãâ¬ãâãâãâãâãâãâ¢ãâãâãâãâãâãâãâãâãâãâãâãâ¬ãâãâãâãâ¢","SAME_DOMAIN, contains, url_path_sim=1.00","Y","3.5","Score=3.5: SAME_DOMAIN, contains, url_path_sim=1.00","single-cell site-specific omics resource","https://thecailab.com/scissor/","thecailab.com","http://thecailab.com/scissor","thecailab.com","True","1152.0","1.0","HIGH"
"SOL Genomics Network","sgn","SAME_DOMAIN, url_path_sim=1.00, long_sim=0.85","Y","3.5","Score=3.5: SAME_DOMAIN, url_path_sim=1.00, long_sim=0.85","Solanaceae Genomics Network","http://solgenomics.net","solgenomics.net","http://solgenomics.net","solgenomics.net","True","17.0","1.0","HIGH"
"Wood-formation genes database","wfrgdb","SAME_DOMAIN, url_path_sim=1.00, long_sim=0.88","Y","3.5","Score=3.5: SAME_DOMAIN, url_path_sim=1.00, long_sim=0.88","Wood-formation genes database","http://me.lzu.edu.cn/woodformation/","edu.cn","http://me.lzu.edu.cn/woodformation","edu.cn","True","23.0","1.0","HIGH"
"HISTome2","histome","digit_only_diff, edit_dist=1, contains","Y","3.5","Score=3.5: digit_only_diff, edit_dist=1, contains","Histone Proteins Database","http://www.actrec.gov.in/histome2/","gov.in","http://www.iiserpune.ac.in/ÃÂÃÂ¢ÃÂÃÂÃÂÃÂÃÂÃÂÃÂÃÂÃÂÃÂÃÂÃÂ¬ÃÂÃÂÃÂÃÂÃÂÃÂ¢ÃÂÃÂÃÂÃÂÃÂÃÂÃÂÃÂÃÂÃÂÃÂÃÂ¬ÃÂÃÂÃÂÃÂÃÂÃÂ¢ÃÂÃÂÃÂÃÂÃÂÃÂÃÂÃÂÃÂÃÂÃÂÃÂ¬ÃÂÃÂÃÂÃÂÃÂÃÂ¢ÃÂÃÂÃÂÃÂÃÂÃÂÃÂÃÂÃÂÃÂÃÂÃÂ¬ÃÂÃÂÃÂÃÂ, http://www.actrec.gov.in/histome","ac.in","False","1.0","0.12","HIGH"
"MTGD","medicago truncatula genome database","SAME_DOMAIN, url_path_sim=1.00, long_sim=1.00","Y","3.5","Score=3.5: SAME_DOMAIN, url_path_sim=1.00, long_sim=1.00","Medicago truncatula genome database","http://www.MedicagoGenome.org","medicagogenome.org","http://www.MedicagoGenome.org","medicagogenome.org","True","31.0","1.0","HIGH"
"Hymenoptera Genome Database","hgd","SAME_DOMAIN, url_path_sim=1.00, long_sim=1.00","Y","3.5","Score=3.5: SAME_DOMAIN, url_path_sim=1.00, long_sim=1.00","Hymenoptera Genome Database","http://hymenopteragenome.org","hymenopteragenome.org","http://hymenopteragenome.org","hymenopteragenome.org","True","24.0","1.0","HIGH"
"Non-B DB","non-b","SAME_DOMAIN, contains, url_path_sim=1.00","Y","3.5","Score=3.5: SAME_DOMAIN, contains, url_path_sim=1.00","Non-B DNA Database","http://nonb.abcc.ncifcrf.gov","ncifcrf.gov","http://nonb.abcc.ncifcrf.gov","ncifcrf.gov","True","3.0","1.0","HIGH"
"LAMP2","lamp","digit_only_diff, edit_dist=1, contains","Y","3.5","Score=3.5: digit_only_diff, edit_dist=1, contains","Linking Antimicrobial Peptides Database","","","http://biotechlab.fudan.edu.cn/database/lamp","edu.cn","False","1.0","0.0","HIGH"
"CoCoPUTs","tissuecocoputs","SAME_DOMAIN, contains, url_path_sim=0.90","Y","3.5","Score=3.5: SAME_DOMAIN, contains, url_path_sim=0.90","Codon and Codon-Pair Usage Tables","https://hive.biochemistry.gwu.edu/review/codon2","gwu.edu","http://hive.biochemistry.gwu.edu/review/tissue_codon","gwu.edu","True","6.0","0.9","HIGH"
"STPD","salinity tolerant poplar database","SAME_DOMAIN, url_path_sim=1.00, long_sim=1.00","Y","3.5","Score=3.5: SAME_DOMAIN, url_path_sim=1.00, long_sim=1.00","Salinity Tolerant Poplar Database","http://me.lzu.edu.cn/stpd/","edu.cn","http://me.lzu.edu.cn/stpd","edu.cn","True","29.0","1.0","HIGH"
"OryzaPG-DB","oryzapg","SAME_DOMAIN, contains, url_path_sim=1.00","Y","3.5","Score=3.5: SAME_DOMAIN, contains, url_path_sim=1.00","OryzaPG-DB","http://oryzapg.iab.keio.ac.jp/","ac.jp","http://oryzapg.iab.keio.ac.jp","ac.jp","True","3.0","1.0","HIGH"
"NEIHPID","northeast india helminth parasite information database","SAME_DOMAIN, url_path_sim=1.00, long_sim=1.00","Y","3.5","Score=3.5: SAME_DOMAIN, url_path_sim=1.00, long_sim=1.00","Northeast India Helminth Parasite Information Database","http://nepiac.nehu.ac.in/index.php","ac.in","http://nepiac.nehu.ac.in/index.php","ac.in","True","47.0","1.0","HIGH"
"HFV_LANL","hemorrhagic fever virus database","SAME_DOMAIN, url_path_sim=1.00, long_sim=1.00","Y","3.5","Score=3.5: SAME_DOMAIN, url_path_sim=1.00, long_sim=1.00","Hemorrhagic Fever Virus Database","http://www.hfv.lanl.gov","lanl.gov","http://hfv.lanl.gov","lanl.gov","True","28.0","1.0","HIGH"
"Human metabolism atlas","hma","SAME_DOMAIN, url_path_sim=1.00, long_sim=0.93","Y","3.5","Score=3.5: SAME_DOMAIN, url_path_sim=1.00, long_sim=0.93","Human Metabolism Atlas","https://www.metabolicatlas.org/","metabolicatlas.org","http://www.metabolicatlas.org","metabolicatlas.org","True","19.0","1.0","HIGH"
"sRNAdb","5srnadb","digit_only_diff, edit_dist=1, contains","Y","3.5","Score=3.5: digit_only_diff, edit_dist=1, contains","Small RNA Database","","","http://combio.pl/5srnadb","combio.pl","False","1.0","0.0","HIGH"
"YPIBP","yeast phosphoinositide-binding proteins","SAME_DOMAIN, url_path_sim=1.00, long_sim=1.00","Y","3.5","Score=3.5: SAME_DOMAIN, url_path_sim=1.00, long_sim=1.00","Yeast Phosphoinositide-Binding Proteins","http://cosbi7.ee.ncku.edu.tw/YPIBP/","edu.tw","http://cosbi7.ee.ncku.edu.tw/YPIBP","edu.tw","True","34.0","1.0","HIGH"
"Brain cancer gene database","bcgene","SAME_DOMAIN, url_path_sim=1.00, long_sim=1.00","Y","3.5","Score=3.5: SAME_DOMAIN, url_path_sim=1.00, long_sim=1.00","Brain cancer gene database","http://soft.bioinfo-minzhao.org/bcgene/","bioinfo-minzhao.org","http://soft.bioinfo-minzhao.org/bcgene","bioinfo-minzhao.org","True","20.0","1.0","HIGH"
"HpeNet","mcenet","SAME_DOMAIN, edit_dist=2, url_path_sim=0.94","Y","3.5","Score=3.5: SAME_DOMAIN, edit_dist=2, url_path_sim=0.94","Herbaceous Peony Expression Network","http://bioinformatics.cau.edu.cn/HpeNet","edu.cn","http://bioinformatics.cau.edu.cn/MCENet","edu.cn","True","2.0","0.94","HIGH"
"MODB","mollusca mitochondrial database","SAME_DOMAIN, url_path_sim=1.00, long_sim=0.89","Y","3.5","Score=3.5: SAME_DOMAIN, url_path_sim=1.00, long_sim=0.89","Molluscan Mitochondrial Genome Database","http://modb.ytu.edu.cn/","edu.cn","http://modb.ytu.edu.cn","edu.cn","True","27.0","1.0","HIGH"
"PASS2","pass","digit_only_diff, edit_dist=1, contains","Y","3.5","Score=3.5: digit_only_diff, edit_dist=1, contains","Protein Alignment organized as Structural Superfamilies 2","","","http://musaelab.ca/pass-database","musaelab.ca","False","1.0","0.0","HIGH"
"YAGM","yarg","SAME_DOMAIN, edit_dist=2, url_path_sim=0.92","Y","3.5","Score=3.5: SAME_DOMAIN, edit_dist=2, url_path_sim=0.92","Yeast Associated Genes Miner","http://cosbi3.ee.ncku.edu.tw/yagm/","edu.tw","http://cosbi4.ee.ncku.edu.tw/YARG","edu.tw","True","2.0","0.92","HIGH"
"Abasy Atlas","abasy","SAME_DOMAIN, contains, url_path_sim=1.00","Y","3.5","Score=3.5: SAME_DOMAIN, contains, url_path_sim=1.00","Abasy Atlas","http://abasy.ccg.unam.mx","unam.mx","http://abasy.ccg.unam.mx","unam.mx","True","6.0","1.0","HIGH"
"CCDB","cil-ccdb","SAME_DOMAIN, contains, url_path_sim=1.00","Y","3.5","Score=3.5: SAME_DOMAIN, contains, url_path_sim=1.00","Cell Centered Database","http://www.cellimagelibrary.org","cellimagelibrary.org","http://www.cellimagelibrary.org","cellimagelibrary.org","True","4.0","1.0","HIGH"
"IsopiRBank","isomir bank","SAME_DOMAIN, edit_dist=2, url_path_sim=0.82","Y","3.5","Score=3.5: SAME_DOMAIN, edit_dist=2, url_path_sim=0.82","Isoform piRNA Bank","http://mcg.ustc.edu.cn/bsc/isopir/index.html","edu.cn","http://mcg.ustc.edu.cn/bsc/isomir/Contacts","edu.cn","True","2.0","0.82","HIGH"
"Tenuipalpidae Database","tenuipalpidae","SAME_DOMAIN, contains, url_path_sim=1.00","Y","3.5","Score=3.5: SAME_DOMAIN, contains, url_path_sim=1.00","Tenuipalpidae Mite Database","https://www.tenuipalpidae.ibilce.unesp.br/","unesp.br","http://www.tenuipalpidae.ibilce.unesp.br","unesp.br","True","9.0","1.0","HIGH"
"ConSurf-DB","consurf","SAME_DOMAIN, contains, url_path_sim=1.00","Y","3.5","Score=3.5: SAME_DOMAIN, contains, url_path_sim=1.00","ConSurf-DB","https://consurfdb.tau.ac.il/","ac.il","http://consurfdb.tau.ac.il","ac.il","True","3.0","1.0","HIGH"
"SEA","super-enhancer archive","SAME_DOMAIN, url_path_sim=1.00, long_sim=1.00","Y","3.5","Score=3.5: SAME_DOMAIN, url_path_sim=1.00, long_sim=1.00","Super-Enhancer Archive","http://sea.edbc.org","edbc.org","http://sea.edbc.org","edbc.org","True","19.0","1.0","HIGH"
"Xylella Database","xylella","SAME_DOMAIN, contains, url_path_sim=1.00","Y","3.5","Score=3.5: SAME_DOMAIN, contains, url_path_sim=1.00","Xylella fastidiosa Comparative Genomic Database","http://www.xylella.lncc.br","lncc.br","http://www.xylella.lncc.br","lncc.br","True","9.0","1.0","HIGH"
"HfwADB","hawaiian freshwater algal database","SAME_DOMAIN, url_path_sim=1.00, long_sim=1.00","Y","3.5","Score=3.5: SAME_DOMAIN, url_path_sim=1.00, long_sim=1.00","Hawaiian Freshwater Algal Database","http://algae.manoa.hawaii.edu/hfwadb/","hawaii.edu","http://algae.manoa.hawaii.edu/hfwadb","hawaii.edu","True","28.0","1.0","HIGH"
"Clone DB","clone","SAME_DOMAIN, contains, url_path_sim=1.00","Y","3.5","Score=3.5: SAME_DOMAIN, contains, url_path_sim=1.00","Clone-Associated Data Database","http://www.ncbi.nlm.nih.gov/clone/","nih.gov","http://www.ncbi.nlm.nih.gov/clone","nih.gov","True","3.0","1.0","HIGH"
"Virus Variation Resource","virus variation","SAME_DOMAIN, contains, url_path_sim=0.95","Y","3.5","Score=3.5: SAME_DOMAIN, contains, url_path_sim=0.95","Virus Genomic Variation Database","http://www.ncbi.nlm.nih.gov/genome/viruses/variation/","nih.gov","http://www.ncbi.nlm.nih.gov/genomes/VirusVariation","nih.gov","True","9.0","0.95","HIGH"
"GED","gametogenesis epigenetic modification database","SAME_DOMAIN, url_path_sim=1.00, long_sim=0.84","Y","3.5","Score=3.5: SAME_DOMAIN, url_path_sim=1.00, long_sim=0.84","Gametogenesis Epigenetic Database","http://gametsepi.nwsuaflmz.com","nwsuaflmz.com","http://gametsepi.nwsuaflmz.com","nwsuaflmz.com","True","43.0","1.0","HIGH"
"WormQTL2","wormqtl","digit_only_diff, edit_dist=1, contains","Y","3.5","Score=3.5: digit_only_diff, edit_dist=1, contains","Worm QTL 2.0","http://www.bioinformatics.nl/WormQTL2/","bioinformatics.nl","http://www.wormqtl.org, http://www.rqtl.org","wormqtl.org, http:","False","1.0","0.24","HIGH"
"INSDC","international nucleotide sequence database collaboration","SAME_DOMAIN, url_path_sim=1.00, long_sim=1.00","Y","3.5","Score=3.5: SAME_DOMAIN, url_path_sim=1.00, long_sim=1.00","International Nucleotide Sequence Database Collaboration","http://www.insdc.org","insdc.org","http://www.insdc.org","insdc.org","True","51.0","1.0","HIGH"
"Ginseng GDB","ginseng genome database","SAME_DOMAIN, url_path_sim=1.00, long_sim=1.00","Y","3.5","Score=3.5: SAME_DOMAIN, url_path_sim=1.00, long_sim=1.00","Ginseng Genome Database","http://ginsengdb.snu.ac.kr","ac.kr","http://ginsengdb.snu.ac.kr","ac.kr","True","12.0","1.0","HIGH"
"EMAGE","electronic mouse atlas of gene expression","SAME_DOMAIN, url_path_sim=1.00, long_sim=0.81","Y","3.5","Score=3.5: SAME_DOMAIN, url_path_sim=1.00, long_sim=0.81","Edinburgh Mouse Atlas of Gene Expression","http://www.emouseatlas.org/emage/","emouseatlas.org","http://www.emouseatlas.org/emage","emouseatlas.org","True","36.0","1.0","HIGH"
"Alkamid DB","alkamid","SAME_DOMAIN, contains, url_path_sim=1.00","Y","3.5","Score=3.5: SAME_DOMAIN, contains, url_path_sim=1.00","Alkylamide database","http://alkamid.ugent.be/","ugent.be","http://alkamid.ugent.be","ugent.be","True","3.0","1.0","HIGH"
"DESM","desmsci","SAME_DOMAIN, contains, url_path_sim=0.94","Y","3.5","Score=3.5: SAME_DOMAIN, contains, url_path_sim=0.94","Microbial Knowledge Exploration Portal","http://www.cbrc.kaust.edu.sa/desm","edu.sa","http://www.cbrc.kaust.edu.sa/desmsci","edu.sa","True","3.0","0.94","HIGH"
"OCTAD","open cancer therapeutic discovery","SAME_DOMAIN, url_path_sim=1.00, long_sim=0.88","Y","3.5","Score=3.5: SAME_DOMAIN, url_path_sim=1.00, long_sim=0.88","Open Cancer Therapeutic Discovery Platform","http://octad.org","octad.org","http://octad.org","octad.org","True","28.0","1.0","HIGH"
"WATnet","watrefnet","SAME_DOMAIN, url_path_sim=1.00, long_sim=0.77","Y","3.5","Score=3.5: SAME_DOMAIN, url_path_sim=1.00, long_sim=0.77","White Adipose Tissue Network","http://bioclaims.uib.es","uib.es","http://bioclaims.uib.es","uib.es","True","3.0","1.0","HIGH"
"LIVE NFLX II","live-nflx-ii","SAME_DOMAIN, edit_dist=2, url_path_sim=1.00","Y","3.5","Score=3.5: SAME_DOMAIN, edit_dist=2, url_path_sim=1.00","Quality of Experience Video Database","http://live.ece.utexas.edu/research/LIVE_NFLX_II/live_nflx_plus.html","utexas.edu","http://live.ece.utexas.edu/research/LIVE_NFLX_II/live_nflx_plus.html","utexas.edu","True","2.0","1.0","HIGH"
"PopHuman","pophumanscan","SAME_DOMAIN, contains, url_path_sim=0.89","Y","3.5","Score=3.5: SAME_DOMAIN, contains, url_path_sim=0.89","Human Population Genomics Browser","http://pophuman.uab.cat","uab.cat","http://pophumanscan.uab.cat","uab.cat","True","4.0","0.89","HIGH"
"BioImg.org","bioimg","SAME_DOMAIN, contains, url_path_sim=1.00","Y","3.5","Score=3.5: SAME_DOMAIN, contains, url_path_sim=1.00","Biological Images Catalog","https://bioimg.org","bioimg.org","http://bioimg.org","bioimg.org","True","4.0","1.0","HIGH"
"Mouse Tumor Biology Database","mtb","SAME_DOMAIN, url_path_sim=1.00, long_sim=0.75","Y","3.5","Score=3.5: SAME_DOMAIN, url_path_sim=1.00, long_sim=0.75","Jackson Laboratory Mouse Tumor Biology Database","http://tumor.informatics.jax.org","jax.org","http://tumor.informatics.jax.org","jax.org","True","25.0","1.0","HIGH"
"Animal QTLdb","qtldb","SAME_DOMAIN, contains, url_path_sim=1.00","Y","3.5","Score=3.5: SAME_DOMAIN, contains, url_path_sim=1.00","Animal Quantitative Trait Locus database","http://www.animalgenome.org/QTLdb","animalgenome.org","http://www.animalgenome.org/QTLdb","animalgenome.org","True","7.0","1.0","HIGH"
"ECO IARC","eco","SAME_DOMAIN, url_path_sim=1.00, long_sim=1.00","Y","3.5","Score=3.5: SAME_DOMAIN, url_path_sim=1.00, long_sim=1.00","European Cancer Observatory","http://eco.iarc.fr/","iarc.fr","http://eco.iarc.fr","iarc.fr","True","5.0","1.0","HIGH"
"WDDD","worm developmental dynamics database","SAME_DOMAIN, url_path_sim=1.00, long_sim=1.00","Y","3.5","Score=3.5: SAME_DOMAIN, url_path_sim=1.00, long_sim=1.00","Worm Developmental Dynamics Database","http://so.qbic.riken.jp/wddd/","riken.jp","http://so.qbic.riken.jp/wddd","riken.jp","True","32.0","1.0","HIGH"
"ANAP","arabidopsis network analysis pipeline","SAME_DOMAIN, url_path_sim=1.00, long_sim=0.86","Y","3.5","Score=3.5: SAME_DOMAIN, url_path_sim=1.00, long_sim=0.86","Arabidopsis Network Analysis Portal","http://gmdd.shgmo.org/Computational-Biology/ANAP","shgmo.org","http://gmdd.shgmo.org/Computational-Biology/ANAP","shgmo.org","True","33.0","1.0","HIGH"
"TIPdb-3D","tipdb","SAME_DOMAIN, contains, url_path_sim=1.00","Y","3.5","Score=3.5: SAME_DOMAIN, contains, url_path_sim=1.00","Taiwan Indigenous Plant database","http://cwtung.kmu.edu.tw/tipdb","edu.tw","http://cwtung.kmu.edu.tw/tipdb","edu.tw","True","3.0","1.0","HIGH"
"MSGP","mammalian stress granules proteome","SAME_DOMAIN, url_path_sim=1.00, long_sim=0.87","Y","3.5","Score=3.5: SAME_DOMAIN, url_path_sim=1.00, long_sim=0.87","Mammalian Stress Granule Proteome Database","https://msgp.pt/","msgp.pt","http://msgp.pt","msgp.pt","True","30.0","1.0","HIGH"
"Florabank","florabank1","digit_only_diff, edit_dist=1, contains","Y","3.5","Score=3.5: digit_only_diff, edit_dist=1, contains","Flora Bank","http://projects.biodiversity.be/ifblAll","biodiversity.be","http://data.gbif.org/datasets/resource/10969/, http://projects.biodiversity.be/ifblAll","gbif.org","False","1.0","0.58","HIGH"
"MPPD","medicago phosphoprotein database","SAME_DOMAIN, url_path_sim=1.00, long_sim=1.00","Y","3.5","Score=3.5: SAME_DOMAIN, url_path_sim=1.00, long_sim=1.00","Medicago PhosphoProtein Database","http://phospho.medicago.wisc.edu","wisc.edu","http://phospho.medicago.wisc.edu","wisc.edu","True","28.0","1.0","HIGH"
"SymbioGenomesDB","symgendb","SAME_DOMAIN, url_path_sim=1.00, long_sim=0.94","Y","3.5","Score=3.5: SAME_DOMAIN, url_path_sim=1.00, long_sim=0.94","Symbiont Genomes Database","http://symbiogenomesdb.uv.es","uv.es","http://symbiogenomesdb.uv.es","uv.es","True","7.0","1.0","HIGH"
"Physiome","physiome.jp","SAME_DOMAIN, contains, url_path_sim=1.00","Y","3.5","Score=3.5: SAME_DOMAIN, contains, url_path_sim=1.00","Physiome","http://physiome.jp","physiome.jp","http://physiome.jp","physiome.jp","True","3.0","1.0","HIGH"
"KMarkerDB","kazusa marker database","SAME_DOMAIN, url_path_sim=1.00, long_sim=1.00","Y","3.5","Score=3.5: SAME_DOMAIN, url_path_sim=1.00, long_sim=1.00","Kazusa Marker Database","http://marker.kazusa.or.jp","or.jp","http://marker.kazusa.or.jp","or.jp","True","13.0","1.0","HIGH"
"DCMP","database of cancer mutant protein domains","SAME_DOMAIN, url_path_sim=1.00, long_sim=1.00","Y","3.5","Score=3.5: SAME_DOMAIN, url_path_sim=1.00, long_sim=1.00","Database of Cancer Mutant Protein Domains","https://dcmp.vit.ac.in/","ac.in","http://dcmp.vit.ac.in","ac.in","True","37.0","1.0","HIGH"
"10000 Immunomes Project","10kip","SAME_DOMAIN, url_path_sim=1.00, long_sim=0.98","Y","3.5","Score=3.5: SAME_DOMAIN, url_path_sim=1.00, long_sim=0.98","10000 Immunomes Project","http://10kimmunomes.org/","10kimmunomes.org","http://10kimmunomes.org","10kimmunomes.org","True","19.0","1.0","HIGH"
"NIH Open Citation Collection","icite","SAME_DOMAIN, url_path_sim=1.00, long_sim=0.92","Y","3.5","Score=3.5: SAME_DOMAIN, url_path_sim=1.00, long_sim=0.92","NIH Open Citation Collection","https://icite.od.nih.gov","nih.gov","http://icite.od.nih.gov","nih.gov","True","23.0","1.0","HIGH"
"DGD","srd","SAME_DOMAIN, edit_dist=2, url_path_sim=0.88","Y","3.5","Score=3.5: SAME_DOMAIN, edit_dist=2, url_path_sim=0.88","Duplicated Genes Database","http://dgd.genouest.org","genouest.org","http://srd.genouest.org","genouest.org","True","2.0","0.88","HIGH"
"UCSC Cancer Genomics Browser","ucsc genome browser","SAME_DOMAIN, url_path_sim=0.81, long_sim=0.77","Y","3.5","Score=3.5: SAME_DOMAIN, url_path_sim=0.81, long_sim=0.77","UCSC Cancer Genomics Browser","https://genome-cancer.ucsc.edu/","ucsc.edu","http://genome.ucsc.edu","ucsc.edu","True","10.0","0.81","HIGH"
"RNAStructuromeDB","rna structurome database","SAME_DOMAIN, url_path_sim=1.00, long_sim=0.80","Y","3.5","Score=3.5: SAME_DOMAIN, url_path_sim=1.00, long_sim=0.80","RNAStructuromeDB","https://structurome.bb.iastate.edu","iastate.edu","http://structurome.bb.iastate.edu","iastate.edu","True","8.0","1.0","HIGH"
"MSRDB","mycobacterial systems resource","SAME_DOMAIN, url_path_sim=1.00, long_sim=0.87","Y","3.5","Score=3.5: SAME_DOMAIN, url_path_sim=1.00, long_sim=0.87","Mycobacterial Systems Resource Database","https://msrdb.org/","msrdb.org","http://msrdb.org","msrdb.org","True","27.0","1.0","HIGH"
"GALT","galt protein database","SAME_DOMAIN, contains, url_path_sim=1.00","Y","3.5","Score=3.5: SAME_DOMAIN, contains, url_path_sim=1.00","GALT Protein Database","http://bioinformatica.isa.cnr.it/GALT/GALT2.0","cnr.it","http://bioinformatica.isa.cnr.it/GALT/GALT2.0","cnr.it","True","17.0","1.0","HIGH"
"European Cancer Observatory","eco","SAME_DOMAIN, url_path_sim=1.00, long_sim=1.00","Y","3.5","Score=3.5: SAME_DOMAIN, url_path_sim=1.00, long_sim=1.00","European Cancer Observatory","http://eco.iarc.fr","iarc.fr","http://eco.iarc.fr","iarc.fr","True","24.0","1.0","HIGH"
"FARME DB","functional antibiotic resistant metagenomic element","SAME_DOMAIN, url_path_sim=1.00, long_sim=0.78","Y","3.5","Score=3.5: SAME_DOMAIN, url_path_sim=1.00, long_sim=0.78","Functional Antibiotic Resistance Element Database","http://staff.washington.edu/jwallace/farme","washington.edu","http://staff.washington.edu/jwallace/farme","washington.edu","True","45.0","1.0","HIGH"
"IDEAL","intrinsically disordered proteins with extensive annotations and literature","SAME_DOMAIN, url_path_sim=1.00, long_sim=1.00","Y","3.5","Score=3.5: SAME_DOMAIN, url_path_sim=1.00, long_sim=1.00","Intrinsically Disordered Proteins with Extensive Annotations and Literature","http://www.ideal.force.cs.is.nagoya-u.ac.jp/IDEAL/","ac.jp","http://www.ideal.force.cs.is.nagoya-u.ac.jp/IDEAL","ac.jp","True","70.0","1.0","HIGH"
"MEGADOCK-Web","megadock","SAME_DOMAIN, contains, url_path_sim=1.00","Y","3.5","Score=3.5: SAME_DOMAIN, contains, url_path_sim=1.00","MEGADOCK Web database","http://www.bi.cs.titech.ac.jp/megadock-web/","ac.jp","http://www.bi.cs.titech.ac.jp/megadock-web","ac.jp","True","4.0","1.0","HIGH"
"DbVar","dbgap","SAME_DOMAIN, edit_dist=2, url_path_sim=0.86","Y","3.5","Score=3.5: SAME_DOMAIN, edit_dist=2, url_path_sim=0.86","Database of Genomic Structural Variation","http://www.ncbi.nlm.nih.gov/dbvar","nih.gov","http://www.ncbi.nlm.nih.gov/gap","nih.gov","True","2.0","0.86","HIGH"
"NMRGR","naked mole rat genome resource","SAME_DOMAIN, url_path_sim=1.00, long_sim=1.00","Y","3.5","Score=3.5: SAME_DOMAIN, url_path_sim=1.00, long_sim=1.00","Naked Mole Rat Genome Resource","http://www.naked-mole-rat.org","naked-mole-rat.org","http://www.naked-mole-rat.org","naked-mole-rat.org","True","25.0","1.0","HIGH"
"Human Breathomics Database","hbdb","SAME_DOMAIN, url_path_sim=1.00, long_sim=1.00","Y","3.5","Score=3.5: SAME_DOMAIN, url_path_sim=1.00, long_sim=1.00","Human Breathomics Database","https://hbdb.cmdm.tw","cmdm.tw","http://hbdb.cmdm.tw","cmdm.tw","True","22.0","1.0","HIGH"
"Gene","geo","SAME_DOMAIN, edit_dist=2, url_path_sim=0.93","Y","3.5","Score=3.5: SAME_DOMAIN, edit_dist=2, url_path_sim=0.93","NCBI Gene Information Resource","http://www.ncbi.nlm.nih.gov/gene","nih.gov","http://www.ncbi.nlm.nih.gov/geo","nih.gov","True","2.0","0.93","HIGH"
"NCAA-DB","noncoded amino acids database","SAME_DOMAIN, url_path_sim=1.00, long_sim=1.00","Y","3.5","Score=3.5: SAME_DOMAIN, url_path_sim=1.00, long_sim=1.00","Noncoded Amino Acids Database","http://recerca.upc.edu/imem/index.htm","upc.edu","http://recerca.upc.edu/imem/index.htm","upc.edu","True","23.0","1.0","HIGH"
"GEAR","database of genomic elements associated with drug resistance","SAME_DOMAIN, url_path_sim=1.00, long_sim=0.89","Y","3.5","Score=3.5: SAME_DOMAIN, url_path_sim=1.00, long_sim=0.89","Genomic Elements Associated with Drug Resistance","http://gear.comp-sysbio.org","comp-sysbio.org","http://gear.comp-sysbio.org","comp-sysbio.org","True","56.0","1.0","HIGH"
"CFC","cystic fibrosis cloud database","SAME_DOMAIN, url_path_sim=1.00, long_sim=1.00","Y","3.5","Score=3.5: SAME_DOMAIN, url_path_sim=1.00, long_sim=1.00","Cystic Fibrosis Cloud Database","http://servoy.infocomsa.com/cfc_database","infocomsa.com","http://servoy.infocomsa.com/cfc_database","infocomsa.com","True","27.0","1.0","HIGH"
"HSD","helminth secretome database","SAME_DOMAIN, url_path_sim=1.00, long_sim=1.00","Y","3.5","Score=3.5: SAME_DOMAIN, url_path_sim=1.00, long_sim=1.00","Helminth Secretome Database","http://estexplorer.biolinfo.org/hsd","biolinfo.org","http://estexplorer.biolinfo.org/hsd","biolinfo.org","True","24.0","1.0","HIGH"
"PTRD","porcine translational research database","SAME_DOMAIN, url_path_sim=1.00, long_sim=1.00","Y","3.5","Score=3.5: SAME_DOMAIN, url_path_sim=1.00, long_sim=1.00","Porcine Translational Research Database","http://www.ars.usda.gov/Services/docs.htm?docid=6065","usda.gov","http://www.ars.usda.gov/Services/docs.htm?docid=6065","usda.gov","True","35.0","1.0","HIGH"
"VuGEA","ljgea","SAME_DOMAIN, edit_dist=2, url_path_sim=0.87","Y","3.5","Score=3.5: SAME_DOMAIN, edit_dist=2, url_path_sim=0.87","Vigna unguiculata Gene Expression Atlas","http://vugea.noble.org","noble.org","http://ljgea.noble.org","noble.org","True","2.0","0.87","HIGH"
"MINEs","metabolic in silico network expansions","SAME_DOMAIN, url_path_sim=1.00, long_sim=1.00","Y","3.5","Score=3.5: SAME_DOMAIN, url_path_sim=1.00, long_sim=1.00","Metabolic In silico Network Expansions","http://minedatabase.mcs.anl.gov","anl.gov","http://minedatabase.mcs.anl.gov","anl.gov","True","33.0","1.0","HIGH"
"TautomerDB","tautomeric","SAME_DOMAIN, edit_dist=2, url_path_sim=1.00","Y","3.5","Score=3.5: SAME_DOMAIN, edit_dist=2, url_path_sim=1.00","Tautomer Database","https://cactus.nci.nih.gov/download/tautomer/","nih.gov","http://cactus.nci.nih.gov/download/tautomer","nih.gov","True","2.0","1.0","HIGH"
"IGDB","igdb.nsclc","SAME_DOMAIN, contains, url_path_sim=1.00","Y","3.5","Score=3.5: SAME_DOMAIN, contains, url_path_sim=1.00","IGDB","http://igdb.nsclc.ibms.sinica.edu.tw","edu.tw","http://igdb.nsclc.ibms.sinica.edu.tw","edu.tw","True","6.0","1.0","HIGH"
"BCD","bird chromosome database","SAME_DOMAIN, url_path_sim=1.00, long_sim=1.00","Y","3.5","Score=3.5: SAME_DOMAIN, url_path_sim=1.00, long_sim=1.00","Bird Chromosome Database","https://sites.unipampa.edu.br/birdchromosomedatabase","edu.br","http://sites.unipampa.edu.br/birdchromosomedatabase","edu.br","True","21.0","1.0","HIGH"
"RPGD","rhododendron plant genome database","SAME_DOMAIN, url_path_sim=1.00, long_sim=1.00","Y","3.5","Score=3.5: SAME_DOMAIN, url_path_sim=1.00, long_sim=1.00","Rhododendron Plant Genome Database","http://bioinfor.kib.ac.cn/RPGD/","ac.cn","http://bioinfor.kib.ac.cn/RPGD","ac.cn","True","30.0","1.0","HIGH"
"GH19 Engineering Database","exed","SAME_DOMAIN, url_path_sim=0.83, long_sim=0.78","Y","3.5","Score=3.5: SAME_DOMAIN, url_path_sim=0.83, long_sim=0.78","GH19 Engineering Database","https://gh19ed.biocatnet.de","biocatnet.de","http://exed.biocatnet.de","biocatnet.de","True","22.0","0.83","HIGH"
"Lichen metabolites database","ldb","SAME_DOMAIN, url_path_sim=1.00, long_sim=0.71","Y","3.5","Score=3.5: SAME_DOMAIN, url_path_sim=1.00, long_sim=0.71","Lichen metabolites database","https://www.ebi.ac.uk/metabolights/MTBLS999","ac.uk","http://www.ebi.ac.uk/metabolights/MTBLS999","ac.uk","True","24.0","1.0","HIGH"
"PlantCAR","plantannot","SAME_DOMAIN, url_path_sim=1.00, long_sim=1.00","Y","3.5","Score=3.5: SAME_DOMAIN, url_path_sim=1.00, long_sim=1.00","Plant Co-expression Annotation Resource","https://www.machado.cnptia.embrapa.br/plantannot","embrapa.br","http://www.machado.cnptia.embrapa.br/plantannot","embrapa.br","True","5.0","1.0","HIGH"
"Global Earth Mineral Inventory","gemi","SAME_DOMAIN, url_path_sim=1.00, long_sim=1.00","Y","3.5","Score=3.5: SAME_DOMAIN, url_path_sim=1.00, long_sim=1.00","Global Earth Mineral Inventory","https://dx.deepcarbon.net/11121/6200-6954-6634-8243-CC","deepcarbon.net","http://dx.deepcarbon.net/11121/6200-6954-6634-8243-CC","deepcarbon.net","True","26.0","1.0","HIGH"
"PDB-2-PB","pdb-2-pbv3.0","SAME_DOMAIN, contains, url_path_sim=1.00","Y","3.5","Score=3.5: SAME_DOMAIN, contains, url_path_sim=1.00","Protein Data Bank to Protein Blocks","http://bioinfo.bdu.ac.in/pb3","ac.in","http://bioinfo.bdu.ac.in/pb3","ac.in","True","4.0","1.0","HIGH"
"UniCarb-DB","unicarb","SAME_DOMAIN, contains, url_path_sim=1.00","Y","3.5","Score=3.5: SAME_DOMAIN, contains, url_path_sim=1.00","UniCarb Database","http://www.unicarb-db.org","unicarb-db.org","http://www.unicarb-db.org","unicarb-db.org","True","3.0","1.0","HIGH"
"GCM","global catalogue of microorganisms","SAME_DOMAIN, url_path_sim=1.00, long_sim=1.00","Y","3.5","Score=3.5: SAME_DOMAIN, url_path_sim=1.00, long_sim=1.00","Global Catalogue of Microorganisms","http://gcm.wfcc.info","wfcc.info","http://gcm.wfcc.info","wfcc.info","True","31.0","1.0","HIGH"
"VVR","virus variation","SAME_DOMAIN, url_path_sim=1.00, long_sim=0.86","Y","3.5","Score=3.5: SAME_DOMAIN, url_path_sim=1.00, long_sim=0.86","Virus Variation Resource","http://www.ncbi.nlm.nih.gov/genomes/VirusVariation/","nih.gov","http://www.ncbi.nlm.nih.gov/genomes/VirusVariation","nih.gov","True","12.0","1.0","HIGH"
"CGGA","chinese glioma genome atlas","SAME_DOMAIN, url_path_sim=1.00, long_sim=1.00","Y","3.5","Score=3.5: SAME_DOMAIN, url_path_sim=1.00, long_sim=1.00","Chinese Glioma Genome Atlas","http://www.cgga.org.cn","org.cn","http://www.cgga.org.cn","org.cn","True","23.0","1.0","HIGH"
"1000GSB","1000 genomes selection browser","SAME_DOMAIN, url_path_sim=1.00, long_sim=1.00","Y","3.5","Score=3.5: SAME_DOMAIN, url_path_sim=1.00, long_sim=1.00","1000 Genomes Selection Browser","http://hsb.upf.edu","upf.edu","http://hsb.upf.edu","upf.edu","True","23.0","1.0","HIGH"
"RettNDB","rett networked database","SAME_DOMAIN, url_path_sim=1.00, long_sim=1.00","Y","3.5","Score=3.5: SAME_DOMAIN, url_path_sim=1.00, long_sim=1.00","Rett Networked Database","http://www.rettdatabasenetwork.org/","rettdatabasenetwork.org","http://www.rettdatabasenetwork.org","rettdatabasenetwork.org","True","16.0","1.0","HIGH"
"UCSC AGB","ucsc archaeal genome browser","SAME_DOMAIN, url_path_sim=1.00, long_sim=1.00","Y","3.5","Score=3.5: SAME_DOMAIN, url_path_sim=1.00, long_sim=1.00","UCSC Archaeal Genome Browser","http://archaea.ucsc.edu","ucsc.edu","http://archaea.ucsc.edu","ucsc.edu","True","20.0","1.0","HIGH"
"PvP01-DB","pvp01","SAME_DOMAIN, contains, url_path_sim=1.00","Y","3.5","Score=3.5: SAME_DOMAIN, contains, url_path_sim=1.00","Plasmodium vivax P01 Database","http://www.scfbio-iitd.res.in/PvP01","res.in","http://www.scfbio-iitd.res.in/PvP01","res.in","True","3.0","1.0","HIGH"
"ACD","antimicrobial chemotherapeutics database","SAME_DOMAIN, url_path_sim=1.00, long_sim=1.00","Y","3.5","Score=3.5: SAME_DOMAIN, url_path_sim=1.00, long_sim=1.00","Antimicrobial Chemotherapeutics Database","http://amdr.amu.ac.in/acd","ac.in","http://amdr.amu.ac.in/acd","ac.in","True","37.0","1.0","HIGH"
"IMGT/HLA","ipd-imgt/hla","SAME_DOMAIN, contains, url_path_sim=0.90","Y","3.5","Score=3.5: SAME_DOMAIN, contains, url_path_sim=0.90","International ImMunoGeneTics HLA Database","http://www.ebi.ac.uk/imgt/hla/","ac.uk","http://www.ebi.ac.uk/ipd/imgt/hla","ac.uk","True","4.0","0.9","HIGH"
"Magnaporthe oryzae microsatellite database","mmdb","SAME_DOMAIN, url_path_sim=1.00, long_sim=1.00","Y","3.5","Score=3.5: SAME_DOMAIN, url_path_sim=1.00, long_sim=1.00","Magnaporthe oryzae microsatellite database","http://14.139.229.199/home.aspx","229.199","http://14.139.229.199/home.aspx","229.199","True","38.0","1.0","HIGH"
"CAP","citrus sinensis annotation project","SAME_DOMAIN, url_path_sim=1.00, long_sim=0.74","Y","3.5","Score=3.5: SAME_DOMAIN, url_path_sim=1.00, long_sim=0.74","Citrus Annotation Project database","http://citrus.hzau.edu.cn/","edu.cn","http://citrus.hzau.edu.cn","edu.cn","True","31.0","1.0","HIGH"
"BTD","brain tumor database","SAME_DOMAIN, url_path_sim=1.00, long_sim=1.00","Y","3.5","Score=3.5: SAME_DOMAIN, url_path_sim=1.00, long_sim=1.00","Brain Tumor Database","http://tumorsdatabase.altervista.org","altervista.org","http://tumorsdatabase.altervista.org","altervista.org","True","17.0","1.0","HIGH"
"UniProt-GOA","goa","SAME_DOMAIN, url_path_sim=1.00, long_sim=0.86","Y","3.5","Score=3.5: SAME_DOMAIN, url_path_sim=1.00, long_sim=0.86","UniProt Gene Ontology Annotation","http://www.ebi.ac.uk/GOA","ac.uk","http://www.ebi.ac.uk/GOA","ac.uk","True","8.0","1.0","HIGH"
"IMG","integrated microbial genomes and metagenomes","SAME_DOMAIN, url_path_sim=0.98, long_sim=0.81","Y","3.5","Score=3.5: SAME_DOMAIN, url_path_sim=0.98, long_sim=0.81","Integrated Microbial Genomes database","http://www.hmpdacc-resources.org/img_hmp","hmpdacc-resources.org","http://www.hmpdacc-resources.org/imgm_hmp","hmpdacc-resources.org","True","41.0","0.98","HIGH"
"SinEx DB","sinex","SAME_DOMAIN, contains, url_path_sim=1.00","Y","3.5","Score=3.5: SAME_DOMAIN, contains, url_path_sim=1.00","Single Exon Database","http://v2.sinex.cl/","sinex.cl","http://v2.sinex.cl","sinex.cl","True","3.0","1.0","HIGH"
"PADS Arsenal","prokaryotic antiviral defense system","SAME_DOMAIN, url_path_sim=1.00, long_sim=0.79","Y","3.5","Score=3.5: SAME_DOMAIN, url_path_sim=1.00, long_sim=0.79","Prokaryotic Antiphage Defense Systems Arsenal","https://bigd.big.ac.cn/padsarsenal","ac.cn","http://bigd.big.ac.cn/padsarsenal","ac.cn","True","29.0","1.0","HIGH"
"Drug-drug interaction database","antifungal drug interactions database","SAME_DOMAIN, url_path_sim=1.00, long_sim=0.92","Y","3.5","Score=3.5: SAME_DOMAIN, url_path_sim=1.00, long_sim=0.92","Antifungal Drug-Drug Interaction Database","https://antifungalinteractions.org/was","antifungalinteractions.org","http://antifungalinteractions.org/was","antifungalinteractions.org","True","10.0","1.0","HIGH"
"HSDB","horse single nucleotide polymorphism and expression database","SAME_DOMAIN, url_path_sim=1.00, long_sim=0.71","Y","3.5","Score=3.5: SAME_DOMAIN, url_path_sim=1.00, long_sim=0.71","Horse SNP and Expression Database","http://snugenome2.snu.ac.kr/HSDB","ac.kr","http://snugenome2.snu.ac.kr/HSDB","ac.kr","True","56.0","1.0","HIGH"
"BAR-PLUS","bologna annotation resource","SAME_DOMAIN, url_path_sim=0.92, long_sim=0.92","Y","3.5","Score=3.5: SAME_DOMAIN, url_path_sim=0.92, long_sim=0.92","Bologna Annotation Resource PLUS","http://bar.biocomp.unibo.it/bar2.0","unibo.it","http://bar.biocomp.unibo.it/bar3","unibo.it","True","23.0","0.92","HIGH"
"IHEC Data Portal","ihec","SAME_DOMAIN, contains, url_path_sim=1.00","Y","3.5","Score=3.5: SAME_DOMAIN, contains, url_path_sim=1.00","International Human Epigenome Consortium Data Portal","http://epigenomesportal.ca/ihec","epigenomesportal.ca","http://epigenomesportal.ca/ihec","epigenomesportal.ca","True","12.0","1.0","HIGH"
"ERA","the european radiobiological archives","SAME_DOMAIN, url_path_sim=1.00, long_sim=0.94","Y","3.5","Score=3.5: SAME_DOMAIN, url_path_sim=1.00, long_sim=0.94","European Radiobiological Archives","https://era.bfs.de","bfs.de","http://era.bfs.de","bfs.de","True","34.0","1.0","HIGH"
"MGPP","mgp portal","SAME_DOMAIN, url_path_sim=1.00, long_sim=1.00","Y","3.5","Score=3.5: SAME_DOMAIN, url_path_sim=1.00, long_sim=1.00","Mnemiopsis Genome Project Portal","https://research.nhgri.nih.gov/mnemiopsis/","nih.gov","http://research.nhgri.nih.gov/mnemiopsis","nih.gov","True","6.0","1.0","HIGH"
"SMTB","smooth muscle transcriptome browser","SAME_DOMAIN, url_path_sim=1.00, long_sim=1.00","Y","3.5","Score=3.5: SAME_DOMAIN, url_path_sim=1.00, long_sim=1.00","Smooth Muscle Transcriptome Browser","https://med.unr.edu/physio/transcriptome","unr.edu","http://med.unr.edu/physio/transcriptome","unr.edu","True","31.0","1.0","HIGH"
"ExoceRNA","exocerna atlas","SAME_DOMAIN, contains, url_path_sim=1.00","Y","3.5","Score=3.5: SAME_DOMAIN, contains, url_path_sim=1.00","Exosome Competing Endogenous RNA Atlas","https://www.exocerna-atlas.com/exoceRNA#/","exocerna-atlas.com","http://www.exocerna-atlas.com/exoceRNA","exocerna-atlas.com","True","6.0","1.0","HIGH"
"antiSMASH-DB","antismash","SAME_DOMAIN, contains, url_path_sim=1.00","Y","3.5","Score=3.5: SAME_DOMAIN, contains, url_path_sim=1.00","antiSMASH Database","http://antismash-db.secondarymetabolites.org/","secondarymetabolites.org","http://antismash-db.secondarymetabolites.org","secondarymetabolites.org","True","3.0","1.0","HIGH"
"Daikon Marker","kazusa marker database","SAME_DOMAIN, url_path_sim=0.84, long_sim=0.74","Y","3.5","Score=3.5: SAME_DOMAIN, url_path_sim=0.84, long_sim=0.74","Raphanus sativus Marker Database","http://marker.kazusa.or.jp/Daikon","or.jp","http://marker.kazusa.or.jp","or.jp","True","14.0","0.84","HIGH"
"NHPRTR","non-human primate reference transcriptome resource","SAME_DOMAIN, url_path_sim=1.00, long_sim=1.00","Y","3.5","Score=3.5: SAME_DOMAIN, url_path_sim=1.00, long_sim=1.00","Non-Human Primate Reference Transcriptome Resource","http://nhprtr.org/","nhprtr.org","http://nhprtr.org","nhprtr.org","True","44.0","1.0","HIGH"
"NGS Catalog","ngs","SAME_DOMAIN, url_path_sim=1.00, long_sim=0.89","Y","3.5","Score=3.5: SAME_DOMAIN, url_path_sim=1.00, long_sim=0.89","Next Generation Sequencing Studies Catalog","http://bioinfo.mc.vanderbilt.edu/NGS/index.html","vanderbilt.edu","http://bioinfo.mc.vanderbilt.edu/NGS/index.html","vanderbilt.edu","True","8.0","1.0","HIGH"
"YakDB","ygd","SAME_DOMAIN, url_path_sim=1.00, long_sim=1.00","Y","3.5","Score=3.5: SAME_DOMAIN, url_path_sim=1.00, long_sim=1.00","Yak Genome Database","http://me.lzu.edu.cn/yak","edu.cn","http://me.lzu.edu.cn/yak","edu.cn","True","3.0","1.0","HIGH"
"Cyanobacteria Scratchpad","cyanobacteria culture collection","SAME_DOMAIN, url_path_sim=1.00, long_sim=0.75","Y","3.5","Score=3.5: SAME_DOMAIN, url_path_sim=1.00, long_sim=0.75","Cyanobacteria Biodiversity Collection","http://cyanobacteria.myspecies.info/","myspecies.info","http://cyanobacteria.myspecies.info","myspecies.info","True","16.0","1.0","HIGH"
"Saponins mass spectrometry database","saponin mass spectrometry database","SAME_DOMAIN, edit_dist=1, long_sim=0.91","Y","3.5","Score=3.5: SAME_DOMAIN, edit_dist=1, long_sim=0.91","Plant Saponins Mass Spectrometry Database","http://47.92.73.208:8082/","73.208:8082","http://47.92.73.208:8082/, http://cpu-smsd.com","73.208:8082","True","1.0","0.61","HIGH"
"KGD","kiwifruit genome database","SAME_DOMAIN, url_path_sim=1.00, long_sim=1.00","Y","3.5","Score=3.5: SAME_DOMAIN, url_path_sim=1.00, long_sim=1.00","Kiwifruit Genome Database","http://kiwifruitgenome.org/","kiwifruitgenome.org","http://kiwifruitgenome.org","kiwifruitgenome.org","True","22.0","1.0","HIGH"
"HPD","hprotdb","SAME_DOMAIN, url_path_sim=1.00, long_sim=1.00","Y","3.5","Score=3.5: SAME_DOMAIN, url_path_sim=1.00, long_sim=1.00","Halophile Protein Database","http://webapp.cabgrid.res.in/protein/","res.in","http://webapp.cabgrid.res.in/protein","res.in","True","4.0","1.0","HIGH"
"Urine protein biomarker database","upb","SAME_DOMAIN, url_path_sim=1.00, long_sim=0.77","Y","3.5","Score=3.5: SAME_DOMAIN, url_path_sim=1.00, long_sim=0.77","Urine Protein Biomarker Database","http://122.70.220.102/biomarker","220.102","http://122.70.220.102/biomarker","220.102","True","29.0","1.0","HIGH"
"BOSS","breast oncogenic specific sirnas","SAME_DOMAIN, url_path_sim=1.00, long_sim=0.88","Y","3.5","Score=3.5: SAME_DOMAIN, url_path_sim=1.00, long_sim=0.88","Breast Oncogenic Specific siRNAs Database","http://bioinformatics.cimap.res.in/sharma/boss/","res.in","http://bioinformatics.cimap.res.in/sharma/boss","res.in","True","28.0","1.0","HIGH"
"eQTL Catalogue","eqtl","SAME_DOMAIN, contains, url_path_sim=1.00","Y","3.5","Score=3.5: SAME_DOMAIN, contains, url_path_sim=1.00","eQTL Catalogue","https://www.ebi.ac.uk/eqtl","ac.uk","http://www.ebi.ac.uk/eqtl","ac.uk","True","10.0","1.0","HIGH"
"YGMD","lcmd","SAME_DOMAIN, edit_dist=2, url_path_sim=0.88","Y","3.5","Score=3.5: SAME_DOMAIN, edit_dist=2, url_path_sim=0.88","Yeast Gene Module Database","http://cosbi4.ee.ncku.edu.tw/YGMD/","edu.tw","http://cosbi7.ee.ncku.edu.tw/LCMD","edu.tw","True","2.0","0.88","HIGH"
"D²P²","d(2)p(2","SAME_DOMAIN, url_path_sim=1.00, long_sim=0.99","Y","3.5","Score=3.5: SAME_DOMAIN, url_path_sim=1.00, long_sim=0.99","Database of Disordered Protein Predictions","http://d2p2.pro","d2p2.pro","http://d2p2.pro","d2p2.pro","True","5.0","1.0","HIGH"
"ProBiS","probis-database","SAME_DOMAIN, contains, url_path_sim=1.00","Y","3.5","Score=3.5: SAME_DOMAIN, contains, url_path_sim=1.00","Protein Binding Sites Database","http://probis.cmm.ki.si/database","ki.si","http://probis.cmm.ki.si/database","ki.si","True","9.0","1.0","HIGH"
"TADB","tadb2.0","SAME_DOMAIN, contains, url_path_sim=1.00","Y","3.5","Score=3.5: SAME_DOMAIN, contains, url_path_sim=1.00","Toxin-Antitoxin Database","http://bioinfo-mml.sjtu.edu.cn/TADB2/","edu.cn","http://bioinfo-mml.sjtu.edu.cn/TADB2","edu.cn","True","3.0","1.0","HIGH"
"CKB","cyanobacterial knowledgebase","SAME_DOMAIN, url_path_sim=1.00, long_sim=1.00","Y","3.5","Score=3.5: SAME_DOMAIN, url_path_sim=1.00, long_sim=1.00","Cyanobacterial KnowledgeBase","http://nfmc.res.in/ckb/index.html","res.in","http://nfmc.res.in/ckb/index.html","res.in","True","25.0","1.0","HIGH"
"MFGA","male fertility gene atlas","SAME_DOMAIN, url_path_sim=1.00, long_sim=1.00","Y","3.5","Score=3.5: SAME_DOMAIN, url_path_sim=1.00, long_sim=1.00","Male Fertility Gene Atlas","https://mfga.uni-muenster.de","uni-muenster.de","http://mfga.uni-muenster.de","uni-muenster.de","True","21.0","1.0","HIGH"
"ABIDE","autism brain imaging data exchange","SAME_DOMAIN, url_path_sim=1.00, long_sim=1.00","Y","3.5","Score=3.5: SAME_DOMAIN, url_path_sim=1.00, long_sim=1.00","Autism Brain Imaging Data Exchange","http://fcon_1000.projects.nitrc.org/indi/abide/","nitrc.org","http://fcon_1000.projects.nitrc.org/indi/abide","nitrc.org","True","29.0","1.0","HIGH"
"SCDE","stem cell discovery engine","SAME_DOMAIN, url_path_sim=1.00, long_sim=1.00","Y","3.5","Score=3.5: SAME_DOMAIN, url_path_sim=1.00, long_sim=1.00","Stem Cell Discovery Engine","http://discovery.hsci.harvard.edu","harvard.edu","http://discovery.hsci.harvard.edu","harvard.edu","True","22.0","1.0","HIGH"
"HIPdb","avpdb","SAME_DOMAIN, edit_dist=2, url_path_sim=0.93","Y","3.5","Score=3.5: SAME_DOMAIN, edit_dist=2, url_path_sim=0.93","HIV Inhibiting Peptide Database","http://crdd.osdd.net/servers/hipdb","osdd.net","http://crdd.osdd.net/servers/avpdb","osdd.net","True","2.0","0.93","HIGH"
"EGTC","exchangeable gene trap clones","SAME_DOMAIN, url_path_sim=1.00, long_sim=0.87","Y","3.5","Score=3.5: SAME_DOMAIN, url_path_sim=1.00, long_sim=0.87","Exchangeable Gene Trap Clones Database","http://egtc.jp","egtc.jp","http://egtc.jp","egtc.jp","True","25.0","1.0","HIGH"
"Addgene","addgene repository","SAME_DOMAIN, contains, url_path_sim=1.00","Y","3.5","Score=3.5: SAME_DOMAIN, contains, url_path_sim=1.00","Addgene","http://www.addgene.org","addgene.org","http://www.addgene.org","addgene.org","True","11.0","1.0","HIGH"
"PIRD","pan immune repertoire database","SAME_DOMAIN, url_path_sim=1.00, long_sim=1.00","Y","3.5","Score=3.5: SAME_DOMAIN, url_path_sim=1.00, long_sim=1.00","Pan Immune Repertoire Database","https://db.cngb.org/pird","cngb.org","http://db.cngb.org/pird","cngb.org","True","26.0","1.0","HIGH"
"Saccharomyces Genome Database","sgd","SAME_DOMAIN, url_path_sim=1.00, long_sim=1.00","Y","3.5","Score=3.5: SAME_DOMAIN, url_path_sim=1.00, long_sim=1.00","Saccharomyces Genome Database","http://www.yeastgenome.org","yeastgenome.org","http://www.yeastgenome.org","yeastgenome.org","True","26.0","1.0","HIGH"
"Avian Immunome DB","avimm","SAME_DOMAIN, url_path_sim=1.00, long_sim=0.85","Y","3.5","Score=3.5: SAME_DOMAIN, url_path_sim=1.00, long_sim=0.85","Avian Immunome Database","https://avimm.ab.mpg.de","mpg.de","http://avimm.ab.mpg.de","mpg.de","True","12.0","1.0","HIGH"
"MOPED","model organism protein expression database","SAME_DOMAIN, url_path_sim=1.00, long_sim=0.72","Y","3.5","Score=3.5: SAME_DOMAIN, url_path_sim=1.00, long_sim=0.72","Multi-omics Profiling Expression Database","http://moped.proteinspire.org","proteinspire.org","http://moped.proteinspire.org","proteinspire.org","True","37.0","1.0","HIGH"
"PAIR","predicted arabidopsis interactome resource","SAME_DOMAIN, url_path_sim=1.00, long_sim=1.00","Y","3.5","Score=3.5: SAME_DOMAIN, url_path_sim=1.00, long_sim=1.00","Predicted Arabidopsis Interactome Resource","http://public.synergylab.cn/pair/","synergylab.cn","http://public.synergylab.cn/pair","synergylab.cn","True","38.0","1.0","HIGH"
"CDC Hemophilia B mutation project","chbmp","SAME_DOMAIN, url_path_sim=1.00, long_sim=0.94","Y","3.5","Score=3.5: SAME_DOMAIN, url_path_sim=1.00, long_sim=0.94","CDC Hemophilia B mutation project","http://www.cdc.gov/hemophiliamutations","cdc.gov","http://www.cdc.gov/hemophiliamutations","cdc.gov","True","28.0","1.0","HIGH"
"SWISS-MODEL","smr","SAME_DOMAIN, url_path_sim=1.00, long_sim=0.95","Y","3.5","Score=3.5: SAME_DOMAIN, url_path_sim=1.00, long_sim=0.95","Swiss Model Repository","https://swissmodel.expasy.org/repository","expasy.org","http://swissmodel.expasy.org/repository","expasy.org","True","9.0","1.0","HIGH"
"RAAR","regulators of androgen action resource","SAME_DOMAIN, url_path_sim=1.00, long_sim=1.00","Y","3.5","Score=3.5: SAME_DOMAIN, url_path_sim=1.00, long_sim=1.00","Regulators of Androgen Action Resource","http://www.lerner.ccf.org/cancerbio/heemers/RAAR/search/","ccf.org","http://www.lerner.ccf.org/cancerbio/heemers/RAAR/search","ccf.org","True","34.0","1.0","HIGH"
"ReCount","recount3","digit_only_diff, edit_dist=1, contains","Y","3.5","Score=3.5: digit_only_diff, edit_dist=1, contains","RNA-seq Gene Count Resource","","","http://rna.recount.bio","recount.bio","False","1.0","0.0","HIGH"
"TCGD","tetrahymena comparative genomics database","SAME_DOMAIN, url_path_sim=1.00, long_sim=1.00","Y","3.5","Score=3.5: SAME_DOMAIN, url_path_sim=1.00, long_sim=1.00","Tetrahymena Comparative Genomics Database","http://ciliate.ihb.ac.cn","ac.cn","http://ciliate.ihb.ac.cn","ac.cn","True","37.0","1.0","HIGH"
"ML Repo","microbiome learning repo","SAME_DOMAIN, url_path_sim=1.00, long_sim=0.89","Y","3.5","Score=3.5: SAME_DOMAIN, url_path_sim=1.00, long_sim=0.89","Microbiome Learning Repository","https://knights-lab.github.io/MLRepo/","github.io","http://knights-lab.github.io/MLRepo","github.io","True","17.0","1.0","HIGH"
"African Compounds","nanpdb","SAME_DOMAIN, url_path_sim=0.86","Y","3.0","Score=3.0: SAME_DOMAIN, url_path_sim=0.86","African Compounds","http://african-compounds.org","african-compounds.org","http://african-compounds.org/nanpdb","african-compounds.org","True","13.0","0.86","HIGH"
"GCD","genome composition database","SAME_DOMAIN, url_path_sim=1.00","Y","3.0","Score=3.0: SAME_DOMAIN, url_path_sim=1.00","GCD","http://esper.lab.nig.ac.jp/genome-composition-database/","ac.jp","http://esper.lab.nig.ac.jp/genome-composition-database","ac.jp","True","24.0","1.0","HIGH"
"CATchUP","plantexpress","SAME_DOMAIN, url_path_sim=0.83","Y","3.0","Score=3.0: SAME_DOMAIN, url_path_sim=0.83","Comprehensive Atlas of Temporal Changes in Gene Expression","http://plantomics.mind.meiji.ac.jp/CATchUP","ac.jp","http://plantomics.mind.meiji.ac.jp/PlantExpress","ac.jp","True","10.0","0.83","HIGH"
"YeastMine","sgd","SAME_DOMAIN, url_path_sim=1.00","Y","3.0","Score=3.0: SAME_DOMAIN, url_path_sim=1.00","Yeast Data Warehouse","http://www.yeastgenome.org/","yeastgenome.org","http://www.yeastgenome.org","yeastgenome.org","True","8.0","1.0","HIGH"
"lncEFdb","lincsnp","SAME_DOMAIN, url_path_sim=0.86","Y","3.0","Score=3.0: SAME_DOMAIN, url_path_sim=0.86","lncRNA-Environmental Factor Database","http://bioinfo.hrbmu.edu.cn/lncefdb/","edu.cn","http://bioinfo.hrbmu.edu.cn/LincSNP","edu.cn","True","5.0","0.86","HIGH"
"TIBLE","piccolo","SAME_DOMAIN, url_path_sim=0.87","Y","3.0","Score=3.0: SAME_DOMAIN, url_path_sim=0.87","Mycobacterial Binding Data Resource","http://www-cryst.bioc.cam.ac.uk/tible/","ac.uk","http://www-cryst.bioc.cam.ac.uk/piccolo","ac.uk","True","5.0","0.87","HIGH"
"CoV-AbDab","oas","SAME_DOMAIN, url_path_sim=0.89","Y","3.0","Score=3.0: SAME_DOMAIN, url_path_sim=0.89","Coronavirus Antibody Database","http://opig.stats.ox.ac.uk/webapps/coronavirus","ac.uk","http://opig.stats.ox.ac.uk/webapps/oas","ac.uk","True","7.0","0.89","HIGH"
"miRvar","tbvar","SAME_DOMAIN, url_path_sim=0.80","Y","3.0","Score=3.0: SAME_DOMAIN, url_path_sim=0.80","miRvar","http://genome.igib.res.in/mirlovd","res.in","http://genome.igib.res.in/tbvar","res.in","True","3.0","0.8","HIGH"
"WilsonGen","indigenomes","SAME_DOMAIN, url_path_sim=0.89","Y","3.0","Score=3.0: SAME_DOMAIN, url_path_sim=0.89","Wilson's Disease Genomic Variant Resource","http://clingen.igib.res.in/WilsonGen/","res.in","http://clingen.igib.res.in/indigen","res.in","True","9.0","0.89","HIGH"
"FGB","sidd","SAME_DOMAIN, url_path_sim=0.81","Y","3.0","Score=3.0: SAME_DOMAIN, url_path_sim=0.81","Family Genome Browser","http://mlg.hit.edu.cn/FGB/","edu.cn","http://mlg.hit.edu.cn/SIDD","edu.cn","True","4.0","0.81","HIGH"
"AllerGAtlas","hisgatlas","SAME_DOMAIN, url_path_sim=0.85","Y","3.0","Score=3.0: SAME_DOMAIN, url_path_sim=0.85","Allergy-Related Genes Atlas","http://biokb.ncpsb.org/AlleRGatlas/","ncpsb.org","http://biokb.ncpsb.org/HisgAtlas","ncpsb.org","True","5.0","0.85","HIGH"
"GO","goc","SAME_DOMAIN, url_path_sim=1.00","Y","3.0","Score=3.0: SAME_DOMAIN, url_path_sim=1.00","Gene Ontology","http://www.geneontology.org","geneontology.org","http://geneontology.org","geneontology.org","True","1.0","1.0","HIGH"
"MPS Database","ignm","SAME_DOMAIN, url_path_sim=0.82","Y","3.0","Score=3.0: SAME_DOMAIN, url_path_sim=0.82","Microphysiology Systems Database","https://mps.csb.pitt.edu","pitt.edu","http://gnmdb.csb.pitt.edu","pitt.edu","True","12.0","0.82","HIGH"
"CTRP","mitocarta","SAME_DOMAIN, url_path_sim=0.82","Y","3.0","Score=3.0: SAME_DOMAIN, url_path_sim=0.82","Cancer Therapeutics Response Portal","http://www.broadinstitute.org/ctrp","broadinstitute.org","http://www.broadinstitute.org/mitocarta","broadinstitute.org","True","7.0","0.82","HIGH"
"Breast cancer transcriptome datasets","sysinflam hudb","SAME_DOMAIN, url_path_sim=0.84","Y","3.0","Score=3.0: SAME_DOMAIN, url_path_sim=0.84","Breast cancer transcriptome datasets","http://breastcancer.gxbsidra.org/dm3/geneBrowser/list","gxbsidra.org","http://sepsis.gxbsidra.org/dm3/geneBrowser/list","gxbsidra.org","True","31.0","0.84","HIGH"
"AntiTbPdb","fermfoodb","SAME_DOMAIN, url_path_sim=0.80","Y","3.0","Score=3.0: SAME_DOMAIN, url_path_sim=0.80","Anti-Tubercular Peptide Database","http://webs.iiitd.edu.in/raghava/antitbpdb/","edu.in","http://webs.iiitd.edu.in/raghava/fermfoodb","edu.in","True","7.0","0.8","HIGH"
"VKIT","uk immunological toolbox","SAME_DOMAIN, url_path_sim=1.00","Y","3.0","Score=3.0: SAME_DOMAIN, url_path_sim=1.00","UK Veterinary Immunological Toolbox","https://www.immunologicaltoolbox.co.uk","co.uk","http://www.immunologicaltoolbox.co.uk","co.uk","True","21.0","1.0","HIGH"
"MMV-db","cytomegalovirusdb","SAME_DOMAIN, url_path_sim=0.96","Y","3.0","Score=3.0: SAME_DOMAIN, url_path_sim=0.96","MMV-db","http://www.mmvdb.dqweilab-sjtu.com/index.php","dqweilab-sjtu.com","http://www.cmvdb.dqweilab-sjtu.com/index.php","dqweilab-sjtu.com","True","13.0","0.96","HIGH"
"3PFDB+","stifdb2","SAME_DOMAIN, url_path_sim=0.80","Y","3.0","Score=3.0: SAME_DOMAIN, url_path_sim=0.80","Protein Family Phylogeny Database Plus","http://caps.ncbs.res.in/3pfdbplus/","res.in","http://caps.ncbs.res.in/stifdb2","res.in","True","4.0","0.8","HIGH"
"SPECIES","diseases","SAME_DOMAIN, url_path_sim=0.84","Y","3.0","Score=3.0: SAME_DOMAIN, url_path_sim=0.84","Species and Organisms Resources","http://species.jensenlab.org","jensenlab.org","http://diseases.jensenlab.org","jensenlab.org","True","5.0","0.84","HIGH"
"e!DAL","metacrop","SAME_DOMAIN, url_path_sim=0.84","Y","3.0","Score=3.0: SAME_DOMAIN, url_path_sim=0.84","Electronic Data Archive Library","http://edal.ipk-gatersleben.de","ipk-gatersleben.de","http://metacrop.ipk-gatersleben.de","ipk-gatersleben.de","True","7.0","0.84","HIGH"
"ProfPPIdb","snpdbe","SAME_DOMAIN, url_path_sim=0.80","Y","3.0","Score=3.0: SAME_DOMAIN, url_path_sim=0.80","ProfPPIdb","https://rostlab.org/services/ppipair/","rostlab.org","http://www.rostlab.org/services/snpdbe","rostlab.org","True","7.0","0.8","HIGH"
"Oral Microbiome Bank","homd","SAME_DOMAIN, url_path_sim=1.00","Y","3.0","Score=3.0: SAME_DOMAIN, url_path_sim=1.00","Oral Microbiome Bank of China","http://www.sklod.org/ombc","sklod.org","http://www.sklod.org/ombc","sklod.org","True","18.0","1.0","HIGH"
"VGR","virus variation","SAME_DOMAIN, url_path_sim=0.83","Y","3.0","Score=3.0: SAME_DOMAIN, url_path_sim=0.83","NCBI Viral Genomes Resource","http://www.ncbi.nlm.nih.gov/genome/viruses/","nih.gov","http://www.ncbi.nlm.nih.gov/genomes/VirusVariation","nih.gov","True","13.0","0.83","HIGH"
"ASmiR","tsmir","SAME_DOMAIN, edit_dist=1","Y","3.0","Score=3.0: SAME_DOMAIN, edit_dist=1","Alternative Splicing microRNA Database","http://forestry.fafu.edu.cn/bioinfor/db/ASmiR","edu.cn","http://bioeng.swjtu.edu.cn/TSmiR","edu.cn","True","1.0","0.54","HIGH"
"Angiogenesis/VEGF Database","dbangio","SAME_DOMAIN, url_path_sim=1.00","Y","3.0","Score=3.0: SAME_DOMAIN, url_path_sim=1.00","Angiogenesis Genetic Markers Database","http://www.med.mun.ca/angio","mun.ca","http://www.med.mun.ca/angio","mun.ca","True","23.0","1.0","HIGH"
"HIV_transcriptome","sysinflam hudb","SAME_DOMAIN, url_path_sim=0.91","Y","3.0","Score=3.0: SAME_DOMAIN, url_path_sim=0.91","HIV Transcriptome Dataset Collection","http://hiv.gxbsidra.org/dm3/geneBrowser/list","gxbsidra.org","http://sepsis.gxbsidra.org/dm3/geneBrowser/list","gxbsidra.org","True","16.0","0.91","HIGH"
"VRI_transcriptome","sysinflam hudb","SAME_DOMAIN, url_path_sim=0.90","Y","3.0","Score=3.0: SAME_DOMAIN, url_path_sim=0.90","Viral Respiratory Infection Transcriptome Collection","http://vri1.gxbsidra.org/dm3/geneBrowser/list","gxbsidra.org","http://sepsis.gxbsidra.org/dm3/geneBrowser/list","gxbsidra.org","True","16.0","0.9","HIGH"
"PTGL","renaldb","SAME_DOMAIN, url_path_sim=0.80","Y","3.0","Score=3.0: SAME_DOMAIN, url_path_sim=0.80","Protein Topology Graph Library","http://ptgl.uni-frankfurt.de","uni-frankfurt.de","http://renaldb.uni-frankfurt.de","uni-frankfurt.de","True","6.0","0.8","HIGH"
"SCLC-CellMiner","cellminer-sclc","SAME_DOMAIN, url_path_sim=1.00","Y","3.0","Score=3.0: SAME_DOMAIN, url_path_sim=1.00","Small Cell Lung Cancer Cell Line Resource","https://discover.nci.nih.gov/SclcCellMinerCDB/","nih.gov","http://discover.nci.nih.gov/SclcCellMinerCDB","nih.gov","True","10.0","1.0","HIGH"
"Cyanobacterial strains database","cyanotype","SAME_DOMAIN, url_path_sim=1.00","Y","3.0","Score=3.0: SAME_DOMAIN, url_path_sim=1.00","Cyanobacterial strains database","http://lege.ciimar.up.pt/cyanotype","up.pt","http://lege.ciimar.up.pt/cyanotype","up.pt","True","24.0","1.0","HIGH"
"Seed Pro-Nutra Care","tripath","SAME_DOMAIN, url_path_sim=0.82","Y","3.0","Score=3.0: SAME_DOMAIN, url_path_sim=0.82","Seed Storage Proteins Database","http://www.gbpuat-cbsh.ac.in/departments/bi/database/seed_pro_nutra_care/","ac.in","http://www.gbpuat-cbsh.ac.in/departments/bi/database/tripath","ac.in","True","16.0","0.82","HIGH"
"Protein Complexes Map","hu.map","SAME_DOMAIN, url_path_sim=0.85","Y","3.0","Score=3.0: SAME_DOMAIN, url_path_sim=0.85","Human Protein Complexes Map","http://proteincomplexes.org","proteincomplexes.org","http://humap2.proteincomplexes.org","proteincomplexes.org","True","18.0","0.85","HIGH"
"CPHD","chordate proteome history","SAME_DOMAIN, url_path_sim=1.00","Y","3.0","Score=3.0: SAME_DOMAIN, url_path_sim=1.00","Chordate Proteome History Database","http://ioda.univ-provence.fr","univ-provence.fr","http://ioda.univ-provence.fr","univ-provence.fr","True","22.0","1.0","HIGH"
"GFKB","gutfeelingkb","SAME_DOMAIN, url_path_sim=1.00","Y","3.0","Score=3.0: SAME_DOMAIN, url_path_sim=1.00","GFKB","https://hive.biochemistry.gwu.edu/gfkb","gwu.edu","http://hive.biochemistry.gwu.edu/gfkb","gwu.edu","True","8.0","1.0","HIGH"
"TB Portals","tbpp","SAME_DOMAIN, url_path_sim=1.00","Y","3.0","Score=3.0: SAME_DOMAIN, url_path_sim=1.00","Tuberculosis Data Portals","https://tbportals.niaid.nih.gov/","nih.gov","http://TBPortals.niaid.nih.gov","nih.gov","True","7.0","1.0","HIGH"
"ChIP-Seq-tools","ucnebase","SAME_DOMAIN, url_path_sim=0.81","Y","3.0","Score=3.0: SAME_DOMAIN, url_path_sim=0.81","ChIP-Seq Analysis Tools","http://ccg.vital-it.ch/chipseq/","vital-it.ch","http://ccg.vital-it.ch/UCNEbase","vital-it.ch","True","12.0","0.81","HIGH"
"WheatSSR","tassrdb","SAME_DOMAIN, url_path_sim=1.00","Y","3.0","Score=3.0: SAME_DOMAIN, url_path_sim=1.00","Wheat SSR Marker Database","http://webtom.cabgrid.res.in/wheatssr/","res.in","http://webtom.cabgrid.res.in/wheatssr","res.in","True","6.0","1.0","HIGH"
"Vietnamese Genetic Variation Database","khv","SAME_DOMAIN, url_path_sim=1.00","Y","3.0","Score=3.0: SAME_DOMAIN, url_path_sim=1.00","Vietnamese Human Genetic Variation Database","https://genomes.vn","genomes.vn","http://genomes.vn","genomes.vn","True","36.0","1.0","HIGH"
"Macromolecular diffraction experiments database","irrmc","SAME_DOMAIN, url_path_sim=1.00","Y","3.0","Score=3.0: SAME_DOMAIN, url_path_sim=1.00","Macromolecular diffraction experiments database","http://www.proteindiffraction.org","proteindiffraction.org","http://www.proteindiffraction.org","proteindiffraction.org","True","43.0","1.0","HIGH"
"BLD","bioinformatics links","SAME_DOMAIN, url_path_sim=1.00","Y","3.0","Score=3.0: SAME_DOMAIN, url_path_sim=1.00","Bioinformatics Links Directory","http://bioinformatics.ca/links_directory/","bioinformatics.ca","http://bioinformatics.ca/links_directory","bioinformatics.ca","True","18.0","1.0","HIGH"
"TEA","tcea","SAME_DOMAIN, edit_dist=1","Y","3.0","Score=3.0: SAME_DOMAIN, edit_dist=1","The Epigenome Atlas","http://tea.iis.sinica.edu.tw","edu.tw","http://tcea.tmu.edu.tw","edu.tw","True","1.0","0.61","HIGH"
"IgE-mediated atopic diseases transcriptome collection","gxb","SAME_DOMAIN, url_path_sim=0.93","Y","3.0","Score=3.0: SAME_DOMAIN, url_path_sim=0.93","IgE-mediated atopic diseases transcriptome collection","http://ige.gxbsidra.org/dm3/geneBrowser/list","gxbsidra.org","http://vri1.gxbsidra.org/dm3/geneBrowser/list","gxbsidra.org","True","52.0","0.93","HIGH"
"scRNASeqDB","csea-db","SAME_DOMAIN, url_path_sim=0.88","Y","3.0","Score=3.0: SAME_DOMAIN, url_path_sim=0.88","Single Cell RNA-Seq Database","bioinfo.uth.edu/scrnaseqdb/","uth.edu","http://bioinfo.uth.edu/CSEADB","uth.edu","True","6.0","0.88","HIGH"
"StraPep","neuropep","SAME_DOMAIN, url_path_sim=0.83","Y","3.0","Score=3.0: SAME_DOMAIN, url_path_sim=0.83","Structure Database of Bioactive Peptides","http://isyslab.info/StraPep","isyslab.info","http://isyslab.info/NeuroPep","isyslab.info","True","4.0","0.83","HIGH"
"NutriChem","chemprot-2.0","SAME_DOMAIN, url_path_sim=0.83","Y","3.0","Score=3.0: SAME_DOMAIN, url_path_sim=0.83","Nutritional Chemistry Resource","http://cbs.dtu.dk/services/NutriChem-1.0","dtu.dk","http://www.cbs.dtu.dk/services/ChemProt-2.0","dtu.dk","True","11.0","0.83","HIGH"
"ADMETlab","hamdb","SAME_DOMAIN, url_path_sim=0.80","Y","3.0","Score=3.0: SAME_DOMAIN, url_path_sim=0.80","ADMET Laboratory Platform","http://admet.scbdd.com/","scbdd.com","http://hamdb.scbdd.com","scbdd.com","True","6.0","0.8","HIGH"
"CLAIRE","rediportal","SAME_DOMAIN, url_path_sim=0.82","Y","3.0","Score=3.0: SAME_DOMAIN, url_path_sim=0.82","Cell Line A-to-I RNA Editing Catalogue","http://srv00.recas.ba.infn.it/atlas/claire.html","infn.it","http://srv00.recas.ba.infn.it/atlas/index.html","infn.it","True","8.0","0.82","HIGH"
"ADDRESS","glass","SAME_DOMAIN, url_path_sim=0.91","Y","3.0","Score=3.0: SAME_DOMAIN, url_path_sim=0.91","Database of Disease-associated Human Variants","https://zhanglab.ccmb.med.umich.edu/ADDRESS","umich.edu","http://zhanglab.ccmb.med.umich.edu/GLASS","umich.edu","True","5.0","0.91","HIGH"
"DrumPID","its2","SAME_DOMAIN, url_path_sim=0.89","Y","3.0","Score=3.0: SAME_DOMAIN, url_path_sim=0.89","Drug-Minded Protein Interaction Database","http://drumpid.bioapps.biozentrum.uni-wuerzburg.de","uni-wuerzburg.de","http://its2.bioapps.biozentrum.uni-wuerzburg.de","uni-wuerzburg.de","True","7.0","0.89","HIGH"
"GWIDD","genome-wide docking database","SAME_DOMAIN, url_path_sim=1.00","Y","3.0","Score=3.0: SAME_DOMAIN, url_path_sim=1.00","Genome-Wide Interaction Domain Database","http://gwidd.bioinformatics.ku.edu","ku.edu","http://gwidd.bioinformatics.ku.edu","ku.edu","True","23.0","1.0","HIGH"
"HantavirusesDB","hvdb","SAME_DOMAIN, url_path_sim=1.00","Y","3.0","Score=3.0: SAME_DOMAIN, url_path_sim=1.00","Hantaviruses Vaccinomics and RNA Therapeutics Database","http://hvdb.dqweilab-sjtu.com/index.php","dqweilab-sjtu.com","http://hvdb.dqweilab-sjtu.com/index.php","dqweilab-sjtu.com","True","10.0","1.0","HIGH"
"Complex Portal","intact","SAME_DOMAIN, url_path_sim=0.80","Y","3.0","Score=3.0: SAME_DOMAIN, url_path_sim=0.80","Macromolecular Complexes Encyclopedia","http://www.ebi.ac.uk/intact/complex","ac.uk","http://www.ebi.ac.uk/intact","ac.uk","True","13.0","0.8","HIGH"
"CancerResource","mvoc","SAME_DOMAIN, url_path_sim=0.90","Y","3.0","Score=3.0: SAME_DOMAIN, url_path_sim=0.90","Cancer-Relevant Proteins Database","http://bioinformatics.charite.de/care","charite.de","http://bioinformatics.charite.de/mvoc","charite.de","True","12.0","0.9","HIGH"
"National Genomics Data Center","edk","SAME_DOMAIN, url_path_sim=0.88","Y","3.0","Score=3.0: SAME_DOMAIN, url_path_sim=0.88","National Genomics Data Center","https://bigd.big.ac.cn","ac.cn","http://bigd.big.ac.cn/edk","ac.cn","True","27.0","0.88","HIGH"
"TAS","citrus sinensis annotation project","SAME_DOMAIN, url_path_sim=0.85","Y","3.0","Score=3.0: SAME_DOMAIN, url_path_sim=0.85","Trait Association Study","http://tas.hzau.edu.cn","edu.cn","http://citrus.hzau.edu.cn","edu.cn","True","32.0","0.85","HIGH"
"LeishInDB","trypindb","SAME_DOMAIN, url_path_sim=0.84","Y","3.0","Score=3.0: SAME_DOMAIN, url_path_sim=0.84","Leishmania Inhibitors Database","http://leishindb.biomedinformri.com/","biomedinformri.com","http://trypindb.biomedinformri.com","biomedinformri.com","True","5.0","0.84","HIGH"
"Roundup","flyrnai","SAME_DOMAIN, url_path_sim=0.81","Y","3.0","Score=3.0: SAME_DOMAIN, url_path_sim=0.81","Comparative Genomics Resource","http://roundup.hms.harvard.edu","harvard.edu","http://fgr.hms.harvard.edu","harvard.edu","True","7.0","0.81","HIGH"
"ClonorESTdb","spiroestdb","SAME_DOMAIN, url_path_sim=0.84","Y","3.0","Score=3.0: SAME_DOMAIN, url_path_sim=0.84","Clonorchis sinensis EST Database","http://pathod.cdc.go.kr/clonorestdb/","go.kr","http://pathod.cdc.go.kr/spiroestdb","go.kr","True","5.0","0.84","HIGH"
"S2RSLDB","hemeoxdb","SAME_DOMAIN, url_path_sim=0.81","Y","3.0","Score=3.0: SAME_DOMAIN, url_path_sim=0.81","Sigma-2 Receptor Ligands Database","http://www.researchdsf.unict.it/S2RSLDB","unict.it","http://www.researchdsf.unict.it/hemeoxdb","unict.it","True","6.0","0.81","HIGH"
"OvirusTdb","humcfs","SAME_DOMAIN, url_path_sim=0.84","Y","3.0","Score=3.0: SAME_DOMAIN, url_path_sim=0.84","Oncolytic Viruses Database","https://webs.iiitd.edu.in/raghava/ovirustdb/","edu.in","http://webs.iiitd.edu.in/raghava/humcfs","edu.in","True","8.0","0.84","HIGH"
"MLPD","mouse liver portal","SAME_DOMAIN, url_path_sim=1.00","Y","3.0","Score=3.0: SAME_DOMAIN, url_path_sim=1.00","Mouse Liver Proteome Database","http://mouseliver.com","mouseliver.com","http://mouseliver.com","mouseliver.com","True","15.0","1.0","HIGH"
"GEB","gene expression barcode","SAME_DOMAIN, url_path_sim=1.00","Y","3.0","Score=3.0: SAME_DOMAIN, url_path_sim=1.00","Gene Expression Barcode","http://rafalab.jhsph.edu/barcode","jhsph.edu","http://rafalab.jhsph.edu/barcode","jhsph.edu","True","20.0","1.0","HIGH"
"SARS3D","sars cov-2","SAME_DOMAIN, url_path_sim=1.00","Y","3.0","Score=3.0: SAME_DOMAIN, url_path_sim=1.00","SARS-CoV-2 3D Structures Database","https://sars3d.com/","sars3d.com","http://sars3d.com","sars3d.com","True","6.0","1.0","HIGH"
"ECOD","nesdb","SAME_DOMAIN, url_path_sim=0.84","Y","3.0","Score=3.0: SAME_DOMAIN, url_path_sim=0.84","Evolutionary Classification of Domains Sequence Database","http://prodata.swmed.edu/ecod","swmed.edu","http://prodata.swmed.edu/LRNes","swmed.edu","True","4.0","0.84","HIGH"
"EnchyBASE","diseasecard","SAME_DOMAIN, url_path_sim=0.81","Y","3.0","Score=3.0: SAME_DOMAIN, url_path_sim=0.81","Enchytraeus albidus Database","http://bioinformatics.ua.pt/enchybase/","ua.pt","http://bioinformatics.ua.pt/diseasecard","ua.pt","True","10.0","0.81","HIGH"
"Plant transgenesis promoters database","transgene promoters","SAME_DOMAIN, url_path_sim=1.00","Y","3.0","Score=3.0: SAME_DOMAIN, url_path_sim=1.00","Plant Transgenesis Promoters Database","http://wwwmgs.bionet.nsc.ru/mgs/dbases/tgp/home.html","nsc.ru","http://wwwmgs.bionet.nsc.ru/mgs/dbases/tgp/home.html","nsc.ru","True","18.0","1.0","HIGH"
"MWP","escolex","SAME_DOMAIN, url_path_sim=1.00","Y","3.0","Score=3.0: SAME_DOMAIN, url_path_sim=1.00","Minho Word Pool","http://p-pal.di.uminho.pt/about/databases","uminho.pt","http://p-pal.di.uminho.pt/about/databases","uminho.pt","True","7.0","1.0","HIGH"
"SmiRN-AD","lincsnp","SAME_DOMAIN, url_path_sim=0.81","Y","3.0","Score=3.0: SAME_DOMAIN, url_path_sim=0.81","Small Molecule-microRNA Alzheimer's Network","http://bioinfo.hrbmu.edu.cn/SmiRN-AD/","edu.cn","http://bioinfo.hrbmu.edu.cn/LincSNP","edu.cn","True","7.0","0.81","HIGH"
"JRC GMO-Matrix","jrc gmo-amplicons","SAME_DOMAIN, url_path_sim=0.86","Y","3.0","Score=3.0: SAME_DOMAIN, url_path_sim=0.86","JRC GMO-Matrix","http://gmo-crl.jrc.ec.europa.eu/jrcgmomatrix/","europa.eu","http://gmo-crl.jrc.ec.europa.eu/jrcgmoamplicons","europa.eu","True","8.0","0.86","HIGH"
"RTR","eram","SAME_DOMAIN, url_path_sim=0.81","Y","3.0","Score=3.0: SAME_DOMAIN, url_path_sim=0.81","Rat Transcriptome Resource","http://www.unimd.org/rtr/","unimd.org","http://www.unimd.org/eram","unimd.org","True","3.0","0.81","HIGH"
"Hybrid Rat Diversity Panel","phenogen","SAME_DOMAIN, url_path_sim=1.00","Y","3.0","Score=3.0: SAME_DOMAIN, url_path_sim=1.00","Hybrid Rat Diversity Panel","http://phenogen.org","phenogen.org","http://phenogen.org","phenogen.org","True","24.0","1.0","HIGH"
"MultiDomainBenchmark","mdb","SAME_DOMAIN, url_path_sim=1.00","Y","3.0","Score=3.0: SAME_DOMAIN, url_path_sim=1.00","Multi-Domain Database Suite","http://csc.columbusstate.edu/carroll/MDB/","columbusstate.edu","http://csc.columbusstate.edu/carroll/MDB","columbusstate.edu","True","17.0","1.0","HIGH"
"Medicago sativa gene index","legumeip","SAME_DOMAIN, url_path_sim=0.84","Y","3.0","Score=3.0: SAME_DOMAIN, url_path_sim=0.84","Medicago sativa gene index","http://plantgrn.noble.org/AGED/","noble.org","http://plantgrn.noble.org/LegumeIP","noble.org","True","22.0","0.84","HIGH"
"TASUKE+","tenor","SAME_DOMAIN, url_path_sim=0.84","Y","3.0","Score=3.0: SAME_DOMAIN, url_path_sim=0.84","Trait-Associated SNPs Utilized for Knowledge Exploitation Plus","https://tasuke.dna.affrc.go.jp/","go.jp","http://tenor.dna.affrc.go.jp","go.jp","True","6.0","0.84","HIGH"
"Fungal plant cell wall-degrading enzyme database","dbhimo","SAME_DOMAIN, url_path_sim=0.88","Y","3.0","Score=3.0: SAME_DOMAIN, url_path_sim=0.88","Fungal Plant Cell Wall-Degrading Enzyme Database","http://pcwde.riceblast.snu.ac.kr/","ac.kr","http://hme.riceblast.snu.ac.kr","ac.kr","True","45.0","0.88","HIGH"
"SAMotif Database","sa-motifbase","SAME_DOMAIN, url_path_sim=1.00","Y","3.0","Score=3.0: SAME_DOMAIN, url_path_sim=1.00","Structural Alphabet Motif Database","http://bioinfo.cis.nctu.edu.tw/samotifbase/","edu.tw","http://bioinfo.cis.nctu.edu.tw/samotifbase","edu.tw","True","6.0","1.0","HIGH"
"Virus Database","virusdb","SAME_DOMAIN, url_path_sim=1.00","Y","3.0","Score=3.0: SAME_DOMAIN, url_path_sim=1.00","Virus Database","http://yaulab.math.tsinghua.edu.cn/VirusDB/","edu.cn","http://yaulab.math.tsinghua.edu.cn/VirusDB","edu.cn","True","7.0","1.0","HIGH"
"SpliceSeq","tanric","SAME_DOMAIN, url_path_sim=0.89","Y","3.0","Score=3.0: SAME_DOMAIN, url_path_sim=0.89","Splicing Sequence Resource","http://bioinformatics.mdanderson.org/main/SpliceSeq:Overview","mdanderson.org","http://bioinformatics.mdanderson.org/main/TANRIC:Overview","mdanderson.org","True","8.0","0.89","HIGH"
"PvaxDB","pvp01","SAME_DOMAIN, url_path_sim=0.86","Y","3.0","Score=3.0: SAME_DOMAIN, url_path_sim=0.86","Plasmodium vivax Structural Repository","http://www.scfbio-iitd.res.in/PvaxDB","res.in","http://www.scfbio-iitd.res.in/PvP01","res.in","True","4.0","0.86","HIGH"
"MUSTARD","circad","SAME_DOMAIN, url_path_sim=0.83","Y","3.0","Score=3.0: SAME_DOMAIN, url_path_sim=0.83","Mutation-Specific Therapy Resource Database","http://clingen.igib.res.in/mustard/","res.in","http://clingen.igib.res.in/circad","res.in","True","5.0","0.83","HIGH"
"cBio Cancer Genomics Portal","cbioportal","SAME_DOMAIN, url_path_sim=1.00","Y","3.0","Score=3.0: SAME_DOMAIN, url_path_sim=1.00","cBio Cancer Genomics Portal","http://cbioportal.org","cbioportal.org","http://cbioportal.org","cbioportal.org","True","17.0","1.0","HIGH"
"Phenoscape Knowledgebase","vto","SAME_DOMAIN, url_path_sim=0.90","Y","3.0","Score=3.0: SAME_DOMAIN, url_path_sim=0.90","Phenoscape Knowledgebase","http://kb.phenoscape.org","phenoscape.org","http://phenoscape.org","phenoscape.org","True","23.0","0.9","HIGH"
"GDB-13","gdbmedchem","SAME_DOMAIN, url_path_sim=1.00","Y","3.0","Score=3.0: SAME_DOMAIN, url_path_sim=1.00","Chemical Universe Database","http://www.gdb.unibe.ch","unibe.ch","http://gdb.unibe.ch","unibe.ch","True","7.0","1.0","HIGH"
"Methanogenic archaea database","phymet2","SAME_DOMAIN, url_path_sim=1.00","Y","3.0","Score=3.0: SAME_DOMAIN, url_path_sim=1.00","Methanogenic Archaea Database","http://metanogen.biotech.uni.wroc.pl/","wroc.pl","http://metanogen.biotech.uni.wroc.pl","wroc.pl","True","26.0","1.0","HIGH"
"PDB_Amyloid","pdb","SAME_DOMAIN, url_path_sim=1.00","Y","3.0","Score=3.0: SAME_DOMAIN, url_path_sim=1.00","PDB Amyloid Collection","http://pitgroup.org/amyloid","pitgroup.org","http://pitgroup.org/amyloid","pitgroup.org","True","8.0","1.0","HIGH"
"ZikaVR","nipahvr","SAME_DOMAIN, url_path_sim=0.93","Y","3.0","Score=3.0: SAME_DOMAIN, url_path_sim=0.93","Zika Virus Resource","http://bioinfo.imtech.res.in/manojk/zikavr/","res.in","http://bioinfo.imtech.res.in/manojk/nipahvr","res.in","True","3.0","0.93","HIGH"
"dreamBase","rmbase","SAME_DOMAIN, url_path_sim=0.94","Y","3.0","Score=3.0: SAME_DOMAIN, url_path_sim=0.94","DNA RNA and Epigenomics Associated Modules Base","http://rna.sysu.edu.cn/dreamBase","edu.cn","http://rna.sysu.edu.cn/rmbase","edu.cn","True","3.0","0.94","HIGH"
"DanioNet","yeastnet","SAME_DOMAIN, url_path_sim=0.80","Y","3.0","Score=3.0: SAME_DOMAIN, url_path_sim=0.80","DanioNet Zebrafish Resource","http://www.inetbio.org/danionet","inetbio.org","http://www.inetbio.org/yeastnet","inetbio.org","True","5.0","0.8","HIGH"
"TodoFirGene","transnap","SAME_DOMAIN, url_path_sim=0.86","Y","3.0","Score=3.0: SAME_DOMAIN, url_path_sim=0.86","Todomatsu Fir Gene Resource","http://plantomics.mind.meiji.ac.jp/todomatsu/","ac.jp","http://plantomics.mind.meiji.ac.jp/nashi","ac.jp","True","10.0","0.86","HIGH"
"RARGE II","arabidopsis genome encyclopedia ii","SAME_DOMAIN, url_path_sim=1.00","Y","3.0","Score=3.0: SAME_DOMAIN, url_path_sim=1.00","Arabidopsis Genetic Resource Database","http://rarge-v2.psc.riken.jp/","riken.jp","http://rarge-v2.psc.riken.jp","riken.jp","True","27.0","1.0","HIGH"
"Murine basal ganglia database","ebrains","SAME_DOMAIN, url_path_sim=1.00","Y","3.0","Score=3.0: SAME_DOMAIN, url_path_sim=1.00","Murine Basal Ganglia Cellular Measurements Database","https://kg.ebrains.eu","ebrains.eu","http://kg.ebrains.eu","ebrains.eu","True","24.0","1.0","HIGH"
"Arabidopsis acyl lipid mutants database","cpgr","SAME_DOMAIN, url_path_sim=0.85","Y","3.0","Score=3.0: SAME_DOMAIN, url_path_sim=0.85","Arabidopsis Acyl Lipid Metabolism Mutants Database","http://aralip.plantbiology.msu.edu","msu.edu","http://cpgr.plantbiology.msu.edu","msu.edu","True","37.0","0.85","HIGH"
"TPW","strap","SAME_DOMAIN, url_path_sim=0.85","Y","3.0","Score=3.0: SAME_DOMAIN, url_path_sim=0.85","Transcriptional Pharmacodynamics Workbench","https://tpwb.nci.nih.gov","nih.gov","http://strap.nci.nih.gov","nih.gov","True","4.0","0.85","HIGH"
"ChSeq","nesdb","SAME_DOMAIN, url_path_sim=0.83","Y","3.0","Score=3.0: SAME_DOMAIN, url_path_sim=0.83","Chameleon Sequence Database","prodata.swmed.edu/chseq","swmed.edu","http://prodata.swmed.edu/LRNes","swmed.edu","True","4.0","0.83","HIGH"
"Plant Editosome Database","edk","SAME_DOMAIN, url_path_sim=0.94","Y","3.0","Score=3.0: SAME_DOMAIN, url_path_sim=0.94","Plant Editosome Database","http://bigd.big.ac.cn/ped","ac.cn","http://bigd.big.ac.cn/edk","ac.cn","True","22.0","0.94","HIGH"
"Amazon fish database","amazonfish","SAME_DOMAIN, url_path_sim=1.00","Y","3.0","Score=3.0: SAME_DOMAIN, url_path_sim=1.00","Amazon Basin Freshwater Fish Database","https://www.amazon-fish.com/","amazon-fish.com","http://www.amazon-fish.com","amazon-fish.com","True","10.0","1.0","HIGH"
"JGI Genome Portal","gold","SAME_DOMAIN, url_path_sim=0.82","Y","3.0","Score=3.0: SAME_DOMAIN, url_path_sim=0.82","DOE Joint Genome Institute Genome Portal","http://genome.jgi.doe.gov","doe.gov","http://gold.jgi.doe.gov","doe.gov","True","15.0","0.82","HIGH"
"Insect Barcode System","ibin","SAME_DOMAIN, url_path_sim=1.00","Y","3.0","Score=3.0: SAME_DOMAIN, url_path_sim=1.00","Insect Barcode Information System","http://www.nabg-nbaii.res.in/barcode","res.in","http://www.nabg-nbaii.res.in/barcode","res.in","True","19.0","1.0","HIGH"
"NMR metabolomics database","complex mixture analysis by nmr","SAME_DOMAIN, url_path_sim=1.00","Y","3.0","Score=3.0: SAME_DOMAIN, url_path_sim=1.00","Unified NMR Metabolomics Database","http://spin.ccic.ohio-state.edu/index.php/hsqc/index","ohio-state.edu","http://spin.ccic.ohio-state.edu/index.php/hsqc/index","ohio-state.edu","True","25.0","1.0","HIGH"
"Chinese population genome database","edk","SAME_DOMAIN, url_path_sim=0.83","Y","3.0","Score=3.0: SAME_DOMAIN, url_path_sim=0.83","Chinese Population Reference Genome and Variation Database","http://bigd.big.ac.cn/vcg/","ac.cn","http://bigd.big.ac.cn/edk","ac.cn","True","32.0","0.83","HIGH"
"Protein folding kinetics database","acpro","SAME_DOMAIN, url_path_sim=1.00","Y","3.0","Score=3.0: SAME_DOMAIN, url_path_sim=1.00","Protein Folding Kinetics Database","https://www.ats.amherst.edu/protein/","amherst.edu","http://www.ats.amherst.edu/protein","amherst.edu","True","32.0","1.0","HIGH"
"ReproGenomics Viewer","sorgodb","SAME_DOMAIN, url_path_sim=0.88","Y","3.0","Score=3.0: SAME_DOMAIN, url_path_sim=0.88","Reproductive Genomics Viewer","http://rgv.genouest.org","genouest.org","http://sorgo.genouest.org/index.php","genouest.org","True","17.0","0.88","HIGH"
"Alfalfa Transcription Factor Database","alfalfatfdb","SAME_DOMAIN, url_path_sim=1.00","Y","3.0","Score=3.0: SAME_DOMAIN, url_path_sim=1.00","Medicago Sativa Transcription Factor Database","http://plantpathology.ba.ars.usda.gov/alfalfatfdb.html","usda.gov","http://plantpathology.ba.ars.usda.gov/alfalfatfdb.html","usda.gov","True","26.0","1.0","HIGH"
"URS DataBase","ursdb","SAME_DOMAIN, url_path_sim=1.00","Y","3.0","Score=3.0: SAME_DOMAIN, url_path_sim=1.00","URS DataBase","http://server3.lpm.org.ru/urs/","org.ru","http://server3.lpm.org.ru/urs","org.ru","True","7.0","1.0","HIGH"
"ZINC20","zinc","digit_only_diff, edit_dist=2, contains","Y","3.0","Score=3.0: digit_only_diff, edit_dist=2, contains","ZINC Is Not Commercial","zinc20.docking.org","docking.org","http://research.nhgri.nih.gov/ZInC/, http://zfin.org","nih.gov","False","2.0","0.32","HIGH"
"PHDB","waltz-db","SAME_DOMAIN, url_path_sim=0.82","Y","3.0","Score=3.0: SAME_DOMAIN, url_path_sim=0.82","Protein Homeostasis Database","http://PHDB.switchlab.org/","switchlab.org","http://waltzdb.switchlab.org","switchlab.org","True","6.0","0.82","HIGH"
"CALP","rmrims","SAME_DOMAIN, url_path_sim=1.00","Y","3.0","Score=3.0: SAME_DOMAIN, url_path_sim=1.00","Comparative Analysis of Leishmania Proteins Database","http://biomedinformri.org/calp/","biomedinformri.org","http://biomedinformri.org/calp","biomedinformri.org","True","6.0","1.0","HIGH"
"HapRice","ogro","SAME_DOMAIN, url_path_sim=0.89","Y","3.0","Score=3.0: SAME_DOMAIN, url_path_sim=0.89","Rice Haplotype Database","http://qtaro.abr.affrc.go.jp/index.html","go.jp","http://qtaro.abr.affrc.go.jp/ogro","go.jp","True","6.0","0.89","HIGH"
"PlaNet","phosphat","SAME_DOMAIN, url_path_sim=0.80","Y","3.0","Score=3.0: SAME_DOMAIN, url_path_sim=0.80","Plant Network","http://aranet.mpimp-golm.mpg.de","mpg.de","http://phosphat.mpimp-golm.mpg.de","mpg.de","True","6.0","0.8","HIGH"
"PlantEAR","sorghumfdb","SAME_DOMAIN, url_path_sim=0.82","Y","3.0","Score=3.0: SAME_DOMAIN, url_path_sim=0.82","Plant EAR Motif Analysis Resource","http://structuralbiology.cau.edu.cn/plantEAR","edu.cn","http://structuralbiology.cau.edu.cn/sorghum/index.html","edu.cn","True","10.0","0.82","HIGH"
"Ectomychorrizal DB","ectomycorrhizaldb","SAME_DOMAIN, url_path_sim=1.00","Y","3.0","Score=3.0: SAME_DOMAIN, url_path_sim=1.00","Ectomycorrhizal Symbiotic Association Database","http://www.kubic.nic.in/ectomychorhiza","nic.in","http://www.kubic.nic.in/ectomychorhiza","nic.in","True","3.0","1.0","HIGH"
"FDB-17","gdbmedchem","SAME_DOMAIN, url_path_sim=1.00","Y","3.0","Score=3.0: SAME_DOMAIN, url_path_sim=1.00","Fragment Database 17","http://www.gdb.unibe.ch","unibe.ch","http://gdb.unibe.ch","unibe.ch","True","8.0","1.0","HIGH"
"Saccharomyces cerevisiae reference genome panel","sgd","SAME_DOMAIN, url_path_sim=1.00","Y","3.0","Score=3.0: SAME_DOMAIN, url_path_sim=1.00","Saccharomyces cerevisiae Reference Genome Panel","http://www.yeastgenome.org/","yeastgenome.org","http://www.yeastgenome.org","yeastgenome.org","True","45.0","1.0","HIGH"
"WebPICS","topfind","SAME_DOMAIN, url_path_sim=0.87","Y","3.0","Score=3.0: SAME_DOMAIN, url_path_sim=0.87","Web-based Proteomic Identification of Cleavage Sites","http://clipserve.clip.ubc.ca/pics/","ubc.ca","http://clipserve.clip.ubc.ca/topfind","ubc.ca","True","6.0","0.87","HIGH"
"Brazilian mammal karyotypes","cipemab","SAME_DOMAIN, url_path_sim=1.00","Y","3.0","Score=3.0: SAME_DOMAIN, url_path_sim=1.00","Brazilian mammal karyotypes","http://www.citogenetica.ufes.br","ufes.br","http://www.citogenetica.ufes.br","ufes.br","True","24.0","1.0","HIGH"
"PlateletWeb","its2","SAME_DOMAIN, url_path_sim=0.85","Y","3.0","Score=3.0: SAME_DOMAIN, url_path_sim=0.85","Platelet Web Resource","http://plateletweb.bioapps.biozentrum.uni-wuerzburg.de","uni-wuerzburg.de","http://its2.bioapps.biozentrum.uni-wuerzburg.de","uni-wuerzburg.de","True","10.0","0.85","HIGH"
"ExAC","gnomad","SAME_DOMAIN, url_path_sim=0.83","Y","3.0","Score=3.0: SAME_DOMAIN, url_path_sim=0.83","Exome Aggregation Consortium","http://exac.broadinstitute.org","broadinstitute.org","http://gnomad.broadinstitute.org","broadinstitute.org","True","5.0","0.83","HIGH"
"HPVbase","avpdb","SAME_DOMAIN, url_path_sim=0.86","Y","3.0","Score=3.0: SAME_DOMAIN, url_path_sim=0.86","Human Papillomavirus Base","http://crdd.osdd.net/servers/hpvbase/","osdd.net","http://crdd.osdd.net/servers/avpdb","osdd.net","True","6.0","0.86","HIGH"
"GCGD","vcgdb","SAME_DOMAIN, edit_dist=2, long_sim=0.70","Y","3.0","Score=3.0: SAME_DOMAIN, edit_dist=2, long_sim=0.70","Grass Carp Genome Database","http://bioinfo.ihb.ac.cn/gcgd","ac.cn","http://bigd.big.ac.cn/vcg/, http://bigd.big.ac.cn/gvm","ac.cn","True","2.0","0.41","HIGH"
"GDBChEMBL","gdbmedchem","SAME_DOMAIN, url_path_sim=1.00","Y","3.0","Score=3.0: SAME_DOMAIN, url_path_sim=1.00","Generated Database ChEMBL","http://gdb.unibe.ch","unibe.ch","http://gdb.unibe.ch","unibe.ch","True","5.0","1.0","HIGH"
"PlantRegMap","tsdb","SAME_DOMAIN, url_path_sim=0.84","Y","3.0","Score=3.0: SAME_DOMAIN, url_path_sim=0.84","Plant Regulatory Map","http://planttfdb.cbi.pku.edu.cn/","edu.cn","http://tsdb.cbi.pku.edu.cn","edu.cn","True","10.0","0.84","HIGH"
"Genome Properties","gps","SAME_DOMAIN, url_path_sim=1.00","Y","3.0","Score=3.0: SAME_DOMAIN, url_path_sim=1.00","Genome Functional Properties Database","https://www.ebi.ac.uk/interpro/genomeproperties","ac.uk","http://www.ebi.ac.uk/interpro/genomeproperties","ac.uk","True","14.0","1.0","HIGH"
"PHI-Nets","phi-base","SAME_DOMAIN, url_path_sim=1.00","Y","3.0","Score=3.0: SAME_DOMAIN, url_path_sim=1.00","PHI-Nets","http://www.phi-base.org","phi-base.org","http://www.phi-base.org","phi-base.org","True","4.0","1.0","HIGH"
"Inborn errors of immunity transcriptome collection","sysinflam hudb","SAME_DOMAIN, url_path_sim=0.94","Y","3.0","Score=3.0: SAME_DOMAIN, url_path_sim=0.94","Inborn errors of immunity transcriptome collection","http://pid.gxbsidra.org/dm3/geneBrowser/list","gxbsidra.org","http://sepsis.gxbsidra.org/dm3/geneBrowser/list","gxbsidra.org","True","44.0","0.94","HIGH"
"DistAA","distances of amino acids","SAME_DOMAIN, url_path_sim=1.00","Y","3.0","Score=3.0: SAME_DOMAIN, url_path_sim=1.00","DistAA","http://andromeda.matf.bg.ac.rs/aadis_dynamic/","ac.rs","http://andromeda.matf.bg.ac.rs/aadis_dynamic","ac.rs","True","18.0","1.0","HIGH"
"GeMSE","gpkb","SAME_DOMAIN, url_path_sim=0.90","Y","3.0","Score=3.0: SAME_DOMAIN, url_path_sim=0.90","Genomic Multi-Scale Explorer","http://www.bioinformatics.deib.polimi.it/GeMSE/","polimi.it","http://www.bioinformatics.deib.polimi.it/GPKB","polimi.it","True","4.0","0.9","HIGH"
"PUFAS","dor","SAME_DOMAIN, url_path_sim=0.81","Y","3.0","Score=3.0: SAME_DOMAIN, url_path_sim=0.81","Protein of Unknown Function Annotation System","http://caps.ncbs.res.in/pufas/","res.in","http://caps.ncbs.res.in/DOR","res.in","True","5.0","0.81","HIGH"
"VAMMPIRE","virtually aligned matched molecular pairs including receptor environment","SAME_DOMAIN, url_path_sim=1.00","Y","3.0","Score=3.0: SAME_DOMAIN, url_path_sim=1.00","Variable Atomic Matched Molecular Pairs Interaction Resource","http://vammpire.pharmchem.uni-frankfurt.de","uni-frankfurt.de","http://vammpire.pharmchem.uni-frankfurt.de","uni-frankfurt.de","True","64.0","1.0","HIGH"
"LD Hub","gnomad","SAME_DOMAIN, url_path_sim=0.83","Y","3.0","Score=3.0: SAME_DOMAIN, url_path_sim=0.83","Linkage Disequilibrium Central Database","http://ldsc.broadinstitute.org/","broadinstitute.org","http://gnomad.broadinstitute.org","broadinstitute.org","True","6.0","0.83","HIGH"
"Allen Human Brain Atlas","allen brain atlas","SAME_DOMAIN, url_path_sim=1.00","Y","3.0","Score=3.0: SAME_DOMAIN, url_path_sim=1.00","Allen Human Brain Atlas","http://www.brain-map.org","brain-map.org","http://www.brain-map.org","brain-map.org","True","6.0","1.0","HIGH"
"ApesWiki","a.p.e.s","SAME_DOMAIN, url_path_sim=1.00","Y","3.0","Score=3.0: SAME_DOMAIN, url_path_sim=1.00","Ape Conservation Knowledge Platform","https://apeswiki.eva.mpg.de","mpg.de","http://apeswiki.eva.mpg.de","mpg.de","True","7.0","1.0","HIGH"
"SisatBase","pmdbase","SAME_DOMAIN, url_path_sim=0.85","Y","3.0","Score=3.0: SAME_DOMAIN, url_path_sim=0.85","Sesame Single Sequence Repeat Marker Database","http://www.sesame-bioinfo.org/SisatBase/","sesame-bioinfo.org","http://www.sesame-bioinfo.org/PMDBase","sesame-bioinfo.org","True","5.0","0.85","HIGH"
"PTSDgene","bdgene","SAME_DOMAIN, url_path_sim=0.89","Y","3.0","Score=3.0: SAME_DOMAIN, url_path_sim=0.89","Post-Traumatic Stress Disorder Genetic Database","http://ptsdgene.psych.ac.cn","ac.cn","http://bdgene.psych.ac.cn","ac.cn","True","3.0","0.89","HIGH"
"HTP","topdom","SAME_DOMAIN, url_path_sim=0.81","Y","3.0","Score=3.0: SAME_DOMAIN, url_path_sim=0.81","Human Transmembrane Proteome","http://htp.enzim.hu","enzim.hu","http://topdom.enzim.hu","enzim.hu","True","5.0","0.81","HIGH"
"NGDC","edk","SAME_DOMAIN, url_path_sim=0.88","Y","3.0","Score=3.0: SAME_DOMAIN, url_path_sim=0.88","National Genomics Data Center","https://bigd.big.ac.cn","ac.cn","http://bigd.big.ac.cn/edk","ac.cn","True","3.0","0.88","HIGH"
"HPVomics","nipahvr","SAME_DOMAIN, url_path_sim=0.85","Y","3.0","Score=3.0: SAME_DOMAIN, url_path_sim=0.85","Human Papillomavirus Epitome and Therapeutics Resource","http://bioinfo.imtech.res.in/manojk/hpvomics/","res.in","http://bioinfo.imtech.res.in/manojk/nipahvr","res.in","True","8.0","0.85","HIGH"
"SARS-CoV-2 Structurome","rna structurome database","SAME_DOMAIN, url_path_sim=0.83","Y","3.0","Score=3.0: SAME_DOMAIN, url_path_sim=0.83","SARS-CoV-2 RNA Structure Map","https://structurome.bb.iastate.edu/sars-cov-2","iastate.edu","http://structurome.bb.iastate.edu","iastate.edu","True","18.0","0.83","HIGH"
"GlycoFly","glycofish","SAME_DOMAIN, url_path_sim=0.91","Y","3.0","Score=3.0: SAME_DOMAIN, url_path_sim=0.91","Drosophila Glycoprotein Database","http://betenbaugh.jhu.edu/GlycoFly","jhu.edu","http://betenbaugh.jhu.edu/GlycoFish","jhu.edu","True","3.0","0.91","HIGH"
"Cell Death Proteomics Database","cdp","SAME_DOMAIN, url_path_sim=1.00","Y","3.0","Score=3.0: SAME_DOMAIN, url_path_sim=1.00","Cell Death Proteomics Database","http://celldeathproteomics.uio.no","uio.no","http://celldeathproteomics.uio.no","uio.no","True","27.0","1.0","HIGH"
"Assembly","dbgap","SAME_DOMAIN, url_path_sim=0.80","Y","3.0","Score=3.0: SAME_DOMAIN, url_path_sim=0.80","NCBI Assembly Resource","http://www.ncbi.nlm.nih.gov/assembly/","nih.gov","http://www.ncbi.nlm.nih.gov/gap","nih.gov","True","8.0","0.8","HIGH"
"FetGOAT","mitocarta","SAME_DOMAIN, url_path_sim=0.85","Y","3.0","Score=3.0: SAME_DOMAIN, url_path_sim=0.85","Functional Enrichment Tool for Gene Ontology Analysis","http://www.broadinstitute.org/fetgoat/index.html","broadinstitute.org","http://www.broadinstitute.org/mitocarta","broadinstitute.org","True","6.0","0.85","HIGH"
"ImmtorLig_DB","hspmdb","SAME_DOMAIN, url_path_sim=0.84","Y","3.0","Score=3.0: SAME_DOMAIN, url_path_sim=0.84","Immunomodulatory Target Ligand Database","http://bioinfo.imtech.res.in/bvs/immtor/","res.in","http://bioinfo.imtech.res.in/bvs/hspmdb/index.php","res.in","True","10.0","0.84","HIGH"
"MetaSRA","atsnp","SAME_DOMAIN, url_path_sim=0.83","Y","3.0","Score=3.0: SAME_DOMAIN, url_path_sim=0.83","Metadata for Sequence Read Archive","metasra.biostat.wisc.edu","wisc.edu","http://atsnp.biostat.wisc.edu","wisc.edu","True","5.0","0.83","HIGH"
"IMP","immunet","SAME_DOMAIN, url_path_sim=0.84","Y","3.0","Score=3.0: SAME_DOMAIN, url_path_sim=0.84","Integrated Multi-species Prediction Portal","http://imp.princeton.edu","princeton.edu","http://immunet.princeton.edu","princeton.edu","True","5.0","0.84","HIGH"
"Salmonella enterica Pan-Genome Allele Database","wgmlst","SAME_DOMAIN, url_path_sim=1.00","Y","3.0","Score=3.0: SAME_DOMAIN, url_path_sim=1.00","Salmonella enterica Pan-Genome Allele Database","http://wgmlst.imst.nsysu.edu.tw","edu.tw","http://wgmlst.imst.nsysu.edu.tw","edu.tw","True","42.0","1.0","HIGH"
"CoronaVir","denvind","SAME_DOMAIN, url_path_sim=0.85","Y","3.0","Score=3.0: SAME_DOMAIN, url_path_sim=0.85","Coronavirus Disease Platform","https://webs.iiitd.edu.in/raghava/coronavir/","edu.in","http://webs.iiitd.edu.in/raghava/denvind","edu.in","True","7.0","0.85","HIGH"
"BIGNASim","bce","SAME_DOMAIN, url_path_sim=0.83","Y","3.0","Score=3.0: SAME_DOMAIN, url_path_sim=0.83","Nucleic Acids Simulation Database","http://mmb.irbbarcelona.org/BIGNASim/","irbbarcelona.org","http://mmb.irbbarcelona.org/BCE","irbbarcelona.org","True","7.0","0.83","HIGH"
"GMGM","grape-crispr","SAME_DOMAIN, url_path_sim=0.90","Y","3.0","Score=3.0: SAME_DOMAIN, url_path_sim=0.90","Genomic Markers and Genome Maps","http://biodb.sdau.edu.cn/gmgm/","edu.cn","http://biodb.sdau.edu.cn/gc/index.html","edu.cn","True","11.0","0.9","HIGH"
"ContaBase","contaminer","SAME_DOMAIN, url_path_sim=1.00","Y","3.0","Score=3.0: SAME_DOMAIN, url_path_sim=1.00","Protein Contaminant Database","http://strube.cbrc.kaust.edu.sa/contaminer/","edu.sa","http://strube.cbrc.kaust.edu.sa/contaminer","edu.sa","True","4.0","1.0","HIGH"
"C. difficile Database","enterobase","SAME_DOMAIN, url_path_sim=1.00","Y","3.0","Score=3.0: SAME_DOMAIN, url_path_sim=1.00","Clostridioides difficile Genome Database","http://enterobase.warwick.ac.uk","ac.uk","http://enterobase.warwick.ac.uk","ac.uk","True","16.0","1.0","HIGH"
"ImmPort","immunet","SAME_DOMAIN, url_path_sim=1.00","Y","3.0","Score=3.0: SAME_DOMAIN, url_path_sim=1.00","Immune Pathways Resource","http://immunet.princeton.edu","princeton.edu","http://immunet.princeton.edu","princeton.edu","True","3.0","1.0","HIGH"
"DBSAV","flyxcdb","SAME_DOMAIN, url_path_sim=0.83","Y","3.0","Score=3.0: SAME_DOMAIN, url_path_sim=0.83","Database of Single Amino acid Variations","http://prodata.swmed.edu/DBSAV","swmed.edu","http://prodata.swmed.edu/FlyXCDB","swmed.edu","True","7.0","0.83","HIGH"
"NCBI","pug-rest","SAME_DOMAIN, url_path_sim=0.80","Y","3.0","Score=3.0: SAME_DOMAIN, url_path_sim=0.80","National Center for Biotechnology Information","http://www.ncbi.nlm.nih.gov","nih.gov","http://pubchem.ncbi.nlm.nih.gov","nih.gov","True","8.0","0.8","HIGH"
"Responders","script-map","SAME_DOMAIN, url_path_sim=1.00","Y","3.0","Score=3.0: SAME_DOMAIN, url_path_sim=1.00","Reference Peptide Database","http://www.firmiana.org/responders/","firmiana.org","http://www.firmiana.org/responders","firmiana.org","True","10.0","1.0","HIGH"
"SBOLme","deop","SAME_DOMAIN, url_path_sim=0.83","Y","3.0","Score=3.0: SAME_DOMAIN, url_path_sim=0.83","Synthetic Biology Open Language Metabolic Engineering Repository","http://www.cbrc.kaust.edu.sa/sbolme","edu.sa","http://www.cbrc.kaust.edu.sa/deop","edu.sa","True","5.0","0.83","HIGH"
"FAO/INFOODS food composition database","afish","SAME_DOMAIN, url_path_sim=1.00","Y","3.0","Score=3.0: SAME_DOMAIN, url_path_sim=1.00","FAO/INFOODS food composition database for biodiversity","http://www.fao.org/infoods/biodiversity/index_en.stm","fao.org","http://www.fao.org/infoods/biodiversity/index_en.stm","fao.org","True","33.0","1.0","HIGH"
"AllerBase","flavodb","SAME_DOMAIN, url_path_sim=0.82","Y","3.0","Score=3.0: SAME_DOMAIN, url_path_sim=0.82","Allergen Knowledgebase","http://bioinfo.net.in/AllerBase/Home.html","net.in","http://bioinfo.net.in/flavodb/home.html","net.in","True","8.0","0.82","HIGH"
"eChickAtlas","electronic mouse atlas of gene expression","SAME_DOMAIN, url_path_sim=0.83","Y","3.0","Score=3.0: SAME_DOMAIN, url_path_sim=0.83","Chick Atlas Database","http://www.emouseatlas.org","emouseatlas.org","http://www.emouseatlas.org/emage","emouseatlas.org","True","32.0","0.83","HIGH"
"Gene Ontology","goc","SAME_DOMAIN, url_path_sim=1.00","Y","3.0","Score=3.0: SAME_DOMAIN, url_path_sim=1.00","Gene Ontology Knowledgebase","http://geneontology.org/","geneontology.org","http://geneontology.org","geneontology.org","True","11.0","1.0","HIGH"
"AVPpred","avpdb","SAME_DOMAIN, url_path_sim=0.93","Y","3.0","Score=3.0: SAME_DOMAIN, url_path_sim=0.93","Antiviral Peptide Collection","http://crdd.osdd.net/servers/avppred","osdd.net","http://crdd.osdd.net/servers/avpdb","osdd.net","True","4.0","0.93","HIGH"
"MiSNPDb","tassrdb","SAME_DOMAIN, url_path_sim=0.82","Y","3.0","Score=3.0: SAME_DOMAIN, url_path_sim=0.82","Mango SNP Database","http://webtom.cabgrid.res.in/mangosnps/","res.in","http://webtom.cabgrid.res.in/wheatssr","res.in","True","4.0","0.82","HIGH"
"VIRmiRNA","avpdb","SAME_DOMAIN, url_path_sim=0.81","Y","3.0","Score=3.0: SAME_DOMAIN, url_path_sim=0.81","Viral miRNA Database","http://crdd.osdd.net/servers/virmirna","osdd.net","http://crdd.osdd.net/servers/avpdb","osdd.net","True","8.0","0.81","HIGH"
"VacTarBac","humcfs","SAME_DOMAIN, url_path_sim=0.81","Y","3.0","Score=3.0: SAME_DOMAIN, url_path_sim=0.81","Vaccine Target Bacteria Resource","http://webs.iiitd.edu.in/raghava/vactarbac/","edu.in","http://webs.iiitd.edu.in/raghava/humcfs","edu.in","True","9.0","0.81","HIGH"
"SFMetaDB","rnaseqmetadb","SAME_DOMAIN, url_path_sim=0.87","Y","3.0","Score=3.0: SAME_DOMAIN, url_path_sim=0.87","Splicing Factor Metadata Database","http://sfmetadb.ece.tamu.edu/","tamu.edu","http://rnaseqmetadb.ece.tamu.edu","tamu.edu","True","5.0","0.87","HIGH"
"qPCR primers database","ucsc genome browser","SAME_DOMAIN, url_path_sim=1.00","Y","3.0","Score=3.0: SAME_DOMAIN, url_path_sim=1.00","qPCR primers database","http://genome.ucsc.edu/","ucsc.edu","http://genome.ucsc.edu","ucsc.edu","True","17.0","1.0","HIGH"
"HExpoChem","chemprot-2.0","SAME_DOMAIN, url_path_sim=0.83","Y","3.0","Score=3.0: SAME_DOMAIN, url_path_sim=0.83","Human Exposure to Chemicals Resource","http://www.cbs.dtu.dk/services/HExpoChem-1.0/","dtu.dk","http://www.cbs.dtu.dk/services/ChemProt-2.0","dtu.dk","True","8.0","0.83","HIGH"
"sncRNA Zoo","animal sncrna atlas","SAME_DOMAIN, url_path_sim=1.00","Y","3.0","Score=3.0: SAME_DOMAIN, url_path_sim=1.00","Small Noncoding RNA Zoo","https://www.ccb.uni-saarland.de/asra/","uni-saarland.de","http://www.ccb.uni-saarland.de/asra","uni-saarland.de","True","12.0","1.0","HIGH"
"KIR Database","afnd","SAME_DOMAIN, url_path_sim=1.00","Y","3.0","Score=3.0: SAME_DOMAIN, url_path_sim=1.00","Killer Cell Immunoglobulin-like Receptor Database","http://www.allelefrequencies.net","allelefrequencies.net","http://www.allelefrequencies.net","allelefrequencies.net","True","11.0","1.0","HIGH"
"MemBlob","memmorf","SAME_DOMAIN, url_path_sim=0.84","Y","3.0","Score=3.0: SAME_DOMAIN, url_path_sim=0.84","MemBlob","http://memblob.hegelab.org","hegelab.org","http://memmorf.hegelab.org","hegelab.org","True","4.0","0.84","HIGH"
"VIGS database","vpgd","SAME_DOMAIN, url_path_sim=1.00","Y","3.0","Score=3.0: SAME_DOMAIN, url_path_sim=1.00","Virus-induced gene silencing database","http://vigs.noble.org","noble.org","http://vigs.noble.org","noble.org","True","10.0","1.0","HIGH"
"C. elegans functional interactome","hir","SAME_DOMAIN, url_path_sim=0.80","Y","3.0","Score=3.0: SAME_DOMAIN, url_path_sim=0.80","C. elegans functional interactome","http://worm.biomedtzc.cn","biomedtzc.cn","http://human.biomedtzc.cn","biomedtzc.cn","True","31.0","0.8","HIGH"
"DIPP","micad","SAME_DOMAIN, url_path_sim=1.00","Y","3.0","Score=3.0: SAME_DOMAIN, url_path_sim=1.00","DIPP","http://www.polyu.edu.hk/bmi/dipp/","edu.hk","http://www.polyu.edu.hk/bmi/dipp","edu.hk","True","4.0","1.0","HIGH"
"Dietary restriction gene network","hagr","SAME_DOMAIN, url_path_sim=0.91","Y","3.0","Score=3.0: SAME_DOMAIN, url_path_sim=0.91","Dietary restriction gene network","http://genomics.senescence.info/diet/","senescence.info","http://genomics.senescence.info","senescence.info","True","29.0","0.91","HIGH"
"CNV-disease database","cnvdigest","SAME_DOMAIN, url_path_sim=1.00","Y","3.0","Score=3.0: SAME_DOMAIN, url_path_sim=1.00","CNV-disease database","http://cnv.gtxlab.com","gtxlab.com","http://cnv.gtxlab.com","gtxlab.com","True","12.0","1.0","HIGH"
"BBD","bayberry","SAME_DOMAIN, url_path_sim=1.00","Y","3.0","Score=3.0: SAME_DOMAIN, url_path_sim=1.00","Bayberry Database","http://www.bayberrybase.cn/","bayberrybase.cn","http://www.bayberrybase.cn","bayberrybase.cn","True","6.0","1.0","HIGH"
"PRIN","mppi","SAME_DOMAIN, url_path_sim=0.89","Y","3.0","Score=3.0: SAME_DOMAIN, url_path_sim=0.89","predicted rice interactome network","http://bis.zju.edu.cn/prin/","edu.cn","http://bis.zju.edu.cn/mppi","edu.cn","True","3.0","0.89","HIGH"
"Mouse Isoform Network","misomine","SAME_DOMAIN, url_path_sim=0.87","Y","3.0","Score=3.0: SAME_DOMAIN, url_path_sim=0.87","Mouse Splice Isoform Network","http://guanlab.ccmb.med.umich.edu/isoformnetwork","umich.edu","http://guanlab.ccmb.med.umich.edu/misomine","umich.edu","True","14.0","0.87","HIGH"
"Ljtrans DB","podc","SAME_DOMAIN, url_path_sim=0.80","Y","3.0","Score=3.0: SAME_DOMAIN, url_path_sim=0.80","Lygodium japonicum Transcriptome Database","http://bioinf.mind.meiji.ac.jp/kanikusa/","ac.jp","http://bioinf.mind.meiji.ac.jp/podc","ac.jp","True","9.0","0.8","HIGH"
"Vibrio parahaemolyticus","bsrd","SAME_DOMAIN, url_path_sim=0.89","Y","3.0","Score=3.0: SAME_DOMAIN, url_path_sim=0.89","Vibrio parahaemolyticus Genome Database","http://kwanlab.bio.cuhk.edu.hk/vp","edu.hk","http://kwanlab.bio.cuhk.edu.hk/BSRD","edu.hk","True","21.0","0.89","HIGH"
"CancerLivER","denvind","SAME_DOMAIN, url_path_sim=0.80","Y","3.0","Score=3.0: SAME_DOMAIN, url_path_sim=0.80","Cancer Liver Expression Resource Database","https://webs.iiitd.edu.in/raghava/cancerliver","edu.in","http://webs.iiitd.edu.in/raghava/denvind","edu.in","True","9.0","0.8","HIGH"
"BEReX","bee","SAME_DOMAIN, edit_dist=2, long_sim=0.80","Y","3.0","Score=3.0: SAME_DOMAIN, edit_dist=2, long_sim=0.80","Biomedical Entity-Relationship Explorer","http://infos.korea.ac.kr/berex","ac.kr","http://bike-bee.snu.ac.kr","ac.kr","True","2.0","0.39","HIGH"
"CellMinerCDB","cellminer-sclc","SAME_DOMAIN, url_path_sim=0.94","Y","3.0","Score=3.0: SAME_DOMAIN, url_path_sim=0.94","Cell Miner Cross-Database","https://discover.nci.nih.gov/cellminercdb/","nih.gov","http://discover.nci.nih.gov/SclcCellMinerCDB","nih.gov","True","4.0","0.94","HIGH"
"Genome Warehouse","sorgsd","SAME_DOMAIN, url_path_sim=0.83","Y","3.0","Score=3.0: SAME_DOMAIN, url_path_sim=0.83","Genome Warehouse","https://ngdc.cncb.ac.cn/gwh","ac.cn","http://ngdc.cncb.ac.cn/sorgsd","ac.cn","True","13.0","0.83","HIGH"
"Vaxvec","dnavaxdb","SAME_DOMAIN, url_path_sim=0.80","Y","3.0","Score=3.0: SAME_DOMAIN, url_path_sim=0.80","Vaccine Vector database","http://www.violinet.org/vaxvec","violinet.org","http://www.violinet.org/dnavaxdb","violinet.org","True","6.0","0.8","HIGH"
"GENE2D","gene3d","digit_only_diff, edit_dist=1","Y","3.0","Score=3.0: digit_only_diff, edit_dist=1","GENE2D","","","http://gene3d.biochem.ucl.ac.uk","ac.uk","False","1.0","0.0","HIGH"
"Co-LncRNA","lncmap","SAME_DOMAIN, url_path_sim=0.85","Y","3.0","Score=3.0: SAME_DOMAIN, url_path_sim=0.85","Co-LncRNA","http://www.bio-bigdata.com/Co-LncRNA/","bio-bigdata.com","http://www.bio-bigdata.com/LNCmap","bio-bigdata.com","True","6.0","0.85","HIGH"
"Bamboo Network","crofgd","SAME_DOMAIN, url_path_sim=0.84","Y","3.0","Score=3.0: SAME_DOMAIN, url_path_sim=0.84","Bamboo Gene Network Database","http://bioinformatics.cau.edu.cn/bamboo","edu.cn","http://bioinformatics.cau.edu.cn/croFGD","edu.cn","True","13.0","0.84","HIGH"
"RSIADB","dptedb","SAME_DOMAIN, url_path_sim=0.84","Y","3.0","Score=3.0: SAME_DOMAIN, url_path_sim=0.84","Rhizoctonia Solani Integrated Analysis Database","http://genedenovoweb.ticp.net:81/rsia/index.php","ticp.net:81","http://genedenovoweb.ticp.net:81/DPTEdb/index.php","ticp.net:81","True","4.0","0.84","HIGH"
"WWARN CTPL","worldwide antimalarial resistance network","SAME_DOMAIN, url_path_sim=1.00","Y","3.0","Score=3.0: SAME_DOMAIN, url_path_sim=1.00","WorldWide Antimalarial Resistance Network Clinical Trials Publication Library","https://www.wwarn.org/tools-resources/literature-reviews/wwarn-clinical-trials-publication-library","wwarn.org","http://www.wwarn.org/tools-resources/literature-reviews/wwarn-clinical-trials-publication-library","wwarn.org","True","34.0","1.0","HIGH"
"MSeqDR mvTool","mseqdr","SAME_DOMAIN, contains, long_sim=0.77","Y","3.0","Score=3.0: SAME_DOMAIN, contains, long_sim=0.77","Mitochondrial Sequence Data Resource Variant Tool","https://mseqdr.org/mvtool.php","mseqdr.org","http://mseqdr.org","mseqdr.org","True","7.0","0.65","HIGH"
"PhenoMiner","the chinchilla research resource database","SAME_DOMAIN, url_path_sim=0.87","Y","3.0","Score=3.0: SAME_DOMAIN, url_path_sim=0.87","rat quantitative phenotype database","http://rgd.mcw.edu","mcw.edu","http://crrd.mcw.edu","mcw.edu","True","35.0","0.87","HIGH"
"CFam","cmaup","SAME_DOMAIN, url_path_sim=0.81","Y","3.0","Score=3.0: SAME_DOMAIN, url_path_sim=0.81","Chemical Families Database","http://bidd2.cse.nus.edu.sg/cfam","edu.sg","http://bidd2.nus.edu.sg/CMAUP","edu.sg","True","3.0","0.81","HIGH"
"DNPAO Data Trends and Maps","dtm","SAME_DOMAIN, url_path_sim=1.00","Y","3.0","Score=3.0: SAME_DOMAIN, url_path_sim=1.00","Division of Nutrition Physical Activity and Obesity Data Resource","https://www.cdc.gov/nccdphp/dnpao/data-trends-maps/index.html","cdc.gov","http://www.cdc.gov/nccdphp/dnpao/data-trends-maps/index.html","cdc.gov","True","23.0","1.0","HIGH"
"COVID-19 KG","isyte","SAME_DOMAIN, url_path_sim=0.85","Y","3.0","Score=3.0: SAME_DOMAIN, url_path_sim=0.85","COVID-19 Knowledge Graph","https://research.bioinformatics.udel.edu/covid19kg/","udel.edu","http://research.bioinformatics.udel.edu/iSyTE","udel.edu","True","10.0","0.85","HIGH"
"VaProS","refolddb","SAME_DOMAIN, url_path_sim=0.81","Y","3.0","Score=3.0: SAME_DOMAIN, url_path_sim=0.81","Various Protein Search","http://p4d-info.nig.ac.jp/vapros/","ac.jp","http://p4d-info.nig.ac.jp/refolddb","ac.jp","True","8.0","0.81","HIGH"
"GAN","grape-crispr","SAME_DOMAIN, url_path_sim=0.93","Y","3.0","Score=3.0: SAME_DOMAIN, url_path_sim=0.93","Genomics and Genetics Analysis Platform for Nicotiana","http://biodb.sdau.edu.cn/gan/","edu.cn","http://biodb.sdau.edu.cn/gc/index.html","edu.cn","True","10.0","0.93","HIGH"
"ClinicalTrials.gov","pachin","SAME_DOMAIN, url_path_sim=0.80","Y","3.0","Score=3.0: SAME_DOMAIN, url_path_sim=0.80","Clinical Trials Registry","http://clinicaltrials.gov/ct2/show/NCT00931216","clinicaltrials.gov","http://clinicaltrials.gov/ct2/show/record/NCT04675918?cond=pediatric+cardiac+arrest&draw=2&rank=10","clinicaltrials.gov","True","16.0","0.8","HIGH"
"NOD Database","the mouse genomes project","SAME_DOMAIN, url_path_sim=0.91","Y","3.0","Score=3.0: SAME_DOMAIN, url_path_sim=0.91","Non-Obese Diabetic Mouse Database","http://www.sanger.ac.uk/resources/mouse/nod/","ac.uk","http://www.sanger.ac.uk/resources/mouse/genomes","ac.uk","True","21.0","0.91","HIGH"
"P3DB","pdb","digit_only_diff, edit_dist=1","Y","3.0","Score=3.0: digit_only_diff, edit_dist=1","Plant Protein Phosphorylation Database","","","http://pitgroup.org/amyloid","pitgroup.org","False","1.0","0.0","HIGH"
"CB Database","cb","SAME_DOMAIN, url_path_sim=1.00","Y","3.0","Score=3.0: SAME_DOMAIN, url_path_sim=1.00","Change Blindness Database","http://search.bwh.harvard.edu/new/CBDatabase.html","harvard.edu","http://search.bwh.harvard.edu/new/CBDatabase.html","harvard.edu","True","9.0","1.0","HIGH"
"MEIMAN","cibman","SAME_DOMAIN, url_path_sim=0.89","Y","3.0","Score=3.0: SAME_DOMAIN, url_path_sim=0.89","Medicinal and Edible Insects of Manipur","http://www.ibsd.gov.in/meiman","gov.in","http://ibsd.gov.in/cibman","gov.in","True","3.0","0.89","HIGH"
"VIRsiRNAdb","avpdb","SAME_DOMAIN, url_path_sim=0.85","Y","3.0","Score=3.0: SAME_DOMAIN, url_path_sim=0.85","Viral siRNA Database","http://crdd.osdd.net/servers/virsirnadb","osdd.net","http://crdd.osdd.net/servers/avpdb","osdd.net","True","8.0","0.85","HIGH"
"MIPS PlantsDB","phenodis","SAME_DOMAIN, url_path_sim=0.81","Y","3.0","Score=3.0: SAME_DOMAIN, url_path_sim=0.81","Munich Information Center for Protein Sequences Plants Database","http://mips.helmholtz-muenchen.de/plant/genomes.jsp","helmholtz-muenchen.de","http://mips.helmholtz-muenchen.de/phenodis","helmholtz-muenchen.de","True","11.0","0.81","HIGH"
"ModBase","pmp","SAME_DOMAIN, url_path_sim=1.00","Y","3.0","Score=3.0: SAME_DOMAIN, url_path_sim=1.00","Model Base","http://www.proteinmodelportal.org/","proteinmodelportal.org","http://www.proteinmodelportal.org","proteinmodelportal.org","True","7.0","1.0","HIGH"
"MaizeNet","yeastnet","SAME_DOMAIN, url_path_sim=0.80","Y","3.0","Score=3.0: SAME_DOMAIN, url_path_sim=0.80","Maize Co-functional Network","http://www.inetbio.org/maizenet/","inetbio.org","http://www.inetbio.org/yeastnet","inetbio.org","True","5.0","0.8","HIGH"
"PDZscape","pdzbase","SAME_DOMAIN, url_path_sim=1.00","Y","3.0","Score=3.0: SAME_DOMAIN, url_path_sim=1.00","PDZ-Protein Database","http://www.actrec.gov.in:8080/pdzscape","gov.in:8080","http://www.actrec.gov.in:8080/pdzscape","gov.in:8080","True","3.0","1.0","HIGH"
"MiGD","rap-db","SAME_DOMAIN, url_path_sim=0.81","Y","3.0","Score=3.0: SAME_DOMAIN, url_path_sim=0.81","Mikan Genome Database","https://mikan.dna.affrc.go.jp","go.jp","http://rapdb.dna.affrc.go.jp","go.jp","True","5.0","0.81","HIGH"
"dbEM","cancerdr","SAME_DOMAIN, url_path_sim=0.82","Y","3.0","Score=3.0: SAME_DOMAIN, url_path_sim=0.82","Database of Epigenetic Modifiers","http://crdd.osdd.net/raghava/dbem","osdd.net","http://crdd.osdd.net/raghava/cancerdr","osdd.net","True","7.0","0.82","HIGH"
"CYPSI","dbcrsr","SAME_DOMAIN, url_path_sim=0.81","Y","3.0","Score=3.0: SAME_DOMAIN, url_path_sim=0.81","Cytochrome P450 Structure Interface","http://bioinfo.cau.edu.cn/CYPSI","edu.cn","http://bioinfo.ahu.edu.cn","edu.cn","True","5.0","0.81","HIGH"
"SMMDB","g4ipdb","SAME_DOMAIN, url_path_sim=0.90","Y","3.0","Score=3.0: SAME_DOMAIN, url_path_sim=0.90","Small Molecule Modulator Database","http://bsbe.iiti.ac.in/bsbe/smmdb","ac.in","http://bsbe.iiti.ac.in/bsbe/ipdb/index.php","ac.in","True","4.0","0.9","HIGH"
"ANGI","pachin","SAME_DOMAIN, url_path_sim=0.82","Y","3.0","Score=3.0: SAME_DOMAIN, url_path_sim=0.82","Anorexia Nervosa Genetics Initiative","https://clinicaltrials.gov/ct2/show/NCT01916538?cond=Anorexia+Nervosa&draw=1&rank=3","clinicaltrials.gov","http://clinicaltrials.gov/ct2/show/record/NCT04675918?cond=pediatric+cardiac+arrest&draw=2&rank=10","clinicaltrials.gov","True","4.0","0.82","HIGH"
"DES-ncRNA","dendb","SAME_DOMAIN, url_path_sim=0.84","Y","3.0","Score=3.0: SAME_DOMAIN, url_path_sim=0.84","Database of Exosomal and Secretory ncRNAs","http://www.cbrc.kaust.edu.sa/des_ncrna","edu.sa","http://www.cbrc.kaust.edu.sa/dendb","edu.sa","True","6.0","0.84","HIGH"
"Plasmid ATLAS","patlas","SAME_DOMAIN, url_path_sim=1.00","Y","3.0","Score=3.0: SAME_DOMAIN, url_path_sim=1.00","Plasmid Atlas","http://www.patlas.site","patlas.site","http://www.patlas.site","patlas.site","True","7.0","1.0","HIGH"
"SoyNet","yeastnet","SAME_DOMAIN, url_path_sim=0.84","Y","3.0","Score=3.0: SAME_DOMAIN, url_path_sim=0.84","soybean co-functional networks database","http://www.inetbio.org/soynet","inetbio.org","http://www.inetbio.org/yeastnet","inetbio.org","True","5.0","0.84","HIGH"
"HPTT","pan immune repertoire database","SAME_DOMAIN, url_path_sim=0.81","Y","3.0","Score=3.0: SAME_DOMAIN, url_path_sim=0.81","Helicobacter pylori Tracking Tool","https://db.cngb.org/HPTT/","cngb.org","http://db.cngb.org/pird","cngb.org","True","27.0","0.81","HIGH"
"OikoBase","goc","SAME_DOMAIN, url_path_sim=1.00","Y","3.0","Score=3.0: SAME_DOMAIN, url_path_sim=1.00","Oikopleura dioica Genomics Database","http://www.geneontology.org/","geneontology.org","http://geneontology.org","geneontology.org","True","7.0","1.0","HIGH"
"GCDB","phin","SAME_DOMAIN, url_path_sim=0.84","Y","3.0","Score=3.0: SAME_DOMAIN, url_path_sim=0.84","Glaucomatous Chemogenomics Database","http://cadd.pharmacy.nankai.edu.cn/gcdb/home","edu.cn","http://cadd.pharmacy.nankai.edu.cn/phin","edu.cn","True","4.0","0.84","HIGH"
"DESTAF","dendb","SAME_DOMAIN, url_path_sim=0.85","Y","3.0","Score=3.0: SAME_DOMAIN, url_path_sim=0.85","Database for rEproductive toxinS and Toxicity affecting Fertility","http://cbrc.kaust.edu.sa/destaf","edu.sa","http://www.cbrc.kaust.edu.sa/dendb","edu.sa","True","4.0","0.85","HIGH"
"RKN Lethal DB","rkn","SAME_DOMAIN, url_path_sim=1.00","Y","3.0","Score=3.0: SAME_DOMAIN, url_path_sim=1.00","Root Knot Nematode Lethal Database","http://bioinformatics.towson.edu/RKN/","towson.edu","http://bioinformatics.towson.edu/RKN","towson.edu","True","10.0","1.0","HIGH"
"CellLineNavigator","cellminerhcc","SAME_DOMAIN, url_path_sim=0.81","Y","3.0","Score=3.0: SAME_DOMAIN, url_path_sim=0.81","CellLineNavigator","http://www.medicalgenomics.org/celllinenavigator","medicalgenomics.org","http://www.medicalgenomics.org/cellminerhcc","medicalgenomics.org","True","10.0","0.81","HIGH"
"HDTT","hdnetdb","SAME_DOMAIN, url_path_sim=0.86","Y","3.0","Score=3.0: SAME_DOMAIN, url_path_sim=0.86","Huntington's Disease Therapeutic Targets","http://hdtt.sysbiolab.eu","sysbiolab.eu","http://hdnetdb.sysbiolab.eu","sysbiolab.eu","True","4.0","0.86","HIGH"
"CDB","cistromefinder","SAME_DOMAIN, url_path_sim=0.82","Y","3.0","Score=3.0: SAME_DOMAIN, url_path_sim=0.82","Cistrome Data Browser","http://cistrome.org/db","cistrome.org","http://cistrome.org/finder","cistrome.org","True","12.0","0.82","HIGH"
"EuGI","pre_gi","SAME_DOMAIN, url_path_sim=0.91","Y","3.0","Score=3.0: SAME_DOMAIN, url_path_sim=0.91","genomic islands resource","http://eugi.bi.up.ac.za","ac.za","http://pregi.bi.up.ac.za/index.php","ac.za","True","3.0","0.91","HIGH"
"OPL","ncro","SAME_DOMAIN, url_path_sim=0.92","Y","3.0","Score=3.0: SAME_DOMAIN, url_path_sim=0.92","Ontology for Parasite Lifecycle","http://purl.obolibrary.org/obo/opl.owl","obolibrary.org","http://purl.obolibrary.org/obo/ncro.owl","obolibrary.org","True","4.0","0.92","HIGH"
"mMGE","stab","SAME_DOMAIN, url_path_sim=0.83","Y","3.0","Score=3.0: SAME_DOMAIN, url_path_sim=0.83","metagenomic extrachromosomal mobile genetic elements database","https://mgedb.comp-sysbio.org","comp-sysbio.org","http://stab.comp-sysbio.org","comp-sysbio.org","True","4.0","0.83","HIGH"
"Dendrobium_map","refseq","SAME_DOMAIN, url_path_sim=0.84","Y","3.0","Score=3.0: SAME_DOMAIN, url_path_sim=0.84","Dendrobium officinale Transcriptome Map","http://www.ncbi.nlm.nih.gov/sra/","nih.gov","http://www.ncbi.nlm.nih.gov/refseq","nih.gov","True","13.0","0.84","HIGH"
"HIV_LANL","hemorrhagic fever virus database","SAME_DOMAIN, url_path_sim=0.92","Y","3.0","Score=3.0: SAME_DOMAIN, url_path_sim=0.92","HIV Sequence Database","http://hiv.lanl.gov","lanl.gov","http://hfv.lanl.gov","lanl.gov","True","28.0","0.92","HIGH"
"PathwaysWeb","tanric","SAME_DOMAIN, url_path_sim=0.86","Y","3.0","Score=3.0: SAME_DOMAIN, url_path_sim=0.86","gene pathways database","http://bioinformatics.mdanderson.org/main/PathwaysWeb:Overview","mdanderson.org","http://bioinformatics.mdanderson.org/main/TANRIC:Overview","mdanderson.org","True","9.0","0.86","HIGH"
"MaizeDIG","maizemine","SAME_DOMAIN, url_path_sim=0.88","Y","3.0","Score=3.0: SAME_DOMAIN, url_path_sim=0.88","Maize Database of Images and Genomes","http://maizedig.maizegdb.org/","maizegdb.org","http://maizemine.maizegdb.org","maizegdb.org","True","3.0","0.88","HIGH"
"THISP","peptideatlas","SAME_DOMAIN, url_path_sim=0.84","Y","3.0","Score=3.0: SAME_DOMAIN, url_path_sim=0.84","Tiered Human Integrated Sequence Search Database","http://www.peptideatlas.org/thisp/","peptideatlas.org","http://www.peptideatlas.org","peptideatlas.org","True","11.0","0.84","HIGH"
"dbCAN2","dbcan-seq","SAME_DOMAIN, url_path_sim=0.90","Y","3.0","Score=3.0: SAME_DOMAIN, url_path_sim=0.90","database of carbohydrate-active enzymes","http://cys.bios.niu.edu/dbCAN2","niu.edu","http://cys.bios.niu.edu/dbCAN_seq","niu.edu","True","4.0","0.9","HIGH"
"BioUML","gtrd","SAME_DOMAIN, url_path_sim=0.80","Y","3.0","Score=3.0: SAME_DOMAIN, url_path_sim=0.80","Biological Universal Modeling Language","http://www.biouml.org","biouml.org","http://gtrd.biouml.org","biouml.org","True","6.0","0.8","HIGH"
"PrecocityDB","pcoskbr2","SAME_DOMAIN, url_path_sim=0.81","Y","3.0","Score=3.0: SAME_DOMAIN, url_path_sim=0.81","Precocious Puberty Database","http://www.precocity.bicnirrh.res.in","res.in","http://www.pcoskb.bicnirrh.res.in","res.in","True","8.0","0.81","HIGH"
"MaCPepDB","uniprotkb","SAME_DOMAIN, url_path_sim=1.00","Y","3.0","Score=3.0: SAME_DOMAIN, url_path_sim=1.00","Mass-Centric Peptide Database","https://macpepdb.mpc.rub.de","rub.de","http://macpepdb.mpc.rub.de","rub.de","True","7.0","1.0","HIGH"
"CellMiner CDB","cellminer-sclc","SAME_DOMAIN, url_path_sim=0.94","Y","3.0","Score=3.0: SAME_DOMAIN, url_path_sim=0.94","CellMiner Cross-Database","https://discover.nci.nih.gov/cellminercdb/","nih.gov","http://discover.nci.nih.gov/SclcCellMinerCDB","nih.gov","True","4.0","0.94","HIGH"
"Badapple","bard","SAME_DOMAIN, url_path_sim=1.00","Y","3.0","Score=3.0: SAME_DOMAIN, url_path_sim=1.00","Bad Apple Promiscuity Database","http://bard.nih.gov","nih.gov","http://bard.nih.gov","nih.gov","True","6.0","1.0","HIGH"
"Canis mtDNA HV1","chd","SAME_DOMAIN, url_path_sim=1.00","Y","3.0","Score=3.0: SAME_DOMAIN, url_path_sim=1.00","Canis mitochondrial DNA HV1 database","http://chd.vnbiology.com","vnbiology.com","http://chd.vnbiology.com","vnbiology.com","True","13.0","1.0","HIGH"
"HIVE","gutfeelingkb","SAME_DOMAIN, url_path_sim=0.91","Y","3.0","Score=3.0: SAME_DOMAIN, url_path_sim=0.91","High-performance Integrated Virtual Environment","https://hive.biochemistry.gwu.edu","gwu.edu","http://hive.biochemistry.gwu.edu/gfkb","gwu.edu","True","11.0","0.91","HIGH"
"DMAP","homer","SAME_DOMAIN, url_path_sim=0.87","Y","3.0","Score=3.0: SAME_DOMAIN, url_path_sim=0.87","Drug Map","http://bio.informatics.iupui.edu/cmaps","iupui.edu","http://bio.informatics.iupui.edu/homer","iupui.edu","True","4.0","0.87","HIGH"
"GEM2Net","catdb","SAME_DOMAIN, url_path_sim=1.00","Y","3.0","Score=3.0: SAME_DOMAIN, url_path_sim=1.00","Gene Expression Modeling to Network","http://urgv.evry.inra.fr/CATdb","inra.fr","http://urgv.evry.inra.fr/CATdb","inra.fr","True","7.0","1.0","HIGH"
"Rice Proteins Database","mcdrp","SAME_DOMAIN, url_path_sim=1.00","Y","3.0","Score=3.0: SAME_DOMAIN, url_path_sim=1.00","Rice Proteins Database","http://www.genomeindia.org/biocuration","genomeindia.org","http://www.genomeindia.org/biocuration","genomeindia.org","True","20.0","1.0","HIGH"
"SAROTUP","tupdb","SAME_DOMAIN, url_path_sim=0.84","Y","3.0","Score=3.0: SAME_DOMAIN, url_path_sim=0.84","Scanner And Reporter Of Target-Unrelated Peptides","http://i.uestc.edu.cn/sarotup3","edu.cn","http://i.uestc.edu.cn/tupdb","edu.cn","True","6.0","0.84","HIGH"
"GEPIA2","gesur","SAME_DOMAIN, url_path_sim=0.82","Y","3.0","Score=3.0: SAME_DOMAIN, url_path_sim=0.82","Gene Expression Profiling Interactive Analysis","http://gepia2.cancer-pku.cn/","cancer-pku.cn","http://gesur.cancer-pku.cn","cancer-pku.cn","True","4.0","0.82","HIGH"
"AR Database","lovd","SAME_DOMAIN, url_path_sim=0.82","Y","3.0","Score=3.0: SAME_DOMAIN, url_path_sim=0.82","Androgen Receptor Gene Mutations Database","http://www.lovd.nl/AR","lovd.nl","http://www.LOVD.nl","lovd.nl","True","10.0","0.82","HIGH"
"MCO","regulondb","SAME_DOMAIN, url_path_sim=1.00","Y","3.0","Score=3.0: SAME_DOMAIN, url_path_sim=1.00","Microbial Conditions Ontology","http://regulondb.ccg.unam.mx","unam.mx","http://regulondb.ccg.unam.mx","unam.mx","True","8.0","1.0","HIGH"
"LectomeXplore","unilectin","SAME_DOMAIN, url_path_sim=1.00","Y","3.0","Score=3.0: SAME_DOMAIN, url_path_sim=1.00","LectomeXplore","https://www.unilectin.eu/","unilectin.eu","http://www.unilectin.eu","unilectin.eu","True","12.0","1.0","HIGH"
"IMEx","ena","SAME_DOMAIN, url_path_sim=0.83","Y","3.0","Score=3.0: SAME_DOMAIN, url_path_sim=0.83","International Molecular Exchange","https://www.ebi.ac.uk/intact","ac.uk","http://www.ebi.ac.uk/ena","ac.uk","True","4.0","0.83","HIGH"
"iPathDB","ipathcons","SAME_DOMAIN, url_path_sim=1.00","Y","3.0","Score=3.0: SAME_DOMAIN, url_path_sim=1.00","insect pathway database","http://ento.njau.edu.cn/ipath/","edu.cn","http://ento.njau.edu.cn/ipath","edu.cn","True","4.0","1.0","HIGH"
"RegaDB","saturn","SAME_DOMAIN, url_path_sim=1.00","Y","3.0","Score=3.0: SAME_DOMAIN, url_path_sim=1.00","RegaDB","http://www.bioafrica.net/regadb/","bioafrica.net","http://www.bioafrica.net/regadb","bioafrica.net","True","6.0","1.0","HIGH"
"IMPACT","dsigdb","SAME_DOMAIN, url_path_sim=0.81","Y","3.0","Score=3.0: SAME_DOMAIN, url_path_sim=0.81","Integrating Molecular Profiles with Actionable Cancer Therapeutics","http://tanlab.ucdenver.edu/IMPACT","ucdenver.edu","http://tanlab.ucdenver.edu/DSigDB","ucdenver.edu","True","6.0","0.81","HIGH"
"DCDB","covalentindb","SAME_DOMAIN, url_path_sim=0.82","Y","3.0","Score=3.0: SAME_DOMAIN, url_path_sim=0.82","Drug Combination Database","http://www.cls.zju.edu.cn/dcdb/","edu.cn","http://cadd.zju.edu.cn/cidb","edu.cn","True","10.0","0.82","HIGH"
"GDB","gdbmedchem","SAME_DOMAIN, url_path_sim=1.00","Y","3.0","Score=3.0: SAME_DOMAIN, url_path_sim=1.00","Generated Database","http://www.gdb.unibe.ch","unibe.ch","http://gdb.unibe.ch","unibe.ch","True","7.0","1.0","HIGH"
"BIG Data Center","edk","SAME_DOMAIN, url_path_sim=0.88","Y","3.0","Score=3.0: SAME_DOMAIN, url_path_sim=0.88","Beijing Institute of Genomics Data Center","http://bigd.big.ac.cn","ac.cn","http://bigd.big.ac.cn/edk","ac.cn","True","14.0","0.88","HIGH"
"NPASS","cmaup","SAME_DOMAIN, url_path_sim=0.82","Y","3.0","Score=3.0: SAME_DOMAIN, url_path_sim=0.82","Natural Product Activity and Species Source","http://bidd2.nus.edu.sg/NPASS/","edu.sg","http://bidd2.nus.edu.sg/CMAUP","edu.sg","True","4.0","0.82","HIGH"
"TCM Database@Taiwan","tcea","SAME_DOMAIN, url_path_sim=0.83","Y","3.0","Score=3.0: SAME_DOMAIN, url_path_sim=0.83","Traditional Chinese Medicine Database","http://tcm.cmu.edu.tw/","edu.tw","http://tcea.tmu.edu.tw","edu.tw","True","15.0","0.83","HIGH"
"Laccase Database","fpoxdb","SAME_DOMAIN, url_path_sim=0.81","Y","3.0","Score=3.0: SAME_DOMAIN, url_path_sim=0.81","Fungal Laccase Genomics Platform","http://laccase.riceblast.snu.ac.kr/","ac.kr","http://peroxidase.riceblast.snu.ac.kr","ac.kr","True","14.0","0.81","HIGH"
"PMO","plantmetabolomics","SAME_DOMAIN, url_path_sim=1.00","Y","3.0","Score=3.0: SAME_DOMAIN, url_path_sim=1.00","Plant Metabolomics Database","http://www.plantmetabolomics.org","plantmetabolomics.org","http://www.plantmetabolomics.org","plantmetabolomics.org","True","14.0","1.0","HIGH"
"ncRDeathDB","cncrnadb","SAME_DOMAIN, url_path_sim=0.88","Y","3.0","Score=3.0: SAME_DOMAIN, url_path_sim=0.88","Non-Coding RNA Death Database","http://www.rna-society.org/ncrdeathdb","rna-society.org","http://www.rna-society.org/cncrnadb","rna-society.org","True","5.0","0.88","HIGH"
"NEPdb","magendb","SAME_DOMAIN, url_path_sim=0.80","Y","3.0","Score=3.0: SAME_DOMAIN, url_path_sim=0.80","Neoantigen and Neoepitope Database","http://nep.whu.edu.cn/","edu.cn","http://magen.whu.edu.cn","edu.cn","True","4.0","0.8","HIGH"
"ExHuMId","texas","SAME_DOMAIN, url_path_sim=0.81","Y","3.0","Score=3.0: SAME_DOMAIN, url_path_sim=0.81","Exposome of Human Milk in India Database","https://cb.imsc.res.in/exhumid/","res.in","http://cb.imsc.res.in/texas","res.in","True","6.0","0.81","HIGH"
"SysFinder","systemcell","SAME_DOMAIN, url_path_sim=0.81","Y","3.0","Score=3.0: SAME_DOMAIN, url_path_sim=0.81","Systems Finder database","http://lifecenter.sgst.cn/SysFinder","sgst.cn","http://lifecenter.sgst.cn/SyStemCell","sgst.cn","True","6.0","0.81","HIGH"
"TMC-SNPdb","dbsnp","SAME_DOMAIN, url_path_sim=1.00","Y","3.0","Score=3.0: SAME_DOMAIN, url_path_sim=1.00","Tata Memorial Centre SNP Database","http://www.actrec.gov.in/pi-webpages/AmitDutt/TMCSNP/TMCSNPdp.html","gov.in","http://www.actrec.gov.in/pi-webpages/AmitDutt/TMCSNP/TMCSNPdp.html","gov.in","True","6.0","1.0","HIGH"
"RNAdt","ferrdb","SAME_DOMAIN, url_path_sim=0.80","Y","3.0","Score=3.0: SAME_DOMAIN, url_path_sim=0.80","RNA Data Tools","http://www.zhounan.org/rnadt","zhounan.org","http://www.zhounan.org/ferrdb","zhounan.org","True","5.0","0.8","HIGH"
"CIViCmine","cancermine","SAME_DOMAIN, url_path_sim=0.86","Y","3.0","Score=3.0: SAME_DOMAIN, url_path_sim=0.86","Clinical Interpretation of Variants in Cancer text mining","http://bionlp.bcgsc.ca/civicmine/","bcgsc.ca","http://bionlp.bcgsc.ca/cancermine","bcgsc.ca","True","5.0","0.86","HIGH"
"Viruses.STRING","string","SAME_DOMAIN, contains","Y","2.5","Score=2.5: SAME_DOMAIN, contains","Virus-Host Protein Interaction Database","viruses.string-db.org","string-db.org","http://string-db.org","string-db.org","True","8.0","0.76","HIGH"
"PCA","goa","SAME_DOMAIN, edit_dist=2","Y","2.5","Score=2.5: SAME_DOMAIN, edit_dist=2","Protein Contacts Atlas","http://www.mrc-lmb.cam.ac.uk/pca/","ac.uk","http://www.ebi.ac.uk/GOA","ac.uk","True","2.0","0.53","HIGH"
"OMD","metametadb","SAME_DOMAIN, long_sim=0.85","Y","2.5","Score=2.5: SAME_DOMAIN, long_sim=0.85","Ocean Metagenomics Database","http://marine-meta.healthscience.sci.waseda.ac.jp/omd/","ac.jp","http://mmdb.aori.u-tokyo.ac.jp","ac.jp","True","8.0","0.35","HIGH"
"CLRP TG-43","clrp","SAME_DOMAIN, contains","Y","2.5","Score=2.5: SAME_DOMAIN, contains","Carleton Laboratory for Radiotherapy Physics TG-43 database","https://physics.carleton.ca/clrp/egs_brachy/seed_database_v2","carleton.ca","http://physics.carleton.ca/clrp/eye_plaque_v2, http://doi.org/10.22215/clrp/EPv2","carleton.ca","True","6.0","0.51","HIGH"
"EchinoBase gene nomenclature","echinobase","SAME_DOMAIN, contains","Y","2.5","Score=2.5: SAME_DOMAIN, contains","EchinoBase gene nomenclature","https://www.echinobase.org/gene/static/geneNomenclature.jsp","echinobase.org","http://echinobase.org","echinobase.org","True","18.0","0.46","HIGH"
"RegulatorDB","regulator","db_suffix_diff, edit_dist=2, contains","Y","2.5","Score=2.5: db_suffix_diff, edit_dist=2, contains","Yeast Transcriptional Regulation Database","http://wyrickbioinfo2.smb.wsu.edu/RegulatorDB","wsu.edu","http://www.bioinformatics.org/regulator","bioinformatics.org","False","2.0","0.55","HIGH"
"IMGMD","igdd","SAME_DOMAIN, edit_dist=2","Y","2.5","Score=2.5: SAME_DOMAIN, edit_dist=2","In silico Microbial Genome-scale Metabolic Models Database","http://imgmd.jiangnan.edu.cn/database","edu.cn","http://bio.njfu.edu.cn/igdd","edu.cn","True","2.0","0.48","HIGH"
"IMDI","mmpi","SAME_DOMAIN, edit_dist=2","Y","2.5","Score=2.5: SAME_DOMAIN, edit_dist=2","Integrated Molecular Database on Indian Insects","http://cib.res.in","res.in","http://clri.res.in/subramanian/databases/mmpi/index.php","res.in","True","2.0","0.38","HIGH"
"CSNETS","ccnet","SAME_DOMAIN, edit_dist=2","Y","2.5","Score=2.5: SAME_DOMAIN, edit_dist=2","Cell-type Specific Network Tool Suite","http://bioinfo.au.tsinghua.edu.cn/jianglab/CSNETS/","edu.cn","http://structuralbiology.cau.edu.cn/gossypium","edu.cn","True","2.0","0.4","HIGH"
"BIOPEP","biopepdb","db_suffix_diff, edit_dist=2, contains","Y","2.5","Score=2.5: db_suffix_diff, edit_dist=2, contains","Bioactive Peptides Database","http://www.uwm.edu.pl/biochemia/index.php/pl/biopep","edu.pl","http://bis.zju.edu.cn/biopepdbr","edu.cn","False","2.0","0.52","HIGH"
"OCDD","rcdb","SAME_DOMAIN, edit_dist=2","Y","2.5","Score=2.5: SAME_DOMAIN, edit_dist=2","Obesity and Co-morbid Disease Database","http://www.isical.ac.in/~systemsbiology/OCDD/home.php","ac.in","http://www.juit.ac.in/attachments/jsr/rcdb/homenew.html","ac.in","True","2.0","0.47","HIGH"
"CMV Infection Database","cmvdb","SAME_DOMAIN, long_sim=1.00","Y","2.5","Score=2.5: SAME_DOMAIN, long_sim=1.00","CytoMegaloVirus Infection Database","http://shaktisahislab.com/include/CMV/","shaktisahislab.com","http://shaktisahislab.com/include/CMV/, http://weislab.com/WeiDOCK/include/content/CMV","shaktisahislab.com","True","17.0","0.55","HIGH"
"BgeeDB","bgee","db_suffix_diff, edit_dist=2, contains","Y","2.5","Score=2.5: db_suffix_diff, edit_dist=2, contains","Bgee Database","https://www.bioconductor.org/packages/BgeeDB/","bioconductor.org","http://bgee.org","bgee.org","False","2.0","0.25","HIGH"
"MAGIC","magicdb","db_suffix_diff, edit_dist=2, contains","Y","2.5","Score=2.5: db_suffix_diff, edit_dist=2, contains","Maize Gene Expression Compendium","","","http://www.tnaugenomics.com/mango/index.php","tnaugenomics.com","False","2.0","0.0","HIGH"
"MIAS","miasdb","db_suffix_diff, edit_dist=2, contains","Y","2.5","Score=2.5: db_suffix_diff, edit_dist=2, contains","Brussels Mood Inductive Audio Stories Database","","","http://47.88.84.236/Miasdb","84.236","False","2.0","0.0","HIGH"
"Score","scop","SAME_DOMAIN, edit_dist=2","Y","2.5","Score=2.5: SAME_DOMAIN, edit_dist=2","Project Score Database","https://score.depmap.sanger.ac.uk/","ac.uk","http://scop.mrc-lmb.cam.ac.uk","ac.uk","True","2.0","0.51","HIGH"
"SR4R","ic4r","SAME_DOMAIN, edit_dist=2","Y","2.5","Score=2.5: SAME_DOMAIN, edit_dist=2","SNP Resource for Rice","http://sr4r.ic4r.org/","ic4r.org","http://ic4r.org","ic4r.org","True","2.0","0.76","HIGH"
"FlyVar","ggvd","SAME_DOMAIN, long_sim=0.71","Y","2.5","Score=2.5: SAME_DOMAIN, long_sim=0.71","Drosophila Variation Database","http://www.iipl.fudan.edu.cn/FlyVar","edu.cn","http://animal.nwsuaf.edu.cn/GoatVar","edu.cn","True","5.0","0.58","HIGH"
"REFOLD","refolddb","db_suffix_diff, edit_dist=2, contains","Y","2.5","Score=2.5: db_suffix_diff, edit_dist=2, contains","Protein Refolding Database","http://refold.med.monash.edu.au","edu.au","http://p4d-info.nig.ac.jp/refolddb","ac.jp","False","2.0","0.27","HIGH"
"e-RA","ena","SAME_DOMAIN, edit_dist=2","Y","2.5","Score=2.5: SAME_DOMAIN, edit_dist=2","Electronic Rothamsted Archive","http://www.era.rothamsted.ac.uk","ac.uk","http://www.ebi.ac.uk/ena","ac.uk","True","2.0","0.42","HIGH"
"GRDR","gtr","SAME_DOMAIN, edit_dist=2","Y","2.5","Score=2.5: SAME_DOMAIN, edit_dist=2","Global Rare Diseases Registry Data Repository","https://grdr.ncats.nih.gov/index.php?option=com_content&view=article&id=3&Itemid=5","nih.gov","http://www.ncbi.nlm.nih.gov/gtr","nih.gov","True","2.0","0.53","HIGH"
"PAD","rac","SAME_DOMAIN, edit_dist=2","Y","2.5","Score=2.5: SAME_DOMAIN, edit_dist=2","Pluripotent and Differentiation Database","http://pad.victorchang.edu.au/","edu.au","http://www2.chi.unsw.edu.au/rac","edu.au","True","2.0","0.48","HIGH"
"BambooGDB SSR","bamboogdb","SAME_DOMAIN, contains","Y","2.5","Score=2.5: SAME_DOMAIN, contains","Bamboo Genome Microsatellite Database","http://www.bamboogdb.org/ssr","bamboogdb.org","http://www.bamboogdb.org/, http://www.bamboogdb.org","bamboogdb.org","True","4.0","0.53","HIGH"
"TOTDB","podb","SAME_DOMAIN, edit_dist=2","Y","2.5","Score=2.5: SAME_DOMAIN, edit_dist=2","Theileria Orientalis Transformation Database","http://totdb.czc.hokudai.ac.jp/","ac.jp","http://podb.nibb.ac.jp/Organellome","ac.jp","True","2.0","0.44","HIGH"
"CanvasDB","canvas","db_suffix_diff, edit_dist=2, contains","Y","2.5","Score=2.5: db_suffix_diff, edit_dist=2, contains","CanvasDB","","","http://ithaka.rrp.demokritos.gr/CanVaS","demokritos.gr","False","2.0","0.0","HIGH"
"GSRS","gtr","SAME_DOMAIN, edit_dist=2","Y","2.5","Score=2.5: SAME_DOMAIN, edit_dist=2","Global Substance Registration System","https://gsrs.ncats.nih.gov/app/substances","nih.gov","http://www.ncbi.nlm.nih.gov/gtr","nih.gov","True","2.0","0.45","HIGH"
"IKBKG LOVD","lovd","SAME_DOMAIN, contains","Y","2.5","Score=2.5: SAME_DOMAIN, contains","IKBKG Mutation Database","http://IKBKG.lovd.nl","lovd.nl","http://www.LOVD.nl","lovd.nl","True","6.0","0.7","HIGH"
"FGX","fgdb","SAME_DOMAIN, edit_dist=2","Y","2.5","Score=2.5: SAME_DOMAIN, edit_dist=2","Functional Genomics eXplorer","http://app1.unmc.edu/fgx/","unmc.edu","http://fgdb.unmc.edu","unmc.edu","True","2.0","0.6","HIGH"
"LARMD","lamp","SAME_DOMAIN, edit_dist=2","Y","2.5","Score=2.5: SAME_DOMAIN, edit_dist=2","Ligand-Activated Receptor Molecular Dynamics Database","http://chemyang.ccnu.edu.cn/ccb/server/LARMD/","edu.cn","http://biotechlab.fudan.edu.cn/database/lamp","edu.cn","True","2.0","0.51","HIGH"
"CAPER","aser","SAME_DOMAIN, edit_dist=2","Y","2.5","Score=2.5: SAME_DOMAIN, edit_dist=2","Chromosome-Assembled Proteome BrowserER","http://www.bprc.ac.cn/CAPE","ac.cn","http://aser.ihb.ac.cn","ac.cn","True","2.0","0.48","HIGH"
"BioSD","biosamples","SAME_DOMAIN, long_sim=1.00","Y","2.5","Score=2.5: SAME_DOMAIN, long_sim=1.00","BioSample Database","http://www.ebi.ac.uk/biosamples","ac.uk","http://www.ebi.ac.uk/biosamples, http://www.ebi.ac.uk/about/terms-of-use","ac.uk","True","6.0","0.49","HIGH"
"PCOS","pogd","SAME_DOMAIN, long_sim=0.75","Y","2.5","Score=2.5: SAME_DOMAIN, long_sim=0.75","Poaceae COSII Database","http://www.sicau.edu.cn/web/yms/PCOSWeb/PCOS.html","edu.cn","http://bioinfo.ahau.edu.cn/pogd","edu.cn","True","3.0","0.42","HIGH"
"PD2","cdd","SAME_DOMAIN, edit_dist=2","Y","2.5","Score=2.5: SAME_DOMAIN, edit_dist=2","Pharmacology Discovery 2 Database","http://www.ncats.nih.gov/expertise/preclinical/pd2","nih.gov","http://www.ncbi.nlm.nih.gov/Structure/cdd/cdd.shtml","nih.gov","True","2.0","0.43","HIGH"
"OncomiR","oncomirdb","db_suffix_diff, edit_dist=2, contains","Y","2.5","Score=2.5: db_suffix_diff, edit_dist=2, contains","OncomiR","http://www.oncomir.org","oncomir.org","http://bioinfo.au.tsinghua.edu.cn/oncomirdb/Contact","edu.cn","False","2.0","0.29","HIGH"
"InSiGHT","plsd","SAME_DOMAIN, long_sim=0.79","Y","2.5","Score=2.5: SAME_DOMAIN, long_sim=0.79","Lynch Syndrome Database","http://www.insight-group.org/mutations","insight-group.org","http://www.insight-group.org/variants/databases","insight-group.org","True","6.0","0.67","HIGH"
"UCSC Repeat Browser","ucsc genome browser","SAME_DOMAIN, long_sim=0.79","Y","2.5","Score=2.5: SAME_DOMAIN, long_sim=0.79","UCSC Repeat Browser","https://repeatbrowser.ucsc.edu","ucsc.edu","http://genome.ucsc.edu","ucsc.edu","True","5.0","0.59","HIGH"
"VEGA","ena","SAME_DOMAIN, edit_dist=2","Y","2.5","Score=2.5: SAME_DOMAIN, edit_dist=2","Vertebrate Genome Annotation Browser","http://vega.sanger.ac.uk","ac.uk","http://www.ebi.ac.uk/ena","ac.uk","True","2.0","0.47","HIGH"
"EumicrobeDBLite","otd","SAME_DOMAIN, long_sim=0.73","Y","2.5","Score=2.5: SAME_DOMAIN, long_sim=0.73","Oomycete Genomic Database Lite","http://www.eumicrobedb.org","eumicrobedb.org","http://www.eumicrobedb.org/transcripts","eumicrobedb.org","True","13.0","0.71","HIGH"
"RMDisease","endisease","SAME_DOMAIN, edit_dist=2","Y","2.5","Score=2.5: SAME_DOMAIN, edit_dist=2","RNA Modification Disease Database","http://www.xjtlu.edu.cn/biologicalsciences/rmd","edu.cn","http://bioinfo.au.tsinghua.edu.cn/endisease","edu.cn","True","2.0","0.39","HIGH"
"eHOMD","homd","edit_dist=1, contains, long_sim=0.87","Y","2.0","Score=2.0: edit_dist=1, contains, long_sim=0.87","Expanded Human Oral Microbiome Database","http://www.ehomd.org","ehomd.org","http://www.sklod.org/ombc","sklod.org","False","1.0","0.52","HIGH"
"AnnoTree","metaprox","SAME_DOMAIN","Y","2.0","Score=2.0: SAME_DOMAIN","Annotated Tree Database","http://annotree.uwaterloo.ca","uwaterloo.ca","http://metaprox.uwaterloo.ca","uwaterloo.ca","True","7.0","0.71","HIGH"
"UMD-DYSF","umd-apc","SAME_DOMAIN","Y","2.0","Score=2.0: SAME_DOMAIN","Universal Mutation Database Dysferlin","http://www.umd.be/DYSF/","umd.be","http://www.umd.be/APC","umd.be","True","4.0","0.67","HIGH"
"Phasing Server","memprotmd","SAME_DOMAIN","Y","2.0","Score=2.0: SAME_DOMAIN","Medical Sequencing Phasing Server","https://phasingserver.stats.ox.ac.uk/","ac.uk","http://memprotmd.bioch.ox.ac.uk","ac.uk","True","14.0","0.42","HIGH"
"Bio-Analytic Resource","networx","SAME_DOMAIN","Y","2.0","Score=2.0: SAME_DOMAIN","Bio-Analytic Resource for Plant Biology","http://bar.utoronto.ca","utoronto.ca","http://ophid.utoronto.ca/networx","utoronto.ca","True","17.0","0.6","HIGH"
"EGFR Mutant Structural Database","crustf","SAME_DOMAIN","Y","2.0","Score=2.0: SAME_DOMAIN","EGFR Mutant Structural Database","http://bcc.ee.cityu.edu.hk/data/EGFR.html","edu.hk","http://qinlab.sls.cuhk.edu.hk/CrusTF","edu.hk","True","27.0","0.48","HIGH"
"PlantPepDB","dbtflc","SAME_DOMAIN","Y","2.0","Score=2.0: SAME_DOMAIN","Plant Peptide Database","http://www.nipgr.ac.in/PlantPepDB/","ac.in","http://www.vit.ac.in/files/database/Home.php","ac.in","True","9.0","0.36","HIGH"
"lncRNAKB","lncrnadb","edit_dist=1, url_path_sim=0.92","Y","2.0","Score=2.0: edit_dist=1, url_path_sim=0.92","Long Non-coding RNA Knowledgebase","http://www.lncrnakb.org/","lncrnakb.org","http://lncrnadb.org","lncrnadb.org","False","1.0","0.92","HIGH"
"NAChRDB","channelsdb","SAME_DOMAIN","Y","2.0","Score=2.0: SAME_DOMAIN","Nicotinic Acetylcholine Receptor Database","https://crocodile.ncbr.muni.cz/Apps/NAChRDB/","muni.cz","http://ncbr.muni.cz/ChannelsDB","muni.cz","True","7.0","0.59","HIGH"
"KMD","nabic","SAME_DOMAIN","Y","2.0","Score=2.0: SAME_DOMAIN","Korean Mutation Database","http://kmd.cdc.go.kr","go.kr","http://nabic.rda.go.kr/DNAchip","go.kr","True","5.0","0.39","HIGH"
"PKMiner","horse single nucleotide polymorphism and expression database","SAME_DOMAIN","Y","2.0","Score=2.0: SAME_DOMAIN","PKMiner Database","http://pks.kaist.ac.kr/pkminer","ac.kr","http://snugenome2.snu.ac.kr/HSDB","ac.kr","True","54.0","0.42","HIGH"
"Gene Expression Commons","rmdb","SAME_DOMAIN","Y","2.0","Score=2.0: SAME_DOMAIN","Gene Expression Commons","https://gexc.stanford.edu/","stanford.edu","http://rmdb.stanford.edu","stanford.edu","True","21.0","0.76","HIGH"
"ExpEdit","spliceaid-f","SAME_DOMAIN","Y","2.0","Score=2.0: SAME_DOMAIN","RNA Editing Explorer","http://www.caspur.it/ExpEdit/","caspur.it","http://www.caspur.it/SpliceAidF","caspur.it","True","9.0","0.65","HIGH"
"The Lair","mesocosm","SAME_DOMAIN","Y","2.0","Score=2.0: SAME_DOMAIN","The Lair RNA-Seq Resource","http://pachterlab.github.io/lair","github.io","http://aliayadi.github.io/MESOCOSM-database","github.io","True","8.0","0.49","HIGH"
"SpinCouple","pubchemqc","SAME_DOMAIN","Y","2.0","Score=2.0: SAME_DOMAIN","Spin Coupling NMR Database","http://emar.riken.jp/spincpl","riken.jp","http://pubchemqc.riken.jp","riken.jp","True","8.0","0.56","HIGH"
"Sex-Linked Cancer","mesocosm","SAME_DOMAIN","Y","2.0","Score=2.0: SAME_DOMAIN","Sex-Linked Molecular Alterations Database","http://becklab.github.io/SexLinked","github.io","http://aliayadi.github.io/MESOCOSM-database","github.io","True","15.0","0.48","HIGH"
"Drug Target Ontology","phare-kb","SAME_DOMAIN","Y","2.0","Score=2.0: SAME_DOMAIN","Drug Target Ontology","http://bioportal.bioontology.org/ontologies/DTO","bioontology.org","http://purl.bioontology.org/ontology/PHARE","bioontology.org","True","17.0","0.75","HIGH"
"Mouse Quantitative Proteomics Knowledgebase","mrmassaydb","SAME_DOMAIN","Y","2.0","Score=2.0: SAME_DOMAIN","Mouse Quantitative Proteomics Knowledgebase","http://mousequapro.proteincentre.com","proteincentre.com","http://mrmassaydb.proteincentre.com","proteincentre.com","True","37.0","0.74","HIGH"
"Microbiome Search Engine","synbiolgdb","SAME_DOMAIN","Y","2.0","Score=2.0: SAME_DOMAIN","Microbiome Search Engine","http://mse.ac.cn","ac.cn","http://bioinformatics.ac.cn/synbiolgdb","ac.cn","True","20.0","0.4","HIGH"
"IARC TP53 Database","eco","SAME_DOMAIN","Y","2.0","Score=2.0: SAME_DOMAIN","IARC TP53 Database","http://p53.iarc.fr","iarc.fr","http://eco.iarc.fr","iarc.fr","True","17.0","0.73","HIGH"
"Disease associated cytokine SNPs database","express","SAME_DOMAIN","Y","2.0","Score=2.0: SAME_DOMAIN","Cytokine SNPs Database","http://www.iupui.edu/~cytosnp","iupui.edu","http://www.iupui.edu/ÃÂÃÂ¢ÃÂÃÂÃÂÃÂÃÂÃÂÃÂÃÂÃÂÃÂÃÂÃÂ¬ÃÂÃÂÃÂÃÂÃÂÃÂ¢ÃÂÃÂÃÂÃÂÃÂÃÂÃÂÃÂÃÂÃÂÃÂÃÂ¬ÃÂÃÂÃÂÃÂÃÂÃÂ¢ÃÂÃÂÃÂÃÂÃÂÃÂÃÂÃÂÃÂÃÂÃÂÃÂ¬ÃÂÃÂÃÂÃÂÃÂÃÂ¢ÃÂÃÂÃÂÃÂÃÂÃÂÃÂÃÂÃÂÃÂÃÂÃÂ¬ÃÂÃÂÃÂÃÂ","iupui.edu","True","37.0","0.06","HIGH"
"PMC BioC","tbpp","SAME_DOMAIN","Y","2.0","Score=2.0: SAME_DOMAIN","PMC Text Mining Subset","https://www.ncbi.nlm.nih.gov/research/bionlp/APIs/BioC-PMC/","nih.gov","http://TBPortals.niaid.nih.gov","nih.gov","True","7.0","0.32","HIGH"
"Cancer Proteomics Database","cdp","SAME_DOMAIN","Y","2.0","Score=2.0: SAME_DOMAIN","Cancer Proteomics Database","http://cancerproteomics.uio.no","uio.no","http://celldeathproteomics.uio.no","uio.no","True","24.0","0.78","HIGH"
"Proteins API","memprotmd","SAME_DOMAIN","Y","2.0","Score=2.0: SAME_DOMAIN","Proteins API","http://www.ebi.ac.uk/proteins/api/doc","ac.uk","http://memprotmd.bioch.ox.ac.uk","ac.uk","True","11.0","0.36","HIGH"
"RAMP-DB","hbfp","SAME_DOMAIN","Y","2.0","Score=2.0: SAME_DOMAIN","RNA and Metabolic Pathways Database","https://ramp-db.bmi.osumc.edu","osumc.edu","http://bmbl.bmi.osumc.edu/HBFP","osumc.edu","True","6.0","0.73","HIGH"
"BastionHub","kinetochoredb","SAME_DOMAIN","Y","2.0","Score=2.0: SAME_DOMAIN","Bacterial Secreted Substrates Hub","http://bastionhub.erc.monash.edu/","monash.edu","http://lightning.med.monash.edu/kinetochoreDB2","monash.edu","True","10.0","0.5","HIGH"
"TMalphaDB","invfest","SAME_DOMAIN","Y","2.0","Score=2.0: SAME_DOMAIN","Transmembrane Alpha Database","http://lmc.uab.cat/TMalphaDB","uab.cat","http://invfestdb.uab.cat","uab.cat","True","9.0","0.42","HIGH"
"BAO","phare-kb","SAME_DOMAIN","Y","2.0","Score=2.0: SAME_DOMAIN","BioAssay Ontology","http://bioportal.bioontology.org/ontologies/44531","bioontology.org","http://purl.bioontology.org/ontology/PHARE","bioontology.org","True","7.0","0.73","HIGH"
"KTCNlncDB","linkprot","SAME_DOMAIN","Y","2.0","Score=2.0: SAME_DOMAIN","Keratoconus lncRNA Database","http://rhesus.amu.edu.pl/KTCNlncDB/","edu.pl","http://linkprot.cent.uw.edu.pl","edu.pl","True","8.0","0.4","HIGH"
"ARGs-OAP","cr2cancer","SAME_DOMAIN","Y","2.0","Score=2.0: SAME_DOMAIN","Antibiotic Resistance Genes Online Analysis Pipeline","http://smile.hku.hk/SARGs","hku.hk","http://cis.hku.hk/CR2Cancer","hku.hk","True","8.0","0.58","HIGH"
"Cardiomyocyte 2D Database","morusdb","SAME_DOMAIN","Y","2.0","Score=2.0: SAME_DOMAIN","Neonatal Rat Cardiomyocyte Proteome Database","http://2d.bjmu.edu.cn","edu.cn","http://morus.swu.edu.cn/morusdb","edu.cn","True","21.0","0.47","HIGH"
"MoSys","commode","SAME_DOMAIN","Y","2.0","Score=2.0: SAME_DOMAIN","Molecular Systems Biology Platform","http://www.univie.ac.at/mosys/databases.html","ac.at","http://commode.i-med.ac.at","ac.at","True","6.0","0.31","HIGH"
"BCAPE","memprotmd","SAME_DOMAIN","Y","2.0","Score=2.0: SAME_DOMAIN","Breast Cancer Patient-Derived Explants","http://caldaslab.cruk.cam.ac.uk/bcape","ac.uk","http://memprotmd.bioch.ox.ac.uk","ac.uk","True","8.0","0.3","HIGH"
"Diatom Portal","mediadb","SAME_DOMAIN","Y","2.0","Score=2.0: SAME_DOMAIN","Diatom Transcriptome Portal","http://networks.systemsbiology.net/diatom-portal/","systemsbiology.net","http://mediadb.systemsbiology.net","systemsbiology.net","True","12.0","0.6","HIGH"
"Parkinson's Disease DNA Variant Browser","linps","SAME_DOMAIN","Y","2.0","Score=2.0: SAME_DOMAIN","Parkinson's Disease DNA Variant Browser","https://pdgenetics.shinyapps.io/VariantBrowser/","shinyapps.io","http://mahshaaban.shinyapps.io/LINPSAPP","shinyapps.io","True","36.0","0.46","HIGH"
"VariSNP","varibench","SAME_DOMAIN","Y","2.0","Score=2.0: SAME_DOMAIN","VariSNP Benchmark Database","http://structure.bmc.lu.se/VariSNP","lu.se","http://structure.bmc.lu.se/VariBench/, http://structure.bmc.lu.se/VariBench","lu.se","True","4.0","0.55","HIGH"
"Plant IsomiR Atlas","ddtrp","SAME_DOMAIN","Y","2.0","Score=2.0: SAME_DOMAIN","Plant IsomiR Atlas","http://www.mcr.org.in/isomir","org.in","http://bmi.icmr.org.in/DDTRP","org.in","True","16.0","0.63","HIGH"
"PharmMapper","morusdb","SAME_DOMAIN","Y","2.0","Score=2.0: SAME_DOMAIN","Target Pharmacophore Database","http://lilab.ecust.edu.cn/pharmmapper/","edu.cn","http://morus.swu.edu.cn/morusdb","edu.cn","True","10.0","0.41","HIGH"
"AlzPlatform","stemcellckb","SAME_DOMAIN","Y","2.0","Score=2.0: SAME_DOMAIN","Alzheimer Disease Chemogenomics Knowledgebase","http://www.cbligand.org/AD/","cbligand.org","http://www.cbligand.org/StemCellCKB","cbligand.org","True","11.0","0.67","HIGH"
"IS-Dom","oryzapg","SAME_DOMAIN","Y","2.0","Score=2.0: SAME_DOMAIN","Independent Structural Domains Dataset","http://domserv.lab.tuat.ac.jp/IS-Dom.html","ac.jp","http://oryzapg.iab.keio.ac.jp","ac.jp","True","7.0","0.43","HIGH"
"C-It-Loci","renaldb","SAME_DOMAIN","Y","2.0","Score=2.0: SAME_DOMAIN","Context-specific Tissue-enriched Loci Database","http://c-it-loci.uni-frankfurt.de","uni-frankfurt.de","http://renaldb.uni-frankfurt.de","uni-frankfurt.de","True","8.0","0.72","HIGH"
"GPCR-HetNet","odcs","SAME_DOMAIN","Y","2.0","Score=2.0: SAME_DOMAIN","G Protein-Coupled Receptor Heterodimer Network","http://www.iiia.csic.es/~ismel/GPCR-Nets/index.html","csic.es","http://csbg.cnb.csic.es/odcs","csic.es","True","10.0","0.4","HIGH"
"COMBAT-TB-NeoDB","hcvpro","SAME_DOMAIN","Y","2.0","Score=2.0: SAME_DOMAIN","Computational Biology and Mycobacterial Tuberculosis Neo4j Database","https://neodb.sanbi.ac.za","ac.za","http://apps.sanbi.ac.za/hcvpro/, http://cbrc.kaust.edu.sa/hcvpro","ac.za","True","14.0","0.32","HIGH"
"FusionHub","swmd","SAME_DOMAIN","Y","2.0","Score=2.0: SAME_DOMAIN","Gene Fusion Hub","https://fusionhub.persistent.co.in","co.in","http://www.swmd.co.in","co.in","True","8.0","0.39","HIGH"
"UCbase","mdp","SAME_DOMAIN","Y","2.0","Score=2.0: SAME_DOMAIN","Ultraconserved Sequences Database","http://ucbase.unimore.it","unimore.it","http://mdp.unimore.it","unimore.it","True","6.0","0.71","HIGH"
"miRSystem","ym500","SAME_DOMAIN","Y","2.0","Score=2.0: SAME_DOMAIN","MicroRNA System","http://mirsystem.cgm.ntu.edu.tw/","edu.tw","http://ngs.ym.edu.tw/ym500","edu.tw","True","8.0","0.37","HIGH"
"DMTO","phare-kb","SAME_DOMAIN","Y","2.0","Score=2.0: SAME_DOMAIN","Diabetes Mellitus Treatment Ontology","http://bioportal.bioontology.org/ontologies/DMTO","bioontology.org","http://purl.bioontology.org/ontology/PHARE","bioontology.org","True","8.0","0.74","HIGH"
"ClimCKmap","mu3d","SAME_DOMAIN","Y","2.0","Score=2.0: SAME_DOMAIN","Climate Italian Fauna Distribution Map","http://hdl.handle.net/21.11125/a91f85cb-befd-4e14-8e83-24f17c4a0491","handle.net","http://hdl.handle.net/2374.MIA/6067","handle.net","True","8.0","0.43","HIGH"
"mds_ies_db","immunet","SAME_DOMAIN","Y","2.0","Score=2.0: SAME_DOMAIN","Macronuclear Destined Sequence Internally Eliminated Sequence Database","http://oxytricha.princeton.edu/mds_ies_db","princeton.edu","http://immunet.princeton.edu","princeton.edu","True","9.0","0.55","HIGH"
"Badger","memprotmd","SAME_DOMAIN","Y","2.0","Score=2.0: SAME_DOMAIN","Bacterial and Archaeal Database with Genome Exploration Resource","http://badger.bio.ed.ac.uk/","ac.uk","http://memprotmd.bioch.ox.ac.uk","ac.uk","True","9.0","0.56","HIGH"
"HCOP","hgnc","SAME_DOMAIN","Y","2.0","Score=2.0: SAME_DOMAIN","HGNC Comparison of Orthology Predictions","https://vertebrate.genenames.org","genenames.org","http://www.genenames.org","genenames.org","True","3.0","0.7","HIGH"
"Pogona Genome","agriseqdb","SAME_DOMAIN","Y","2.0","Score=2.0: SAME_DOMAIN","Australian Dragon Lizard Genome Database","https://genomics.canberra.edu.au","edu.au","http://expression.latrobe.edu.au/agriseqdb","edu.au","True","11.0","0.41","HIGH"
"lncRNA-disease association resource","synbiolgdb","SAME_DOMAIN","Y","2.0","Score=2.0: SAME_DOMAIN","lncRNA-Disease Association Database","http://asdcd.amss.ac.cn/Software/Details/2","ac.cn","http://bioinformatics.ac.cn/synbiolgdb","ac.cn","True","32.0","0.39","HIGH"
"CoffeebEST","btoxdb","SAME_DOMAIN","Y","2.0","Score=2.0: SAME_DOMAIN","Coffee Expressed Sequence Tag Database","http://bioinfo-02.cp.utfpr.edu.br/","edu.br","http://www.gurupi.uft.edu.br/btoxdb","edu.br","True","9.0","0.44","HIGH"
"imiRTP","morusdb","SAME_DOMAIN","Y","2.0","Score=2.0: SAME_DOMAIN","Arabidopsis miRNA-Target Prediction Database","http://admis.fudan.edu.cn/projects/imiRTP.htm","edu.cn","http://morus.swu.edu.cn/morusdb","edu.cn","True","6.0","0.45","HIGH"
"PNB Valid","horse single nucleotide polymorphism and expression database","SAME_DOMAIN","Y","2.0","Score=2.0: SAME_DOMAIN","MRM-MS Assay Validation Portal","https://pnbvalid.snu.ac.kr","ac.kr","http://snugenome2.snu.ac.kr/HSDB","ac.kr","True","55.0","0.51","HIGH"
"LM-GlycomeAtlas","glycopost","SAME_DOMAIN","Y","2.0","Score=2.0: SAME_DOMAIN","Lectin Microarray Glycome Atlas","https://glycosmos.org/lm_glycomeatlas/index","glycosmos.org","http://glycopost.glycosmos.org","glycosmos.org","True","9.0","0.45","HIGH"
"DCB","escape","SAME_DOMAIN","Y","2.0","Score=2.0: SAME_DOMAIN","Drug Cell-line Browser","http://www.maayanlab.net/LINCS/DCB","maayanlab.net","http://www.maayanlab.net/ESCAPE","maayanlab.net","True","5.0","0.7","HIGH"
"miRAtlas","memprotmd","SAME_DOMAIN","Y","2.0","Score=2.0: SAME_DOMAIN","MicroRNA Atlas","http://wwwdev.ebi.ac.uk/enright-dev/miratlas","ac.uk","http://memprotmd.bioch.ox.ac.uk","ac.uk","True","7.0","0.33","HIGH"
"EU COVID-19 Diagnostics","jrc gmo-amplicons","SAME_DOMAIN","Y","2.0","Score=2.0: SAME_DOMAIN","EU COVID-19 Diagnostics Collection","https://covid-19-diagnostics.jrc.ec.europa.eu/","europa.eu","http://gmo-crl.jrc.ec.europa.eu/jrcgmoamplicons","europa.eu","True","18.0","0.47","HIGH"
"AIM","i5k","SAME_DOMAIN","Y","2.0","Score=2.0: SAME_DOMAIN","Arabidopsis Interactome Module Database","http://probes.pw.usda.gov/AIM","usda.gov","http://i5k.nal.usda.gov","usda.gov","True","3.0","0.53","HIGH"
"LGEA","cressint","SAME_DOMAIN","Y","2.0","Score=2.0: SAME_DOMAIN","Lung Gene Expression Analysis","http://research.cchmc.org/pbge/lunggens/mainportal.html","cchmc.org","http://cressint.cchmc.org","cchmc.org","True","7.0","0.39","HIGH"
"miRror","tissuenet","SAME_DOMAIN","Y","2.0","Score=2.0: SAME_DOMAIN","miRror","http://www.mirrorsuite.cs.huji.ac.il","ac.il","http://netbio.bgu.ac.il/tissuenet","ac.il","True","8.0","0.35","HIGH"
"UniBind","cdp","SAME_DOMAIN","Y","2.0","Score=2.0: SAME_DOMAIN","Unified Transcription Factor Binding Database","http://unibind.uio.no","uio.no","http://celldeathproteomics.uio.no","uio.no","True","7.0","0.4","HIGH"
"Glutantβase","propedia","SAME_DOMAIN","Y","2.0","Score=2.0: SAME_DOMAIN","Glucose-Tolerant Beta-Glucosidase Database","http://bioinfo.dcc.ufmg.br/glutantbase","ufmg.br","http://bioinfo.dcc.ufmg.br/propedia","ufmg.br","True","10.0","0.71","HIGH"
"miRNA Target Guide","plsdb","SAME_DOMAIN","Y","2.0","Score=2.0: SAME_DOMAIN","microRNA Target Prediction Guide","https://www.ccb.uni-saarland.de/mtguide","uni-saarland.de","http://ccb-microbe.cs.uni-saarland.de/plsdb","uni-saarland.de","True","17.0","0.67","HIGH"
"PRO","snp2structure","SAME_DOMAIN","Y","2.0","Score=2.0: SAME_DOMAIN","Protein Ontology","http://pir.georgetown.edu/pro/","georgetown.edu","http://apps.icbi.georgetown.edu/snp2structure","georgetown.edu","True","11.0","0.67","HIGH"
"CancerCoCoPUTs","eadb","SAME_DOMAIN","Y","2.0","Score=2.0: SAME_DOMAIN","Cancer Codon Pair Usage Table Database","https://dnahive.fda.gov/review/cancercocoputs/","fda.gov","http://www.fda.gov/ScienceResearch/BioinformaticsTools/EstrogenicActivityDatabaseEADB/default.htm","fda.gov","True","13.0","0.33","HIGH"
"VAS","skmdb","SAME_DOMAIN","Y","2.0","Score=2.0: SAME_DOMAIN","Variant Annotation System","https://yiplab.cse.cuhk.edu.hk/vas/","edu.hk","http://sunlab.cpy.cuhk.edu.hk/SKmDB","edu.hk","True","5.0","0.7","HIGH"
"CPT Galaxy","rnaseqmetadb","SAME_DOMAIN","Y","2.0","Score=2.0: SAME_DOMAIN","Center for Phage Technology Galaxy","https://cpt.tamu.edu/galaxy-pub","tamu.edu","http://rnaseqmetadb.ece.tamu.edu","tamu.edu","True","11.0","0.42","HIGH"
"AVIA","non-b","SAME_DOMAIN","Y","2.0","Score=2.0: SAME_DOMAIN","Annotation and Visualization of Integrated Analysis","https://avia-abcc.ncifcrf.gov","ncifcrf.gov","http://nonb.abcc.ncifcrf.gov","ncifcrf.gov","True","5.0","0.76","HIGH"
"Yeast re-annotation resource","morusdb","SAME_DOMAIN","Y","2.0","Score=2.0: SAME_DOMAIN","Saccharomyces cerevisiae Re-annotation Resource","http://cobi.uestc.edu.cn/services/yeast/","edu.cn","http://morus.swu.edu.cn/morusdb","edu.cn","True","25.0","0.43","HIGH"
"ADMO","bioportal","SAME_DOMAIN","Y","2.0","Score=2.0: SAME_DOMAIN","Alzheimer's Disease Map Ontology","http://bioportal.bioontology.org/ontologies/ADMO","bioontology.org","http://sparql.bioontology.org","bioontology.org","True","8.0","0.6","HIGH"
"QueryOR","myodata","SAME_DOMAIN","Y","2.0","Score=2.0: SAME_DOMAIN","QueryOR","http://queryor.cribi.unipd.it/","unipd.it","http://myodata.bio.unipd.it","unipd.it","True","7.0","0.67","HIGH"
"Synteny Portal","bee","SAME_DOMAIN","Y","2.0","Score=2.0: SAME_DOMAIN","Synteny Portal","http://bioinfo.konkuk.ac.kr/synteny_portal","ac.kr","http://bike-bee.snu.ac.kr","ac.kr","True","13.0","0.38","HIGH"
"BraInMap","hotresdb","SAME_DOMAIN","Y","2.0","Score=2.0: SAME_DOMAIN","Brain Interactome Map","https://www.bu.edu/dbin/cnsb/mousebrain/","bu.edu","http://hotresdb.bu.edu","bu.edu","True","8.0","0.29","HIGH"
"S. mansoni lncRNA Atlas","eimeriatdb","SAME_DOMAIN","Y","2.0","Score=2.0: SAME_DOMAIN","Schistosoma mansoni Long Non-Coding RNA Atlas","http://verjolab.usp.br","usp.br","http://www.coccidia.icb.usp.br/eimeriatdb","usp.br","True","19.0","0.44","HIGH"
"brain-coX","suba3","SAME_DOMAIN","Y","2.0","Score=2.0: SAME_DOMAIN","Brain Co-Expression Explorer","http://shiny.bioinf.wehi.edu.au/freytag.s/","edu.au","http://suba.plantenergy.uwa.edu.au","edu.au","True","9.0","0.39","HIGH"
"ChloroMitoSSRDB","andb","SAME_DOMAIN","Y","2.0","Score=2.0: SAME_DOMAIN","Chloroplast and Mitochondrial Simple Sequence Repeat Database","http://www.mcr.org.in/chloromitossrdb","org.in","http://arecanut.icmr.org.in","org.in","True","13.0","0.39","HIGH"
"ConsRM","morusdb","SAME_DOMAIN","Y","2.0","Score=2.0: SAME_DOMAIN","Conserved RNA Methylation Sites Collection","https://www.xjtlu.edu.cn/biologicalsciences/con","edu.cn","http://morus.swu.edu.cn/morusdb","edu.cn","True","5.0","0.34","HIGH"
"CREST","csf-pr","SAME_DOMAIN","Y","2.0","Score=2.0: SAME_DOMAIN","Classification Resources for Environmental Sequence Tags","http://apps.cbu.uib.no/crest","uib.no","http://probe.uib.no/csf-pr","uib.no","True","5.0","0.6","HIGH"
"ANNA","morusdb","SAME_DOMAIN","Y","2.0","Score=2.0: SAME_DOMAIN","Angiosperm NLR Atlas","https://biobigdata.nju.edu.cn/ANNA/","edu.cn","http://morus.swu.edu.cn/morusdb","edu.cn","True","7.0","0.44","HIGH"
"Lancaster Sensorimotor Norms","memprotmd","SAME_DOMAIN","Y","2.0","Score=2.0: SAME_DOMAIN","Lancaster Sensorimotor Norms","https://www.lancaster.ac.uk/psychology/lsnorms/","ac.uk","http://memprotmd.bioch.ox.ac.uk","ac.uk","True","23.0","0.24","HIGH"
"Autworks","dbmae","SAME_DOMAIN","Y","2.0","Score=2.0: SAME_DOMAIN","Autism Network Biology Application","http://autworks.hms.harvard.edu/","harvard.edu","http://mae.hms.harvard.edu","harvard.edu","True","8.0","0.79","HIGH"
"Taxallnomy","propedia","SAME_DOMAIN","Y","2.0","Score=2.0: SAME_DOMAIN","Taxonomic Tree Extension","http://bioinfo.icb.ufmg.br/taxallnomy","ufmg.br","http://bioinfo.dcc.ufmg.br/propedia","ufmg.br","True","10.0","0.66","HIGH"
"PROTICdb","peroxibase","SAME_DOMAIN","Y","2.0","Score=2.0: SAME_DOMAIN","Proteomic Database","http://moulon.inra.fr/protic/public","inra.fr","http://peroxibase.toulouse.inra.fr","inra.fr","True","6.0","0.44","HIGH"
"CSTEA","ppim","SAME_DOMAIN","Y","2.0","Score=2.0: SAME_DOMAIN","Cell State Transition Expression Atlas","http://comp-sysbio.org/cstea/","comp-sysbio.org","http://comp-sysbio.org/ppim","comp-sysbio.org","True","5.0","0.78","HIGH"
"NURSA","transcriptomine","SAME_DOMAIN","Y","2.0","Score=2.0: SAME_DOMAIN","Nuclear Receptor Signaling Atlas","http://www.nursa.org","nursa.org","http://www.nursa.org/transcriptomine","nursa.org","True","13.0","0.53","HIGH"
"3Disease Browser","morusdb","SAME_DOMAIN","Y","2.0","Score=2.0: SAME_DOMAIN","3D Genome Disease Browser","http://3dgb.cbi.pku.edu.cn/disease/","edu.cn","http://morus.swu.edu.cn/morusdb","edu.cn","True","14.0","0.43","HIGH"
"Structure-PPi","firedb","SAME_DOMAIN","Y","2.0","Score=2.0: SAME_DOMAIN","Structure Protein-Protein Interface","http://structureppi.bioinfo.cnio.es/Structure","cnio.es","http://firedb.bioinfo.cnio.es","cnio.es","True","11.0","0.6","HIGH"
"BioGraph","camurweb","SAME_DOMAIN","Y","2.0","Score=2.0: SAME_DOMAIN","Bioinformatics Graph Database","http://biograph.pa.icar.cnr.it","cnr.it","http://bioinformatics.iasi.cnr.it/camurweb","cnr.it","True","7.0","0.52","HIGH"
"Cell-culture Database","tami","SAME_DOMAIN","Y","2.0","Score=2.0: SAME_DOMAIN","Cell Culture Database","http://cell-lines.toku-e.com/","toku-e.com","http://antibiotics.toku-e.com","toku-e.com","True","19.0","0.6","HIGH"
"VICTOR","bacdive","SAME_DOMAIN","Y","2.0","Score=2.0: SAME_DOMAIN","Virus Classification and Tree Building Online Resource","https://victor.dsmz.de","dsmz.de","http://bacdive.dsmz.de","dsmz.de","True","6.0","0.62","HIGH"
"World Spider Trait database","channelsdb","SAME_DOMAIN","Y","2.0","Score=2.0: SAME_DOMAIN","World Spider Trait Database","https://spidertraits.sci.muni.cz/","muni.cz","http://ncbr.muni.cz/ChannelsDB","muni.cz","True","24.0","0.38","HIGH"
"SG-ADVISER mtDNA","isometlin","SAME_DOMAIN","Y","2.0","Score=2.0: SAME_DOMAIN","Scripps Genome Annotation and Distributed Variant Interpretation Server for Mitochondrial DNA","https://genomics.scripps.edu/mtdna","scripps.edu","http://isometlin.scripps.edu","scripps.edu","True","13.0","0.64","HIGH"
"CSI NGS Portal","cube-db","SAME_DOMAIN","Y","2.0","Score=2.0: SAME_DOMAIN","Computational Systems and Informatics NGS Portal","https://csibioinfo.nus.edu.sg/csingsportal","edu.sg","http://epsf.bmad.bii.a-star.edu.sg/cube/db/html/home.html","edu.sg","True","13.0","0.43","HIGH"
"CAT","redoxdb","SAME_DOMAIN","Y","2.0","Score=2.0: SAME_DOMAIN","Crustacean Annotated Transcriptome","http://cat.sls.cuhk.edu.hk/","edu.hk","http://biocomputer.bio.cuhk.edu.hk/RedoxDB","edu.hk","True","7.0","0.56","HIGH"
"Cov19VaxKB","virmugendb","SAME_DOMAIN","Y","2.0","Score=2.0: SAME_DOMAIN","COVID-19 Vaccine Knowledge Base","http://www.violinet.org/cov19vaxkb/","violinet.org","http://www.violinet.org/virmugendb","violinet.org","True","9.0","0.65","HIGH"
"CCPN Metabolomics","memprotmd","SAME_DOMAIN","Y","2.0","Score=2.0: SAME_DOMAIN","CCPN Metabolomics Database","http://www.ccpn.ac.uk/metabolomics/","ac.uk","http://memprotmd.bioch.ox.ac.uk","ac.uk","True","13.0","0.3","HIGH"
"GESS","pdmethdb","SAME_DOMAIN","Y","2.0","Score=2.0: SAME_DOMAIN","Global Evaluation of SARS-CoV-2 Sequences Database","https://wan-bioinfo.shinyapps.io/GESS/","shinyapps.io","http://ageing.shinyapps.io/pdmethdb","shinyapps.io","True","7.0","0.63","HIGH"
"StreptomycesInforSys","birs","SAME_DOMAIN","Y","2.0","Score=2.0: SAME_DOMAIN","Streptomyces Information System","http://www.sis.biowaves.org","biowaves.org","http://www.bioterrorism.biowaves.org","biowaves.org","True","17.0","0.73","HIGH"
"MotifMap","hexevent","SAME_DOMAIN","Y","2.0","Score=2.0: SAME_DOMAIN","Regulatory Motif Map","http://motifmap.igb.uci.edu/","uci.edu","http://hexevent.mmg.uci.edu","uci.edu","True","8.0","0.55","HIGH"
"GlycomeAtlas","oryzapg","SAME_DOMAIN","Y","2.0","Score=2.0: SAME_DOMAIN","Glycome Atlas","http://www.rings.t.soka.ac.jp/GlycomeAtlas/GUI.html","ac.jp","http://oryzapg.iab.keio.ac.jp","ac.jp","True","10.0","0.32","HIGH"
"BaMBa","atlast4ss","SAME_DOMAIN","Y","2.0","Score=2.0: SAME_DOMAIN","Brazilian Marine Biodiversity","https://marinebiodiversity.lncc.br","lncc.br","http://www.t4ss.lncc.br","lncc.br","True","8.0","0.47","HIGH"
"Shanghai 4S","pachin","SAME_DOMAIN","Y","2.0","Score=2.0: SAME_DOMAIN","Shanghai Stroke Service System","http://www.clinicaltrials.gov","clinicaltrials.gov","http://clinicaltrials.gov/ct2/show/record/NCT04675918?cond=pediatric+cardiac+arrest&draw=2&rank=10","clinicaltrials.gov","True","8.0","0.56","HIGH"
"OWB Map","porcine translational research database","SAME_DOMAIN","Y","2.0","Score=2.0: SAME_DOMAIN","Oregon Wolfe Barley Map","http://wheat.pw.usda.gov/ggpages/maps/OWB/","usda.gov","http://www.ars.usda.gov/Services/docs.htm?docid=6065","usda.gov","True","36.0","0.47","HIGH"
"XCMS-MRM","isometlin","SAME_DOMAIN","Y","2.0","Score=2.0: SAME_DOMAIN","XCMS Multiple Reaction Monitoring","http://xcmsonline-mrm.scripps.edu/","scripps.edu","http://isometlin.scripps.edu","scripps.edu","True","8.0","0.72","HIGH"
"O-GlcNAcome","rgd","SAME_DOMAIN","Y","2.0","Score=2.0: SAME_DOMAIN","O-GlcNAcylation Database","http://www.oglcnac.mcw.edu","mcw.edu","http://rgd.mcw.edu","mcw.edu","True","10.0","0.69","HIGH"
"QuartataWeb","ignm","SAME_DOMAIN","Y","2.0","Score=2.0: SAME_DOMAIN","Quartata Web","http://quartata.csb.pitt.edu","pitt.edu","http://gnmdb.csb.pitt.edu","pitt.edu","True","11.0","0.67","HIGH"
"CausalTAB","mesocosm","SAME_DOMAIN","Y","2.0","Score=2.0: SAME_DOMAIN","Causal Interaction Format","https://psicquic.github.io/","github.io","http://aliayadi.github.io/MESOCOSM-database","github.io","True","8.0","0.44","HIGH"
"sAOP","hemaexplorer","SAME_DOMAIN","Y","2.0","Score=2.0: SAME_DOMAIN","Systems Adverse Outcome Pathway","http://saop.cpr.ku.dk","ku.dk","http://servers.binf.ku.dk/hemaexplorer","ku.dk","True","10.0","0.36","HIGH"
"RepetDB","peroxibase","SAME_DOMAIN","Y","2.0","Score=2.0: SAME_DOMAIN","Repetitive Element Database","urgi.versailles.inra.fr/repetdb","inra.fr","http://peroxibase.toulouse.inra.fr","inra.fr","True","8.0","0.45","HIGH"
"RegulomePA","twinsmx","SAME_DOMAIN","Y","2.0","Score=2.0: SAME_DOMAIN","Pseudomonas aeruginosa Regulome Database","http://www.regulome.pcyt.unam.mx","unam.mx","http://twinsmxofficial.unam.mx","unam.mx","True","9.0","0.41","HIGH"
"Worldwide Protein Data Bank","wwpdb","SAME_DOMAIN","Y","2.0","Score=2.0: SAME_DOMAIN","Worldwide Protein Data Bank","https://www.wwpdb.org/","wwpdb.org","http://validate.wwpdb.org","wwpdb.org","True","22.0","0.67","HIGH"
"Phenopolis","mesocosm","SAME_DOMAIN","Y","2.0","Score=2.0: SAME_DOMAIN","Phenotype-Genotype Database","https://phenopolis.github.io","github.io","http://aliayadi.github.io/MESOCOSM-database","github.io","True","7.0","0.43","HIGH"
"Kelp Forest Database","ucsc genome browser","SAME_DOMAIN","Y","2.0","Score=2.0: SAME_DOMAIN","Kelp Forest Ecological Network Database","http://kelpforest.ucsc.edu/","ucsc.edu","http://genome.ucsc.edu","ucsc.edu","True","17.0","0.71","HIGH"
"CR10","uncleprot","SAME_DOMAIN","Y","2.0","Score=2.0: SAME_DOMAIN","Cosmic Radiation Measurements Database","http://cr10.odz.ujf.cas.cz","cas.cz","http://barley.gambrinus.ueb.cas.cz","cas.cz","True","7.0","0.48","HIGH"
"KMAP","deop","SAME_DOMAIN","Y","2.0","Score=2.0: SAME_DOMAIN","KAUST Metagenomic Analysis Platform","https://www.cbrc.kaust.edu.sa/aamg/kmap.start","edu.sa","http://www.cbrc.kaust.edu.sa/deop","edu.sa","True","3.0","0.69","HIGH"
"SalMotifDB","salmobase","SAME_DOMAIN","Y","2.0","Score=2.0: SAME_DOMAIN","Salmonid Motif Database","https://salmobase.org/apps/SalMotifDB","salmobase.org","http://www.salmobase.org","salmobase.org","True","5.0","0.62","HIGH"
"GSR","tie","SAME_DOMAIN","Y","2.0","Score=2.0: SAME_DOMAIN","Genetic Simulation Resources","http://popmodels.cancercontrol.cancer.gov/gsr","cancer.gov","http://isomir.ccr.cancer.gov","cancer.gov","True","3.0","0.58","HIGH"
"COKE","isvdb","SAME_DOMAIN","Y","2.0","Score=2.0: SAME_DOMAIN","COVID-19 Knowledge Extractor","https://coke.mml.unc.edu/","unc.edu","http://isvdb.unc.edu","unc.edu","True","5.0","0.55","HIGH"
"GlycoPattern","oncoppi","SAME_DOMAIN","Y","2.0","Score=2.0: SAME_DOMAIN","Glycan Pattern Mining Platform","http://glycopattern.emory.edu","emory.edu","http://oncoppi.emory.edu","emory.edu","True","9.0","0.67","HIGH"
"GenoPheno","pdmethdb","SAME_DOMAIN","Y","2.0","Score=2.0: SAME_DOMAIN","GenoPheno Catalog","https://avillachlab.shinyapps.io/genophenocatalog/","shinyapps.io","http://ageing.shinyapps.io/pdmethdb","shinyapps.io","True","8.0","0.52","HIGH"
"NCI ALMANAC","tie","SAME_DOMAIN","Y","2.0","Score=2.0: SAME_DOMAIN","National Cancer Institute ALMANAC","https://dtp.cancer.gov/ncialmanac","cancer.gov","http://isomir.ccr.cancer.gov","cancer.gov","True","10.0","0.48","HIGH"
"RampDB","gdisc","SAME_DOMAIN","Y","2.0","Score=2.0: SAME_DOMAIN","Receptor Activity Modifying Protein Database","http://rampdb.biology.gatech.edu","gatech.edu","http://gdisc.bme.gatech.edu","gatech.edu","True","6.0","0.62","HIGH"
"Simple ClinVar","msigdb","SAME_DOMAIN","Y","2.0","Score=2.0: SAME_DOMAIN","Simplified ClinVar Browser","http://simple-clinvar.broadinstitute.org/","broadinstitute.org","http://www.broadinstitute.org/msigdb","broadinstitute.org","True","12.0","0.62","HIGH"
"Microorganism ID Platform","transgene promoters","SAME_DOMAIN","Y","2.0","Score=2.0: SAME_DOMAIN","Microorganism Identification Platform","https://icg-test.mydisk.nsc.ru/s/qj6cfZg57g6qwzN","nsc.ru","http://wwwmgs.bionet.nsc.ru/mgs/dbases/tgp/home.html","nsc.ru","True","19.0","0.31","HIGH"
"MASS","massbase","db_suffix_diff, contains","Y","2.0","Score=2.0: db_suffix_diff, contains","Montreal Archive of Sleep Studies","http://www.ceams-carsm.ca/en/MASS","ceams-carsm.ca","http://webs2.kazusa.or.jp/massbase/, http://webs2.kazusa.or.jp/km2","or.jp","False","4.0","0.27","HIGH"
"Tuebingen Toolkit","maxqb","SAME_DOMAIN","Y","2.0","Score=2.0: SAME_DOMAIN","Bioinformatics Toolkit","https://toolkit.tuebingen.mpg.de","mpg.de","http://www.biochem.mpg.de/maxqb","mpg.de","True","17.0","0.45","HIGH"
"PlantAPA","morusdb","SAME_DOMAIN","Y","2.0","Score=2.0: SAME_DOMAIN","Plant Alternative Polyadenylation portal","http://bmi.xmu.edu.cn/plantapa","edu.cn","http://morus.swu.edu.cn/morusdb","edu.cn","True","8.0","0.47","HIGH"
"BioStudies","memprotmd","SAME_DOMAIN","Y","2.0","Score=2.0: SAME_DOMAIN","Biological Studies Database","http://www.ebi.ac.uk/biostudies","ac.uk","http://memprotmd.bioch.ox.ac.uk","ac.uk","True","10.0","0.41","HIGH"
"JAX Synteny Browser","creportal","SAME_DOMAIN","Y","2.0","Score=2.0: SAME_DOMAIN","JAX Synteny Browser","http://syntenybrowser.jax.org/","jax.org","http://www.informatics.jax.org/home/recombinase","jax.org","True","17.0","0.31","HIGH"
"SARS-CoV-2 Mutation-Annotated Trees Database","ucsc genome browser","SAME_DOMAIN","Y","2.0","Score=2.0: SAME_DOMAIN","SARS-CoV-2 Mutation-Annotated Trees Database","http://hgdownload.soe.ucsc.edu/goldenPath/wuhCor1/UShER_SARS-CoV-2/","ucsc.edu","http://genome.ucsc.edu","ucsc.edu","True","35.0","0.32","HIGH"
"Monocyte transcriptome compendium","sysinflam hudb","SAME_DOMAIN","Y","2.0","Score=2.0: SAME_DOMAIN","Monocyte transcriptome compendium","http://monocyte.gxbsidra.org/dm3/landing.gsp","gxbsidra.org","http://sepsis.gxbsidra.org/dm3/geneBrowser/list","gxbsidra.org","True","28.0","0.57","HIGH"
"Chr21 Catalog","dsigdb","SAME_DOMAIN","Y","2.0","Score=2.0: SAME_DOMAIN","Chromosome 21 Transcript Catalog","http://gfuncpathdb.ucdenver.edu/iddrc/chr21/home.php","ucdenver.edu","http://tanlab.ucdenver.edu/DSigDB","ucdenver.edu","True","13.0","0.54","HIGH"
"BacCompare","ym500","SAME_DOMAIN","Y","2.0","Score=2.0: SAME_DOMAIN","Bacterial Genome Comparison Platform","http://baccompare.imst.nsysu.edu.tw","edu.tw","http://ngs.ym.edu.tw/ym500","edu.tw","True","9.0","0.34","HIGH"
"Waterloo Exploration Database","metaprox","SAME_DOMAIN","Y","2.0","Score=2.0: SAME_DOMAIN","Waterloo Exploration Database","https://ece.uwaterloo.ca/~k29ma/exploration/","uwaterloo.ca","http://metaprox.uwaterloo.ca","uwaterloo.ca","True","25.0","0.5","HIGH"
"AraPPISite","morusdb","SAME_DOMAIN","Y","2.0","Score=2.0: SAME_DOMAIN","Arabidopsis Protein-Protein Interaction Site database","http://systbio.cau.edu.cn/arappisite/index.html","edu.cn","http://morus.swu.edu.cn/morusdb","edu.cn","True","9.0","0.49","HIGH"
"Galaxy Sciensano","feda","SAME_DOMAIN","Y","2.0","Score=2.0: SAME_DOMAIN","Galaxy Sciensano Platform","https://galaxy.sciensano.be","sciensano.be","http://feda.sciensano.be","sciensano.be","True","14.0","0.78","HIGH"
"Hydra vulgaris transcriptome atlas","camurweb","SAME_DOMAIN","Y","2.0","Score=2.0: SAME_DOMAIN","Hydra vulgaris transcriptome atlas","http://www-labgtp.na.icar.cnr.it/Atlas","cnr.it","http://bioinformatics.iasi.cnr.it/camurweb","cnr.it","True","30.0","0.42","HIGH"
"CPTAC Assay Portal","tie","SAME_DOMAIN","Y","2.0","Score=2.0: SAME_DOMAIN","CPTAC Assay Portal","http://assays.cancer.gov","cancer.gov","http://isomir.ccr.cancer.gov","cancer.gov","True","17.0","0.63","HIGH"
"ceRNA database","ccgd","SAME_DOMAIN","Y","2.0","Score=2.0: SAME_DOMAIN","Competing endogenous RNA database","http://www.oncomir.umn.edu/cefinder/","umn.edu","http://ccgd-starrlab.oit.umn.edu","umn.edu","True","12.0","0.41","HIGH"
"Human IRES Atlas","ym500","SAME_DOMAIN","Y","2.0","Score=2.0: SAME_DOMAIN","Human IRES Atlas","http://cobishss0.im.nuk.edu.tw/Human_IRES_Atlas/","edu.tw","http://ngs.ym.edu.tw/ym500","edu.tw","True","15.0","0.41","HIGH"
"ProFASTA","big-fam","SAME_DOMAIN","Y","2.0","Score=2.0: SAME_DOMAIN","Protein FASTA database","http://www.bioinformatics.nl/tools/profasta/","bioinformatics.nl","http://bigfam.bioinformatics.nl","bioinformatics.nl","True","7.0","0.61","HIGH"
"Mt4.0","mcg","SAME_DOMAIN","Y","2.0","Score=2.0: SAME_DOMAIN","Medicago truncatula genome release version 4.0","http://www.jcvi.org/medicago","jcvi.org","http://maize.jcvi.org/cellgenomics","jcvi.org","True","4.0","0.55","HIGH"
"MolClass","memprotmd","SAME_DOMAIN","Y","2.0","Score=2.0: SAME_DOMAIN","Molecular Classification portal","http://tyerslab.bio.ed.ac.uk/molclass","ac.uk","http://memprotmd.bioch.ox.ac.uk","ac.uk","True","8.0","0.44","HIGH"
"Pará rubber tree genome and multi-transcriptome database","pubchemqc","SAME_DOMAIN","Y","2.0","Score=2.0: SAME_DOMAIN","Pará rubber tree genome and multi-transcriptome database","http://matsui-lab.riken.jp/rubber/","riken.jp","http://pubchemqc.riken.jp","riken.jp","True","50.0","0.45","HIGH"
"NCI Genomic Data Commons","tie","SAME_DOMAIN","Y","2.0","Score=2.0: SAME_DOMAIN","NCI Genomic Data Commons","https://gdc.cancer.gov/","cancer.gov","http://isomir.ccr.cancer.gov","cancer.gov","True","22.0","0.69","HIGH"
"JAX-CKB","creportal","SAME_DOMAIN","Y","2.0","Score=2.0: SAME_DOMAIN","JAX Clinical Knowledgebase","https://ckb.jax.org/","jax.org","http://www.informatics.jax.org/home/recombinase","jax.org","True","9.0","0.38","HIGH"
"topPTM","ym500","SAME_DOMAIN","Y","2.0","Score=2.0: SAME_DOMAIN","Topology Post-Translational Modifications","http://topPTM.cse.yzu.edu.tw","edu.tw","http://ngs.ym.edu.tw/ym500","edu.tw","True","6.0","0.5","HIGH"
"TCOA","morusdb","SAME_DOMAIN","Y","2.0","Score=2.0: SAME_DOMAIN","Cancer Omics Atlas","http://tcoa.cpu.edu.cn","edu.cn","http://morus.swu.edu.cn/morusdb","edu.cn","True","7.0","0.51","HIGH"
"CFC Database","pubchemqc","SAME_DOMAIN","Y","2.0","Score=2.0: SAME_DOMAIN","Chloroplast Function Database","http://rarge.psc.riken.jp/chloroplast/","riken.jp","http://pubchemqc.riken.jp","riken.jp","True","12.0","0.46","HIGH"
"TP-Atlas","oryzapg","SAME_DOMAIN","Y","2.0","Score=2.0: SAME_DOMAIN","Targeted Proteins Atlas","http://net.genes.nig.ac.jp/tpatlas/index_e.html","ac.jp","http://oryzapg.iab.keio.ac.jp","ac.jp","True","8.0","0.26","HIGH"
"HAMAP","expasy","SAME_DOMAIN","Y","2.0","Score=2.0: SAME_DOMAIN","High-quality Automated and Manual Annotation of Proteins","http://hamap.expasy.org/","expasy.org","http://www.expasy.org","expasy.org","True","5.0","0.77","HIGH"
"canSAR","memprotmd","SAME_DOMAIN","Y","2.0","Score=2.0: SAME_DOMAIN","Cancer Structure Activity Relationships","http://cansar.icr.ac.uk","ac.uk","http://memprotmd.bioch.ox.ac.uk","ac.uk","True","9.0","0.4","HIGH"
"WashU-EB","scertf","SAME_DOMAIN","Y","2.0","Score=2.0: SAME_DOMAIN","WashU Epigenome Browser","https://epigenomegateway.wustl.edu/","wustl.edu","http://ural.wustl.edu/ScerTF","wustl.edu","True","7.0","0.47","HIGH"
"At-C-RNA","t-psi-c","SAME_DOMAIN","Y","2.0","Score=2.0: SAME_DOMAIN","Arabidopsis Circular RNA Database","https://plantcircrna.ibch.poznan.pl/","poznan.pl","http://tpsic.igcz.poznan.pl","poznan.pl","True","6.0","0.64","HIGH"
"RIKEN BRC","pubchemqc","SAME_DOMAIN","Y","2.0","Score=2.0: SAME_DOMAIN","RIKEN BioResource Research Center","https://brc.riken.jp","riken.jp","http://pubchemqc.riken.jp","riken.jp","True","8.0","0.73","HIGH"
"pCRM1exportome","nesdb","SAME_DOMAIN","Y","2.0","Score=2.0: SAME_DOMAIN","CRM1 Nuclear Export Signals Database","http://prodata.swmed.edu/pCRM1exportome","swmed.edu","http://prodata.swmed.edu/LRNes","swmed.edu","True","13.0","0.73","HIGH"
"InosinomeAtlas","camurweb","SAME_DOMAIN","Y","2.0","Score=2.0: SAME_DOMAIN","RNA Editing Atlas","http://srv00.ibbe.cnr.it/editing/","cnr.it","http://bioinformatics.iasi.cnr.it/camurweb","cnr.it","True","13.0","0.4","HIGH"
"PINOT","memprotmd","SAME_DOMAIN","Y","2.0","Score=2.0: SAME_DOMAIN","Protein Interaction Network Online Tool","http://www.reading.ac.uk/bioinf/PINOT/PINOT_form.html","ac.uk","http://memprotmd.bioch.ox.ac.uk","ac.uk","True","7.0","0.27","HIGH"
"NAR-DB","combrex","SAME_DOMAIN","Y","2.0","Score=2.0: SAME_DOMAIN","Nucleic Acids Research Database Collection","http://www.oxfordjournals.org/nar/database/c/","oxfordjournals.org","http://www.oxfordjournals.org/nar/database/a/, http://nar.oxfordjournals.org","oxfordjournals.org","True","7.0","0.65","HIGH"
"DMDD","hemophilia a database","SAME_DOMAIN","Y","2.0","Score=2.0: SAME_DOMAIN","Deciphering Mechanisms of Developmental Disorders","http://dmdd.org.uk","org.uk","http://hadb.org.uk/, http://www.kcl.ac.uk/ip/petergreen/haemBdatabase.html","org.uk","True","19.0","0.21","HIGH"
"CassavaGD","fantom5","SAME_DOMAIN","Y","2.0","Score=2.0: SAME_DOMAIN","Cassava Genome Database","http://cassava.psc.riken.jp/","riken.jp","http://fantom.gsc.riken.jp","riken.jp","True","8.0","0.67","HIGH"
"Allen Mouse Brain Connectivity Atlas","allen brain atlas","SAME_DOMAIN","Y","2.0","Score=2.0: SAME_DOMAIN","Allen Mouse Brain Connectivity Atlas","http://connectivity.brain-map.org/","brain-map.org","http://www.brain-map.org","brain-map.org","True","19.0","0.67","HIGH"
"Computational STM image database","vms-share","SAME_DOMAIN","Y","2.0","Score=2.0: SAME_DOMAIN","Computational scanning tunneling microscope image database","https://jarvis.nist.gov/jarvisstm","nist.gov","http://vmsshare.nist.gov","nist.gov","True","28.0","0.52","HIGH"
"ORIO","tbpp","SAME_DOMAIN","Y","2.0","Score=2.0: SAME_DOMAIN","Online Resource for Integrative Omics","https://orio.niehs.nih.gov/","nih.gov","http://TBPortals.niaid.nih.gov","nih.gov","True","4.0","0.63","HIGH"
"Botryllus Database","phytotypedb","SAME_DOMAIN","Y","2.0","Score=2.0: SAME_DOMAIN","Botryllus Transcriptome Database","http://botryllus.cribi.unipd.it","unipd.it","http://phytotypedb.bio.unipd.it","unipd.it","True","16.0","0.62","HIGH"
"HIV-1 human interaction database","tbpp","SAME_DOMAIN","Y","2.0","Score=2.0: SAME_DOMAIN","HIV-1 human interaction database","http://www.ncbi.nlm.nih.gov/genome/viruses/retroviruses/hiv-1/interactions","nih.gov","http://TBPortals.niaid.nih.gov","nih.gov","True","30.0","0.26","HIGH"
"PSICQUIC","memprotmd","SAME_DOMAIN","Y","2.0","Score=2.0: SAME_DOMAIN","Proteomics Standard Initiative Common QUery InterfaCe","http://www.ebi.ac.uk/Tools/webservices/psicquic/view/main.xhtml","ac.uk","http://memprotmd.bioch.ox.ac.uk","ac.uk","True","9.0","0.24","HIGH"
"Digital Kyoto Collection","oryzapg","SAME_DOMAIN","Y","2.0","Score=2.0: SAME_DOMAIN","Digital Kyoto Collection","http://atlas.cac.med.kyoto-u.ac.jp","ac.jp","http://oryzapg.iab.keio.ac.jp","ac.jp","True","23.0","0.45","HIGH"
"NOD","histome","SAME_DOMAIN","Y","2.0","Score=2.0: SAME_DOMAIN","New use of Old Drugs","http://pauling.mbu.iisc.ac.in/NOD/NOD/","ac.in","http://www.iiserpune.ac.in/ÃÂÃÂ¢ÃÂÃÂÃÂÃÂÃÂÃÂÃÂÃÂÃÂÃÂÃÂÃÂ¬ÃÂÃÂÃÂÃÂÃÂÃÂ¢ÃÂÃÂÃÂÃÂÃÂÃÂÃÂÃÂÃÂÃÂÃÂÃÂ¬ÃÂÃÂÃÂÃÂÃÂÃÂ¢ÃÂÃÂÃÂÃÂÃÂÃÂÃÂÃÂÃÂÃÂÃÂÃÂ¬ÃÂÃÂÃÂÃÂÃÂÃÂ¢ÃÂÃÂÃÂÃÂÃÂÃÂÃÂÃÂÃÂÃÂÃÂÃÂ¬ÃÂÃÂÃÂÃÂ, http://www.actrec.gov.in/histome","ac.in","True","6.0","0.07","HIGH"
"UALCAN","pager-cov","SAME_DOMAIN","Y","2.0","Score=2.0: SAME_DOMAIN","University of Alabama Cancer Database","http://ualcan.path.uab.edu","uab.edu","http://discovery.informatics.uab.edu/PAGER-CoV","uab.edu","True","7.0","0.41","HIGH"
"PubChem promiscuity","isometlin","SAME_DOMAIN","Y","2.0","Score=2.0: SAME_DOMAIN","PubChem promiscuity database","http://chemutils.florida.scripps.edu/pcpromiscuity","scripps.edu","http://isometlin.scripps.edu","scripps.edu","True","16.0","0.47","HIGH"
"RepeatsDB-lite","phytotypedb","SAME_DOMAIN","Y","2.0","Score=2.0: SAME_DOMAIN","Repeats Database lite","http://protein.bio.unipd.it/repeatsdb-lite","unipd.it","http://phytotypedb.bio.unipd.it","unipd.it","True","12.0","0.58","HIGH"
"Reference databases for metagenomics","plantpis","SAME_DOMAIN","Y","2.0","Score=2.0: SAME_DOMAIN","Reference databases for metagenomics","http://itsonedb.ba.itb.cnr.it/","cnr.it","http://www.plantpis.ba.itb.cnr.it","cnr.it","True","32.0","0.73","HIGH"
"CircadiOmics","hexevent","SAME_DOMAIN","Y","2.0","Score=2.0: SAME_DOMAIN","Circadian Omics portal","http://circadiomics.ics.uci.edu","uci.edu","http://hexevent.mmg.uci.edu","uci.edu","True","12.0","0.41","HIGH"
"FAO Phytate DB","afish","SAME_DOMAIN","Y","2.0","Score=2.0: SAME_DOMAIN","FAO Global Food Composition Database for Phytate","http://www.fao.org/infoods/infoods/tables-and-databases/en","fao.org","http://www.fao.org/infoods/biodiversity/index_en.stm","fao.org","True","12.0","0.5","HIGH"
"Imputability Database","seeqtl","SAME_DOMAIN","Y","2.0","Score=2.0: SAME_DOMAIN","SNP and Indel Imputability Database","http://www.unc.edu/∼yunmli/imputability.html","unc.edu","http://www.bios.unc.edu/research/genomic_software/seeQTL","unc.edu","True","19.0","0.28","HIGH"
"Cancer Proteogenomics","ccgd","SAME_DOMAIN","Y","2.0","Score=2.0: SAME_DOMAIN","Cancer Proteogenomics Resource","z.umn.edu/canresgithub","umn.edu","http://ccgd-starrlab.oit.umn.edu","umn.edu","True","18.0","0.34","HIGH"
"CSCS","synbiolgdb","SAME_DOMAIN","Y","2.0","Score=2.0: SAME_DOMAIN","CSCS","http://bioinfo.cemps.ac.cn/CSCS/","ac.cn","http://bioinformatics.ac.cn/synbiolgdb","ac.cn","True","10.0","0.62","HIGH"
"LncRNAWiki","synbiolgdb","SAME_DOMAIN","Y","2.0","Score=2.0: SAME_DOMAIN","LncRNAWiki","http://lncrna.big.ac.cn","ac.cn","http://bioinformatics.ac.cn/synbiolgdb","ac.cn","True","10.0","0.34","HIGH"
"Clinical measurement ontologies","phare-kb","SAME_DOMAIN","Y","2.0","Score=2.0: SAME_DOMAIN","Clinical measurement ontologies","http://bioportal.bioontology.org/ontologies/1583","bioontology.org","http://purl.bioontology.org/ontology/PHARE","bioontology.org","True","28.0","0.74","HIGH"
"EU Clinical Trials Portal","jrc gmo-amplicons","SAME_DOMAIN","Y","2.0","Score=2.0: SAME_DOMAIN","EU Clinical Trials Portal","http://www.ema.europa.eu/ema/index.jsp?curl=pages/news_and_events/news/2017/06/news_detail_002764.jsp%26mid=WC0b01ac058004d5c1","europa.eu","http://gmo-crl.jrc.ec.europa.eu/jrcgmoamplicons","europa.eu","True","21.0","0.51","HIGH"
"Cellosaurus","smr","SAME_DOMAIN","Y","2.0","Score=2.0: SAME_DOMAIN","Cellosaurus","https://web.expasy.org/cellosaurus/","expasy.org","http://swissmodel.expasy.org/repository","expasy.org","True","9.0","0.62","HIGH"
"IVF transcriptomic dataset collection","sysinflam hudb","SAME_DOMAIN","Y","2.0","Score=2.0: SAME_DOMAIN","IVF transcriptomic dataset collection","http://ivf.gxbsidra.org/dm3/landing.gsp","gxbsidra.org","http://sepsis.gxbsidra.org/dm3/geneBrowser/list","gxbsidra.org","True","33.0","0.61","HIGH"
"Open annotation ontology","biotop","SAME_DOMAIN","Y","2.0","Score=2.0: SAME_DOMAIN","Open annotation ontology","http://purl.org/ao/","purl.org","http://purl.org/biotop","purl.org","True","20.0","0.77","HIGH"
"Weinberger Collection","hippdb","SAME_DOMAIN","Y","2.0","Score=2.0: SAME_DOMAIN","Weinberger Rare Book Collection","https://dental.nyu.edu/aboutus/rare-book-collection.html","nyu.edu","http://www.nyu.edu/projects/arora/hippdb, http://code.google.com/p/helidb","nyu.edu","True","20.0","0.31","HIGH"
"Huntington's Disease Transgenic Sheep-Model Database","genesetdb","SAME_DOMAIN","Y","2.0","Score=2.0: SAME_DOMAIN","Huntington's Disease Transgenic Sheep-Model Database","https://hdsheep.cer.auckland.ac.nz/","ac.nz","http://genesetdb.auckland.ac.nz/haeremai.html","ac.nz","True","44.0","0.5","HIGH"
"Digital gene atlas of neonate common marmoset brain","pubchemqc","SAME_DOMAIN","Y","2.0","Score=2.0: SAME_DOMAIN","Digital gene atlas of neonate common marmoset brain","https://gene-atlas.bminds.brain.riken.jp/","riken.jp","http://pubchemqc.riken.jp","riken.jp","True","49.0","0.44","HIGH"
"CooVar","ortholugedb","SAME_DOMAIN","Y","2.0","Score=2.0: SAME_DOMAIN","Co-occurring Variant database","http://genome.sfu.ca/projects/coovar/","sfu.ca","http://www.pathogenomics.sfu.ca/ortholugedb","sfu.ca","True","10.0","0.52","HIGH"
"Cell surface protein atlas","rnaiatlas","SAME_DOMAIN","Y","2.0","Score=2.0: SAME_DOMAIN","Cell surface protein atlas","http://wlab.ethz.ch/cspa","ethz.ch","http://www.rnaiatlas.ethz.ch","ethz.ch","True","18.0","0.59","HIGH"
"BLUEPRINT Data Analysis Portal","skempi","SAME_DOMAIN","Y","2.0","Score=2.0: SAME_DOMAIN","BLUEPRINT Data Analysis Portal","http://blueprint-data.bsc.es","bsc.es","http://life.bsc.es/pid/skempi2","bsc.es","True","28.0","0.41","HIGH"
"BioAfrica HIV Proteomics Resource","saturn","SAME_DOMAIN","Y","2.0","Score=2.0: SAME_DOMAIN","BioAfrica HIV Proteomics Resource","http://www.bioafrica.net/proteomics/HIVproteome.html","bioafrica.net","http://www.bioafrica.net/regadb","bioafrica.net","True","29.0","0.52","HIGH"
"ID-TaxER","memprotmd","SAME_DOMAIN","Y","2.0","Score=2.0: SAME_DOMAIN","Soil Bacterial 16S rRNA Database","https://shiny-apps.ceh.ac.uk/ID-TaxER/","ac.uk","http://memprotmd.bioch.ox.ac.uk","ac.uk","True","9.0","0.3","HIGH"
"Mat_peptide","vipr","SAME_DOMAIN","Y","2.0","Score=2.0: SAME_DOMAIN","Mat_peptide","https://www.viprbrc.org","viprbrc.org","http://www.viprbrc.org/brc/home.spg?decorator=flavi_hcv","viprbrc.org","True","10.0","0.63","HIGH"
"Microbial variome database","modern","SAME_DOMAIN","Y","2.0","Score=2.0: SAME_DOMAIN","Microbial variome database","http://depts.washington.edu/sokurel/variome","washington.edu","http://epic.gs.washington.edu/modERN","washington.edu","True","23.0","0.65","HIGH"
"RELISH","agriseqdb","SAME_DOMAIN","Y","2.0","Score=2.0: SAME_DOMAIN","RELISH","https://relishdb.ict.griffith.edu.au","edu.au","http://expression.latrobe.edu.au/agriseqdb","edu.au","True","7.0","0.35","HIGH"
"PGDB","fred","SAME_DOMAIN","Y","2.0","Score=2.0: SAME_DOMAIN","Pathway-Genome Database","http://cricket.ornl.gov/cgi-bin/beocyc_home.cgi","ornl.gov","http://roots.ornl.gov","ornl.gov","True","4.0","0.41","HIGH"
"Network portal","mediadb","SAME_DOMAIN","Y","2.0","Score=2.0: SAME_DOMAIN","Network portal","http://networks.systemsbiology.net","systemsbiology.net","http://mediadb.systemsbiology.net","systemsbiology.net","True","13.0","0.75","HIGH"
"CyVerse","soytd","SAME_DOMAIN","Y","2.0","Score=2.0: SAME_DOMAIN","CyVerse Platform","https://wiki.cyverse.org/wiki/x/dgGtAQ","cyverse.org","http://artemis.cyverse.org/soykb_dev/SoyTD","cyverse.org","True","7.0","0.52","HIGH"
"Taming the BEAST","mesocosm","SAME_DOMAIN","Y","2.0","Score=2.0: SAME_DOMAIN","Taming the BEAST","https://taming-the-beast.github.io/","github.io","http://aliayadi.github.io/MESOCOSM-database","github.io","True","13.0","0.42","HIGH"
"Laminin-database","atlast4ss","SAME_DOMAIN","Y","2.0","Score=2.0: SAME_DOMAIN","Laminin-database","http://www.lm.lncc.br","lncc.br","http://www.t4ss.lncc.br","lncc.br","True","13.0","0.73","HIGH"
"Yeast GFP","sgd","SAME_DOMAIN","Y","2.0","Score=2.0: SAME_DOMAIN","Yeast GFP Collection","http://yeastgfp.yeastgenome.org/","yeastgenome.org","http://www.yeastgenome.org","yeastgenome.org","True","7.0","0.77","HIGH"
"Tabloid Proteome","toppr","SAME_DOMAIN","Y","2.0","Score=2.0: SAME_DOMAIN","Tabloid Proteome","http://iomics.ugent.be/tabloidproteome","ugent.be","http://iomics.ugent.be/toppr","ugent.be","True","12.0","0.77","HIGH"
"FeptideDB","micropir","SAME_DOMAIN","Y","2.0","Score=2.0: SAME_DOMAIN","Food-derived bioactive peptide Database","http://www4g.biotec.or.th/FeptideDB/","or.th","http://www4a.biotec.or.th/micropir2","or.th","True","9.0","0.71","HIGH"
"ProteinHistorian","sfld","SAME_DOMAIN","Y","2.0","Score=2.0: SAME_DOMAIN","Protein Historian database","http://lighthouse.ucsf.edu/ProteinHistorian/","ucsf.edu","http://sfld.rbvi.ucsf.edu","ucsf.edu","True","15.0","0.41","HIGH"
"DEPOnow","scertf","SAME_DOMAIN","Y","2.0","Score=2.0: SAME_DOMAIN","Database of Evidence for Precision Oncology","http://dinglab.wustl.edu/depo","wustl.edu","http://ural.wustl.edu/ScerTF","wustl.edu","True","7.0","0.6","HIGH"
"MPI-BIT","maxqb","SAME_DOMAIN","Y","2.0","Score=2.0: SAME_DOMAIN","MPI Bioinformatics Toolkit","http://toolkit.tuebingen.mpg.de","mpg.de","http://www.biochem.mpg.de/maxqb","mpg.de","True","5.0","0.45","HIGH"
"RNABP-COGEST","histome","SAME_DOMAIN","Y","2.0","Score=2.0: SAME_DOMAIN","RNA-Binding Protein Co-localization and Gene Expression Statistics","http://bioinf.iiit.ac.in/RNABPCOGEST","ac.in","http://www.iiserpune.ac.in/ÃÂÃÂ¢ÃÂÃÂÃÂÃÂÃÂÃÂÃÂÃÂÃÂÃÂÃÂÃÂ¬ÃÂÃÂÃÂÃÂÃÂÃÂ¢ÃÂÃÂÃÂÃÂÃÂÃÂÃÂÃÂÃÂÃÂÃÂÃÂ¬ÃÂÃÂÃÂÃÂÃÂÃÂ¢ÃÂÃÂÃÂÃÂÃÂÃÂÃÂÃÂÃÂÃÂÃÂÃÂ¬ÃÂÃÂÃÂÃÂÃÂÃÂ¢ÃÂÃÂÃÂÃÂÃÂÃÂÃÂÃÂÃÂÃÂÃÂÃÂ¬ÃÂÃÂÃÂÃÂ, http://www.actrec.gov.in/histome","ac.in","True","10.0","0.07","HIGH"
"OXID","hisgatlas","SAME_DOMAIN","Y","2.0","Score=2.0: SAME_DOMAIN","Hydrogen Peroxide Reactivity Database","http://redox.ncpsb.org/OXID/","ncpsb.org","http://biokb.ncpsb.org/HisgAtlas","ncpsb.org","True","9.0","0.58","HIGH"
"DRSASP","memprotmd","SAME_DOMAIN","Y","2.0","Score=2.0: SAME_DOMAIN","Dundee Resource for Sequence Analysis and Structure Prediction","http://www.compbio.dundee.ac.uk/drsasp.html","ac.uk","http://memprotmd.bioch.ox.ac.uk","ac.uk","True","8.0","0.43","HIGH"
"NRDTD","morusdb","SAME_DOMAIN","Y","2.0","Score=2.0: SAME_DOMAIN","Non-coding RNA Drug Target Database","http://chengroup.cumt.edu.cn/NRDTD","edu.cn","http://morus.swu.edu.cn/morusdb","edu.cn","True","5.0","0.55","HIGH"
"YAAM","dianat-db","SAME_DOMAIN","Y","2.0","Score=2.0: SAME_DOMAIN","Yeast Amino Acid Modifications Database","http://yaam.ifc.unam.mx/","unam.mx","http://rdu.iquimica.unam.mx/handle/20.500.12214/1186","unam.mx","True","7.0","0.36","HIGH"
"BLUEPRINT","memprotmd","SAME_DOMAIN","Y","2.0","Score=2.0: SAME_DOMAIN","BLUEPRINT Hematopoietic Transcriptomes Atlas","https://blueprint.haem.cam.ac.uk/bloodatlas/","ac.uk","http://memprotmd.bioch.ox.ac.uk","ac.uk","True","8.0","0.37","HIGH"
"Harmonizome","remedy","SAME_DOMAIN","Y","2.0","Score=2.0: SAME_DOMAIN","Harmonizome","http://amp.pharm.mssm.edu/Harmonizome","mssm.edu","http://remedy.mssm.edu","mssm.edu","True","10.0","0.44","HIGH"
"EFG Database","vms-share","SAME_DOMAIN","Y","2.0","Score=2.0: SAME_DOMAIN","Electric Field Gradient Database","https://www.ctcms.nist.gov/~knc6/JVASP.html","nist.gov","http://vmsshare.nist.gov","nist.gov","True","10.0","0.46","HIGH"
"MCIC","coins","SAME_DOMAIN","Y","2.0","Score=2.0: SAME_DOMAIN","MCIC","http://www.mrn.org/","mrn.org","http://coins.mrn.org","mrn.org","True","4.0","0.7","HIGH"
"Virus-CKB","stemcellckb","SAME_DOMAIN","Y","2.0","Score=2.0: SAME_DOMAIN","Virus Chemogenomics Knowledgebase","https://www.cbligand.org/g/virus-ckb","cbligand.org","http://www.cbligand.org/StemCellCKB","cbligand.org","True","8.0","0.71","HIGH"
"HPVdb","dbmae","SAME_DOMAIN","Y","2.0","Score=2.0: SAME_DOMAIN","Human Papillomavirus Database","http://cvc.dfci.harvard.edu/hpv/","harvard.edu","http://mae.hms.harvard.edu","harvard.edu","True","5.0","0.6","HIGH"
"GlycomicsDB","nurbs","SAME_DOMAIN","Y","2.0","Score=2.0: SAME_DOMAIN","GlycomicsDB","http://www.glycomics.bcf.ku.edu","ku.edu","http://shark.abl.ku.edu/nurbs","ku.edu","True","10.0","0.38","HIGH"
"CARFMAP","agriseqdb","SAME_DOMAIN","Y","2.0","Score=2.0: SAME_DOMAIN","Cardiac Fibroblast Pathway Map","http://visionet.erc.monash.edu.au/CARFMAP","edu.au","http://expression.latrobe.edu.au/agriseqdb","edu.au","True","8.0","0.43","HIGH"
"CoralTBase","redoxdb","SAME_DOMAIN","Y","2.0","Score=2.0: SAME_DOMAIN","Coral Transcriptome Database","http://www.comp.hkbu.edu.hk/~db/CoralTBase","edu.hk","http://biocomputer.bio.cuhk.edu.hk/RedoxDB","edu.hk","True","9.0","0.52","HIGH"
"GLAD","drscdb","SAME_DOMAIN","Y","2.0","Score=2.0: SAME_DOMAIN","Gene List Annotation for Drosophila","http://www.flyrnai.org/glad","flyrnai.org","http://www.flyrnai.org/tools/single_cell/web","flyrnai.org","True","5.0","0.57","HIGH"
"PHI-DAC","tissuenet","SAME_DOMAIN","Y","2.0","Score=2.0: SAME_DOMAIN","PHI-DAC","http://tarshish.md.biu.ac.il/∼samsona","ac.il","http://netbio.bgu.ac.il/tissuenet","ac.il","True","9.0","0.54","HIGH"
"Pain-CKB","stemcellckb","SAME_DOMAIN","Y","2.0","Score=2.0: SAME_DOMAIN","Pain Chemogenomics Knowledgebase","https://www.cbligand.org/g/pain-ckb","cbligand.org","http://www.cbligand.org/StemCellCKB","cbligand.org","True","8.0","0.68","HIGH"
"Sci-Hub","mesocosm","SAME_DOMAIN","Y","2.0","Score=2.0: SAME_DOMAIN","Science Hub","https://greenelab.github.io/scihub","github.io","http://aliayadi.github.io/MESOCOSM-database","github.io","True","8.0","0.52","HIGH"
"StemCellNet","cyanoexpress","SAME_DOMAIN","Y","2.0","Score=2.0: SAME_DOMAIN","Stem Cell Network","http://stemcellnet.sysbiolab.eu","sysbiolab.eu","http://cyanoexpress.sysbiolab.eu","sysbiolab.eu","True","10.0","0.57","HIGH"
"µgreen-db","diat.barcode","SAME_DOMAIN","Y","2.0","Score=2.0: SAME_DOMAIN","Microgreen Plastid 23S rRNA Database","http://microgreen-23sdatabase.ea.inra.fr","inra.fr","http://www6.inra.fr/carrtel-collection_eng/Barcoding-database","inra.fr","True","11.0","0.37","HIGH"
"DynBench3D","bce","SAME_DOMAIN","Y","2.0","Score=2.0: SAME_DOMAIN","Dynamic Benchmark 3D","https://DynBench3D.irbbarcelona.org","irbbarcelona.org","http://mmb.irbbarcelona.org/BCE","irbbarcelona.org","True","8.0","0.71","HIGH"
"UbiBrowser","hisgatlas","SAME_DOMAIN","Y","2.0","Score=2.0: SAME_DOMAIN","E3 Ubiquitin Ligase-Substrate Interaction Network","http://ubibrowser.ncpsb.org","ncpsb.org","http://biokb.ncpsb.org/HisgAtlas","ncpsb.org","True","9.0","0.58","HIGH"
"AgBase","hpidb","SAME_DOMAIN","Y","2.0","Score=2.0: SAME_DOMAIN","Agricultural Genome Database","http://www.agbase.msstate.edu/","msstate.edu","http://www.agbase.msstate.edu/hpi/main.html","msstate.edu","True","6.0","0.72","HIGH"
"FlyPrimerBank","drscdb","SAME_DOMAIN","Y","2.0","Score=2.0: SAME_DOMAIN","Drosophila Primer Bank","http://www.flyrnai.org/flyprimerbank","flyrnai.org","http://www.flyrnai.org/tools/single_cell/web","flyrnai.org","True","11.0","0.55","HIGH"
"SolCyc","sgn","SAME_DOMAIN","Y","2.0","Score=2.0: SAME_DOMAIN","Sol Genomics Cycle Database","https://solgenomics.net/tools/solcyc/","solgenomics.net","http://solgenomics.net","solgenomics.net","True","5.0","0.7","HIGH"
"DUB Database","ratemirs","SAME_DOMAIN","Y","2.0","Score=2.0: SAME_DOMAIN","Deubiquitylating Enzyme Database","https://hpcwebapps.cit.nih.gov/ESBL/Database/DUBs/","nih.gov","http://www.niehs.nih.gov/ratemirs","nih.gov","True","10.0","0.44","HIGH"
"IsoPlot","ym500","SAME_DOMAIN","Y","2.0","Score=2.0: SAME_DOMAIN","mRNA Isoform Database","http://isoplot.iis.sinica.edu.tw/","edu.tw","http://ngs.ym.edu.tw/ym500","edu.tw","True","7.0","0.41","HIGH"
"TR-DB","flad","SAME_DOMAIN","Y","2.0","Score=2.0: SAME_DOMAIN","Triple Response Database","https://chaos.ugent.be/WE15/","ugent.be","http://forensic.ugent.be/FLAD","ugent.be","True","4.0","0.54","HIGH"
"TransAtlasDB","mesocosm","SAME_DOMAIN","Y","2.0","Score=2.0: SAME_DOMAIN","Transcriptome Atlas Database","https://modupeore.github.io/TransAtlasDB/","github.io","http://aliayadi.github.io/MESOCOSM-database","github.io","True","10.0","0.5","HIGH"
"PROGgene","express","SAME_DOMAIN","Y","2.0","Score=2.0: SAME_DOMAIN","Prognostic Gene Database","http://www.compbio.iupui.edu/proggene","iupui.edu","http://www.iupui.edu/ÃÂÃÂ¢ÃÂÃÂÃÂÃÂÃÂÃÂÃÂÃÂÃÂÃÂÃÂÃÂ¬ÃÂÃÂÃÂÃÂÃÂÃÂ¢ÃÂÃÂÃÂÃÂÃÂÃÂÃÂÃÂÃÂÃÂÃÂÃÂ¬ÃÂÃÂÃÂÃÂÃÂÃÂ¢ÃÂÃÂÃÂÃÂÃÂÃÂÃÂÃÂÃÂÃÂÃÂÃÂ¬ÃÂÃÂÃÂÃÂÃÂÃÂ¢ÃÂÃÂÃÂÃÂÃÂÃÂÃÂÃÂÃÂÃÂÃÂÃÂ¬ÃÂÃÂÃÂÃÂ","iupui.edu","True","7.0","0.06","HIGH"
"COMPARTMENTS","tissues","SAME_DOMAIN","Y","2.0","Score=2.0: SAME_DOMAIN","Protein Subcellular Localization Database","http://compartments.jensenlab.org","jensenlab.org","http://tissues.jensenlab.org","jensenlab.org","True","10.0","0.72","HIGH"
"3DBIONOTES","cannuse","SAME_DOMAIN","Y","2.0","Score=2.0: SAME_DOMAIN","3DBIONOTES Macromolecular Information","http://3dbionotes.cnb.csic.es","csic.es","http://cannusedb.csic.es","csic.es","True","8.0","0.51","HIGH"
"Brachypodium T-DNA","img/vr","SAME_DOMAIN","Y","2.0","Score=2.0: SAME_DOMAIN","Brachypodium T-DNA Collection","http://jgi.doe.gov/our-science/science-programs/plant-genomics/brachypodium/brachypodium-t-dna-collection/","doe.gov","http://img.jgi.doe.gov/vr, http://genome.jgi.doe.gov/portal/IMG_VR","doe.gov","True","16.0","0.34","HIGH"
"dbAMEPNI","morusdb","SAME_DOMAIN","Y","2.0","Score=2.0: SAME_DOMAIN","Alanine Mutagenic Effects Database","http://zhulab.ahu.edu.cn/dbAMEPNI","edu.cn","http://morus.swu.edu.cn/morusdb","edu.cn","True","8.0","0.52","HIGH"
"dbGENVOC","dbtflc","SAME_DOMAIN","Y","2.0","Score=2.0: SAME_DOMAIN","Genomic Variants of Oral Cancer Database","http://research.nibmg.ac.in/dbcares/dbgenvoc/","ac.in","http://www.vit.ac.in/files/database/Home.php","ac.in","True","5.0","0.43","HIGH"
"Hormone DB","bee","SAME_DOMAIN","Y","2.0","Score=2.0: SAME_DOMAIN","Arabidopsis Hormone Response Database","http://pgl.gnu.ac.kr/hormoneDB/","ac.kr","http://bike-bee.snu.ac.kr","ac.kr","True","9.0","0.44","HIGH"
"IBVD","autism brain imaging data exchange","SAME_DOMAIN","Y","2.0","Score=2.0: SAME_DOMAIN","Internet Brain Volume Database","http://www.nitrc.org/projects/ibvd","nitrc.org","http://fcon_1000.projects.nitrc.org/indi/abide","nitrc.org","True","31.0","0.35","HIGH"
"Chloroplast 2010","fungene","SAME_DOMAIN","Y","2.0","Score=2.0: SAME_DOMAIN","Chloroplast 2010 Database","http://bioinfo.bch.msu.edu/2010_LIMS","msu.edu","http://fungene.cme.msu.edu","msu.edu","True","16.0","0.46","HIGH"
"SmoCuDa","mesocosm","SAME_DOMAIN","Y","2.0","Score=2.0: SAME_DOMAIN","Smoking Cue Database","https://smocuda.github.io","github.io","http://aliayadi.github.io/MESOCOSM-database","github.io","True","6.0","0.42","HIGH"
"WGE","memprotmd","SAME_DOMAIN","Y","2.0","Score=2.0: SAME_DOMAIN","CRISPR Genome Engineering Database","http://www.sanger.ac.uk/htgt/wge","ac.uk","http://memprotmd.bioch.ox.ac.uk","ac.uk","True","9.0","0.36","HIGH"
"PFR²","micrhode","SAME_DOMAIN","Y","2.0","Score=2.0: SAME_DOMAIN","PFR²","http://pfr2.sb-roscoff.fr","sb-roscoff.fr","http://micrhode.sb-roscoff.fr","sb-roscoff.fr","True","7.0","0.75","HIGH"
"ZebraShare","zfin","SAME_DOMAIN","Y","2.0","Score=2.0: SAME_DOMAIN","Zebrafish Data Sharing Platform","https://zfin.org/action/zebrashare","zfin.org","http://zfin.org","zfin.org","True","9.0","0.47","HIGH"
"UCSC-IB","gtrnadb","SAME_DOMAIN","Y","2.0","Score=2.0: SAME_DOMAIN","UCSC Interaction Browser","http://sysbio.soe.ucsc.edu/nets","ucsc.edu","http://gtrnadb.ucsc.edu","ucsc.edu","True","6.0","0.5","HIGH"
"MOBBED","met-db","SAME_DOMAIN","Y","2.0","Score=2.0: SAME_DOMAIN","Mobile Brain Body Imaging Data","http://visual.cs.utsa.edu/mobbed","utsa.edu","http://compgenomics.utsa.edu/MeTDB","utsa.edu","True","5.0","0.58","HIGH"
"DLREFD","morusdb","SAME_DOMAIN","Y","2.0","Score=2.0: SAME_DOMAIN","Long Non-coding RNA Environmental Factor Database","http://chengroup.cumt.edu.cn/DLREFD","edu.cn","http://morus.swu.edu.cn/morusdb","edu.cn","True","5.0","0.5","HIGH"
"START","linps","SAME_DOMAIN","Y","2.0","Score=2.0: SAME_DOMAIN","Shiny Transcriptome Analysis Resource Tool","https://kcvi.shinyapps.io/START","shinyapps.io","http://mahshaaban.shinyapps.io/LINPSAPP","shinyapps.io","True","5.0","0.58","HIGH"
"miRNA_Targets","agriseqdb","SAME_DOMAIN","Y","2.0","Score=2.0: SAME_DOMAIN","miRNA Target Predictions Database","http://mamsap.it.deakin.edu.au/mirna_targets/","edu.au","http://expression.latrobe.edu.au/agriseqdb","edu.au","True","12.0","0.36","HIGH"
"LungMAP","lung cellcards","SAME_DOMAIN","Y","2.0","Score=2.0: SAME_DOMAIN","Lung Molecular Atlas Program","http://www.lungmap.net","lungmap.net","http://www.lungmap.net/cell-cards","lungmap.net","True","9.0","0.67","HIGH"
"HIPPIE","traitpedia","SAME_DOMAIN","Y","2.0","Score=2.0: SAME_DOMAIN","Human Integrated Protein-Protein Interaction rEference","http://cbdm.uni-mainz.de/hippie/","uni-mainz.de","http://cbdm-01.zdv.uni-mainz.de","uni-mainz.de","True","7.0","0.71","HIGH"
"OligoGenome","bionic","SAME_DOMAIN","Y","2.0","Score=2.0: SAME_DOMAIN","Human Oligonucleotide Capture Probes Database","http://oligogenome.stanford.edu/","stanford.edu","http://onto-apps.stanford.edu/bionic","stanford.edu","True","8.0","0.57","HIGH"
"BLP","scop3p","SAME_DOMAIN","Y","2.0","Score=2.0: SAME_DOMAIN","British Lexicon Project","http://crr.ugent.be/blp","ugent.be","http://iomics.ugent.be/scop3p","ugent.be","True","5.0","0.63","HIGH"
"E3Net","bee","SAME_DOMAIN","Y","2.0","Score=2.0: SAME_DOMAIN","E3 ligase Network","http://pnet.kaist.ac.kr/e3net","ac.kr","http://bike-bee.snu.ac.kr","ac.kr","True","4.0","0.35","HIGH"
"HELIXWEB","tbpp","SAME_DOMAIN","Y","2.0","Score=2.0: SAME_DOMAIN","Kidney Epithelial Gene Expression Database","http://helixweb.nih.gov/ESBL/Database","nih.gov","http://TBPortals.niaid.nih.gov","nih.gov","True","8.0","0.38","HIGH"
"HIM","pathppi","SAME_DOMAIN","Y","2.0","Score=2.0: SAME_DOMAIN","Herbal Ingredients In-vivo Metabolism Database","http://www.bioinformatics.org.cn/","org.cn","http://proteomeview.hupo.org.cn/PathPPI/PathPPI.html","org.cn","True","6.0","0.27","HIGH"
"ExergameOntology","biotop","SAME_DOMAIN","Y","2.0","Score=2.0: SAME_DOMAIN","Exergame Ontology","http://purl.org/net/exergame/ns#","purl.org","http://purl.org/biotop","purl.org","True","13.0","0.51","HIGH"
"TMD","hexevent","SAME_DOMAIN","Y","2.0","Score=2.0: SAME_DOMAIN","Tubulin Mutation Database","http://tubulinmutations.bio.uci.edu","uci.edu","http://hexevent.mmg.uci.edu","uci.edu","True","8.0","0.42","HIGH"
"STAP-NMR","biomenet","SAME_DOMAIN","Y","2.0","Score=2.0: SAME_DOMAIN","Refined NMR Structures Database","http://psb.kobic.re.kr/STAP/refinement","re.kr","http://kobic.re.kr/biomenet","re.kr","True","7.0","0.67","HIGH"
"NTP-NNLA","ratemirs","SAME_DOMAIN","Y","2.0","Score=2.0: SAME_DOMAIN","National Toxicology Program Nonneoplastic Lesion Atlas","http://www.ntp.niehs.nih.gov/nonneoplastic","nih.gov","http://www.niehs.nih.gov/ratemirs","nih.gov","True","8.0","0.6","HIGH"
"MNHN-MY","florabank1","SAME_DOMAIN","Y","2.0","Score=2.0: SAME_DOMAIN","Museum National Histoire Naturelle Myriapoda Collection","http://www.gbif.org/dataset/3287044c-8c48-4ad6-81d4-4908071bc8db","gbif.org","http://data.gbif.org/datasets/resource/10969/, http://projects.biodiversity.be/ifblAll","gbif.org","True","10.0","0.3","HIGH"
"BGH","tropgenedb","SAME_DOMAIN","Y","2.0","Score=2.0: SAME_DOMAIN","Banana Genome Hub","http://banana-genome.cirad.fr/","cirad.fr","http://tropgenedb.cirad.fr","cirad.fr","True","9.0","0.63","HIGH"
"ILRS","genelab","SAME_DOMAIN","Y","2.0","Score=2.0: SAME_DOMAIN","International Laser Ranging Service","https://ilrs.gsfc.nasa.gov","nasa.gov","http://genelab.nasa.gov","nasa.gov","True","6.0","0.59","HIGH"
"3DGB","prionhome","SAME_DOMAIN","Y","2.0","Score=2.0: SAME_DOMAIN","3D Genomic Database","http://3dgb.cs.mcgill.ca/","mcgill.ca","http://libaio.biol.mcgill.ca/prion","mcgill.ca","True","9.0","0.55","HIGH"
"MANTA","targetmine","SAME_DOMAIN","Y","2.0","Score=2.0: SAME_DOMAIN","Microbiome And pheNotype data integraTion plAtform","https://mizuguchilab.org/manta/","mizuguchilab.org","http://targetmine.mizuguchilab.org","mizuguchilab.org","True","8.0","0.65","HIGH"
"FlowerNet","memprotmd","SAME_DOMAIN","Y","2.0","Score=2.0: SAME_DOMAIN","Flower Gene Expression Network","http://www.cpib.ac.uk/anther","ac.uk","http://memprotmd.bioch.ox.ac.uk","ac.uk","True","9.0","0.34","HIGH"
"FABRIC","consurf","SAME_DOMAIN","Y","2.0","Score=2.0: SAME_DOMAIN","Functional Analysis of Breast Cancer Gene Regulation","fabric-cancer.huji.ac.il","ac.il","http://consurfdb.tau.ac.il","ac.il","True","7.0","0.42","HIGH"
"AbDb","predicts","SAME_DOMAIN","Y","2.0","Score=2.0: SAME_DOMAIN","Antibody Structure Database","http://www.bioinf.org.uk/abs/abdb/","org.uk","http://www.predicts.org.uk","org.uk","True","7.0","0.43","HIGH"
"HgsDb","histome","SAME_DOMAIN","Y","2.0","Score=2.0: SAME_DOMAIN","Haplogroups Database","http://www.gbpec.ac.in/research/HgsDb/","ac.in","http://www.iiserpune.ac.in/ÃÂÃÂ¢ÃÂÃÂÃÂÃÂÃÂÃÂÃÂÃÂÃÂÃÂÃÂÃÂ¬ÃÂÃÂÃÂÃÂÃÂÃÂ¢ÃÂÃÂÃÂÃÂÃÂÃÂÃÂÃÂÃÂÃÂÃÂÃÂ¬ÃÂÃÂÃÂÃÂÃÂÃÂ¢ÃÂÃÂÃÂÃÂÃÂÃÂÃÂÃÂÃÂÃÂÃÂÃÂ¬ÃÂÃÂÃÂÃÂÃÂÃÂ¢ÃÂÃÂÃÂÃÂÃÂÃÂÃÂÃÂÃÂÃÂÃÂÃÂ¬ÃÂÃÂÃÂÃÂ, http://www.actrec.gov.in/histome","ac.in","True","5.0","0.05","HIGH"
"HD-RNAS","histome","SAME_DOMAIN","Y","2.0","Score=2.0: SAME_DOMAIN","Hierarchical Database of RNA Structures","http://www.saha.ac.in/biop/www/HD-RNAS.html","ac.in","http://www.iiserpune.ac.in/ÃÂÃÂ¢ÃÂÃÂÃÂÃÂÃÂÃÂÃÂÃÂÃÂÃÂÃÂÃÂ¬ÃÂÃÂÃÂÃÂÃÂÃÂ¢ÃÂÃÂÃÂÃÂÃÂÃÂÃÂÃÂÃÂÃÂÃÂÃÂ¬ÃÂÃÂÃÂÃÂÃÂÃÂ¢ÃÂÃÂÃÂÃÂÃÂÃÂÃÂÃÂÃÂÃÂÃÂÃÂ¬ÃÂÃÂÃÂÃÂÃÂÃÂ¢ÃÂÃÂÃÂÃÂÃÂÃÂÃÂÃÂÃÂÃÂÃÂÃÂ¬ÃÂÃÂÃÂÃÂ, http://www.actrec.gov.in/histome","ac.in","True","6.0","0.1","HIGH"
"ISDB","functional antibiotic resistant metagenomic element","SAME_DOMAIN","Y","2.0","Score=2.0: SAME_DOMAIN","Integration Site Database","https://mullinslab.microbiol.washington.edu/isdb/","washington.edu","http://staff.washington.edu/jwallace/farme","washington.edu","True","49.0","0.48","HIGH"
"FADB-China","frcd","SAME_DOMAIN","Y","2.0","Score=2.0: SAME_DOMAIN","Food Adulteration Database China","http://www.rxnfinder.org/FADB-China/","rxnfinder.org","http://www.rxnfinder.org/frcd","rxnfinder.org","True","8.0","0.76","HIGH"
"PACSY","atsnp","SAME_DOMAIN","Y","2.0","Score=2.0: SAME_DOMAIN","Protein And Chemical Shift Database","http://pacsy.nmrfam.wisc.edu","wisc.edu","http://atsnp.biostat.wisc.edu","wisc.edu","True","4.0","0.51","HIGH"
"Platinum","memprotmd","SAME_DOMAIN","Y","2.0","Score=2.0: SAME_DOMAIN","Protein-Ligand Mutation Effects Database","http://structure.bioc.cam.ac.uk/platinum","ac.uk","http://memprotmd.bioch.ox.ac.uk","ac.uk","True","8.0","0.46","HIGH"
"Alcohol and Pregnancy","agriseqdb","SAME_DOMAIN","Y","2.0","Score=2.0: SAME_DOMAIN","Alcohol and Pregnancy Educational Resources","http://www.ichr.uwa.edu.au/alcoholandpregnancy","edu.au","http://expression.latrobe.edu.au/agriseqdb","edu.au","True","19.0","0.34","HIGH"
"CDC Health Equity","dtm","SAME_DOMAIN","Y","2.0","Score=2.0: SAME_DOMAIN","CDC Health Equity Resource Toolkit","http://www.cdc.gov/obesity/health_equity/toolkit.html","cdc.gov","http://www.cdc.gov/nccdphp/dnpao/data-trends-maps/index.html","cdc.gov","True","15.0","0.3","HIGH"
"CCD","wwpdb","SAME_DOMAIN","Y","2.0","Score=2.0: SAME_DOMAIN","Chemical Component Dictionary","http://wwpdb.org","wwpdb.org","http://validate.wwpdb.org","wwpdb.org","True","4.0","0.67","HIGH"
"FishTrace","jrc gmo-amplicons","SAME_DOMAIN","Y","2.0","Score=2.0: SAME_DOMAIN","Fish Genetic Catalogue","https://fishtrace.jrc.ec.europa.eu","europa.eu","http://gmo-crl.jrc.ec.europa.eu/jrcgmoamplicons","europa.eu","True","15.0","0.55","HIGH"
"Delta","synbiolgdb","SAME_DOMAIN","Y","2.0","Score=2.0: SAME_DOMAIN","3D Genome Visualization and Analysis Platform","http://delta.big.ac.cn","ac.cn","http://bioinformatics.ac.cn/synbiolgdb","ac.cn","True","9.0","0.35","HIGH"
"CEH-DB","rna structurome database","SAME_DOMAIN","Y","2.0","Score=2.0: SAME_DOMAIN","Carboxylic Ester Hydrolases Database","http://www.castle.cbe.iastate.edu","iastate.edu","http://structurome.bb.iastate.edu","iastate.edu","True","21.0","0.71","HIGH"
"VIS","visdb","db_suffix_diff, edit_dist=2","Y","2.0","Score=2.0: db_suffix_diff, edit_dist=2","Fish Distribution Database","","","http://bioinfo.uth.edu/VISDB","uth.edu","False","2.0","0.0","HIGH"
"MOROKOSHI","pubchemqc","SAME_DOMAIN","Y","2.0","Score=2.0: SAME_DOMAIN","Sorghum Transcriptome Database","http://sorghum.riken.jp","riken.jp","http://pubchemqc.riken.jp","riken.jp","True","9.0","0.65","HIGH"
"NDDVD","morusdb","SAME_DOMAIN","Y","2.0","Score=2.0: SAME_DOMAIN","NDDVD","http://bioinf.suda.edu.cn/NDDvarbase/LOVDv.3.0","edu.cn","http://morus.swu.edu.cn/morusdb","edu.cn","True","6.0","0.44","HIGH"
"openBIS","rnaiatlas","SAME_DOMAIN","Y","2.0","Score=2.0: SAME_DOMAIN","Open Biology Information System","https://openbis-eln-lims.ethz.ch","ethz.ch","http://www.rnaiatlas.ethz.ch","ethz.ch","True","8.0","0.59","HIGH"
"SYNZIP","isobase","SAME_DOMAIN","Y","2.0","Score=2.0: SAME_DOMAIN","Synthetic Zippers","http://keatingweb.mit.edu/SYNZIP/","mit.edu","http://isobase.csail.mit.edu","mit.edu","True","6.0","0.48","HIGH"
"SPDI","ratemirs","SAME_DOMAIN","Y","2.0","Score=2.0: SAME_DOMAIN","Sequence Position Deletion Insertion","https://api.ncbi.nlm.nih.gov/variation/v0","nih.gov","http://www.niehs.nih.gov/ratemirs","nih.gov","True","7.0","0.51","HIGH"
"CRC T Cell","gesur","SAME_DOMAIN","Y","2.0","Score=2.0: SAME_DOMAIN","Colorectal Cancer T Cell Database","http://crctcell.cancer-pku.cn/","cancer-pku.cn","http://gesur.cancer-pku.cn","cancer-pku.cn","True","10.0","0.73","HIGH"
"PlanExp","planex","edit_dist=1, contains, long_sim=0.84","Y","2.0","Score=2.0: edit_dist=1, contains, long_sim=0.84","Planarian Expression Database","https://compgen.bio.ub.edu/PlanNET/planexp","ub.edu","http://planex.plantbioinformatics.org","plantbioinformatics.org","False","1.0","0.22","HIGH"
"PTEE","maxqb","SAME_DOMAIN","Y","2.0","Score=2.0: SAME_DOMAIN","Phenotype-Tissue Expression and Exploration Resource","https://bioinf.eva.mpg.de/PTEE/","mpg.de","http://www.biochem.mpg.de/maxqb","mpg.de","True","5.0","0.57","HIGH"
"FinaleDB","toppcell","SAME_DOMAIN","Y","2.0","Score=2.0: SAME_DOMAIN","Fragmentation Analysis Database","http://finaledb.research.cchmc.org/","cchmc.org","http://toppcell.cchmc.org","cchmc.org","True","7.0","0.49","HIGH"
"NeurotoxKb","circad","SAME_DOMAIN","Y","2.0","Score=2.0: SAME_DOMAIN","Environmental Neurotoxicant Knowledgebase","https://cb.imsc.res.in/neurotoxkb/","res.in","http://clingen.igib.res.in/circad","res.in","True","9.0","0.47","HIGH"
"QuIN","creportal","SAME_DOMAIN","Y","2.0","Score=2.0: SAME_DOMAIN","Chromatin Interaction Network Query Server","http://quin.jax.org","jax.org","http://www.informatics.jax.org/home/recombinase","jax.org","True","9.0","0.42","HIGH"
"Connectivity Scores","mesocosm","SAME_DOMAIN","Y","2.0","Score=2.0: SAME_DOMAIN","Drug Connectivity Scores Database","https://jravilab.github.io/connectivity_scores","github.io","http://aliayadi.github.io/MESOCOSM-database","github.io","True","16.0","0.46","HIGH"
"COMPLEAT","iproteindb","SAME_DOMAIN","Y","2.0","Score=2.0: SAME_DOMAIN","Complex-based Analysis Tool","http://www.flyrnai.org/compleat","flyrnai.org","http://www.flyrnai.org/tools/iproteindb","flyrnai.org","True","9.0","0.62","HIGH"
"Kinase Atlas","hotresdb","SAME_DOMAIN","Y","2.0","Score=2.0: SAME_DOMAIN","Kinase Druggability Atlas","https://kinase-atlas.bu.edu","bu.edu","http://hotresdb.bu.edu","bu.edu","True","11.0","0.47","HIGH"
"Open TG-GATEs","ogro","SAME_DOMAIN","Y","2.0","Score=2.0: SAME_DOMAIN","Toxicogenomics Database","http://toxico.nibio.go.jp/english/index.html","go.jp","http://qtaro.abr.affrc.go.jp/ogro","go.jp","True","11.0","0.46","HIGH"
"Transcriptor","additivechem","SAME_DOMAIN","Y","2.0","Score=2.0: SAME_DOMAIN","transcript enzymatic functions annotation platform","http://design.rxnfinder.org/transcriptor/","rxnfinder.org","http://www.rxnfinder.org/additivechem","rxnfinder.org","True","12.0","0.54","HIGH"
"WHISTLE","morusdb","SAME_DOMAIN","Y","2.0","Score=2.0: SAME_DOMAIN","Human m6A Epitranscriptome Map","http://www.xjtlu.edu.cn/biologicalsciences/whistle","edu.cn","http://morus.swu.edu.cn/morusdb","edu.cn","True","7.0","0.32","HIGH"
"GlyMap","hemaexplorer","SAME_DOMAIN","Y","2.0","Score=2.0: SAME_DOMAIN","Glycogene Mutation Map","http://glymap.glycomics.ku.dk","ku.dk","http://servers.binf.ku.dk/hemaexplorer","ku.dk","True","10.0","0.3","HIGH"
"PHYMYCO-DB","toxsign","SAME_DOMAIN","Y","2.0","Score=2.0: SAME_DOMAIN","Phylogeny of Mycorrhizal Fungi Database","http://phymycodb.genouest.org/","genouest.org","http://toxsign.genouest.org","genouest.org","True","10.0","0.67","HIGH"
"mTCTScan","gwasdb","SAME_DOMAIN","Y","2.0","Score=2.0: SAME_DOMAIN","Mutation Targeting Cancer Therapy Scan","http://jjwanglab.org/mTCTScan","jjwanglab.org","http://jjwanglab.org/gwasdb","jjwanglab.org","True","7.0","0.71","HIGH"
"D3Targets","d3distalmutation","SAME_DOMAIN","Y","2.0","Score=2.0: SAME_DOMAIN","D3 Drug Design and Discovery Targets","https://www.d3pharma.com/D3Targets-2019-nCoV/D3Similarity/index.php","d3pharma.com","http://www.d3pharma.com/D3DistalMutation/index.php","d3pharma.com","True","11.0","0.51","HIGH"
"HTLV-1 Database","exve","SAME_DOMAIN","Y","2.0","Score=2.0: SAME_DOMAIN","HTLV-1 Molecular Epidemiology Database","http://htlv1db.bahia.fiocruz.br/","fiocruz.br","http://exve.icc.fiocruz.br","fiocruz.br","True","13.0","0.65","HIGH"
"Phyto diab care","dbtflc","SAME_DOMAIN","Y","2.0","Score=2.0: SAME_DOMAIN","Phytoremedial Antidiabetic Database","http://www.gbpuat-cbsh.ac.in/departments/bi/database/phytodiabcare/HOME%20PAGE/Home%20page.html","ac.in","http://www.vit.ac.in/files/database/Home.php","ac.in","True","13.0","0.46","HIGH"
"ISU FLUture","rna structurome database","SAME_DOMAIN","Y","2.0","Score=2.0: SAME_DOMAIN","Iowa State University Influenza Monitoring Platform","http://influenza.cvm.iastate.edu","iastate.edu","http://structurome.bb.iastate.edu","iastate.edu","True","18.0","0.59","HIGH"
"Interactome INSIDER","instruct","SAME_DOMAIN","Y","2.0","Score=2.0: SAME_DOMAIN","Structural Interactome Browser","http://interactomeinsider.yulab.org","yulab.org","http://instruct.yulab.org","yulab.org","True","14.0","0.61","HIGH"
"Coiled Coils Atlas","memprotmd","SAME_DOMAIN","Y","2.0","Score=2.0: SAME_DOMAIN","Atlas of Coiled Coils","http://coiledcoils.chm.bris.ac.uk/atlas/app","ac.uk","http://memprotmd.bioch.ox.ac.uk","ac.uk","True","15.0","0.4","HIGH"
"PROSPERO","memprotmd","SAME_DOMAIN","Y","2.0","Score=2.0: SAME_DOMAIN","Prospective Register of Systematic Reviews","http://www.crd.york.ac.uk/prospero/display_record.asp?src=trip&ID=CRD42016045605","ac.uk","http://memprotmd.bioch.ox.ac.uk","ac.uk","True","8.0","0.3","HIGH"
"KDB","sweetlead","SAME_DOMAIN","Y","2.0","Score=2.0: SAME_DOMAIN","Kinase Database","https://simtk.org/projects/kdb","simtk.org","http://simtk.org/home/sweetlead","simtk.org","True","9.0","0.61","HIGH"
"MorphDB","flad","SAME_DOMAIN","Y","2.0","Score=2.0: SAME_DOMAIN","Morphology Database","http://bioinformatics.psb.ugent.be/webtools/morphdb/morphDB/index/","ugent.be","http://forensic.ugent.be/FLAD","ugent.be","True","6.0","0.42","HIGH"
"SARS-CoV-2 Resources","morusdb","SAME_DOMAIN","Y","2.0","Score=2.0: SAME_DOMAIN","SARS-CoV-2 Clinical Research Resources","http://bis.zju.edu.cn/overcovid/","edu.cn","http://morus.swu.edu.cn/morusdb","edu.cn","True","17.0","0.58","HIGH"
"TAC_ADR","tbpp","SAME_DOMAIN","Y","2.0","Score=2.0: SAME_DOMAIN","TAC Adverse Drug Reactions Dataset","https://bionlp.nlm.nih.gov/tac2017adversereactions/","nih.gov","http://TBPortals.niaid.nih.gov","nih.gov","True","6.0","0.4","HIGH"
"SnpHub","morusdb","SAME_DOMAIN","Y","2.0","Score=2.0: SAME_DOMAIN","SNP Hub","http://wheat.cau.edu.cn/Wheat_SnpHub_Portal/","edu.cn","http://morus.swu.edu.cn/morusdb","edu.cn","True","6.0","0.4","HIGH"
"LungGENS","cressint","SAME_DOMAIN","Y","2.0","Score=2.0: SAME_DOMAIN","Lung Gene Expression in the Neonatal System","https://research.cchmc.org/pbge/lunggens/default.html","cchmc.org","http://cressint.cchmc.org","cchmc.org","True","7.0","0.41","HIGH"
"BNER Datasets","ym500","SAME_DOMAIN","Y","2.0","Score=2.0: SAME_DOMAIN","Biomedical Named Entity Recognition Datasets","https://iasl-btm.iis.sinica.edu.tw/BNER/Content/Re","edu.tw","http://ngs.ym.edu.tw/ym500","edu.tw","True","13.0","0.33","HIGH"
"HCO Database","intb","SAME_DOMAIN","Y","2.0","Score=2.0: SAME_DOMAIN","Heme-Copper Oxygen Reductase Database","http://www.evocell.org/hco","evocell.org","http://www.evocell.org/inTB","evocell.org","True","10.0","0.77","HIGH"
"Cattle Gene Network","qtldb","SAME_DOMAIN","Y","2.0","Score=2.0: SAME_DOMAIN","Cattle Gene Co-expression Network","http://www.animalgenome.org/cgi-bin/host/reecylab/d","animalgenome.org","http://www.animalgenome.org/QTLdb","animalgenome.org","True","17.0","0.58","HIGH"
"GBIF Dataset 255","florabank1","SAME_DOMAIN","Y","2.0","Score=2.0: SAME_DOMAIN","University of Extremadura Herbarium","http://data.gbif.org/datasets/resource/255","gbif.org","http://data.gbif.org/datasets/resource/10969/, http://projects.biodiversity.be/ifblAll","gbif.org","True","14.0","0.56","HIGH"
"miBC","bacdive","SAME_DOMAIN","Y","2.0","Score=2.0: SAME_DOMAIN","Mouse Intestinal Bacterial Collection","http://www.dsmz.de/miBC","dsmz.de","http://bacdive.dsmz.de","dsmz.de","True","6.0","0.52","HIGH"
"miRTargetLink","plsdb","SAME_DOMAIN","Y","2.0","Score=2.0: SAME_DOMAIN","miRNA Target Gene and Pathway Network","https://www.ccb.uni-saarland.de/mirtargetlink2","uni-saarland.de","http://ccb-microbe.cs.uni-saarland.de/plsdb","uni-saarland.de","True","12.0","0.6","HIGH"
"SiESTa","rnaiatlas","SAME_DOMAIN","Y","2.0","Score=2.0: SAME_DOMAIN","Silene EST Annotation Database","http://www.siesta.ethz.ch","ethz.ch","http://www.rnaiatlas.ethz.ch","ethz.ch","True","7.0","0.58","HIGH"
"cBinderDB","pathppi","SAME_DOMAIN","Y","2.0","Score=2.0: SAME_DOMAIN","Covalent Binding Agent Database","http://www.rcdd.org.cn/cbinderdb/","org.cn","http://proteomeview.hupo.org.cn/PathPPI/PathPPI.html","org.cn","True","9.0","0.3","HIGH"
"PRISM","rtfadb","SAME_DOMAIN","Y","2.0","Score=2.0: SAME_DOMAIN","protein-protein interactions repository","http://cosbi.ku.edu.tr/prism","edu.tr","http://tools.ibg.deu.edu.tr/rtfa","edu.tr","True","6.0","0.61","HIGH"
"SlideBase","hemaexplorer","SAME_DOMAIN","Y","2.0","Score=2.0: SAME_DOMAIN","cell-specific molecular features database","http://slidebase.binf.ku.dk","ku.dk","http://servers.binf.ku.dk/hemaexplorer","ku.dk","True","10.0","0.51","HIGH"
"HISDAC-US","pms_dn","SAME_DOMAIN","Y","2.0","Score=2.0: SAME_DOMAIN","Historical Settlement Data Compilation","https://dataverse.harvard.edu/dataverse/hisdacus","harvard.edu","http://pmsdn.hms.harvard.edu","harvard.edu","True","8.0","0.46","HIGH"
"PopFly","invfest","SAME_DOMAIN","Y","2.0","Score=2.0: SAME_DOMAIN","Population Fly","http://popfly.uab.cat","uab.cat","http://invfestdb.uab.cat","uab.cat","True","6.0","0.58","HIGH"
"Cereal_AltSplice","metazseckb","SAME_DOMAIN","Y","2.0","Score=2.0: SAME_DOMAIN","Cereal Alternative Splicing Database","http://proteomics.ysu.edu/altsplice/","ysu.edu","http://proteomics.ysu.edu/secretomes/animal/index.php","ysu.edu","True","13.0","0.66","HIGH"
"IntmiR","circad","SAME_DOMAIN","Y","2.0","Score=2.0: SAME_DOMAIN","Intronic miRNA Database","rgcb.res.in/intmir","res.in","http://clingen.igib.res.in/circad","res.in","True","6.0","0.55","HIGH"
"TOXiTAXi","trex","SAME_DOMAIN","Y","2.0","Score=2.0: SAME_DOMAIN","Toxicity Taxonomy Database","http://www.combio.pl/toxitaxi/","combio.pl","http://combio.pl/trex)-the","combio.pl","True","6.0","0.7","HIGH"
"Chorogenome","phosphat","SAME_DOMAIN","Y","2.0","Score=2.0: SAME_DOMAIN","Chorogenome Database","http://chorogenome.ie-freiburg.mpg.de","mpg.de","http://phosphat.mpimp-golm.mpg.de","mpg.de","True","9.0","0.39","HIGH"
"PGP","metacrop","SAME_DOMAIN","Y","2.0","Score=2.0: SAME_DOMAIN","plant phenomics and genomics repository","http://edal.ipk-gatersleben.de/repos/pgp/","ipk-gatersleben.de","http://metacrop.ipk-gatersleben.de","ipk-gatersleben.de","True","7.0","0.7","HIGH"
"Probiotics Database","allomaps","SAME_DOMAIN","Y","2.0","Score=2.0: SAME_DOMAIN","Database and Bioinformatics Studies of Probiotics","http://bidd2.nus.edu.sg/probio/homepage.htm","edu.sg","http://allomaps.bii.a-star.edu.sg","edu.sg","True","16.0","0.35","HIGH"
"OncoCis","suba3","SAME_DOMAIN","Y","2.0","Score=2.0: SAME_DOMAIN","Cancer Cis-Regulatory Mutations Resource","https://powcs.med.unsw.edu.au/OncoCis/","edu.au","http://suba.plantenergy.uwa.edu.au","edu.au","True","7.0","0.43","HIGH"
"GOtrack","neurogem","SAME_DOMAIN","Y","2.0","Score=2.0: SAME_DOMAIN","Gene Ontology Tracker","https://gotrack.msl.ubc.ca","ubc.ca","http://chibi.ubc.ca/neurogem","ubc.ca","True","7.0","0.41","HIGH"
"CytoSig","tie","SAME_DOMAIN","Y","2.0","Score=2.0: SAME_DOMAIN","Cytokine Signaling Database","https://cytosig.ccr.cancer.gov/","cancer.gov","http://isomir.ccr.cancer.gov","cancer.gov","True","5.0","0.79","HIGH"
"SynapticDB","live-nflx-ii","SAME_DOMAIN","Y","2.0","Score=2.0: SAME_DOMAIN","Synaptic Database","http://synapses.clm.utexas.edu/synapticdb/","utexas.edu","http://live.ece.utexas.edu/research/LIVE_NFLX_II/live_nflx_plus.html","utexas.edu","True","12.0","0.4","HIGH"
"SMiR-NBI","morusdb","SAME_DOMAIN","Y","2.0","Score=2.0: SAME_DOMAIN","Small Molecule-microRNA Network-Based Inference","http://lmmd.ecust.edu.cn/database/smir-nbi/","edu.cn","http://morus.swu.edu.cn/morusdb","edu.cn","True","6.0","0.44","HIGH"
"Subtlex-pl","toppr","SAME_DOMAIN","Y","2.0","Score=2.0: SAME_DOMAIN","Subtitle-based Lexicon for Polish","http://crr.ugent.be/subtlex-pl","ugent.be","http://iomics.ugent.be/toppr","ugent.be","True","8.0","0.59","HIGH"
"ChloroSSRdb","mitosatplant","SAME_DOMAIN","Y","2.0","Score=2.0: SAME_DOMAIN","Chloroplast Simple Sequence Repeat Database","http://www.compubio.in/chlorossrdb/","compubio.in","http://compubio.in/mitosatplant","compubio.in","True","11.0","0.6","HIGH"
"UniRule","memprotmd","SAME_DOMAIN","Y","2.0","Score=2.0: SAME_DOMAIN","unified rule resource for UniProt","https://gitlab.ebi.ac.uk/uniprot-public/unifire","ac.uk","http://memprotmd.bioch.ox.ac.uk","ac.uk","True","8.0","0.32","HIGH"
"m6A-Atlas","morusdb","SAME_DOMAIN","Y","2.0","Score=2.0: SAME_DOMAIN","m6A-Atlas","http://www.xjtlu.edu.cn/biologicalsciences/atlas","edu.cn","http://morus.swu.edu.cn/morusdb","edu.cn","True","8.0","0.33","HIGH"
"PhenoScanner","memprotmd","SAME_DOMAIN","Y","2.0","Score=2.0: SAME_DOMAIN","Phenotype Scanner Database","http://www.phenoscanner.medschl.cam.ac.uk","ac.uk","http://memprotmd.bioch.ox.ac.uk","ac.uk","True","11.0","0.44","HIGH"
"LncRNA2Function","morusdb","SAME_DOMAIN","Y","2.0","Score=2.0: SAME_DOMAIN","LncRNA to Function Database","http://mlg.hit.edu.cn/lncrna2function","edu.cn","http://morus.swu.edu.cn/morusdb","edu.cn","True","13.0","0.44","HIGH"
"HDACiDB","andb","SAME_DOMAIN","Y","2.0","Score=2.0: SAME_DOMAIN","HDAC Inhibitor Database","http://hdacidb.bioinfo.au-kbc.org.in/hdacidb/website","org.in","http://arecanut.icmr.org.in","org.in","True","4.0","0.34","HIGH"
"muddy_db","linps","SAME_DOMAIN","Y","2.0","Score=2.0: SAME_DOMAIN","Mud Volcano Database","https://muddy-db.shinyapps.io/muddy_db/","shinyapps.io","http://mahshaaban.shinyapps.io/LINPSAPP","shinyapps.io","True","8.0","0.52","HIGH"
"Placenta_transcriptome","sysinflam hudb","SAME_DOMAIN","Y","2.0","Score=2.0: SAME_DOMAIN","Placental Endocrinology Transcriptome Collection","http://placentalendocrinology.gxbsidra.org/dm3/landing.gsp","gxbsidra.org","http://sepsis.gxbsidra.org/dm3/geneBrowser/list","gxbsidra.org","True","20.0","0.51","HIGH"
"ExportAid","metatropismdb","SAME_DOMAIN","Y","2.0","Score=2.0: SAME_DOMAIN","RNA Export Elements Database","http://www.introni.it/ExportAid/ExportAid.html","introni.it","http://www.introni.it/Metastasis/metastasis.html","introni.it","True","9.0","0.61","HIGH"
"BacillusRegNet","memprotmd","SAME_DOMAIN","Y","2.0","Score=2.0: SAME_DOMAIN","Bacillus Regulation Network Database","http://bacillus.ncl.ac.uk","ac.uk","http://memprotmd.bioch.ox.ac.uk","ac.uk","True","13.0","0.43","HIGH"
"BRONCO","horse single nucleotide polymorphism and expression database","SAME_DOMAIN","Y","2.0","Score=2.0: SAME_DOMAIN","Biomedical Entity Relation Oncology Corpus","http://infos.korea.ac.kr/bronco","ac.kr","http://snugenome2.snu.ac.kr/HSDB","ac.kr","True","56.0","0.45","HIGH"
"ATR-FT-IR Spectra","unite","SAME_DOMAIN","Y","2.0","Score=2.0: SAME_DOMAIN","ATR-FT-IR Spectral Collection","http://tera.chem.ut.ee/IR_spectra/","ut.ee","http://unite.ut.ee","ut.ee","True","15.0","0.43","HIGH"
"Pharos","tbpp","SAME_DOMAIN","Y","2.0","Score=2.0: SAME_DOMAIN","druggable genome protein information resource","https://pharos.nih.gov","nih.gov","http://TBPortals.niaid.nih.gov","nih.gov","True","6.0","0.59","HIGH"
"Plant PTM Viewer","flad","SAME_DOMAIN","Y","2.0","Score=2.0: SAME_DOMAIN","Plant Protein Modification Resource","http://www.psb.ugent.be/PlantPTMViewer","ugent.be","http://forensic.ugent.be/FLAD","ugent.be","True","14.0","0.53","HIGH"
"EXPANDER","consurf","SAME_DOMAIN","Y","2.0","Score=2.0: SAME_DOMAIN","Expression Analyzer and Displayer","http://acgt.cs.tau.ac.il/expander/","ac.il","http://consurfdb.tau.ac.il","ac.il","True","7.0","0.53","HIGH"
"TUL Herbarium","npidb","SAME_DOMAIN","Y","2.0","Score=2.0: SAME_DOMAIN","Tula Oblast Vascular Plant Herbarium","https://plant.depo.msu.ru/","msu.ru","http://npidb.belozersky.msu.ru","msu.ru","True","12.0","0.5","HIGH"
"MedProDB","dbtflc","SAME_DOMAIN","Y","2.0","Score=2.0: SAME_DOMAIN","Mediator Protein Database","http://www.nipgr.ac.in/MedProDB","ac.in","http://www.vit.ac.in/files/database/Home.php","ac.in","True","7.0","0.42","HIGH"
"Museu Goeldi Opiliones","spliceprot","SAME_DOMAIN","Y","2.0","Score=2.0: SAME_DOMAIN","Harvestmen Occurrence Database","https://ipt.sibbr.gov.br/goeldi/resource?r=museuparaenseemiliogoeldi-collection-aracnologiaopiliones","gov.br","http://lbbc.inca.gov.br/spliceprot","gov.br","True","17.0","0.47","HIGH"
"PILGRM","interacdome","SAME_DOMAIN","Y","2.0","Score=2.0: SAME_DOMAIN","PILGRM","http://pilgrm.princeton.edu","princeton.edu","http://interacdome.princeton.edu","princeton.edu","True","9.0","0.76","HIGH"
"GEPdb","bee","SAME_DOMAIN","Y","2.0","Score=2.0: SAME_DOMAIN","Genotype Expression Phenotype Database","http://ercsbweb.ewha.ac.kr/gepdb","ac.kr","http://bike-bee.snu.ac.kr","ac.kr","True","4.0","0.37","HIGH"
"PolyTB","memprotmd","SAME_DOMAIN","Y","2.0","Score=2.0: SAME_DOMAIN","Tuberculosis Genomic Variation Map","http://pathogenseq.lshtm.ac.uk/polytb","ac.uk","http://memprotmd.bioch.ox.ac.uk","ac.uk","True","8.0","0.37","HIGH"
"Vertion","epilepsy-connect","SAME_DOMAIN","Y","2.0","Score=2.0: SAME_DOMAIN","Version Control for Biological Networks","http://compbio.case.edu/omics/software/vertion","case.edu","http://bmhinformatics.case.edu/Epilepsyconnect/login","case.edu","True","13.0","0.36","HIGH"
"PathMe","neurommsig","SAME_DOMAIN","Y","2.0","Score=2.0: SAME_DOMAIN","mechanistic pathway knowledge resource","https://pathme.scai.fraunhofer.de/","fraunhofer.de","http://neurommsig.scai.fraunhofer.de","fraunhofer.de","True","9.0","0.74","HIGH"
"Blue Box Database","naps","SAME_DOMAIN","Y","2.0","Score=2.0: SAME_DOMAIN","Ultrasonic Signal Database","http://bluebox.ippt.gov.pl/~hpiotrzk","gov.pl","http://naps.nencki.gov.pl","gov.pl","True","15.0","0.38","HIGH"
"LNEN_map","ucsc genome browser","SAME_DOMAIN","Y","2.0","Score=2.0: SAME_DOMAIN","Lung Neuroendocrine Neoplasm Map","https://tumormap.ucsc.edu/?p=RCG_lungNENomics/LNEN","ucsc.edu","http://genome.ucsc.edu","ucsc.edu","True","16.0","0.62","HIGH"
"GBIF Dataset 14669","florabank1","SAME_DOMAIN","Y","2.0","Score=2.0: SAME_DOMAIN","Tenebrionid beetle dataset Peninsula Valdés","http://data.gbif.org/datasets/resource/14669/","gbif.org","http://data.gbif.org/datasets/resource/10969/, http://projects.biodiversity.be/ifblAll","gbif.org","True","15.0","0.6","HIGH"
"TASmania","gdbmedchem","SAME_DOMAIN","Y","2.0","Score=2.0: SAME_DOMAIN","Toxin-Antitoxin Systems Database","https://shiny.bioinformatics.unibe.ch/apps/tasmania/","unibe.ch","http://gdb.unibe.ch","unibe.ch","True","9.0","0.36","HIGH"
"DynaStI","snp2tfbs","SAME_DOMAIN","Y","2.0","Score=2.0: SAME_DOMAIN","Dynamic Retention Time Database for Steroidomics","https://dynasti.vital-it.ch","vital-it.ch","http://ccg.vital-it.ch/snp2tfbs","vital-it.ch","True","7.0","0.56","HIGH"
"IDAAPM","cvd2014","SAME_DOMAIN","Y","2.0","Score=2.0: SAME_DOMAIN","ADMET Adverse Effects Database","http://idaapm.helsinki.fi","helsinki.fi","http://www.helsinki.fi/psychology/groups/visualcognition","helsinki.fi","True","6.0","0.35","HIGH"
"TTD","cube-db","SAME_DOMAIN","Y","2.0","Score=2.0: SAME_DOMAIN","Therapeutic Target Database","http://bidd.nus.edu.sg/group/ttd/ttd.asp","edu.sg","http://epsf.bmad.bii.a-star.edu.sg/cube/db/html/home.html","edu.sg","True","6.0","0.34","HIGH"
"WAUC","pass","SAME_DOMAIN","Y","2.0","Score=2.0: SAME_DOMAIN","Workload Assessment Under physical aCtivity Database","http://musaelab.ca/resources/","musaelab.ca","http://musaelab.ca/pass-database","musaelab.ca","True","3.0","0.57","HIGH"
"ODIN","dianat-db","SAME_DOMAIN","Y","2.0","Score=2.0: SAME_DOMAIN","ODIN biocuration database","http://odin.ccg.unam.mx/ODIN/bc2015-miRNA/","unam.mx","http://rdu.iquimica.unam.mx/handle/20.500.12214/1186","unam.mx","True","7.0","0.43","HIGH"
"hERGAPDbase","oryzapg","SAME_DOMAIN","Y","2.0","Score=2.0: SAME_DOMAIN","hERG Action Potential Duration Database","http://www.grt.kyushu-u.ac.jp/hergapdbase/","ac.jp","http://oryzapg.iab.keio.ac.jp","ac.jp","True","9.0","0.35","HIGH"
"Ostrinia_scapulalis_genome","cyanolyase","SAME_DOMAIN","Y","2.0","Score=2.0: SAME_DOMAIN","Ostrinia scapulalis genome database","http://bipaa.genouest.org/sp/ostrinia_scapulalis/","genouest.org","http://cyanolyase.genouest.org","genouest.org","True","22.0","0.47","HIGH"
"XDeathDB","linps","SAME_DOMAIN","Y","2.0","Score=2.0: SAME_DOMAIN","cell death molecular interactions database","https://pcm2019.shinyapps.io/XDeathDB/","shinyapps.io","http://mahshaaban.shinyapps.io/LINPSAPP","shinyapps.io","True","8.0","0.52","HIGH"
"CancerRxTissue","tbpp","SAME_DOMAIN","Y","2.0","Score=2.0: SAME_DOMAIN","Cancer Drug Response Tissue Predictor","https://manticore.niehs.nih.gov/cancerRxTissue","nih.gov","http://TBPortals.niaid.nih.gov","nih.gov","True","13.0","0.46","HIGH"
"OligoNet","linps","SAME_DOMAIN","Y","2.0","Score=2.0: SAME_DOMAIN","Oligopeptide Network Server","https://daniellyz200608105.shinyapps.io/OligoNet/","shinyapps.io","http://mahshaaban.shinyapps.io/LINPSAPP","shinyapps.io","True","5.0","0.53","HIGH"
"BLAD","swmd","SAME_DOMAIN","Y","2.0","Score=2.0: SAME_DOMAIN","beta-lactamases database","http://www.blad.co.in","co.in","http://www.swmd.co.in","co.in","True","3.0","0.7","HIGH"
"ChallengeDB","live-nflx-ii","SAME_DOMAIN","Y","2.0","Score=2.0: SAME_DOMAIN","Challenge Database","http://live.ece.utexas.edu/research/ChallengeDB/index.html","utexas.edu","http://live.ece.utexas.edu/research/LIVE_NFLX_II/live_nflx_plus.html","utexas.edu","True","12.0","0.61","HIGH"
"Anti-CRISPRdb","morusdb","SAME_DOMAIN","Y","2.0","Score=2.0: SAME_DOMAIN","Anti-CRISPR Protein Database","http://cefg.uestc.edu.cn/anti-CRISPRdb/","edu.cn","http://morus.swu.edu.cn/morusdb","edu.cn","True","9.0","0.51","HIGH"
"G4_database","mesocosm","SAME_DOMAIN","Y","2.0","Score=2.0: SAME_DOMAIN","G-quadruplex Database","https://ericlarg4.github.io/G4_database.html","github.io","http://aliayadi.github.io/MESOCOSM-database","github.io","True","10.0","0.58","HIGH"
"MassIVE","bigg","SAME_DOMAIN","Y","2.0","Score=2.0: SAME_DOMAIN","MassIVE Repository","https://massive.ucsd.edu/","ucsd.edu","http://bigg.ucsd.edu","ucsd.edu","True","6.0","0.69","HIGH"
"pHLA3D","bgbx","SAME_DOMAIN","Y","2.0","Score=2.0: SAME_DOMAIN","predicted HLA 3D structures","http://www.phla3d.com.br","com.br","http://www.bgbx.com.br","com.br","True","6.0","0.58","HIGH"
"LipidGO","pfsnp","SAME_DOMAIN","Y","2.0","Score=2.0: SAME_DOMAIN","Lipid Gene Ontology Database","http://compbio.ddns.comp.nus.edu.sg/%7elipidgo/index.php","edu.sg","http://pfs.nus.edu.sg","edu.sg","True","6.0","0.49","HIGH"
"MetaPhOrs","phylomedb","SAME_DOMAIN","Y","2.0","Score=2.0: SAME_DOMAIN","Orthology Inference Resource","http://orthology.phylomedb.org/","phylomedb.org","http://phylomedb.org","phylomedb.org","True","9.0","0.72","HIGH"
"ResiDB","commode","SAME_DOMAIN","Y","2.0","Score=2.0: SAME_DOMAIN","Residue Database Manager","https://residb.ait.ac.at/","ac.at","http://commode.i-med.ac.at","ac.at","True","6.0","0.51","HIGH"
"PacTrac","hawaiian freshwater algal database","SAME_DOMAIN","Y","2.0","Score=2.0: SAME_DOMAIN","Pacific Tracker Diet and Physical Activity Assessment Tool","https://nappactrac31.ctahr.hawaii.edu/default.htm","hawaii.edu","http://algae.manoa.hawaii.edu/hfwadb","hawaii.edu","True","30.0","0.43","HIGH"
"GenoSkyline","frog-kb","SAME_DOMAIN","Y","2.0","Score=2.0: SAME_DOMAIN","GenoSkyline Annotation Database","http://genocanyon.med.yale.edu/GenoSkyline","yale.edu","http://frog.med.yale.edu/FrogKB","yale.edu","True","10.0","0.58","HIGH"
"OMCD","mosaic","SAME_DOMAIN","Y","2.0","Score=2.0: SAME_DOMAIN","OncomiR Cancer Database","http://www.oncomir.umn.edu/omcd/","umn.edu","http://mosaic.cs.umn.edu","umn.edu","True","5.0","0.54","HIGH"
"THAMAZON","symgendb","SAME_DOMAIN","Y","2.0","Score=2.0: SAME_DOMAIN","Thermal Anomalies Amazon Database","http://ipl.uv.es/thamazon/web","uv.es","http://symbiogenomesdb.uv.es","uv.es","True","8.0","0.33","HIGH"
"GTB","hemophilia a database","SAME_DOMAIN","Y","2.0","Score=2.0: SAME_DOMAIN","Genome Tolerance Browser","http://gtb.biocompute.org.uk","org.uk","http://hadb.org.uk/, http://www.kcl.ac.uk/ip/petergreen/haemBdatabase.html","org.uk","True","19.0","0.18","HIGH"
"VIRGO","spectra","SAME_DOMAIN","Y","2.0","Score=2.0: SAME_DOMAIN","Visualization of RNA editing sites in Genomic sequences","http://atlas.dmi.unict.it/virgo/","unict.it","http://alpha.dmi.unict.it/spectra","unict.it","True","7.0","0.72","HIGH"
"SNENGS","tbpp","SAME_DOMAIN","Y","2.0","Score=2.0: SAME_DOMAIN","Suprachiasmatic Nucleus Expression in the Nervous and Glandular System","https://snengs.nichd.nih.gov","nih.gov","http://TBPortals.niaid.nih.gov","nih.gov","True","6.0","0.6","HIGH"
"Colombia_geometrid","florabank1","SAME_DOMAIN","Y","2.0","Score=2.0: SAME_DOMAIN","Colombian Geometrid Moth Database","https://www.gbif.org/","gbif.org","http://data.gbif.org/datasets/resource/10969/, http://projects.biodiversity.be/ifblAll","gbif.org","True","15.0","0.18","HIGH"
"TISIDB","dipper","SAME_DOMAIN","Y","2.0","Score=2.0: SAME_DOMAIN","Tumor-Immune System Database","http://cis.hku.hk/TISIDB","hku.hk","http://www.sbms.hku.hk/dclab/DIPPER","hku.hk","True","5.0","0.49","HIGH"
"Togo_herbarium","florabank1","SAME_DOMAIN","Y","2.0","Score=2.0: SAME_DOMAIN","Togo National Herbarium Database","https://www.gbif.org/dataset/b05dd467-aaf8-4c67-843c-27f049057b78","gbif.org","http://data.gbif.org/datasets/resource/10969/, http://projects.biodiversity.be/ifblAll","gbif.org","True","11.0","0.3","HIGH"
"Bradyrhizobium_MLSA","plantannot","SAME_DOMAIN","Y","2.0","Score=2.0: SAME_DOMAIN","Bradyrhizobium MLSA Database","http://mlsa.cnpso.embrapa.br","embrapa.br","http://www.machado.cnptia.embrapa.br/plantannot","embrapa.br","True","17.0","0.6","HIGH"
"CGHub","gtrnadb","SAME_DOMAIN","Y","2.0","Score=2.0: SAME_DOMAIN","Cancer Genomics Hub","https://cghub.ucsc.edu","ucsc.edu","http://gtrnadb.ucsc.edu","ucsc.edu","True","6.0","0.73","HIGH"
"SpliceAid","metatropismdb","SAME_DOMAIN","Y","2.0","Score=2.0: SAME_DOMAIN","human splicing factors expression database","http://www.introni.it/spliceaid.html","introni.it","http://www.introni.it/Metastasis/metastasis.html","introni.it","True","11.0","0.68","HIGH"
"CAMD","pdb","SAME_DOMAIN","Y","2.0","Score=2.0: SAME_DOMAIN","Coalition Against Major Diseases Alzheimer's Database","http://pitgroup.org/static/scarf.zip","pitgroup.org","http://pitgroup.org/amyloid","pitgroup.org","True","4.0","0.61","HIGH"
"FG_mosquito","florabank1","SAME_DOMAIN","Y","2.0","Score=2.0: SAME_DOMAIN","French Guiana Mosquito Database","http://www.gbif.org/dataset/5a8aa2ad-261c-4f61-a98e-26dd752fe1c5","gbif.org","http://data.gbif.org/datasets/resource/10969/, http://projects.biodiversity.be/ifblAll","gbif.org","True","10.0","0.27","HIGH"
"GeneBase","bologna annotation resource","SAME_DOMAIN","Y","2.0","Score=2.0: SAME_DOMAIN","gene datasets summary database","http://apollo11.isto.unibo.it/software/","unibo.it","http://bar.biocomp.unibo.it/bar3","unibo.it","True","22.0","0.5","HIGH"
"GWIPS-viz","darned","SAME_DOMAIN","Y","2.0","Score=2.0: SAME_DOMAIN","Genome-Wide Information on Protein Synthesis Visualizer","http://gwips.ucc.ie","ucc.ie","http://darned.ucc.ie","ucc.ie","True","9.0","0.56","HIGH"
"VivaxGEN","agriseqdb","SAME_DOMAIN","Y","2.0","Score=2.0: SAME_DOMAIN","Plasmodium vivax genotyping platform","http://vivaxgen.menzies.edu.au","edu.au","http://expression.latrobe.edu.au/agriseqdb","edu.au","True","9.0","0.38","HIGH"
"MMPdb","rna structurome database","SAME_DOMAIN","Y","2.0","Score=2.0: SAME_DOMAIN","Mitochondrial Matrix Proteome Database","https://mmpdb.eeob.iastate.edu/","iastate.edu","http://structurome.bb.iastate.edu","iastate.edu","True","21.0","0.62","HIGH"
"WheatD_SNP","i5k","SAME_DOMAIN","Y","2.0","Score=2.0: SAME_DOMAIN","Wheat D Genome SNP Database","http://avena.pw.usda.gov/wheatD/agsnp.shtml","usda.gov","http://i5k.nal.usda.gov","usda.gov","True","10.0","0.42","HIGH"
"Monarch","monarchbase","db_suffix_diff, contains","Y","2.0","Score=2.0: db_suffix_diff, contains","Monarch Initiative","https://monarchinitiative.org","monarchinitiative.org","http://monarchbase.umassmed.edu","umassmed.edu","False","4.0","0.44","HIGH"
"ASPIREdb","davie","SAME_DOMAIN","Y","2.0","Score=2.0: SAME_DOMAIN","Phenome-Genome database","http://aspiredb.chibi.ubc.ca","ubc.ca","http://echelon.cmmt.ubc.ca/dbaccess","ubc.ca","True","6.0","0.41","HIGH"
"MENGO","expresso","SAME_DOMAIN","Y","2.0","Score=2.0: SAME_DOMAIN","Methane Network Gene Ontology","http://www.mengo.biochem.vt.edu/","vt.edu","http://bioinformatics.cs.vt.edu/expresso","vt.edu","True","6.0","0.42","HIGH"
"BetaLactamaseDB","transcriptomebrowser","SAME_DOMAIN","Y","2.0","Score=2.0: SAME_DOMAIN","Beta-Lactamase Database","http://ifr48.timone.univ-mrs.fr/beta-lactamase/public/","univ-mrs.fr","http://tagc.univ-mrs.fr/tbrowser","univ-mrs.fr","True","16.0","0.48","HIGH"
"ALE-HSA21","camurweb","SAME_DOMAIN","Y","2.0","Score=2.0: SAME_DOMAIN","Analysis of Expression on human chromosome 21","http://bioinfo.na.iac.cnr.it/ALE-HSA21","cnr.it","http://bioinformatics.iasi.cnr.it/camurweb","cnr.it","True","9.0","0.64","HIGH"
"dbTF","memprotmd","SAME_DOMAIN","Y","2.0","Score=2.0: SAME_DOMAIN","Database of Transcription Factors","https://www.ebi.ac.uk/QuickGO/targetset/dbTF","ac.uk","http://memprotmd.bioch.ox.ac.uk","ac.uk","True","8.0","0.32","HIGH"
"AQUA-MER","besc","SAME_DOMAIN","Y","2.0","Score=2.0: SAME_DOMAIN","Aqueous Mercury Speciation Database","https://aquamer.ornl.gov","ornl.gov","http://besckb.ornl.gov","ornl.gov","True","8.0","0.65","HIGH"
"Allen Developing Mouse Brain Atlas","allen brain atlas","SAME_DOMAIN","Y","2.0","Score=2.0: SAME_DOMAIN","Developing Mouse Brain Atlas","http://developingmouse.brain-map.org","brain-map.org","http://www.brain-map.org","brain-map.org","True","17.0","0.62","HIGH"
"GeneTribe","mesocosm","SAME_DOMAIN","Y","2.0","Score=2.0: SAME_DOMAIN","Triticeae Genome Tribe","https://chenym1.github.io/genetribe/","github.io","http://aliayadi.github.io/MESOCOSM-database","github.io","True","8.0","0.44","HIGH"
"ORVAL","dida","SAME_DOMAIN","Y","2.0","Score=2.0: SAME_DOMAIN","Oligogenic Resource for Variant Analysis","https://orval.ibsquare.be","ibsquare.be","http://dida.ibsquare.be","ibsquare.be","True","4.0","0.79","HIGH"
"MINTbase","mint","db_suffix_diff, contains","Y","2.0","Score=2.0: db_suffix_diff, contains","Mitochondrial and Nuclear tRNA fragment base","http://cm.jefferson.edu/MINTbase/","jefferson.edu","http://mint.bio.uniroma2.it/mint/, http://mint.bio.uniroma2.it/mint/download.do","uniroma2.it","False","4.0","0.25","HIGH"
"Virtual Pharmacist","pathppi","SAME_DOMAIN","Y","2.0","Score=2.0: SAME_DOMAIN","Pharmacogenomics Platform","http://www.sustc-genome.org.cn/vp","org.cn","http://proteomeview.hupo.org.cn/PathPPI/PathPPI.html","org.cn","True","15.0","0.42","HIGH"
"CMMR","hippdb","SAME_DOMAIN","Y","2.0","Score=2.0: SAME_DOMAIN","Comparative Microbial Modules Resource","http://meatwad.bio.nyu.edu/cmmr.html","nyu.edu","http://www.nyu.edu/projects/arora/hippdb, http://code.google.com/p/helidb","nyu.edu","True","6.0","0.31","HIGH"
"Wheat_D_markers","i5k","SAME_DOMAIN","Y","2.0","Score=2.0: SAME_DOMAIN","Wheat D Genome Marker Resource","http://probes.pw.usda.gov/ATRJM/","usda.gov","http://i5k.nal.usda.gov","usda.gov","True","14.0","0.5","HIGH"
"HydDB","lotus base","SAME_DOMAIN","Y","2.0","Score=2.0: SAME_DOMAIN","Hydrogenase Database","http://services.birc.au.dk/hyddb/","au.dk","http://lotus.au.dk","au.dk","True","9.0","0.39","HIGH"
"ComplexPortal","memprotmd","SAME_DOMAIN","Y","2.0","Score=2.0: SAME_DOMAIN","Complex Portal","http://www.ebi.ac.uk/complexportal","ac.uk","http://memprotmd.bioch.ox.ac.uk","ac.uk","True","9.0","0.38","HIGH"
"VARIDT","gimica","SAME_DOMAIN","Y","2.0","Score=2.0: SAME_DOMAIN","Drug Transporter Variability Database","https://db.idrblab.org/varidt/","idrblab.org","http://idrblab.org/gimica","idrblab.org","True","5.0","0.67","HIGH"
"AnatomyTagger","memprotmd","SAME_DOMAIN","Y","2.0","Score=2.0: SAME_DOMAIN","Anatomy Tagger","http://nactem.ac.uk/anatomytagger","ac.uk","http://memprotmd.bioch.ox.ac.uk","ac.uk","True","12.0","0.32","HIGH"
"Arena-Idb","camurweb","SAME_DOMAIN","Y","2.0","Score=2.0: SAME_DOMAIN","non-coding RNA interaction networks platform","http://arenaidb.ba.itb.cnr.it","cnr.it","http://bioinformatics.iasi.cnr.it/camurweb","cnr.it","True","8.0","0.39","HIGH"
"bacpedia","pubchemqc","SAME_DOMAIN","Y","2.0","Score=2.0: SAME_DOMAIN","BACpedia","http://database.riken.jp/db/bacpedia","riken.jp","http://pubchemqc.riken.jp","riken.jp","True","7.0","0.47","HIGH"
"Meloidogyne_proteome","peroxibase","SAME_DOMAIN","Y","2.0","Score=2.0: SAME_DOMAIN","Meloidogyne incognita Proteome Database","https://meloidogyne.inra.fr/Downloads/Meloidogyne-incognita-V2-2017","inra.fr","http://peroxibase.toulouse.inra.fr","inra.fr","True","17.0","0.28","HIGH"
"Proteasome_toolkit","phosphat","SAME_DOMAIN","Y","2.0","Score=2.0: SAME_DOMAIN","Proteasome Homolog Database","https://toolkit.tuebingen.mpg.de","mpg.de","http://phosphat.mpimp-golm.mpg.de","mpg.de","True","14.0","0.4","HIGH"
"Dokdo Insect Database","florabank1","SAME_DOMAIN","Y","2.0","Score=2.0: SAME_DOMAIN","Dokdo Korea Insect Database","http://www.GBIF.org","gbif.org","http://data.gbif.org/datasets/resource/10969/, http://projects.biodiversity.be/ifblAll","gbif.org","True","18.0","0.18","HIGH"
"SCADS_GED","kazusa marker database","SAME_DOMAIN","Y","2.0","Score=2.0: SAME_DOMAIN","Screening Committee of Anticancer Drugs Gene Expression Database","http://scads.jfcr.or.jp/db/cs/","or.jp","http://marker.kazusa.or.jp","or.jp","True","19.0","0.39","HIGH"
"MetaStorm","expresso","SAME_DOMAIN","Y","2.0","Score=2.0: SAME_DOMAIN","metagenomics annotation resource","http://bench.cs.vt.edu/MetaStorm/","vt.edu","http://bioinformatics.cs.vt.edu/expresso","vt.edu","True","8.0","0.59","HIGH"
"euHCVdb","matrixdb","SAME_DOMAIN","Y","2.0","Score=2.0: SAME_DOMAIN","European Hepatitis C Virus Database","https://euhcvdb.ibcp.fr/euHCVdb/","ibcp.fr","http://matrixdb.ibcp.fr","ibcp.fr","True","6.0","0.51","HIGH"
"EK3D","histome","SAME_DOMAIN","Y","2.0","Score=2.0: SAME_DOMAIN","E. coli K Antigen Database","http://www.iith.ac.in/EK3D/","ac.in","http://www.iiserpune.ac.in/ÃÂÃÂ¢ÃÂÃÂÃÂÃÂÃÂÃÂÃÂÃÂÃÂÃÂÃÂÃÂ¬ÃÂÃÂÃÂÃÂÃÂÃÂ¢ÃÂÃÂÃÂÃÂÃÂÃÂÃÂÃÂÃÂÃÂÃÂÃÂ¬ÃÂÃÂÃÂÃÂÃÂÃÂ¢ÃÂÃÂÃÂÃÂÃÂÃÂÃÂÃÂÃÂÃÂÃÂÃÂ¬ÃÂÃÂÃÂÃÂÃÂÃÂ¢ÃÂÃÂÃÂÃÂÃÂÃÂÃÂÃÂÃÂÃÂÃÂÃÂ¬ÃÂÃÂÃÂÃÂ, http://www.actrec.gov.in/histome","ac.in","True","7.0","0.06","HIGH"
"LDlink","ratemirs","SAME_DOMAIN","Y","2.0","Score=2.0: SAME_DOMAIN","Linkage Disequilibrium Analysis Tool","http://analysistools.nci.nih.gov/LDlink/","nih.gov","http://www.niehs.nih.gov/ratemirs","nih.gov","True","7.0","0.44","HIGH"
"GBshape","tfbsshape","SAME_DOMAIN","Y","2.0","Score=2.0: SAME_DOMAIN","genome browser database for DNA shape annotations","http://rohslab.cmb.usc.edu/GBshape/","usc.edu","http://tfbsshape.usc.edu","usc.edu","True","3.0","0.45","HIGH"
"Brazil Coleoptera Database","florabank1","SAME_DOMAIN","Y","2.0","Score=2.0: SAME_DOMAIN","Brazilian Coleoptera Immatures Database","http://www.gbif.org/dataset/8e0e9330-e1b2-475a-9891-4fa8e5c6f57f","gbif.org","http://data.gbif.org/datasets/resource/10969/, http://projects.biodiversity.be/ifblAll","gbif.org","True","21.0","0.35","HIGH"
"OPCRIT+","memprotmd","SAME_DOMAIN","Y","2.0","Score=2.0: SAME_DOMAIN","Operational Criteria Checklist for Psychotic Illness Plus","http://sgdp.iop.kcl.ac.uk/opcritplus","ac.uk","http://memprotmd.bioch.ox.ac.uk","ac.uk","True","7.0","0.42","HIGH"
"MiRGator","paidb","SAME_DOMAIN","Y","2.0","Score=2.0: SAME_DOMAIN","MicroRNA Integrative Gateway","http://mirgator.kobic.re.kr","re.kr","http://www.paidb.re.kr","re.kr","True","7.0","0.52","HIGH"
"DRIM","bee","SAME_DOMAIN","Y","2.0","Score=2.0: SAME_DOMAIN","Drug Response Investigation and Modeling System","http://biohealth.snu.ac.kr/software/DRIM/","ac.kr","http://bike-bee.snu.ac.kr","ac.kr","True","4.0","0.51","HIGH"
"NITRC","autism brain imaging data exchange","SAME_DOMAIN","Y","2.0","Score=2.0: SAME_DOMAIN","neuroimaging image repository","http://www.nitrc.org","nitrc.org","http://fcon_1000.projects.nitrc.org/indi/abide","nitrc.org","True","30.0","0.38","HIGH"
"ConjuPepDB","foldamerdb","SAME_DOMAIN","Y","2.0","Score=2.0: SAME_DOMAIN","Peptide-Drug Conjugate Database","https://conjupepdb.ttk.hu/","ttk.hu","http://foldamerdb.ttk.hu","ttk.hu","True","6.0","0.65","HIGH"
"Adenosiland","phytotypedb","SAME_DOMAIN","Y","2.0","Score=2.0: SAME_DOMAIN","Adenosiland","http://mms.dsfarm.unipd.it/Adenosiland/","unipd.it","http://phytotypedb.bio.unipd.it","unipd.it","True","10.0","0.36","HIGH"
"Yvis","cmregnet","SAME_DOMAIN","Y","2.0","Score=2.0: SAME_DOMAIN","antibody alignment database","http://bioinfo.icb.ufmg.br/yvis/","ufmg.br","http://lgcm.icb.ufmg.br/cmregnet","ufmg.br","True","8.0","0.53","HIGH"
"NAR_DB_2013","combrex","SAME_DOMAIN","Y","2.0","Score=2.0: SAME_DOMAIN","Nucleic Acids Research Database Collection 2013","http://www.oxfordjournals.org/nar/database/a/","oxfordjournals.org","http://www.oxfordjournals.org/nar/database/a/, http://nar.oxfordjournals.org","oxfordjournals.org","True","10.0","0.67","HIGH"
"NeuroCirc","mesocosm","SAME_DOMAIN","Y","2.0","Score=2.0: SAME_DOMAIN","Neurological Circular RNA Resource","https://voineagulab.github.io/NeuroCirc/","github.io","http://aliayadi.github.io/MESOCOSM-database","github.io","True","6.0","0.51","HIGH"
"PolyprOnline","respire","SAME_DOMAIN","Y","2.0","Score=2.0: SAME_DOMAIN","Polyproline Online Database","http://www.dsimb.inserm.fr/dsimb_tools/polyproline","inserm.fr","http://www.dsimb.inserm.fr/respire","inserm.fr","True","9.0","0.65","HIGH"
"BioSWR","skempi","SAME_DOMAIN","Y","2.0","Score=2.0: SAME_DOMAIN","Bioinformatics Semantic Web Registry","http://inb.bsc.es/BioSWR/and","bsc.es","http://life.bsc.es/pid/skempi2","bsc.es","True","6.0","0.5","HIGH"
"Aging Atlas","synbiolgdb","SAME_DOMAIN","Y","2.0","Score=2.0: SAME_DOMAIN","Multi-Omics Aging Database","https://bigd.big.ac.cn/aging/index","ac.cn","http://bioinformatics.ac.cn/synbiolgdb","ac.cn","True","10.0","0.42","HIGH"
"DFAST","oryzapg","SAME_DOMAIN","Y","2.0","Score=2.0: SAME_DOMAIN","Database for Annotation and Genome Analysis","https://dfast.nig.ac.jp","ac.jp","http://oryzapg.iab.keio.ac.jp","ac.jp","True","6.0","0.49","HIGH"
"dbCAN","door","SAME_DOMAIN","Y","2.0","Score=2.0: SAME_DOMAIN","Carbohydrate-Active Enzyme Database","http://csbl.bmb.uga.edu/dbCAN/annotate.php","uga.edu","http://csbl.bmb.uga.edu/DOOR","uga.edu","True","4.0","0.68","HIGH"
"BAMS2","tfbsshape","SAME_DOMAIN","Y","2.0","Score=2.0: SAME_DOMAIN","Brain Architecture Management System","http://brancusi1.usc.edu","usc.edu","http://tfbsshape.usc.edu","usc.edu","True","8.0","0.59","HIGH"
"Mespeus","memprotmd","SAME_DOMAIN","Y","2.0","Score=2.0: SAME_DOMAIN","Metal-Protein Database","http://mespeus.bch.ed.ac.uk/MESPEUS_10/","ac.uk","http://memprotmd.bioch.ox.ac.uk","ac.uk","True","6.0","0.51","HIGH"
"NAR_DB","combrex","SAME_DOMAIN","Y","2.0","Score=2.0: SAME_DOMAIN","Nucleic Acids Research Database Collection","http://www.oxfordjournals.org/nar/database/c/","oxfordjournals.org","http://www.oxfordjournals.org/nar/database/a/, http://nar.oxfordjournals.org","oxfordjournals.org","True","7.0","0.65","HIGH"
"NAR Database","combrex","SAME_DOMAIN","Y","2.0","Score=2.0: SAME_DOMAIN","Nucleic Acids Research Database Collection","http://www.oxfordjournals.org/nar/database/a/","oxfordjournals.org","http://www.oxfordjournals.org/nar/database/a/, http://nar.oxfordjournals.org","oxfordjournals.org","True","11.0","0.67","HIGH"
"COVID-19 DGSL","datasets2tools","SAME_DOMAIN","Y","2.0","Score=2.0: SAME_DOMAIN","COVID-19 Drug and Gene Set Library","https://amp.pharm.mssm.edu/covid19/","mssm.edu","http://amp.pharm.mssm.edu/datasets2tools","mssm.edu","True","13.0","0.68","HIGH"
"CWRPdb","pgdd","SAME_DOMAIN","Y","2.0","Score=2.0: SAME_DOMAIN","Cell Wall Related Protein Database","http://csbl.bmb.uga.edu/publications/materials/shanwang/CWRPdb/index.html","uga.edu","http://chibba.agtec.uga.edu/duplication","uga.edu","True","5.0","0.48","HIGH"
"CMTTdb","3dgd","SAME_DOMAIN","Y","2.0","Score=2.0: SAME_DOMAIN","Cancer Molecular Targeted Therapy Database","http://www.biosino.org/CMTTdb","biosino.org","http://3dgd.biosino.org","biosino.org","True","5.0","0.65","HIGH"
"RBDO","biotop","SAME_DOMAIN","Y","2.0","Score=2.0: SAME_DOMAIN","Rare Bone Disorders Ontology","http://purl.org/skeletome/rbdo","purl.org","http://purl.org/biotop","purl.org","True","5.0","0.58","HIGH"
"SubPhos","morusdb","SAME_DOMAIN","Y","2.0","Score=2.0: SAME_DOMAIN","Subcellular Phosphorylation Sites Database","http://bioinfo.ncu.edu.cn/SubPhos.aspx","edu.cn","http://morus.swu.edu.cn/morusdb","edu.cn","True","7.0","0.47","HIGH"
"AFTOL SBD","mosaic","SAME_DOMAIN","Y","2.0","Score=2.0: SAME_DOMAIN","Assembling the Fungal Tree of Life Subcellular and Biochemical Database","http://aftol.umn.edu","umn.edu","http://mosaic.cs.umn.edu","umn.edu","True","8.0","0.6","HIGH"
"Uberon","ncro","SAME_DOMAIN","Y","2.0","Score=2.0: SAME_DOMAIN","Unified Anatomy Ontology","http://purl.obolibrary.org/obo/uberon/releases/2013-02-21/","obolibrary.org","http://purl.obolibrary.org/obo/ncro.owl","obolibrary.org","True","4.0","0.66","HIGH"
"INTERSPIA","bee","SAME_DOMAIN","Y","2.0","Score=2.0: SAME_DOMAIN","Interspecies Protein Interaction Analysis","http://bioinfo.konkuk.ac.kr/INTERSPIA/","ac.kr","http://bike-bee.snu.ac.kr","ac.kr","True","8.0","0.42","HIGH"
"SYNS","memprotmd","SAME_DOMAIN","Y","2.0","Score=2.0: SAME_DOMAIN","Southampton-York Natural Scenes Dataset","https://syns.soton.ac.uk","ac.uk","http://memprotmd.bioch.ox.ac.uk","ac.uk","True","9.0","0.45","HIGH"
"SIDER","progenomes2","SAME_DOMAIN","Y","2.0","Score=2.0: SAME_DOMAIN","Side Effect Resource Database","http://sideeffects.embl.de","embl.de","http://progenomes.embl.de","embl.de","True","10.0","0.59","HIGH"
"miRSponge","nsdna","SAME_DOMAIN","Y","2.0","Score=2.0: SAME_DOMAIN","miRNA Sponge Database","http://www.bio-bigdata.net/miRSponge","bio-bigdata.net","http://www.bio-bigdata.net/nsdna","bio-bigdata.net","True","7.0","0.78","HIGH"
"E3 Ligase Database","ratemirs","SAME_DOMAIN","Y","2.0","Score=2.0: SAME_DOMAIN","Human E3 Ubiquitin Ligase Database","https://esbl.nhlbi.nih.gov/Databases/KSBP2/Targets/Lists/E3-ligases/","nih.gov","http://www.niehs.nih.gov/ratemirs","nih.gov","True","15.0","0.35","HIGH"
"TraV","tfclass","SAME_DOMAIN","Y","2.0","Score=2.0: SAME_DOMAIN","Transcriptome Browser","http://appmibio.uni-goettingen.de/index.php?sec=serv","uni-goettingen.de","http://tfclass.bioinf.med.uni-goettingen.de","uni-goettingen.de","True","5.0","0.71","HIGH"
"Interferome","agriseqdb","SAME_DOMAIN","Y","2.0","Score=2.0: SAME_DOMAIN","Interferome Database","http://interferome.its.monash.edu.au/interferome/","edu.au","http://expression.latrobe.edu.au/agriseqdb","edu.au","True","10.0","0.42","HIGH"
"BμG@Sbase","memprotmd","SAME_DOMAIN","Y","2.0","Score=2.0: SAME_DOMAIN","Bugs at Sanger Base","http://bugs.sgul.ac.uk/bugsbase/","ac.uk","http://memprotmd.bioch.ox.ac.uk","ac.uk","True","9.0","0.33","HIGH"
"RAACFDb","histome","SAME_DOMAIN","Y","2.0","Score=2.0: SAME_DOMAIN","Rheumatoid Arthritis Ayurvedic Classical Formulations Database","http://www.beta.vit.ac.in/raacfdb/index.html","ac.in","http://www.iiserpune.ac.in/ÃÂÃÂ¢ÃÂÃÂÃÂÃÂÃÂÃÂÃÂÃÂÃÂÃÂÃÂÃÂ¬ÃÂÃÂÃÂÃÂÃÂÃÂ¢ÃÂÃÂÃÂÃÂÃÂÃÂÃÂÃÂÃÂÃÂÃÂÃÂ¬ÃÂÃÂÃÂÃÂÃÂÃÂ¢ÃÂÃÂÃÂÃÂÃÂÃÂÃÂÃÂÃÂÃÂÃÂÃÂ¬ÃÂÃÂÃÂÃÂÃÂÃÂ¢ÃÂÃÂÃÂÃÂÃÂÃÂÃÂÃÂÃÂÃÂÃÂÃÂ¬ÃÂÃÂÃÂÃÂ, http://www.actrec.gov.in/histome","ac.in","True","7.0","0.06","HIGH"
"BRISK","davie","SAME_DOMAIN","Y","2.0","Score=2.0: SAME_DOMAIN","Biology Research-oriented Information Storage Kit","http://genapha.icapture.ubc.ca/brisk/index.jsp","ubc.ca","http://echelon.cmmt.ubc.ca/dbaccess","ubc.ca","True","5.0","0.48","HIGH"
"RegRNA","ym500","SAME_DOMAIN","Y","2.0","Score=2.0: SAME_DOMAIN","Regulatory RNA Platform","http://regrna2.mbc.nctu.edu.tw","edu.tw","http://ngs.ym.edu.tw/ym500","edu.tw","True","6.0","0.48","HIGH"
"GenoSol","peroxibase","SAME_DOMAIN","Y","2.0","Score=2.0: SAME_DOMAIN","Genomic Soil Platform","http://www.dijon.inra.fr/plateforme_genosol","inra.fr","http://peroxibase.toulouse.inra.fr","inra.fr","True","8.0","0.34","HIGH"
"vHOG","selectome","SAME_DOMAIN","Y","2.0","Score=2.0: SAME_DOMAIN","Vertebrate Homologous Organs Groups Ontology","http://bgee.unil.ch/","unil.ch","http://selectome.unil.ch","unil.ch","True","8.0","0.69","HIGH"
"Parallel-META","nandesyn","SAME_DOMAIN","Y","2.0","Score=2.0: SAME_DOMAIN","Parallel Metagenomic Analysis Platform","http://bioinfo.single-cell.cn/parallel-meta.html","single-cell.cn","http://nandesyn.single-cell.cn","single-cell.cn","True","11.0","0.5","HIGH"
"DMSD","maxqb","SAME_DOMAIN","Y","2.0","Score=2.0: SAME_DOMAIN","Diatomic Molecular Spectroscopy Database","https://rios.mp.fhi.mpg.de","mpg.de","http://www.biochem.mpg.de/maxqb","mpg.de","True","5.0","0.53","HIGH"
"BRCA LOVD","exposome-explorer","SAME_DOMAIN","Y","2.0","Score=2.0: SAME_DOMAIN","BRCA Variants Database","http://brca.iarc.fr/LOVD","iarc.fr","http://exposome-explorer.iarc.fr","iarc.fr","True","15.0","0.43","HIGH"
"Pathos","memprotmd","SAME_DOMAIN","Y","2.0","Score=2.0: SAME_DOMAIN","Pathway Visualization System","http://motif.gla.ac.uk/Pathos/","ac.uk","http://memprotmd.bioch.ox.ac.uk","ac.uk","True","8.0","0.48","HIGH"
"K-SCD","oryzapg","SAME_DOMAIN","Y","2.0","Score=2.0: SAME_DOMAIN","Japanese Kanji Synesthetic Color Database","http://www.cv.jinkan.kyoto-u.ac.jp/site/uploads/K-SCD.xlsm","ac.jp","http://oryzapg.iab.keio.ac.jp","ac.jp","True","7.0","0.35","HIGH"
"aglgenes","differentialnet","SAME_DOMAIN","Y","2.0","Score=2.0: SAME_DOMAIN","Archaeal Glycosylation Genes Database","http://www.bgu.ac.il/aglgenes","ac.il","http://netbio.bgu.ac.il/diffnet","ac.il","True","12.0","0.57","HIGH"
"RaptorX","repic","SAME_DOMAIN","Y","2.0","Score=2.0: SAME_DOMAIN","Protein Structure Modeling Server","http://raptorx.uchicago.edu","uchicago.edu","http://repicmod.uchicago.edu/repic","uchicago.edu","True","5.0","0.68","HIGH"
"LncATLAS","superfly","SAME_DOMAIN","Y","2.0","Score=2.0: SAME_DOMAIN","Long Non-Coding RNA Atlas","lncatlas.crg.eu","crg.eu","http://superfly.crg.eu","crg.eu","True","8.0","0.53","HIGH"
"ePath","describeprot","SAME_DOMAIN","Y","2.0","Score=2.0: SAME_DOMAIN","Essential Gene Pathway Database","https://www.pubapps.vcu.edu/epath/","vcu.edu","http://biomine.cs.vcu.edu/servers/DESCRIBEPROT","vcu.edu","True","10.0","0.47","HIGH"
"NBench","sc-pdb-frag","SAME_DOMAIN","Y","2.0","Score=2.0: SAME_DOMAIN","Nucleic Acid Binding Benchmarking Database","http://ahsoka.u-strasbg.fr/rbscorenbench/","u-strasbg.fr","http://bioinfo-pharma.u-strasbg.fr/scPDBFrag","u-strasbg.fr","True","10.0","0.54","HIGH"
"EmaxDB","genedb","SAME_DOMAIN","Y","2.0","Score=2.0: SAME_DOMAIN","Eimeria maxima Database","http://www.genedb.org/Homepage/Etenella","genedb.org","http://www.genedb.org","genedb.org","True","4.0","0.53","HIGH"
"VirtualSeed","memprotmd","SAME_DOMAIN","Y","2.0","Score=2.0: SAME_DOMAIN","Arabidopsis Functional Network Resource","http://www.vseed.nottingham.ac.uk/","ac.uk","http://memprotmd.bioch.ox.ac.uk","ac.uk","True","10.0","0.48","HIGH"
"R-Syst::diatom","diat.barcode","SAME_DOMAIN","Y","2.0","Score=2.0: SAME_DOMAIN","Diatom Barcode Database","http://www.rsyst.inra.fr/en","inra.fr","http://www6.inra.fr/carrtel-collection_eng/Barcoding-database","inra.fr","True","13.0","0.31","HIGH"
"Follicle Online","morusdb","SAME_DOMAIN","Y","2.0","Score=2.0: SAME_DOMAIN","Follicle Development Database","http://mcg.ustc.edu.cn/sdap1/follicle/index.php","edu.cn","http://morus.swu.edu.cn/morusdb","edu.cn","True","14.0","0.48","HIGH"
"TREAT-NMD DMD","umd-apc","SAME_DOMAIN","Y","2.0","Score=2.0: SAME_DOMAIN","TREAT-NMD Duchenne Muscular Dystrophy Database","http://umd.be/TREAT_DMD/","umd.be","http://www.umd.be/APC","umd.be","True","11.0","0.62","HIGH"
"DynOmics","ignm","SAME_DOMAIN","Y","2.0","Score=2.0: SAME_DOMAIN","Dynamic Omics Resource","http://enm.pitt.edu/","pitt.edu","http://gnmdb.csb.pitt.edu","pitt.edu","True","6.0","0.73","HIGH"
"LINCS Canvas Browser","escape","SAME_DOMAIN","Y","2.0","Score=2.0: SAME_DOMAIN","LINCS Canvas Browser","http://www.maayanlab.net/LINCS/LCB","maayanlab.net","http://www.maayanlab.net/ESCAPE","maayanlab.net","True","16.0","0.7","HIGH"
"EUROCarbDB(CCRC)","pgdd","SAME_DOMAIN","Y","2.0","Score=2.0: SAME_DOMAIN","European Carbohydrate Database","http://glycomics.ccrc.uga.edu/eurocarb/","uga.edu","http://chibba.agtec.uga.edu/duplication","uga.edu","True","15.0","0.44","HIGH"
"Maize microarray annotation database","hcvpro","SAME_DOMAIN","Y","2.0","Score=2.0: SAME_DOMAIN","Maize Microarray Annotation Database","http://MaizeArrayAnnot.bi.up.ac.za/","ac.za","http://apps.sanbi.ac.za/hcvpro/, http://cbrc.kaust.edu.sa/hcvpro","ac.za","True","33.0","0.26","HIGH"
"eDystrophin","cyanolyase","SAME_DOMAIN","Y","2.0","Score=2.0: SAME_DOMAIN","Electronic Dystrophin Database","http://edystrophin.genouest.org/","genouest.org","http://cyanolyase.genouest.org","genouest.org","True","10.0","0.6","HIGH"
"Systems Genetics Resource","mcpdb","SAME_DOMAIN","Y","2.0","Score=2.0: SAME_DOMAIN","Systems Genetics Resource","http://systems.genetics.ucla.edu","ucla.edu","http://mcpdb.mbi.ucla.edu","ucla.edu","True","23.0","0.56","HIGH"
"PDE3","memprotmd","SAME_DOMAIN","Y","2.0","Score=2.0: SAME_DOMAIN","Prescribable Drugs for Epilepsy Database","http://www.liverpool.ac.uk/D3RE/PDE3","ac.uk","http://memprotmd.bioch.ox.ac.uk","ac.uk","True","8.0","0.37","HIGH"
"SMS","denhunt","SAME_DOMAIN","Y","2.0","Score=2.0: SAME_DOMAIN","Short Motif Search Database","http://cluster.physics.iisc.ernet.in/sms/","ernet.in","http://proline.biochem.iisc.ernet.in/DenHunt","ernet.in","True","7.0","0.49","HIGH"
"CGE Evolution Data","chemprot-2.0","SAME_DOMAIN","Y","2.0","Score=2.0: SAME_DOMAIN","Center for Genomic Epidemiology Evolution Dataset","https://cge.cbs.dtu.dk/services/evolution_data.php","dtu.dk","http://www.cbs.dtu.dk/services/ChemProt-2.0","dtu.dk","True","14.0","0.65","HIGH"
"TCGASpliceSeq","tanric","SAME_DOMAIN","Y","2.0","Score=2.0: SAME_DOMAIN","TCGA Splice Sequence Database","http://bioinformatics.mdanderson.org/TCGASpliceSeq","mdanderson.org","http://bioinformatics.mdanderson.org/main/TANRIC:Overview","mdanderson.org","True","9.0","0.77","HIGH"
"HuPSON","neurommsig","SAME_DOMAIN","Y","2.0","Score=2.0: SAME_DOMAIN","Human Physiology Simulation Ontology","http://www.scai.fraunhofer.de/en/business-research-areas/bioinformatics/downloads.html","fraunhofer.de","http://neurommsig.scai.fraunhofer.de","fraunhofer.de","True","8.0","0.35","HIGH"
"SEEK","interacdome","SAME_DOMAIN","Y","2.0","Score=2.0: SAME_DOMAIN","Search-based Exploration of Expression Compendium","http://seek.princeton.edu/","princeton.edu","http://interacdome.princeton.edu","princeton.edu","True","10.0","0.74","HIGH"
"MBPA","synbiolgdb","SAME_DOMAIN","Y","2.0","Score=2.0: SAME_DOMAIN","Mouse Brain Proteome Atlas","http://mbpa.bprc.ac.cn/","ac.cn","http://bioinformatics.ac.cn/synbiolgdb","ac.cn","True","9.0","0.39","HIGH"
"PRINTS","memprotmd","SAME_DOMAIN","Y","2.0","Score=2.0: SAME_DOMAIN","Protein Fingerprint Database","http://www.bioinf.manchester.ac.uk/dbbrowser/PRINTS/","ac.uk","http://memprotmd.bioch.ox.ac.uk","ac.uk","True","7.0","0.34","HIGH"
"ProteomicsBrowser","frog-kb","SAME_DOMAIN","Y","2.0","Score=2.0: SAME_DOMAIN","Proteomics Data Browser","https://medicine.yale.edu/keck/nida/proteomicsbrowser.aspx","yale.edu","http://frog.med.yale.edu/FrogKB","yale.edu","True","14.0","0.43","HIGH"
"VSeed","memprotmd","SAME_DOMAIN","Y","2.0","Score=2.0: SAME_DOMAIN","Virtual Seed Network Model","http://vseed.nottingham.ac.uk","ac.uk","http://memprotmd.bioch.ox.ac.uk","ac.uk","True","8.0","0.48","HIGH"
"RhizoBindingSites","dianat-db","SAME_DOMAIN","Y","2.0","Score=2.0: SAME_DOMAIN","Rhizobium DNA-Binding Sites Database","rhizobindingsites.ccg.unam.mx","unam.mx","http://rdu.iquimica.unam.mx/handle/20.500.12214/1186","unam.mx","True","15.0","0.35","HIGH"
"HIVToolbox","c-terminome","SAME_DOMAIN","Y","2.0","Score=2.0: SAME_DOMAIN","HIV Investigation Toolbox","http://hivtoolbox.bio-toolkit.com","bio-toolkit.com","http://cterminome.bio-toolkit.com","bio-toolkit.com","True","10.0","0.69","HIGH"
"TCC_naming","ym500","SAME_DOMAIN","Y","2.0","Score=2.0: SAME_DOMAIN","Traditional Chinese Character Naming Database","http://ball.ling.sinica.edu.tw/namingdatabase/index.html","edu.tw","http://ngs.ym.edu.tw/ym500","edu.tw","True","9.0","0.42","HIGH"
"GoMAP","c-terminome","SAME_DOMAIN","Y","2.0","Score=2.0: SAME_DOMAIN","Geogenomic Mutational Atlas of Pathogens","http://www.bio-toolkit.com/GoMap/project/","bio-toolkit.com","http://cterminome.bio-toolkit.com","bio-toolkit.com","True","10.0","0.55","HIGH"
"COLT-Cancer","cyclops","SAME_DOMAIN","Y","2.0","Score=2.0: SAME_DOMAIN","Cancer Online Library of Target-Cancer","http://colt.ccbr.utoronto.ca/cancer","utoronto.ca","http://cyclops.ccbr.utoronto.ca","utoronto.ca","True","9.0","0.73","HIGH"
"EK-DRD","hybridmoldb","SAME_DOMAIN","Y","2.0","Score=2.0: SAME_DOMAIN","Experimental Knowledge Drug Repositioning Database","http://www.idruglab.com/drd/index.php","idruglab.com","http://www.idruglab.com/HybridMolDB/index.php","idruglab.com","True","9.0","0.75","HIGH"
"CPAG","bmw","SAME_DOMAIN","Y","2.0","Score=2.0: SAME_DOMAIN","Cross-Phenotype Analysis of GWAS Atlas","http://cpag.oit.duke.edu","duke.edu","http://sites.biology.duke.edu/windhamlab","duke.edu","True","4.0","0.44","HIGH"
"NAR_DB_2021","combrex","SAME_DOMAIN","Y","2.0","Score=2.0: SAME_DOMAIN","Nucleic Acids Research Database Collection 2021","https://www.oxfordjournals.org/nar/database/c/","oxfordjournals.org","http://www.oxfordjournals.org/nar/database/a/, http://nar.oxfordjournals.org","oxfordjournals.org","True","10.0","0.65","HIGH"
"mitoXplorer","transcriptomebrowser","SAME_DOMAIN","Y","2.0","Score=2.0: SAME_DOMAIN","Mitochondrial Expression Platform","http://mitoxplorer.ibdm.univ-mrs.fr","univ-mrs.fr","http://tagc.univ-mrs.fr/tbrowser","univ-mrs.fr","True","14.0","0.49","HIGH"
"BacFITBase","dualseqdb","SAME_DOMAIN","Y","2.0","Score=2.0: SAME_DOMAIN","Bacterial Fitness Database","http://www.tartaglialab.com/bacfitbase","tartaglialab.com","http://www.tartaglialab.com/dualseq","tartaglialab.com","True","10.0","0.78","HIGH"
"EFI","manet","SAME_DOMAIN","Y","2.0","Score=2.0: SAME_DOMAIN","Enzyme Function Initiative","https://efi.igb.illinois.edu/","illinois.edu","http://manet.illinois.edu","illinois.edu","True","5.0","0.74","HIGH"
"SoyCSN","soykb","SAME_DOMAIN","Y","2.0","Score=2.0: SAME_DOMAIN","Soybean Context-Specific Network","http://soykb.org/SoyCSN","soykb.org","http://soykb.org","soykb.org","True","3.0","0.72","HIGH"
"EzBioCloud","eztaxon-e","SAME_DOMAIN","Y","2.0","Score=2.0: SAME_DOMAIN","Easy BioCloud Database","http://www.ezbiocloud.net/","ezbiocloud.net","http://eztaxon-e.ezbiocloud.net","ezbiocloud.net","True","8.0","0.74","HIGH"
"TOXMAP","tbpp","SAME_DOMAIN","Y","2.0","Score=2.0: SAME_DOMAIN","Toxicology Data Mapping Resource","http://toxnet.nlm.nih.gov","nih.gov","http://TBPortals.niaid.nih.gov","nih.gov","True","4.0","0.63","HIGH"
"ViralZone","smr","SAME_DOMAIN","Y","2.0","Score=2.0: SAME_DOMAIN","Viral Knowledge Zone","http://viralzone.expasy.org","expasy.org","http://swissmodel.expasy.org/repository","expasy.org","True","8.0","0.5","HIGH"
"PULDB","cazy","SAME_DOMAIN","Y","2.0","Score=2.0: SAME_DOMAIN","Polysaccharide Utilization Loci Database","http://www.cazy.org/PULDB_new/","cazy.org","http://www.cazy.org","cazy.org","True","5.0","0.62","HIGH"
"Exo-miRExplorer","morusdb","SAME_DOMAIN","Y","2.0","Score=2.0: SAME_DOMAIN","exogenous microRNAs resource","http://rna.sysu.edu.cn/exomiRDB/","edu.cn","http://morus.swu.edu.cn/morusdb","edu.cn","True","13.0","0.67","HIGH"
"IDOMAL","bioportal","SAME_DOMAIN","Y","2.0","Score=2.0: SAME_DOMAIN","malaria ontology","http://bioportal.bioontology.org/ontologies/1311","bioontology.org","http://sparql.bioontology.org","bioontology.org","True","5.0","0.6","HIGH"
"T2DiACoD","circad","SAME_DOMAIN","Y","2.0","Score=2.0: SAME_DOMAIN","Type 2 Diabetes Gene Atlas","http://t2diacod.igib.res.in/","res.in","http://clingen.igib.res.in/circad","res.in","True","5.0","0.57","HIGH"
"NeuroTransDB","neurommsig","SAME_DOMAIN","Y","2.0","Score=2.0: SAME_DOMAIN","Neurodegenerative Transcriptomics Database","http://www.scai.fraunhofer.de/NeuroTransDB.html","fraunhofer.de","http://neurommsig.scai.fraunhofer.de","fraunhofer.de","True","6.0","0.55","HIGH"
"DPHL","iprox","SAME_DOMAIN","Y","2.0","Score=2.0: SAME_DOMAIN","DIA Pan-human Protein Mass Spectrometry Library","https://www.iprox.org/page/project.html?id=IPX0001400000","iprox.org","http://www.iprox.org","iprox.org","True","4.0","0.5","HIGH"
"MapMyFlu","mepd","SAME_DOMAIN","Y","2.0","Score=2.0: SAME_DOMAIN","Influenza Mapping Resource","http://mapmyflu.ipmb.uni-heidelberg.de","uni-heidelberg.de","http://mepd.cos.uni-heidelberg.de","uni-heidelberg.de","True","6.0","0.74","HIGH"
"Dr AFC","3dgd","SAME_DOMAIN","Y","2.0","Score=2.0: SAME_DOMAIN","Drug Repositioning Anti-Fibrosis Characteristic Database","https://www.biosino.org/drafc","biosino.org","http://3dgd.biosino.org","biosino.org","True","6.0","0.67","HIGH"
"VIGLA-M","europinedb","SAME_DOMAIN","Y","2.0","Score=2.0: SAME_DOMAIN","Visual Gene Expression Data Analytics","http://khaos.uma.es/melanoma/","uma.es","http://www.scbi.uma.es/pindb","uma.es","True","10.0","0.53","HIGH"
"PmiRExAt","circad","SAME_DOMAIN","Y","2.0","Score=2.0: SAME_DOMAIN","Plant miRNA Expression Atlas","http://pmirexat.nabi.res.in","res.in","http://clingen.igib.res.in/circad","res.in","True","5.0","0.48","HIGH"
"RSNP-DB","histome","SAME_DOMAIN","Y","2.0","Score=2.0: SAME_DOMAIN","Rice Seed Nuclear Protein Database","https://pmb.du.ac.in/rsnpdb","ac.in","http://www.iiserpune.ac.in/ÃÂÃÂ¢ÃÂÃÂÃÂÃÂÃÂÃÂÃÂÃÂÃÂÃÂÃÂÃÂ¬ÃÂÃÂÃÂÃÂÃÂÃÂ¢ÃÂÃÂÃÂÃÂÃÂÃÂÃÂÃÂÃÂÃÂÃÂÃÂ¬ÃÂÃÂÃÂÃÂÃÂÃÂ¢ÃÂÃÂÃÂÃÂÃÂÃÂÃÂÃÂÃÂÃÂÃÂÃÂ¬ÃÂÃÂÃÂÃÂÃÂÃÂ¢ÃÂÃÂÃÂÃÂÃÂÃÂÃÂÃÂÃÂÃÂÃÂÃÂ¬ÃÂÃÂÃÂÃÂ, http://www.actrec.gov.in/histome","ac.in","True","7.0","0.06","HIGH"
"HLhylVes1","maxqb","SAME_DOMAIN","Y","2.0","Score=2.0: SAME_DOMAIN","Hyles vespertilio Genome Assembly","https://genome-public.pks.mpg.de/cgi-bin/hgTracks?db=HLhylVes1","mpg.de","http://www.biochem.mpg.de/maxqb","mpg.de","True","9.0","0.36","HIGH"
"ReLiance","ara-peps","SAME_DOMAIN","Y","2.0","Score=2.0: SAME_DOMAIN","Receptor-Ligand Database","http://homes.esat.kuleuven.be/~bioiuser/ReLianceDB/index.php","kuleuven.be","http://www.biw.kuleuven.be/CSB/ARA-PEPs","kuleuven.be","True","8.0","0.42","HIGH"
"KNOTTIN","cftr-france","SAME_DOMAIN","Y","2.0","Score=2.0: SAME_DOMAIN","Knottin Database","http://www.dsimb.inserm.fr/KNOTTIN/","inserm.fr","http://cftr.iurc.montp.inserm.fr/cftr","inserm.fr","True","10.0","0.53","HIGH"
"RRMdb","rmdb","edit_dist=1, contains","MAYBE","1.5","Score=1.5: edit_dist=1, contains","RNA Recognition Motif Database","","","http://rmdb.stanford.edu","stanford.edu","False","1.0","0.0","MEDIUM"
"PPODB","podb","edit_dist=1, contains","MAYBE","1.5","Score=1.5: edit_dist=1, contains","Plant Phenological Online Database","http://www.ppodb.de","ppodb.de","http://podb.nibb.ac.jp/Organellome","ac.jp","False","1.0","0.34","MEDIUM"
"GVDB","kgvdb","edit_dist=1, contains","MAYBE","1.5","Score=1.5: edit_dist=1, contains","Geminivirus Database","http://www.wikigeminivirus.org","wikigeminivirus.org","http://biomi.cdc.go.kr/KGVDB","go.kr","False","1.0","0.2","MEDIUM"
"PICKLE","pickles","edit_dist=1, contains","MAYBE","1.5","Score=1.5: edit_dist=1, contains","Protein Interaction CKB Literature-curated Experimental","http://www.pickle.gr","pickle.gr","http://pickles.hart-lab.org","hart-lab.org","False","1.0","0.55","MEDIUM"
"ICSD","icsdb","edit_dist=1, contains","MAYBE","1.5","Score=1.5: edit_dist=1, contains","Inorganic Crystal Structure Database","","","http://www.kobic.re.kr/icsdb","re.kr","False","1.0","0.0","MEDIUM"
"UniCorn","unicarb","edit_dist=2, url_path_sim=0.89","MAYBE","1.5","Score=1.5: edit_dist=2, url_path_sim=0.89","theoretical N-glycan structure database","http://www.unicarbkb.org","unicarbkb.org","http://www.unicarb-db.org","unicarb-db.org","False","2.0","0.89","MEDIUM"
"VPODC","podc","edit_dist=1, contains","MAYBE","1.5","Score=1.5: edit_dist=1, contains","Veterans Precision Oncology Data Commons","","","http://bioinf.mind.meiji.ac.jp/podc","ac.jp","False","1.0","0.0","MEDIUM"
"SAPD","sapdb","edit_dist=1, contains","MAYBE","1.5","Score=1.5: edit_dist=1, contains","Staphylococcus Aureus Peptide Resource","http://proteomecentral.proteomexchange.org/dataset/PXD000702","proteomexchange.org","http://webs.iiitd.edu.in/raghava/sapdb","edu.in","False","1.0","0.21","MEDIUM"
"TCSA","tcpa","edit_dist=1, long_sim=0.85","MAYBE","1.5","Score=1.5: edit_dist=1, long_sim=0.85","The Cancer Surfaceome Atlas","http://fcgportal.org/TCSA","fcgportal.org","http://tcpaportal.org","tcpaportal.org","False","1.0","0.69","MEDIUM"
"NPAtlas","patlas","edit_dist=1, contains","MAYBE","1.5","Score=1.5: edit_dist=1, contains","Natural Products Atlas","http://www.npatlas.org","npatlas.org","http://www.patlas.site","patlas.site","False","1.0","0.64","MEDIUM"
"HNdb","hncdb","edit_dist=1, long_sim=1.00","MAYBE","1.5","Score=1.5: edit_dist=1, long_sim=1.00","Head and Neck Cancer Database","http://www.gencapo.famerp.br/hndb","famerp.br","http://hncdb.cancerbio.info","cancerbio.info","False","1.0","0.29","MEDIUM"
"RaMP","dramp","edit_dist=1, contains","MAYBE","1.5","Score=1.5: edit_dist=1, contains","Relational Database of Metabolomics Pathways","","","http://dramp.cpu-bioinfor.org","cpu-bioinfor.org","False","1.0","0.0","MEDIUM"
"RAPID","apid","edit_dist=1, contains","MAYBE","1.5","Score=1.5: edit_dist=1, contains","Rep-seq Analysis Platform with Integrated Database","https://rapid.zzhlab.org/","zzhlab.org","http://apid.dep.usal.es","usal.es","False","1.0","0.44","MEDIUM"
"PRRDB","rrdb","edit_dist=1, contains","MAYBE","1.5","Score=1.5: edit_dist=1, contains","Pattern Recognition Receptor Database","","","http://huanglab.phys.hust.edu.cn/RRDbenchmark","edu.cn","False","1.0","0.0","MEDIUM"
"GIDB","dgidb","edit_dist=1, contains","MAYBE","1.5","Score=1.5: edit_dist=1, contains","Gastrointestinal cancer Database","","","http://dgidb.org","dgidb.org","False","1.0","0.0","MEDIUM"
"PMD","pmdbase","db_suffix_diff","MAYBE","1.5","Score=1.5: db_suffix_diff","Protein Microarray Database","http://www.proteinmicroarray.cn","proteinmicroarray.cn","http://www.sesame-bioinfo.org/PMDBase","sesame-bioinfo.org","False","4.0","0.22","MEDIUM"
"MScDB","scdb","edit_dist=1, contains","MAYBE","1.5","Score=1.5: edit_dist=1, contains","Mass Spectrometry-centric Database","","","http://www.stomachcancerdb.org","stomachcancerdb.org","False","1.0","0.0","MEDIUM"
"PhID","phin","edit_dist=1, long_sim=0.80","MAYBE","1.5","Score=1.5: edit_dist=1, long_sim=0.80","Pharmacology Interactions Database","","","http://cadd.pharmacy.nankai.edu.cn/phin","edu.cn","False","1.0","0.0","MEDIUM"
"GtoPdb","topdb","edit_dist=1, contains","MAYBE","1.5","Score=1.5: edit_dist=1, contains","Guide to Pharmacology Database","http://www.guidetopharmacology.org","guidetopharmacology.org","http://topdb.enzim.ttk.mta.hu","mta.hu","False","1.0","0.18","MEDIUM"
"CPDB","ccpdb","edit_dist=1, contains","MAYBE","1.5","Score=1.5: edit_dist=1, contains","Cysteine Protease Database","","","http://webs.iiitd.edu.in/raghava/ccpdb","edu.in","False","1.0","0.0","MEDIUM"
"PMDB","ppmdb","edit_dist=1, contains","MAYBE","1.5","Score=1.5: edit_dist=1, contains","PubMed Database Parser","https://pmparser.hugheylab.org","hugheylab.org","http://ppmdb.easyomics.org","easyomics.org","False","1.0","0.44","MEDIUM"
"LasDB","asdb","edit_dist=1, contains","MAYBE","1.5","Score=1.5: edit_dist=1, contains","Laboratory Animal Strain Database","","","http://asdb.jungleran.com","jungleran.com","False","1.0","0.0","MEDIUM"
"MEDDB","eddb","edit_dist=1, contains","MAYBE","1.5","Score=1.5: edit_dist=1, contains","Medicinal Plant Database","","","http://eddb.cbi.pku.edu.cn","edu.cn","False","1.0","0.0","MEDIUM"
"RIDB","mridb","edit_dist=1, contains","MAYBE","1.5","Score=1.5: edit_dist=1, contains","Retinal Identification Database","","","http://www3.imperial.ac.uk/bioinfsupport/resources/software/mridb","ac.uk","False","1.0","0.0","MEDIUM"
"CircaDB","circad","edit_dist=1, contains","MAYBE","1.5","Score=1.5: edit_dist=1, contains","Circadian Gene Expression Database","http://circadb.org","circadb.org","http://clingen.igib.res.in/circad","res.in","False","1.0","0.32","MEDIUM"
"CanVar","canvas","edit_dist=1, long_sim=0.78","MAYBE","1.5","Score=1.5: edit_dist=1, long_sim=0.78","Cancer Variation Database","","","http://ithaka.rrp.demokritos.gr/CanVaS","demokritos.gr","False","1.0","0.0","MEDIUM"
"ConnecTF","collectf","edit_dist=2, url_path_sim=0.83","MAYBE","1.5","Score=1.5: edit_dist=2, url_path_sim=0.83","Connect Transcription Factors","https://ConnecTF.org","connectf.org","http://www.collectf.org","collectf.org","False","2.0","0.83","MEDIUM"
"pKPDB","pkidb","edit_dist=1, long_sim=0.72","MAYBE","1.5","Score=1.5: edit_dist=1, long_sim=0.72","Protein pKa Database","https://pypka.org/pKPDB","pypka.org","http://www.icoa.fr/pkidb","icoa.fr","False","1.0","0.57","MEDIUM"
"CKDdb","kddb","edit_dist=1, contains","MAYBE","1.5","Score=1.5: edit_dist=1, contains","Chronic Kidney Disease Database","","","http://www.allelefrequencies.net, http://www.allelefrequencies.net/diseases","allelefrequencies.net, http:","False","1.0","0.0","MEDIUM"
"PRIMED","prime","edit_dist=1, contains","MAYBE","1.5","Score=1.5: edit_dist=1, contains","Primer Database for Yeast Genes","","","http://prime.psc.riken.jp","riken.jp","False","1.0","0.0","MEDIUM"
"GPCRmd","gpcrdb","edit_dist=2, url_path_sim=0.90","MAYBE","1.5","Score=1.5: edit_dist=2, url_path_sim=0.90","GPCR Molecular Dynamics Database","http://gpcrmd.org/","gpcrmd.org","http://gpcrdb.org","gpcrdb.org","False","2.0","0.9","MEDIUM"
"LDGIdb","dgidb","edit_dist=1, contains","MAYBE","1.5","Score=1.5: edit_dist=1, contains","Linkage Disequilibrium Gene Interaction Database","","","http://dgidb.org","dgidb.org","False","1.0","0.0","MEDIUM"
"TBDBT","tbdb","edit_dist=1, contains","MAYBE","1.5","Score=1.5: edit_dist=1, contains","TB Database Template","","","http://tbdb.io","tbdb.io","False","1.0","0.0","MEDIUM"
"RiceMetaSysB","ricemetasys","edit_dist=1, contains","MAYBE","1.5","Score=1.5: edit_dist=1, contains","Rice Metabolic Systems Biology Database","","","http://14.139.229.201","229.201","False","1.0","0.0","MEDIUM"
"CPE-DB","pe-db","edit_dist=1, contains","MAYBE","1.5","Score=1.5: edit_dist=1, contains","Chemical Penetration Enhancers Database","","","http://pedb.vib.be","vib.be","False","1.0","0.0","MEDIUM"
"EDAM","pedam","edit_dist=1, contains","MAYBE","1.5","Score=1.5: edit_dist=1, contains","bioinformatics operations ontology","http://edamontology.org/EDAM.obo","edamontology.org","http://www.unimd.org/pedam","unimd.org","False","1.0","0.5","MEDIUM"
"TBD","tbdb","edit_dist=1","MAYBE","1.0","Score=1.0: edit_dist=1","Tartary buckwheat database","","","http://tbdb.io","tbdb.io","False","1.0","0.0","MEDIUM"
"VFB","vfdb","edit_dist=1","MAYBE","1.0","Score=1.0: edit_dist=1","Virtual Fly Brain","http://www.virtualflybrain.org","virtualflybrain.org","http://www.mgc.ac.cn/VFs","ac.cn","False","1.0","0.12","MEDIUM"
"VfODB","vfdb","edit_dist=1","MAYBE","1.0","Score=1.0: edit_dist=1","Vicia faba Omics Database","","","http://www.mgc.ac.cn/VFs","ac.cn","False","1.0","0.0","MEDIUM"
"MetIDB","met-db","edit_dist=1","MAYBE","1.0","Score=1.0: edit_dist=1","Flavonoid NMR Database","","","http://compgenomics.utsa.edu/MeTDB","utsa.edu","False","1.0","0.0","MEDIUM"
"ACCDB","acidb","edit_dist=1","MAYBE","1.0","Score=1.0: edit_dist=1","Annotated Chemistry Compound Database","","","http://AciDB.cl, http://gitlab.com/Hawkline451/acidb","acidb.cl, http:","False","1.0","0.0","MEDIUM"
"TiRe","tie","edit_dist=1","MAYBE","1.0","Score=1.0: edit_dist=1","Tissue Repair Database","http://www.tiredb.org","tiredb.org","http://isomir.ccr.cancer.gov","cancer.gov","False","1.0","0.32","MEDIUM"
"CMC","cms","edit_dist=1","MAYBE","1.0","Score=1.0: edit_dist=1","CommonMind Consortium","http://CommonMind.org","commonmind.org","http://cbbiweb.uthscsa.edu/KMethylomes","uthscsa.edu","False","1.0","0.13","MEDIUM"
"NIF","nifh","edit_dist=1","MAYBE","1.0","Score=1.0: edit_dist=1","Neuroscience Information Framework","http://www.neuinfo.org","neuinfo.org","http://www.css.cornell.edu/faculty/buckley/nifh.htm","cornell.edu","False","1.0","0.24","MEDIUM"
"MGIS","mgi","edit_dist=1","MAYBE","1.0","Score=1.0: edit_dist=1","Musa Genetic Information System","https://www.crop-diversity.org/mgis/","crop-diversity.org","http://www.informatics.jax.org","jax.org","False","1.0","0.29","MEDIUM"
"MDDB","mdb","edit_dist=1","MAYBE","1.0","Score=1.0: edit_dist=1","MycoDiversity DataBase","","","http://csc.columbusstate.edu/carroll/MDB","columbusstate.edu","False","1.0","0.0","MEDIUM"
"EuroGEMS","europe pmc","url_path_sim=0.80","MAYBE","1.0","Score=1.0: url_path_sim=0.80","European Genetic and Genomic Educational Resources","https://www.EuroGEMS.org","eurogems.org","http://europepmc.org","europepmc.org","False","4.0","0.8","MEDIUM"
"PaIntDB","intdb","edit_dist=2, contains","MAYBE","1.0","Score=1.0: edit_dist=2, contains","Pseudomonas aeruginosa Interaction Database","https://www.paintdb.ca","paintdb.ca","http://introndb.bicpu.edu.in","edu.in","False","2.0","0.45","MEDIUM"
"MetaBase","metrabase","edit_dist=1","MAYBE","1.0","Score=1.0: edit_dist=1","Biological Databases Wiki-Database","http://MetaDatabase.Org","metadatabase.org","http://www-metrabase.ch.cam.ac.uk","ac.uk","False","1.0","0.43","MEDIUM"
"DDB","ddbj","edit_dist=1","MAYBE","1.0","Score=1.0: edit_dist=1","Descriptor Data Bank","","","http://www.ddbj.nig.ac.jp","ac.jp","False","1.0","0.0","MEDIUM"
"BindingDB","binding moad","url_path_sim=0.86","MAYBE","1.0","Score=1.0: url_path_sim=0.86","Binding Database","http://www.bindingdb.org","bindingdb.org","http://www.BindingMOAD.org","bindingmoad.org","False","5.0","0.86","MEDIUM"
"MPGDB","mgdb","edit_dist=1","MAYBE","1.0","Score=1.0: edit_dist=1","Mycobacteriophage Genome Database","http://mpgdb.ibioinformatics.org/mpgdb.php","ibioinformatics.org","http://bioinfo.ahu.edu.cn:8080/Melanoma/index.jsp","edu.cn:8080","False","1.0","0.31","MEDIUM"
"GDW","gdr","edit_dist=1","MAYBE","1.0","Score=1.0: edit_dist=1","Geminivirus Data Warehouse","","","http://www.rosaceae.org","rosaceae.org","False","1.0","0.0","MEDIUM"
"Circ2Disease","circr2disease","edit_dist=1","MAYBE","1.0","Score=1.0: edit_dist=1","Circular RNA to Disease Database","","","http://bioinfo.snnu.edu.cn/CircR2Disease_v2.0","edu.cn","False","1.0","0.0","MEDIUM"
"R-BIND","bind","edit_dist=2, contains","MAYBE","1.0","Score=1.0: edit_dist=2, contains","RNA-Binding Database","","","http://download.baderlab.org/BINDTranslation","baderlab.org","False","2.0","0.0","MEDIUM"
"MGH","mgi","edit_dist=1","MAYBE","1.0","Score=1.0: edit_dist=1","Maca Genome Hub","","","http://www.informatics.jax.org","jax.org","False","1.0","0.0","MEDIUM"
"DictDb","ctdb","edit_dist=2, contains","MAYBE","1.0","Score=1.0: edit_dist=2, contains","Termite and Cockroach Gut Microbiota Database","","","http://nipgr.res.in/ctdb.html","res.in","False","2.0","0.0","MEDIUM"
"FEED","fed","edit_dist=1","MAYBE","1.0","Score=1.0: edit_dist=1","Feeding Experiments End-user Database","","","http://www.bioacademy.gr/bioinformatics/projects/ProteinFusion/index.htm","bioacademy.gr","False","1.0","0.0","MEDIUM"
"IntegromeDB","interstoredb","url_path_sim=0.84","MAYBE","1.0","Score=1.0: url_path_sim=0.84","Integrome Database","http://www.integromedb.org","integromedb.org","http://www.interstoredb.org","interstoredb.org","False","4.0","0.84","MEDIUM"
"ABC","abcd","edit_dist=1","MAYBE","1.0","Score=1.0: edit_dist=1","Aging Brain Cohort","","","http://web.expasy.org/abcd","expasy.org","False","1.0","0.0","MEDIUM"
"LISA","lis","edit_dist=1","MAYBE","1.0","Score=1.0: edit_dist=1","Longitudinal Integrated Database for Health Insurance and Labour Market Studies","","","http://legumeinfo.org, http://legumefederation.org","legumeinfo.org, http:","False","1.0","0.0","MEDIUM"
"WormQTLHD","wormqtl","edit_dist=2, contains","MAYBE","1.0","Score=1.0: edit_dist=2, contains","Worm QTL Human Disease Database","http://www.wormqtl-hd.org","wormqtl-hd.org","http://www.wormqtl.org, http://www.rqtl.org","wormqtl.org, http:","False","2.0","0.48","MEDIUM"
"CoReCG","core","edit_dist=2, contains","MAYBE","1.0","Score=1.0: edit_dist=2, contains","Colon-Rectal Cancer Gene Database","","","http://microbiome.osu.edu","osu.edu","False","2.0","0.0","MEDIUM"
"Repbase","rebase","edit_dist=1","MAYBE","1.0","Score=1.0: edit_dist=1","Repbase Database","","","http://rebase.neb.com","neb.com","False","1.0","0.0","MEDIUM"
"RiTE","rise","edit_dist=1","MAYBE","1.0","Score=1.0: edit_dist=1","Rice Transposon Elements Database","","","http://rise.zhanglab.net","zhanglab.net","False","1.0","0.0","MEDIUM"
"SynMap","symmap","edit_dist=1","MAYBE","1.0","Score=1.0: edit_dist=1","Synteny Mapping Browser","https://genomevolution.org","genomevolution.org","http://www.symmap.org/, http://www.bioinfo.org/symmap","symmap.org","False","1.0","0.17","MEDIUM"
"INDICO","indigo","edit_dist=1","MAYBE","1.0","Score=1.0: edit_dist=1","Indian Epigenome Cohort","","","http://www.cbrc.kaust.edu.sa/indigo","edu.sa","False","1.0","0.0","MEDIUM"
"mentha","ment","edit_dist=2, contains","MAYBE","1.0","Score=1.0: edit_dist=2, contains","Protein Interaction Networks Resource","","","http://mgrc.kribb.re.kr:8080/MENT","re.kr:8080","False","2.0","0.0","MEDIUM"
"ARCPHdb","archdb","edit_dist=1","MAYBE","1.0","Score=1.0: edit_dist=1","Archaeal Protein Helicase Database","","","http://sbi.imim.es/archdb","imim.es","False","1.0","0.0","MEDIUM"
"RAEdb","radb","edit_dist=1","MAYBE","1.0","Score=1.0: edit_dist=1","Reporter Assay Enhancer database","","","http://www.bioapp.org/RADB","bioapp.org","False","1.0","0.0","MEDIUM"
"SignBase","sinbase","edit_dist=1","MAYBE","1.0","Score=1.0: edit_dist=1","Paleolithic geometric signs collection","","","http://ocri-genomics.org/Sinbase","ocri-genomics.org","False","1.0","0.0","MEDIUM"
"HPP","hpo","edit_dist=1","MAYBE","1.0","Score=1.0: edit_dist=1","Hemiptera-Phytoplasma-Plant Database","http://trivellone.speciesfile.org/","speciesfile.org","http://www.human-phenotype-ontology.org","human-phenotype-ontology.org","False","1.0","0.3","MEDIUM"
"DAMA","daa","edit_dist=1","MAYBE","1.0","Score=1.0: edit_dist=1","global Distribution of Alien Mammals database","","","http://ageing-map.org","ageing-map.org","False","1.0","0.0","MEDIUM"
"SCB","scdb","edit_dist=1","MAYBE","1.0","Score=1.0: edit_dist=1","Sequence Compression Benchmark Database","http://kirr.dyndns.org/sequence-compression-benchmark/","dyndns.org","http://www.stomachcancerdb.org","stomachcancerdb.org","False","1.0","0.18","MEDIUM"
"MTLD","mtd","edit_dist=1","MAYBE","1.0","Score=1.0: edit_dist=1","Multiple Target Ligands Database","http://www.mtdcadd.com","mtdcadd.com","http://mtd.cbi.ac.cn","ac.cn","False","1.0","0.42","MEDIUM"
"CDKD","cdd","edit_dist=1","MAYBE","1.0","Score=1.0: edit_dist=1","Clinical Database of Kidney Diseases","","","http://www.ncbi.nlm.nih.gov/Structure/cdd/cdd.shtml","nih.gov","False","1.0","0.0","MEDIUM"
"OCDB","hnocdb","edit_dist=2, contains","MAYBE","1.0","Score=1.0: edit_dist=2, contains","Obsessive-Compulsive Disorder Database","","","http://gyanxet.com/hno.html","gyanxet.com","False","2.0","0.0","MEDIUM"
"CGCDB","cgdb","edit_dist=1","MAYBE","1.0","Score=1.0: edit_dist=1","CHO Gene Coexpression Database","http://www.cgcdb.org","cgcdb.org","http://cgdb.bio2db.com","bio2db.com","False","1.0","0.5","MEDIUM"
"iHMP","ihms","edit_dist=1","MAYBE","1.0","Score=1.0: edit_dist=1","Integrative Human Microbiome Project","http://hmp2.org","hmp2.org","http://www.tongjidmb.com/human/index.html","tongjidmb.com","False","1.0","0.15","MEDIUM"
"PHIO","phin","edit_dist=1","MAYBE","1.0","Score=1.0: edit_dist=1","Public Health Indicator Ontology","","","http://cadd.pharmacy.nankai.edu.cn/phin","edu.cn","False","1.0","0.0","MEDIUM"
"PIIKA","pina","edit_dist=2, long_sim=0.76","MAYBE","1.0","Score=1.0: edit_dist=2, long_sim=0.76","Protein Interactions and Inhibitor Knowledge Analysis","http://saphire.usask.ca","usask.ca","http://cbg.garvan.unsw.edu.au/pina","edu.au","False","2.0","0.33","MEDIUM"
"rCAD","circad","edit_dist=2, contains","MAYBE","1.0","Score=1.0: edit_dist=2, contains","RNA Comparative Analysis Database","","","http://clingen.igib.res.in/circad","res.in","False","2.0","0.0","MEDIUM"
"GDSC","gdisc","edit_dist=1","MAYBE","1.0","Score=1.0: edit_dist=1","Genomics of Drug Sensitivity in Cancer","http://www.cancerRxgene.org","cancerrxgene.org","http://gdisc.bme.gatech.edu","gatech.edu","False","1.0","0.22","MEDIUM"
"myChEMBL","chembl","edit_dist=2, contains","MAYBE","1.0","Score=1.0: edit_dist=2, contains","My ChEMBL Virtual Machine Database","ftp://ftp.ebi.ac.uk/pub/databases/chembl/VM/myChEMBL/current","","http://www.ebi.ac.uk/chembl","ac.uk","False","2.0","0.42","MEDIUM"
"DREAMER","dream","edit_dist=2, contains","MAYBE","1.0","Score=1.0: edit_dist=2, contains","Database for Emotion Recognition through EEG and ECG","","","http://bio-big-data.cn:8080/DREAM","bio-big-data.cn:8080","False","2.0","0.0","MEDIUM"
"EPR","epd","edit_dist=1","MAYBE","1.0","Score=1.0: edit_dist=1","Environmental Polymorphism Registry","","","http://epd.epfl.ch","epfl.ch","False","1.0","0.0","MEDIUM"
"HERDB","herb","edit_dist=1","MAYBE","1.0","Score=1.0: edit_dist=1","Heavy-Element Reactions Database","","","http://herb.ac.cn","ac.cn","False","1.0","0.0","MEDIUM"
"Yeast","yeastip","edit_dist=2, contains","MAYBE","1.0","Score=1.0: edit_dist=2, contains","Consensus Yeast Metabolic Network","http://yeast.sf.net/","sf.net","http://genome.jouy.inra.fr/yeastip","inra.fr","False","2.0","0.26","MEDIUM"
"ProTrack","pronetview-ccrcc","url_path_sim=0.83","MAYBE","1.0","Score=1.0: url_path_sim=0.83","Proteogenomics Track Browser","http://ccrcc.cptac-data-view.org","cptac-data-view.org","http://ccrcc.cptac-network-view.org","cptac-network-view.org","False","11.0","0.83","MEDIUM"
"BASE","rebase","edit_dist=2, contains","MAYBE","1.0","Score=1.0: edit_dist=2, contains","Biomes of Australian Soil Environments","","","http://rebase.neb.com","neb.com","False","2.0","0.0","MEDIUM"
"MOBCdb","mobidb","edit_dist=1","MAYBE","1.0","Score=1.0: edit_dist=1","Multi-Omics Breast Cancer database","","","http://mobidb.org","mobidb.org","False","1.0","0.0","MEDIUM"
"Literome","liverome","edit_dist=1","MAYBE","1.0","Score=1.0: edit_dist=1","Literome Genomic Knowledge Base","literome.azurewebsites.net","azurewebsites.net","http://liverome.kobic.re.kr","re.kr","False","1.0","0.48","MEDIUM"
"OMAP","oma","edit_dist=1","MAYBE","1.0","Score=1.0: edit_dist=1","Oryza Map Alignment Project","http://www.OMAP.org","omap.org","http://omabrowser.org","omabrowser.org","False","1.0","0.64","MEDIUM"
"DenvInt","denvind","edit_dist=1","MAYBE","1.0","Score=1.0: edit_dist=1","DenvInt","","","http://webs.iiitd.edu.in/raghava/denvind","edu.in","False","1.0","0.0","MEDIUM"
"regBase","rebase","edit_dist=1","MAYBE","1.0","Score=1.0: edit_dist=1","non-coding regulatory variants database","","","http://rebase.neb.com","neb.com","False","1.0","0.0","MEDIUM"
"lnCAR","lncvar","edit_dist=1","MAYBE","1.0","Score=1.0: edit_dist=1","Long Non-Coding RNA in Cancer Arrays Resource","","","http://bioinfo.ibp.ac.cn/LncVar","ac.cn","False","1.0","0.0","MEDIUM"
"ISOdb","isvdb","edit_dist=1","MAYBE","1.0","Score=1.0: edit_dist=1","Isoform Database","","","http://isvdb.unc.edu","unc.edu","False","1.0","0.0","MEDIUM"
"FADB","rtfadb","edit_dist=2, contains","MAYBE","1.0","Score=1.0: edit_dist=2, contains","Food Additive Database","","","http://tools.ibg.deu.edu.tr/rtfa","edu.tr","False","2.0","0.0","MEDIUM"
"DREM","dream","edit_dist=1","MAYBE","1.0","Score=1.0: edit_dist=1","Database for Reaching Experiments and Models","","","http://bio-big-data.cn:8080/DREAM","bio-big-data.cn:8080","False","1.0","0.0","MEDIUM"
"ChemDP","hemd","edit_dist=2, contains","MAYBE","1.0","Score=1.0: edit_dist=2, contains","Chemical Database of Pakistan","http://www.chemdp.com","chemdp.com","http://mdl.shsmu.edu.cn/HEMD","edu.cn","False","2.0","0.32","MEDIUM"
"PrenDB","endb","edit_dist=2, contains","MAYBE","1.0","Score=1.0: edit_dist=2, contains","Prenyltransferase Substrate Database","http://www.kolblab.org/prendb.php","kolblab.org","http://www.licpathway.net/ENdb","licpathway.net","False","2.0","0.39","MEDIUM"
"QSbio","qsdb","url_path_sim=0.82","MAYBE","1.0","Score=1.0: url_path_sim=0.82","Quaternary Structure Biology Resource","http://www.QSbio.org","qsbio.org","http://qsdb.org","qsdb.org","False","3.0","0.82","MEDIUM"
"DBCLS","dbcns","edit_dist=1","MAYBE","1.0","Score=1.0: edit_dist=1","Database Cross-search for Life Sciences","https://biosciencedbc.jp/dbsearch/index","biosciencedbc.jp","http://yamasati.nig.ac.jp/dbcns","ac.jp","False","1.0","0.36","MEDIUM"
"PMRD","pmbd","edit_dist=1","MAYBE","1.0","Score=1.0: edit_dist=1","Plant Male Reproduction Database","","","http://pmbd.genome-mining.cn/home","genome-mining.cn","False","1.0","0.0","MEDIUM"
"HPA","hpo","edit_dist=1","MAYBE","1.0","Score=1.0: edit_dist=1","Human Protein Atlas","http://www.proteinatlas.org","proteinatlas.org","http://www.human-phenotype-ontology.org","human-phenotype-ontology.org","False","1.0","0.5","MEDIUM"
"HCSD","hcsgd","edit_dist=1","MAYBE","1.0","Score=1.0: edit_dist=1","Human Cancer Secretome Database","","","http://bioinfo.au.tsinghua.edu.cn/member/xwwang/HCSGD","edu.cn","False","1.0","0.0","MEDIUM"
"CHG","chd","edit_dist=1","MAYBE","1.0","Score=1.0: edit_dist=1","Cancer Hallmark Genes Database","","","http://chd.vnbiology.com","vnbiology.com","False","1.0","0.0","MEDIUM"
"AID","aicd","edit_dist=1","MAYBE","1.0","Score=1.0: edit_dist=1","Animal Images Database","","","http://956023.ichengyun.net/AICD/index.php","ichengyun.net","False","1.0","0.0","MEDIUM"
"daTALbase","database","edit_dist=1","MAYBE","1.0","Score=1.0: edit_dist=1","TAL Effector Database","","","http://www.plantenergy.uwa.edu.au/applications/mpic","edu.au","False","1.0","0.0","MEDIUM"
"CORD","cod","edit_dist=1","MAYBE","1.0","Score=1.0: edit_dist=1","CO-Regulation Database","http://cord-db.org","cord-db.org","http://www.crystallography.net","crystallography.net","False","1.0","0.27","MEDIUM"
"TMO","tmb","edit_dist=1","MAYBE","1.0","Score=1.0: edit_dist=1","Translational Medicine Ontology and Knowledge Base","http://tm.semanticscience.org/sparql","semanticscience.org","http://dna.engr.latech.edu","latech.edu","False","1.0","0.21","MEDIUM"
"RIBOi","ribod","edit_dist=1","MAYBE","1.0","Score=1.0: edit_dist=1","RIBOi","","","http://ribod.iiserkol.ac.in","ac.in","False","1.0","0.0","MEDIUM"
"IBDMDB","ibddb","edit_dist=1","MAYBE","1.0","Score=1.0: edit_dist=1","Inflammatory Bowel Disease Multi-Omics Database","http://ibdmdb.org","ibdmdb.org","http://www.cbrc.kaust.edu.sa/ibd","edu.sa","False","1.0","0.19","MEDIUM"
"ANDI","andb","edit_dist=1","MAYBE","1.0","Score=1.0: edit_dist=1","Advanced Neuropsychological Diagnostics Infrastructure","","","http://arecanut.icmr.org.in","org.in","False","1.0","0.0","MEDIUM"
"CMD","cmbd","edit_dist=1","MAYBE","1.0","Score=1.0: edit_dist=1","Cysteine Motifs Database","","","http://www.sysbio.org.cn/CMBD","org.cn","False","1.0","0.0","MEDIUM"
"GOAD","goa","edit_dist=1","MAYBE","1.0","Score=1.0: edit_dist=1","Glia Open Access Database","http://www.goad.education","goad.education","http://www.ebi.ac.uk/GOA","ac.uk","False","1.0","0.22","MEDIUM"
"Bio-TDS","biogps","url_path_sim=0.80","MAYBE","1.0","Score=1.0: url_path_sim=0.80","Bioscience Tool Discovery System","http://biotds.org/","biotds.org","http://biogps.org","biogps.org","False","3.0","0.8","MEDIUM"
"CancerGD","cancer3d","edit_dist=1","MAYBE","1.0","Score=1.0: edit_dist=1","Cancer Genetic Dependencies","","","http://www.cancer3d.org","cancer3d.org","False","1.0","0.0","MEDIUM"
"ProCarDB","procarbdb","edit_dist=1","MAYBE","1.0","Score=1.0: edit_dist=1","Prokaryotic Carotenoid Database","","","http://www.procarbdb.science/procarb","procarbdb.science","False","1.0","0.0","MEDIUM"
"NeeMDB","emdb","edit_dist=2, contains","MAYBE","1.0","Score=1.0: edit_dist=2, contains","Neem Metabolites Database","","","http://emdb-empiar.org, http://emdb-empiar.org/emstats","emdb-empiar.org, http:","False","2.0","0.0","MEDIUM"
"ParaDB","parkdb","edit_dist=1","MAYBE","1.0","Score=1.0: edit_dist=1","Paracoccidioides Database","","","http://www2.cancer.ucl.ac.uk/Parkinson_Db2","ac.uk","False","1.0","0.0","MEDIUM"
"OMIT","omim","edit_dist=1","MAYBE","1.0","Score=1.0: edit_dist=1","microRNA Target Prediction Knowledge Base","","","http://omim.org","omim.org","False","1.0","0.0","MEDIUM"
"BIMS","birs","edit_dist=1","MAYBE","1.0","Score=1.0: edit_dist=1","Breeding Information Management System","https://www.citrusgenomedb.org/","citrusgenomedb.org","http://www.bioterrorism.biowaves.org","biowaves.org","False","1.0","0.42","MEDIUM"
"VCGIDB","vcgdb","edit_dist=1","MAYBE","1.0","Score=1.0: edit_dist=1","Vibrio Cholerae Genomic Islands Database","","","http://bigd.big.ac.cn/vcg/, http://bigd.big.ac.cn/gvm","ac.cn","False","1.0","0.0","MEDIUM"
"HMDB","hma","edit_dist=2, long_sim=0.78","MAYBE","1.0","Score=1.0: edit_dist=2, long_sim=0.78","Human Metabolome Database","http://www.hmdb.ca","hmdb.ca","http://www.metabolicatlas.org","metabolicatlas.org","False","2.0","0.32","MEDIUM"
"IDR","idc","edit_dist=1","MAYBE","1.0","Score=1.0: edit_dist=1","Image Data Resource","","","http://portal.imagingdatacommons.cancer.gov","cancer.gov","False","1.0","0.0","MEDIUM"
"FeatSNP","atsnp","edit_dist=2, contains","MAYBE","1.0","Score=1.0: edit_dist=2, contains","Functional and Epigenetic Annotation Tool for SNPs","","","http://atsnp.biostat.wisc.edu","wisc.edu","False","2.0","0.0","MEDIUM"
"GEREDB","genedb","edit_dist=1","MAYBE","1.0","Score=1.0: edit_dist=1","Gene Expression Regulation Database","http://www.thua45.cn/geredb","thua45.cn","http://www.genedb.org","genedb.org","False","1.0","0.38","MEDIUM"
"BioParts","biogps","url_path_sim=0.82","MAYBE","1.0","Score=1.0: url_path_sim=0.82","Biological Parts Portal","bioparts.org","bioparts.org","http://biogps.org","biogps.org","False","4.0","0.82","MEDIUM"
"LIPS","linps","edit_dist=1","MAYBE","1.0","Score=1.0: edit_dist=1","Localization of Intracellular Proteins in guard cells","","","http://mahshaaban.shinyapps.io/LINPSAPP","shinyapps.io","False","1.0","0.0","MEDIUM"
"LISS","lis","edit_dist=1","MAYBE","1.0","Score=1.0: edit_dist=1","Lung Imaging Signs Database","","","http://legumeinfo.org, http://legumefederation.org","legumeinfo.org, http:","False","1.0","0.0","MEDIUM"
"GDB-17","gdb17","edit_dist=1","MAYBE","1.0","Score=1.0: edit_dist=1","Chemical Universe Database","","","http://gdb.unibe.ch, http://faerun.gdb.tools","unibe.ch, http:","False","1.0","0.0","MEDIUM"
"MLST","wgmlst","edit_dist=2, contains","MAYBE","1.0","Score=1.0: edit_dist=2, contains","Multi-Locus Sequence Typing Database","http://www.mlst.net","mlst.net","http://wgmlst.imst.nsysu.edu.tw","edu.tw","False","2.0","0.5","MEDIUM"
"FP-ADMET","fpadmet","edit_dist=1","MAYBE","1.0","Score=1.0: edit_dist=1","Fingerprint-based ADMET Compendium","","","http://gitlab.com/vishsoft/fpadmet","gitlab.com","False","1.0","0.0","MEDIUM"
"PEPD","ped","edit_dist=1","MAYBE","1.0","Score=1.0: edit_dist=1","Pediatric Ependymoma Protein Database","","","http://proteinensemble.org","proteinensemble.org","False","1.0","0.0","MEDIUM"
"PLEAD","plad","edit_dist=1","MAYBE","1.0","Score=1.0: edit_dist=1","Phosphorus Loading from Agricultural Fields Database","","","http://systbio.cau.edu.cn/plad/index.php, http://zzdlab.com/plad/index.php","edu.cn","False","1.0","0.0","MEDIUM"
"MAR","map","edit_dist=1","MAYBE","1.0","Score=1.0: edit_dist=1","Marine Metagenomics Databases","https://mmp.sfb.uit.no/databases/","uit.no","http://stablab.uniroma2.it/MAP","uniroma2.it","False","1.0","0.34","MEDIUM"
"C²Maps","maps","edit_dist=2, contains","MAYBE","1.0","Score=1.0: edit_dist=2, contains","Connectivity Maps","","","http://www.mapsdatabase.com","mapsdatabase.com","False","2.0","0.0","MEDIUM"
"SGID","sgd","edit_dist=1","MAYBE","1.0","Score=1.0: edit_dist=1","Silkworm Genome Interactive Database","","","http://www.yeastgenome.org","yeastgenome.org","False","1.0","0.0","MEDIUM"
"GVD","gvm","edit_dist=1","MAYBE","1.0","Score=1.0: edit_dist=1","Gut Virome Database","","","http://bigd.big.ac.cn/gvm","ac.cn","False","1.0","0.0","MEDIUM"
"GAPD","gaad","edit_dist=1","MAYBE","1.0","Score=1.0: edit_dist=1","Global Abortion Policies Database","","","http://gaad.medgenius.info","medgenius.info","False","1.0","0.0","MEDIUM"
"Neisseria Base","neisseriabase","edit_dist=1","MAYBE","1.0","Score=1.0: edit_dist=1","Neisseria Comparative Genomics Database","","","http://neisseria.um.edu.my","edu.my","False","1.0","0.0","MEDIUM"
"Drug-Path","drugpath","edit_dist=1","MAYBE","1.0","Score=1.0: edit_dist=1","Drug-Induced Pathways Database","","","http://www.drugpath.org, http://mimi.ncibi.org","drugpath.org, http:","False","1.0","0.0","MEDIUM"
"CSAR","csa","edit_dist=1","MAYBE","1.0","Score=1.0: edit_dist=1","Community Structure-Activity Resource","http://www.csardock.org/","csardock.org","http://www.ebi.ac.uk/thornton-srv/databases/CSA","ac.uk","False","1.0","0.12","MEDIUM"
"BODB","ribodb","edit_dist=2, contains","MAYBE","1.0","Score=1.0: edit_dist=2, contains","Brain Operation Database","","","http://ribodb.univ-lyon1.fr","univ-lyon1.fr","False","2.0","0.0","MEDIUM"
"GPMDB","gpgd","edit_dist=2, long_sim=0.71","MAYBE","1.0","Score=1.0: edit_dist=2, long_sim=0.71","Global Proteome Machine Database","ftp://ftp.thegpm.org/repos/gpmdb_rest","","http://www.gpgenome.com","gpgenome.com","False","2.0","0.24","MEDIUM"
"FRY","fr","edit_dist=1","MAYBE","1.0","Score=1.0: edit_dist=1","Fire Patch Functional Traits Database","","","http://www.fruitech.org","fruitech.org","False","1.0","0.0","MEDIUM"
"HMOD","hmdd","edit_dist=1","MAYBE","1.0","Score=1.0: edit_dist=1","HMOD","","","http://www.cuilab.cn/hmdd","cuilab.cn","False","1.0","0.0","MEDIUM"
"FinDis","findbase","url_path_sim=0.82","MAYBE","1.0","Score=1.0: url_path_sim=0.82","Finnish Disease Heritage Database","http://findis.org","findis.org","http://www.findbase.org","findbase.org","False","3.0","0.82","MEDIUM"
"SISTEMA","sistematx","edit_dist=2, contains","MAYBE","1.0","Score=1.0: edit_dist=2, contains","Stem Cell Transcriptome Collection","","","http://sistematx.ufpb.br","ufpb.br","False","2.0","0.0","MEDIUM"
"DMC","dmd","edit_dist=1","MAYBE","1.0","Score=1.0: edit_dist=1","DrugMap Central","http://r2d2drug.org/DMC.aspx","r2d2drug.org","http://sbbi.unl.edu/dmd","unl.edu","False","1.0","0.27","MEDIUM"
"miRTil","mirt","edit_dist=2, contains","MAYBE","1.0","Score=1.0: edit_dist=2, contains","Tilapia microRNA Repository","","","http://www.isical.ac.in","ac.in","False","2.0","0.0","MEDIUM"
"AVPDS","avpdb","edit_dist=1","MAYBE","1.0","Score=1.0: edit_dist=1","Animal Viruses Probe Dataset","https://dl.dropboxusercontent.com/u/94060831/avpds/HOME.html","dropboxusercontent.com","http://crdd.osdd.net/servers/avpdb","osdd.net","False","1.0","0.3","MEDIUM"
"RNAmod","sirnamod","edit_dist=2, contains","MAYBE","1.0","Score=1.0: edit_dist=2, contains","RNA Modification Database","https://bioinformatics.sc.cn/RNAmod","sc.cn","http://crdd.osdd.net/servers/sirnamod","osdd.net","False","2.0","0.25","MEDIUM"
"MPA","mpm","edit_dist=1","MAYBE","1.0","Score=1.0: edit_dist=1","Mitochondrial Protein Atlas","","","http://mutanome.lerner.ccf.org","ccf.org","False","1.0","0.0","MEDIUM"
"CITD","circbase","url_path_sim=0.83","MAYBE","1.0","Score=1.0: url_path_sim=0.83","Contraceptive and Infertility Target DataBase","https://www.citdbase.org","citdbase.org","http://www.circbase.org","circbase.org","False","6.0","0.83","MEDIUM"
"MycoBASE","mycbase","edit_dist=1","MAYBE","1.0","Score=1.0: edit_dist=1","Mycobacterial Annotation System for Expanding","","","http://bicresources.jcbose.ac.in/ssaha4/mycbase","ac.in","False","1.0","0.0","MEDIUM"
"SCOC","scop","edit_dist=1","MAYBE","1.0","Score=1.0: edit_dist=1","Sediment Community Oxygen Consumption Database","","","http://scop.mrc-lmb.cam.ac.uk","ac.uk","False","1.0","0.0","MEDIUM"
"DAPD","dampd","edit_dist=1","MAYBE","1.0","Score=1.0: edit_dist=1","Diabetes Associated Proteins Database","http://www.mkarthikeyan.bioinfoau.org/dapd","bioinfoau.org","http://apps.sanbi.ac.za/dampd","ac.za","False","1.0","0.45","MEDIUM"
"PK-DB","pkidb","edit_dist=1","MAYBE","1.0","Score=1.0: edit_dist=1","Pharmacokinetics Database","https://pk-db.com","pk-db.com","http://www.icoa.fr/pkidb","icoa.fr","False","1.0","0.36","MEDIUM"
"dbPTB","dbptm","edit_dist=1","MAYBE","1.0","Score=1.0: edit_dist=1","dbPTB","","","http://dbPTM.mbc.nctu.edu.tw","edu.tw","False","1.0","0.0","MEDIUM"
"HEpD","hedd","edit_dist=1","MAYBE","1.0","Score=1.0: edit_dist=1","HEpD","","","http://zdzlab.einstein.yu.edu/1/hedd.php","yu.edu","False","1.0","0.0","MEDIUM"
"AODN","aod","edit_dist=1","MAYBE","1.0","Score=1.0: edit_dist=1","Australian Ocean Data Network","https://portal.aodn.org.au/","org.au","http://lin.uestc.edu.cn/AODdatabase/index.aspx","edu.cn","False","1.0","0.28","MEDIUM"
"PSC-db","pscdb","edit_dist=1","MAYBE","1.0","Score=1.0: edit_dist=1","Plant Secondary Compounds Database","","","http://idp1.force.cs.is.nagoya-u.ac.jp/pscdb","ac.jp","False","1.0","0.0","MEDIUM"
"WheatQTLdb","qtldb","contains, long_sim=0.76","MAYBE","1.0","Score=1.0: contains, long_sim=0.76","wheat QTL database","","","http://www.animalgenome.org/QTLdb","animalgenome.org","False","5.0","0.0","MEDIUM"
"RepoDB","podb","edit_dist=2, contains","MAYBE","1.0","Score=1.0: edit_dist=2, contains","Drug Repositioning Database","http://apps.chiragjpgroup.org/repoDB/","chiragjpgroup.org","http://podb.nibb.ac.jp/Organellome","ac.jp","False","2.0","0.14","MEDIUM"
"INVB","intb","edit_dist=1","MAYBE","1.0","Score=1.0: edit_dist=1","Inherited Neuropathy Variant Browser","","","http://www.evocell.org/inTB","evocell.org","False","1.0","0.0","MEDIUM"
"GFDP","gfdb","edit_dist=1","MAYBE","1.0","Score=1.0: edit_dist=1","Gene Family Database in Poplar","","","http://www.glycanstructure.org","glycanstructure.org","False","1.0","0.0","MEDIUM"
"NAPP","naps","edit_dist=1","MAYBE","1.0","Score=1.0: edit_dist=1","Nucleic Acid Phylogenetic Profile Database","http://napp.u-psud.fr/","u-psud.fr","http://naps.nencki.gov.pl","gov.pl","False","1.0","0.25","MEDIUM"
"DTC","dtm","edit_dist=1","MAYBE","1.0","Score=1.0: edit_dist=1","Drug Target Commons","","","http://www.cdc.gov/nccdphp/dnpao/data-trends-maps/index.html","cdc.gov","False","1.0","0.0","MEDIUM"
"GeneTalk","genetack","edit_dist=1","MAYBE","1.0","Score=1.0: edit_dist=1","Genetic Variant Discussion Platform","http://www.gene-talk.de","gene-talk.de","http://topaz.gatech.edu/GeneTack/db.html","gatech.edu","False","1.0","0.31","MEDIUM"
"dbOGAP","dbgap","edit_dist=1","MAYBE","1.0","Score=1.0: edit_dist=1","O-GlcNAcylation Database","","","http://www.ncbi.nlm.nih.gov/gap","nih.gov","False","1.0","0.0","MEDIUM"
"NAFD","nard","edit_dist=1","MAYBE","1.0","Score=1.0: edit_dist=1","North American Forest Database","","","http://nard.macrogen.com","macrogen.com","False","1.0","0.0","MEDIUM"
"NCIA","ncdr","edit_dist=2","N","0.5","Score=0.5: edit_dist=2","Non-Covalent Interactions Atlas","http://www.nciatlas.org","nciatlas.org","http://www.jianglab.cn/ncDR","jianglab.cn","False","2.0","0.21","LOW"
"Healthy Worm Database","database","contains","N","0.5","Score=0.5: contains","Healthy Worm Database","http://healthy-worm-database.eu","healthy-worm-database.eu","http://www.plantenergy.uwa.edu.au/applications/mpic","edu.au","False","13.0","0.19","LOW"
"MNHN_herbarium","herb","contains","N","0.5","Score=0.5: contains","French National Museum of Natural History Herbarium","https://science.mnhn.fr/institution/mnhn/collection/p/item/search/form","mnhn.fr","http://herb.ac.cn","ac.cn","False","10.0","0.06","LOW"
"MAIC","masi","edit_dist=2","N","0.5","Score=0.5: edit_dist=2","Multi-omics Analysis of Immune-mediated Critical Illness","https://baillielab.net/maic/covid19","baillielab.net","http://www.aiddlab.com/MASI","aiddlab.com","False","2.0","0.47","LOW"
"Nabelek","nabe","contains","N","0.5","Score=0.5: contains","Nábělek Herbarium Database","http://www.nabelek.sav.sk","sav.sk","http://nabe.denglab.org","denglab.org","False","3.0","0.4","LOW"
"PSIMR","psmir","edit_dist=2","N","0.5","Score=0.5: edit_dist=2","PSI:Biology-materials repository","http://psimr.asu.edu","asu.edu","http://www.bio-bigdata.com/Psmir","bio-bigdata.com","False","2.0","0.24","LOW"
"MMAD","mmpi","edit_dist=2","N","0.5","Score=0.5: edit_dist=2","Mouse Models of Neurological Disorders Portal","http://mmad.nrihub.org","nrihub.org","http://clri.res.in/subramanian/databases/mmpi/index.php","res.in","False","2.0","0.11","LOW"
"miRDeathDB","mirpathdb","edit_dist=2","N","0.5","Score=0.5: edit_dist=2","miRDeathDB","","","http://mpd.bioinf.uni-sb.de","uni-sb.de","False","2.0","0.0","LOW"
"Photochemistry_DB","mist","contains","N","0.5","Score=0.5: contains","UV/Vis Photochemistry Database","http://www.photochemistry.org","photochemistry.org","http://mistdb.com","mistdb.com","False","13.0","0.43","LOW"
"MSIS","msdb","edit_dist=2","N","0.5","Score=0.5: edit_dist=2","Mycobacterium hsp65 Database","http://msis.mycobacteria.info","mycobacteria.info","http://tdb.ccmb.res.in/msdb","res.in","False","2.0","0.24","LOW"
"Mouse Brain Metabolome","rain","contains","N","0.5","Score=0.5: contains","Mouse Brain Metabolome Atlas","https://mouse.atlas.metabolomics.us/","metabolomics.us","http://rth.dk/resources/rain","rth.dk","False","18.0","0.21","LOW"
"LegumeGRP","legumeip","edit_dist=2","N","0.5","Score=0.5: edit_dist=2","Legume Genome Resources Platform","http://www.legumegrp.org","legumegrp.org","http://plantgrn.noble.org/LegumeIP","noble.org","False","2.0","0.35","LOW"
"KNApSAcK_biomarker","naps","contains","N","0.5","Score=0.5: contains","KNApSAcK Biomarker Database","http://www.knapsackfamily.com/Biomarker/top.php","knapsackfamily.com","http://naps.nencki.gov.pl","gov.pl","False","14.0","0.41","LOW"
"Pompe Variant Database","database","contains","N","0.5","Score=0.5: contains","Pompe Variant Database","http://www.pompevariantdatabase.nl","pompevariantdatabase.nl","http://www.plantenergy.uwa.edu.au/applications/mpic","edu.au","False","14.0","0.25","LOW"
"NetPath FSH","netpath","contains","N","0.5","Score=0.5: contains","Follicle Stimulating Hormone Signaling Resource","http://www.netpath.org","netpath.org","http://www.netpath.org, http://www.netpath.org/pathways?path_id=NetPath_172","netpath.org, http:","False","4.0","0.4","LOW"
"PISO","pina","edit_dist=2","N","0.5","Score=0.5: edit_dist=2","Plant ISOform sequencing database","","","http://cbg.garvan.unsw.edu.au/pina","edu.au","False","2.0","0.0","LOW"
"SPARC DRC","spar","contains","N","0.5","Score=0.5: contains","SPARC Data Resource Center","","","http://www.lisanwanglab.org/SPAR","lisanwanglab.org","False","5.0","0.0","LOW"
"Blood Exposome Database","database","contains","N","0.5","Score=0.5: contains","Blood Exposome Database","http://bloodexposome.org","bloodexposome.org","http://www.plantenergy.uwa.edu.au/applications/mpic","edu.au","False","15.0","0.18","LOW"
"Populus euphratica EST-SSR database","database","contains","N","0.5","Score=0.5: contains","Euphrates Poplar EST-SSR Database","http://202.205.131.253:8080/poplar/resources/static_page/index.html","131.253:8080","http://www.plantenergy.uwa.edu.au/applications/mpic","edu.au","False","27.0","0.22","LOW"
"IMACS","impc","edit_dist=2","N","0.5","Score=0.5: edit_dist=2","Insertion Marker Collection of Sz. japonicus","","","http://www.mousephenotype.org","mousephenotype.org","False","2.0","0.0","LOW"
"Thyrotropin Receptor Mutation Database","database","contains","N","0.5","Score=0.5: contains","Thyrotropin Receptor Mutation Database","","","http://www.plantenergy.uwa.edu.au/applications/mpic","edu.au","False","30.0","0.0","LOW"
"NMR Spectral Measurement Database","database","contains","N","0.5","Score=0.5: contains","NMR Spectral Measurement Database","","","http://www.plantenergy.uwa.edu.au/applications/mpic","edu.au","False","25.0","0.0","LOW"
"Regulatory Circuits","regulator","contains","N","0.5","Score=0.5: contains","Tissue-Specific Regulatory Circuits Database","http://regulatorycircuits.org","regulatorycircuits.org","http://www.bioinformatics.org/regulator","bioinformatics.org","False","10.0","0.36","LOW"
"Multiple Sclerosis Atlas","atlas","contains","N","0.5","Score=0.5: contains","Multiple Sclerosis Molecular Atlas","","","http://zlab.umassmed.edu/atlas/web","umassmed.edu","False","19.0","0.0","LOW"
"SWGDRUG Mass Spectral Resource","spectra","contains","N","0.5","Score=0.5: contains","SWGDRUG Mass Spectral Library Resource","","","http://alpha.dmi.unict.it/spectra","unict.it","False","23.0","0.0","LOW"
"CroCo","credo","edit_dist=2","N","0.5","Score=0.5: edit_dist=2","Cross-species Conservation of context-specific networks","http://services.bio.ifi.lmu.de/croco-web","lmu.de","http://www-cryst.bioc.cam.ac.uk/credo","ac.uk","False","2.0","0.38","LOW"
"Diaretinopathy database","database","contains","N","0.5","Score=0.5: contains","Diabetic Retinopathy Gene Database","","","http://www.plantenergy.uwa.edu.au/applications/mpic","edu.au","False","15.0","0.0","LOW"
"Human Origins Database","huma","contains","N","0.5","Score=0.5: contains","Human Origins Skeletal Collection Database","http://www.humanoriginsdatabase.org","humanoriginsdatabase.org","http://huma.rubi.ru.ac.za","ac.za","False","18.0","0.38","LOW"
"International Doubly Labelled Water Database","database","contains","N","0.5","Score=0.5: contains","International Doubly Labelled Water Database","","","http://www.plantenergy.uwa.edu.au/applications/mpic","edu.au","False","36.0","0.0","LOW"
"RiceENCODE","encode","contains","N","0.5","Score=0.5: contains","RiceENCODE","","","http://www.encodeproject.org, http://screen.encodeproject.org","encodeproject.org, http:","False","4.0","0.0","LOW"
"Rudolf Sturany Type Specimens Catalogue","cata","contains","N","0.5","Score=0.5: contains","Rudolf Sturany Type Specimens Catalogue","","","http://www.xiejjlab.bio/cata","xiejjlab.bio","False","35.0","0.0","LOW"
"Personalized Cancer Therapy","hera","contains","N","0.5","Score=0.5: contains","Personalized Cancer Therapy Knowledge Base","https://personalizedcancertherapy.org","personalizedcancertherapy.org","http://hanlab.uth.edu/HeRA","uth.edu","False","23.0","0.33","LOW"
"Quantal Risk Assessment Database","database","contains","N","0.5","Score=0.5: contains","Quantal Risk Assessment Database","","","http://www.plantenergy.uwa.edu.au/applications/mpic","edu.au","False","24.0","0.0","LOW"
"Southern Ocean Echinoids database","database","contains","N","0.5","Score=0.5: contains","Southern Ocean Echinoids Database","","","http://www.plantenergy.uwa.edu.au/applications/mpic","edu.au","False","25.0","0.0","LOW"
"COMET","codex","edit_dist=2","N","0.5","Score=0.5: edit_dist=2","Core Outcome Measures in Effectiveness Trials","http://www.comet-initiative.org/studies/details/265?result=true","comet-initiative.org","http://codex.stemcells.cam.ac.uk","ac.uk","False","2.0","0.31","LOW"
"GlyCosmos","glycomob","edit_dist=2","N","0.5","Score=0.5: edit_dist=2","GlyCosmos Portal","","","http://www.glycomob.org","glycomob.org","False","2.0","0.0","LOW"
"AMPs Database","amdd","long_sim=0.80","N","0.5","Score=0.5: long_sim=0.80","Antimicrobial Compounds Database","http://www.dsf.unica.it/translocation/db/","unica.it","http://www.amddatabase.info","amddatabase.info","False","10.0","0.27","LOW"
"TEX86 surface sediment database","ment","contains","N","0.5","Score=0.5: contains","TEX86 Surface Sediment Database","","","http://mgrc.kribb.re.kr:8080/MENT","re.kr:8080","False","27.0","0.0","LOW"
"UNC-Wisconsin Rhesus Macaque Neurodevelopment Database","ment","contains","N","0.5","Score=0.5: contains","UNC-Wisconsin Rhesus Macaque Neurodevelopment Database","","","http://mgrc.kribb.re.kr:8080/MENT","re.kr:8080","False","50.0","0.0","LOW"
"Structure-Function Linkage Database","database","contains","N","0.5","Score=0.5: contains","Structure-Function Linkage Database","","","http://www.plantenergy.uwa.edu.au/applications/mpic","edu.au","False","27.0","0.0","LOW"
"GenoLIB","genelab","edit_dist=2","N","0.5","Score=0.5: edit_dist=2","Genomic Library Database","","","http://genelab.nasa.gov","nasa.gov","False","2.0","0.0","LOW"
"EEL database","database","contains","N","0.5","Score=0.5: contains","Electron Energy Loss Spectra Database","","","http://www.plantenergy.uwa.edu.au/applications/mpic","edu.au","False","4.0","0.0","LOW"
"Human Embryology","huma","contains","N","0.5","Score=0.5: contains","Human Embryology Collections","https://human-embryology.org","human-embryology.org","http://huma.rubi.ru.ac.za","ac.za","False","12.0","0.37","LOW"
"Medical abbreviations database","database","contains","N","0.5","Score=0.5: contains","Medical Abbreviations and Acronyms Database","https://bit.ly/github-clinical-abbreviations","bit.ly","http://www.plantenergy.uwa.edu.au/applications/mpic","edu.au","False","22.0","0.32","LOW"
"Australian Cancer Atlas","atlas","contains","N","0.5","Score=0.5: contains","Australian Cancer Atlas","https://atlas.cancer.org.au","org.au","http://zlab.umassmed.edu/atlas/web","umassmed.edu","False","18.0","0.26","LOW"
"Natural products dereplication database","database","contains","N","0.5","Score=0.5: contains","Natural Products Dereplication Database","","","http://www.plantenergy.uwa.edu.au/applications/mpic","edu.au","False","31.0","0.0","LOW"
"RLR Database","database","contains","N","0.5","Score=0.5: contains","RIG-I-Like Receptor Database","http://rlr.cmbi.umcn.nl/","umcn.nl","http://www.plantenergy.uwa.edu.au/applications/mpic","edu.au","False","4.0","0.18","LOW"
"HLA Ligand Atlas","atlas","contains","N","0.5","Score=0.5: contains","HLA Ligand Atlas","https://hla-ligand-atlas.org","hla-ligand-atlas.org","http://zlab.umassmed.edu/atlas/web","umassmed.edu","False","11.0","0.38","LOW"
"Medical schools outcomes database","database","contains","N","0.5","Score=0.5: contains","Medical Schools Outcomes Database","","","http://www.plantenergy.uwa.edu.au/applications/mpic","edu.au","False","25.0","0.0","LOW"
"Ion mobility collision cross-section atlas","atlas","contains","N","0.5","Score=0.5: contains","Ion Mobility Metabolite Atlas","","","http://zlab.umassmed.edu/atlas/web","umassmed.edu","False","37.0","0.0","LOW"
"Morchella database","database","contains","N","0.5","Score=0.5: contains","Morchella Species Database","http://www.cbs.knaw.nl/morchella/","knaw.nl","http://www.plantenergy.uwa.edu.au/applications/mpic","edu.au","False","10.0","0.16","LOW"
"EHEC/EAEC RegNet","regnet","contains","N","0.5","Score=0.5: contains","EHEC/EAEC Regulatory Network Database","http://www.ehecregnet.de","ehecregnet.de","http://mgrc.kribb.re.kr/regnet","re.kr","False","10.0","0.39","LOW"
"COL7A1 Database","database","contains","N","0.5","Score=0.5: contains","COL7A1 Mutation Database","http://www.col7.info","col7.info","http://www.plantenergy.uwa.edu.au/applications/mpic","edu.au","False","7.0","0.12","LOW"
"Adverse events database","database","contains","N","0.5","Score=0.5: contains","Drug Adverse Events Database","","","http://www.plantenergy.uwa.edu.au/applications/mpic","edu.au","False","15.0","0.0","LOW"
"DNA polymerases database","database","contains","N","0.5","Score=0.5: contains","DNA Polymerases Database","","","http://www.plantenergy.uwa.edu.au/applications/mpic","edu.au","False","16.0","0.0","LOW"
"Phytoremediation Database","database","contains","N","0.5","Score=0.5: contains","Phytoremediation Database","http://www.steviefamulari.net/phytoremediation","steviefamulari.net","http://www.plantenergy.uwa.edu.au/applications/mpic","edu.au","False","17.0","0.35","LOW"
"Chemicals of emerging concern database","database","contains","N","0.5","Score=0.5: contains","Exposome Chemicals Annotation Database","","","http://www.plantenergy.uwa.edu.au/applications/mpic","edu.au","False","30.0","0.0","LOW"
"Candida ORFeome","dida","contains","N","0.5","Score=0.5: contains","Candida albicans ORFeome Resource","http://candidaorfeome.eu","candidaorfeome.eu","http://dida.ibsquare.be","ibsquare.be","False","11.0","0.48","LOW"
"Antidepressant RCT Database","database","contains","N","0.5","Score=0.5: contains","Antidepressant Randomised Controlled Trials Database","http://xiepengteam.cn/research/evidence-based-medicine","xiepengteam.cn","http://www.plantenergy.uwa.edu.au/applications/mpic","edu.au","False","19.0","0.28","LOW"
"Northern West Siberia fungal database","database","contains","N","0.5","Score=0.5: contains","Northern West Siberia Fungal Literature Database","","","http://www.plantenergy.uwa.edu.au/applications/mpic","edu.au","False","29.0","0.0","LOW"
"Hypothetical genes and proteins database","database","contains","N","0.5","Score=0.5: contains","Eukaryotic Hypothetical Genes and Proteins Database","http://www.trimslabs.com/database/hypodb/index.html","trimslabs.com","http://www.plantenergy.uwa.edu.au/applications/mpic","edu.au","False","32.0","0.26","LOW"
"U.S. regional feedstock database","database","contains","N","0.5","Score=0.5: contains","U.S. Regional Feedstock Production Database","","","http://www.plantenergy.uwa.edu.au/applications/mpic","edu.au","False","24.0","0.0","LOW"
"Death Domain protein-protein interaction database","database","contains","N","0.5","Score=0.5: contains","Death Domain Protein-Protein Interaction Database","http://www.deathdomain.org","deathdomain.org","http://www.plantenergy.uwa.edu.au/applications/mpic","edu.au","False","41.0","0.22","LOW"
"Metacommunity ecology database","database","contains","N","0.5","Score=0.5: contains","Global Metacommunity Ecology Database","","","http://www.plantenergy.uwa.edu.au/applications/mpic","edu.au","False","22.0","0.0","LOW"
"Age-phenome database","database","contains","N","0.5","Score=0.5: contains","Age-Phenome Database","","","http://www.plantenergy.uwa.edu.au/applications/mpic","edu.au","False","12.0","0.0","LOW"
"Herb and Western medicine interactions database","database","contains","N","0.5","Score=0.5: contains","Herb-Drug Interaction Database","https://drug-herb-interaction.netlify.com","netlify.com","http://www.plantenergy.uwa.edu.au/applications/mpic","edu.au","False","39.0","0.33","LOW"
"RENIS","repic","edit_dist=2","N","0.5","Score=0.5: edit_dist=2","Renal Cell Carcinoma Registry","http://renis.registry.cz","registry.cz","http://repicmod.uchicago.edu/repic","uchicago.edu","False","2.0","0.36","LOW"
"STS National Database","database","contains","N","0.5","Score=0.5: contains","Society of Thoracic Surgeons National Database","http://www.sts.org/quality-research-patient-safety/research/publications-and-research/access-data-sts-national-database","sts.org","http://www.plantenergy.uwa.edu.au/applications/mpic","edu.au","False","13.0","0.23","LOW"
"FUSION","fusioncancer","contains","N","0.5","Score=0.5: contains","Functional Signature Ontology Map","http://fusion.yuhs.ac","yuhs.ac","http://donglab.ecnu.edu.cn/databases/FusionCancer/Conclusion","edu.cn","False","6.0","0.24","LOW"
"ncrnadatabases.org","database","contains","N","0.5","Score=0.5: contains","Non-coding RNA Databases Guide","http://www.ncrnadatabases.org","ncrnadatabases.org","http://www.plantenergy.uwa.edu.au/applications/mpic","edu.au","False","10.0","0.17","LOW"
"EUAdb","eul1db","edit_dist=2","N","0.5","Score=0.5: edit_dist=2","COVID-19 Test Database","","","http://euL1db.unice.fr","unice.fr","False","2.0","0.0","LOW"
"ExCAPE-DB","pe-db","contains","N","0.5","Score=0.5: contains","ExCAPE-DB","","","http://pedb.vib.be","vib.be","False","4.0","0.0","LOW"
"ARIES","geoboundaries","contains","N","0.5","Score=0.5: contains","ARIES","","","http://www.geoboundaries.org","geoboundaries.org","False","8.0","0.0","LOW"
"Anopheles Tissue Atlas","atlas","contains","N","0.5","Score=0.5: contains","Anopheles gambiae Gene Expression Atlas","http://www.tissue-atlas.org","tissue-atlas.org","http://zlab.umassmed.edu/atlas/web","umassmed.edu","False","17.0","0.37","LOW"
"Skin Proteome Atlas","atlas","contains","N","0.5","Score=0.5: contains","Human Skin Proteomic Atlas","https://skin.science/","skin.science","http://zlab.umassmed.edu/atlas/web","umassmed.edu","False","14.0","0.21","LOW"
"TEF1α Database","database","contains","N","0.5","Score=0.5: contains","Fungal Translational Elongation Factor 1α Database","http://its.mycologylab.org/","mycologylab.org","http://www.plantenergy.uwa.edu.au/applications/mpic","edu.au","False","6.0","0.2","LOW"
"Belgium Butterfly Database","database","contains","N","0.5","Score=0.5: contains","Northern Belgium Butterfly Distribution Database","http://waarnemingen.be","waarnemingen.be","http://www.plantenergy.uwa.edu.au/applications/mpic","edu.au","False","18.0","0.22","LOW"
"TCLP","tc3a","edit_dist=2","N","0.5","Score=0.5: edit_dist=2","TCLP","http://celllines.tron-mainz.de","tron-mainz.de","http://tc3a.org","tc3a.org","False","2.0","0.19","LOW"
"Cancer GAMAdb","madb","contains","N","0.5","Score=0.5: contains","Cancer GAMAdb","","","http://madb.ethz.ch","ethz.ch","False","9.0","0.0","LOW"
"DADP","dampd","edit_dist=2","N","0.5","Score=0.5: edit_dist=2","DADP","","","http://apps.sanbi.ac.za/dampd","ac.za","False","2.0","0.0","LOW"
"DoCM","dor","edit_dist=2","N","0.5","Score=0.5: edit_dist=2","DoCM","","","http://caps.ncbs.res.in/DOR","res.in","False","2.0","0.0","LOW"
"M5nr","mnm","edit_dist=2","N","0.5","Score=0.5: edit_dist=2","M5nr","","","http://minimotifminer.org, http://mnm.engr.uconn.edu","minimotifminer.org, http:","False","2.0","0.0","LOW"
"TCSBN","tcdb","edit_dist=2","N","0.5","Score=0.5: edit_dist=2","TCSBN","http://inetmodels.com","inetmodels.com","http://www.tcdb.org","tcdb.org","False","2.0","0.18","LOW"
"DaizuBase","database","long_sim=0.71","N","0.5","Score=0.5: long_sim=0.71","DaizuBase","","","http://www.plantenergy.uwa.edu.au/applications/mpic","edu.au","False","3.0","0.0","LOW"
"SaccharomycesSensuStricto","tric","contains","N","0.5","Score=0.5: contains","Saccharomyces sensu stricto Genome Database","http://www.SaccharomycesSensuStricto.org","saccharomycessensustricto.org","http://hanlab.uth.edu/tRic/, http://bioinfo.life.hust.edu.cn/tRic","uth.edu","False","21.0","0.28","LOW"
"ACOG","acsr","edit_dist=2","N","0.5","Score=0.5: edit_dist=2","Atlas of Genetics and Cytogenetics in Oncology and Haematology","http://atlasgeneticsoncology.org","atlasgeneticsoncology.org","http://acsr.ucsf.edu","ucsf.edu","False","2.0","0.26","LOW"
"eelsdb","eendb","edit_dist=2","N","0.5","Score=0.5: edit_dist=2","Electron Energy-Loss Spectroscopy Database","https://eelsdb.eu/","eelsdb.eu","http://eendb.zfgenetics.org","zfgenetics.org","False","2.0","0.41","LOW"
"EurExpress","express","contains","N","0.5","Score=0.5: contains","EurExpress Transcriptome Atlas","http://www.eurexpress.org","eurexpress.org","http://www.iupui.edu/ÃÂÃÂ¢ÃÂÃÂÃÂÃÂÃÂÃÂÃÂÃÂÃÂÃÂÃÂÃÂ¬ÃÂÃÂÃÂÃÂÃÂÃÂ¢ÃÂÃÂÃÂÃÂÃÂÃÂÃÂÃÂÃÂÃÂÃÂÃÂ¬ÃÂÃÂÃÂÃÂÃÂÃÂ¢ÃÂÃÂÃÂÃÂÃÂÃÂÃÂÃÂÃÂÃÂÃÂÃÂ¬ÃÂÃÂÃÂÃÂÃÂÃÂ¢ÃÂÃÂÃÂÃÂÃÂÃÂÃÂÃÂÃÂÃÂÃÂÃÂ¬ÃÂÃÂÃÂÃÂ","iupui.edu","False","3.0","0.01","LOW"
"DFVF","dfam","edit_dist=2","N","0.5","Score=0.5: edit_dist=2","DFVF","","","http://dfam.org","dfam.org","False","2.0","0.0","LOW"
"RBP_atlas","atlas","contains","N","0.5","Score=0.5: contains","RNA-Binding Protein Atlas","http://sparks-lab.org","sparks-lab.org","http://zlab.umassmed.edu/atlas/web","umassmed.edu","False","4.0","0.2","LOW"
"AtIPD","atmad","edit_dist=2","N","0.5","Score=0.5: edit_dist=2","AtIPD","","","http://www.megabionet.org/atmad","megabionet.org","False","2.0","0.0","LOW"
"STEC","stab","edit_dist=2","N","0.5","Score=0.5: edit_dist=2","Shigatox E. coli Collection","http://shigatox.net/new/","shigatox.net","http://stab.comp-sysbio.org","comp-sysbio.org","False","2.0","0.17","LOW"
"RiceLncPedia","rice","contains","N","0.5","Score=0.5: contains","RiceLncPedia","","","http://ricedb.plantenergy.uwa.edu.au","edu.au","False","8.0","0.0","LOW"
"Burkholderia Database","database","contains","N","0.5","Score=0.5: contains","Burkholderia Quorum Sensing Database","http://net.icgeb.org/burkholderia/","icgeb.org","http://www.plantenergy.uwa.edu.au/applications/mpic","edu.au","False","13.0","0.24","LOW"
"AuxV","aura","edit_dist=2","N","0.5","Score=0.5: edit_dist=2","AuxV","","","http://aura.science.unitn.it","unitn.it","False","2.0","0.0","LOW"
"BIII","bind","edit_dist=2","N","0.5","Score=0.5: edit_dist=2","Bioimage Informatics Index","http://biii.eu/","biii.eu","http://download.baderlab.org/BINDTranslation","baderlab.org","False","2.0","0.14","LOW"
"Drosophila Brain Atlas","rain","contains","N","0.5","Score=0.5: contains","Drosophila Brain Transcriptome Atlas","http://scope.aertslab.org","aertslab.org","http://rth.dk/resources/rain","rth.dk","False","18.0","0.21","LOW"
"World Asteroidea Database","database","contains","N","0.5","Score=0.5: contains","World Asteroidea Database","http://www.marinespecies.org/Asteroidea/","marinespecies.org","http://www.plantenergy.uwa.edu.au/applications/mpic","edu.au","False","17.0","0.26","LOW"
"EAHAD factor VII variant database","database","contains","N","0.5","Score=0.5: contains","EAHAD factor VII variant database","","","http://www.plantenergy.uwa.edu.au/applications/mpic","edu.au","False","25.0","0.0","LOW"
"PeptideTracker","ptid","contains","N","0.5","Score=0.5: contains","PeptideTracker Knowledge Base","","","http://lilab.ecust.edu.cn/ptid","edu.cn","False","10.0","0.0","LOW"
"CLIPS","clipdb","edit_dist=2","N","0.5","Score=0.5: edit_dist=2","Clinical Trial Protocol Retrieval System","https://corus.kaist.edu/clips","kaist.edu","http://clipdb.ncrnalab.org","ncrnalab.org","False","2.0","0.2","LOW"
"Rice GH Database","database","contains","N","0.5","Score=0.5: contains","Rice Glycoside Hydrolase Phylogenomic Database","http://ricephylogenomics.ucdavis.edu/cellwalls/gh/","ucdavis.edu","http://www.plantenergy.uwa.edu.au/applications/mpic","edu.au","False","8.0","0.39","LOW"
"Dark Proteome Database","database","contains","N","0.5","Score=0.5: contains","Dark Proteome Database","","","http://www.plantenergy.uwa.edu.au/applications/mpic","edu.au","False","14.0","0.0","LOW"
"MRDP","mridb","edit_dist=2","N","0.5","Score=0.5: edit_dist=2","Modern Research Data Portal","https://docs.globus.org/mrdp","globus.org","http://www3.imperial.ac.uk/bioinfsupport/resources/software/mridb","ac.uk","False","2.0","0.23","LOW"
"Synapse Cutaneous NF","naps","contains","N","0.5","Score=0.5: contains","Cutaneous Neurofibroma Data Repository","http://www.synapse.org/cutaneousNF","synapse.org","http://naps.nencki.gov.pl","gov.pl","False","16.0","0.39","LOW"
"PsORF","psrn","edit_dist=2","N","0.5","Score=0.5: edit_dist=2","Plant Small ORF Database","","","http://syslab5.nchu.edu.tw/PSRN","edu.tw","False","2.0","0.0","LOW"
"Clinical Next-Generation Sequencing Database","database","contains","N","0.5","Score=0.5: contains","Clinical Next-Generation Sequencing Database","","","http://www.plantenergy.uwa.edu.au/applications/mpic","edu.au","False","36.0","0.0","LOW"
"GreenCut2","greenc","contains","N","0.5","Score=0.5: contains","GreenCut2 Protein Inventory","","","http://greenc.sciencedesigners.com","sciencedesigners.com","False","3.0","0.0","LOW"
"GID","giga","edit_dist=2","N","0.5","Score=0.5: edit_dist=2","Generalized Invariom Database","","","http://giga.nova.edu","nova.edu","False","2.0","0.0","LOW"
"CPIC","cpgr","edit_dist=2","N","0.5","Score=0.5: edit_dist=2","Clinical Pharmacogenetics Implementation Consortium","https://cpicpgx.org/guidelines/guideline-for-fluoropyrimidines-and-dpyd/","cpicpgx.org","http://cpgr.plantbiology.msu.edu","msu.edu","False","2.0","0.18","LOW"
"LOVD Euro-WABB","lovd","contains","N","0.5","Score=0.5: contains","Locus-Specific Diabetes Database","https://lovd.euro-wabb.org","euro-wabb.org","http://www.LOVD.nl","lovd.nl","False","10.0","0.4","LOW"
"FragSAD","gsad","contains","N","0.5","Score=0.5: contains","Fragment Species Abundance Database","","","http://www.asteraceaegenomesize.com","asteraceaegenomesize.com","False","3.0","0.0","LOW"
"Synapse JHU Biobank","naps","contains","N","0.5","Score=0.5: contains","Johns Hopkins Nerve Sheath Tumor Repository","http://synapse.org/jhubiobank","synapse.org","http://naps.nencki.gov.pl","gov.pl","False","15.0","0.35","LOW"
"RGPDB","rgd","edit_dist=2","N","0.5","Score=0.5: edit_dist=2","Root-associated Genes and Promoters Database","","","http://rgd.mcw.edu","mcw.edu","False","2.0","0.0","LOW"
"BraMRS","brains","edit_dist=2","N","0.5","Score=0.5: edit_dist=2","Brassica rapa microRNA System","http://bramrs.rna.kr","rna.kr","http://www.brainsimagebank.ac.uk, http://dicom.nema.org","ac.uk, http:","False","2.0","0.32","LOW"
"Plant Cell Atlas","atlas","contains","N","0.5","Score=0.5: contains","Plant Cell Atlas","http://www.plantcellatlas.org/","plantcellatlas.org","http://zlab.umassmed.edu/atlas/web","umassmed.edu","False","11.0","0.36","LOW"
"Core HTA","core","contains","N","0.5","Score=0.5: contains","Health Technology Assessment Core Model","http://www.corehta.info--is","corehta.info--is","http://microbiome.osu.edu","osu.edu","False","4.0","0.35","LOW"
"CIDO","cider","edit_dist=2","N","0.5","Score=0.5: edit_dist=2","CIDO","","","http://mips.helmholtz-muenchen.de/cider","helmholtz-muenchen.de","False","2.0","0.0","LOW"
"SWATH-MS Atlas","atlas","contains","N","0.5","Score=0.5: contains","SWATH-MS Assay Repository","","","http://zlab.umassmed.edu/atlas/web","umassmed.edu","False","9.0","0.0","LOW"
"NAPDI","naps","edit_dist=2","N","0.5","Score=0.5: edit_dist=2","Natural Product-Drug Interaction Repository","http://www.napdi.org","napdi.org","http://naps.nencki.gov.pl","gov.pl","False","2.0","0.44","LOW"
"SIB","sidd","edit_dist=2","N","0.5","Score=0.5: edit_dist=2","Swiss Institute of Bioinformatics","http://www.isb-sib.ch","isb-sib.ch","http://mlg.hit.edu.cn/SIDD","edu.cn","False","2.0","0.21","LOW"
"Leukocyte Tracking Database","database","contains","N","0.5","Score=0.5: contains","Leukocyte Tracking Database","","","http://www.plantenergy.uwa.edu.au/applications/mpic","edu.au","False","19.0","0.0","LOW"
"VirusMap","virusms","edit_dist=2","N","0.5","Score=0.5: edit_dist=2","Influenza A Virus Visualization Database","","","http://virusms.erc.monash.edu","monash.edu","False","2.0","0.0","LOW"
"BFDb","bfgr","edit_dist=2","N","0.5","Score=0.5: edit_dist=2","BioFragment Database","","","http://bfgr.plantbiology.msu.edu","msu.edu","False","2.0","0.0","LOW"
"ModelSEED Biochemistry Database","mist","contains","N","0.5","Score=0.5: contains","ModelSEED Biochemistry Database","","","http://mistdb.com","mistdb.com","False","27.0","0.0","LOW"
"PH²","phin","edit_dist=2","N","0.5","Score=0.5: edit_dist=2","dermoscopic image database","","","http://cadd.pharmacy.nankai.edu.cn/phin","edu.cn","False","2.0","0.0","LOW"
"PlantNE","plantrna","edit_dist=2","N","0.5","Score=0.5: edit_dist=2","plant biomass database","","","http://plantrna.ibmp.cnrs.fr","cnrs.fr","False","2.0","0.0","LOW"
"NiDB","nifh","edit_dist=2","N","0.5","Score=0.5: edit_dist=2","Neuroinformatics Database","","","http://www.css.cornell.edu/faculty/buckley/nifh.htm","cornell.edu","False","2.0","0.0","LOW"
"PAIN","pass","edit_dist=2","N","0.5","Score=0.5: edit_dist=2","brain-imaging repository for pain disorders","","","http://musaelab.ca/pass-database","musaelab.ca","False","2.0","0.0","LOW"
"QuadBase2","quad","contains","N","0.5","Score=0.5: contains","guanine quadruplex database","","","http://proteome.moffitt.org/QUAD","moffitt.org","False","5.0","0.0","LOW"
"CoMPARA","comparative cellular and molecular biology of longevity database","contains","N","0.5","Score=0.5: contains","Collaborative Modeling Project for Androgen Receptor Activity","","","http://genomics.brocku.ca/ccmbl","brocku.ca","False","57.0","0.0","LOW"
"STarMirDB","mirdb","contains","N","0.5","Score=0.5: contains","microRNA binding sites database","http://sfold.wadsworth.org/starmirDB.php","wadsworth.org","http://mirdb.org","mirdb.org","False","4.0","0.29","LOW"
"Cas-Database","database","contains","N","0.5","Score=0.5: contains","CRISPR guide RNA library database","http://www.rgenome.net/cas-database/","rgenome.net","http://www.plantenergy.uwa.edu.au/applications/mpic","edu.au","False","4.0","0.25","LOW"
"DRUMS","dramp","edit_dist=2","N","0.5","Score=0.5: edit_dist=2","Disk Repository with Update Management and Select","","","http://dramp.cpu-bioinfor.org","cpu-bioinfor.org","False","2.0","0.0","LOW"
"ConsHMM Atlas","atlas","contains","N","0.5","Score=0.5: contains","Conservation State Annotations Atlas","","","http://zlab.umassmed.edu/atlas/web","umassmed.edu","False","8.0","0.0","LOW"
"RDmap","rdp","edit_dist=2","N","0.5","Score=0.5: edit_dist=2","Rare Disease Map","http://rdmap.nbscn.org","nbscn.org","http://rdp.cme.msu.edu","msu.edu","False","2.0","0.4","LOW"
"ComPIL","comppi","edit_dist=2","N","0.5","Score=0.5: edit_dist=2","Comprehensive Metaproteomics Database","","","http://ComPPI.LinkGroup.hu","linkgroup.hu","False","2.0","0.0","LOW"
"N-GlycositeAtlas","atlas","contains","N","0.5","Score=0.5: contains","N-Glycosylation Site Atlas","http://nglycositeatlas.biomarkercenter.org","biomarkercenter.org","http://zlab.umassmed.edu/atlas/web","umassmed.edu","False","11.0","0.29","LOW"
"Disorder Atlas","order","contains","N","0.5","Score=0.5: contains","Protein Disorder Atlas","http://www.disorderatlas.org","disorderatlas.org","http://order.jic.ac.uk","ac.uk","False","9.0","0.44","LOW"
"Genome Maps","maps","contains","N","0.5","Score=0.5: contains","Genome Browser","http://www.genomemaps.org","genomemaps.org","http://www.mapsdatabase.com","mapsdatabase.com","False","7.0","0.4","LOW"
"MetNet Online","metnet","contains","N","0.5","Score=0.5: contains","Plant Systems Biology Resource","http://www.metnetonline.org","metnetonline.org","http://www.metnetonline.org, http://www.metnetonline.org/tutorial","metnetonline.org, http:","False","7.0","0.46","LOW"
"ToxoDB","toxindb","edit_dist=2","N","0.5","Score=0.5: edit_dist=2","Toxoplasma Genomics Database","","","http://www.rxnfinder.org/toxindb","rxnfinder.org","False","2.0","0.0","LOW"
"JCGGDB","jcdb","edit_dist=2","N","0.5","Score=0.5: edit_dist=2","Japan Glycobiology Database","","","http://jcdb.xtbg.ac.cn","ac.cn","False","2.0","0.0","LOW"
"CpGDB","cpgr","edit_dist=2","N","0.5","Score=0.5: edit_dist=2","Chloroplast Genomes Database","","","http://cpgr.plantbiology.msu.edu","msu.edu","False","2.0","0.0","LOW"
"RTPDB","rtfadb","edit_dist=2","N","0.5","Score=0.5: edit_dist=2","Radiotherapy Prognosis Database","","","http://tools.ibg.deu.edu.tr/rtfa","edu.tr","False","2.0","0.0","LOW"
"Peptipedia","pepbdb","long_sim=0.80","N","0.5","Score=0.5: long_sim=0.80","Peptide Database","peptipedia.cl","peptipedia.cl","http://huanglab.phys.hust.edu.cn/pepbdb","edu.cn","False","6.0","0.18","LOW"
"MycoDB","mycorrdb","edit_dist=2","N","0.5","Score=0.5: edit_dist=2","Mycorrhizal Response Database","","","http://mycorrdb.uohbif.in","uohbif.in","False","2.0","0.0","LOW"
"BIONDA","bind","edit_dist=2","N","0.5","Score=0.5: edit_dist=2","Biomarker Database","http://bionda.mpc.ruhr-uni-bochum.de","ruhr-uni-bochum.de","http://download.baderlab.org/BINDTranslation","baderlab.org","False","2.0","0.12","LOW"
"MDAD","mdb","edit_dist=2","N","0.5","Score=0.5: edit_dist=2","Microbe-Drug Association Database","","","http://csc.columbusstate.edu/carroll/MDB","columbusstate.edu","False","2.0","0.0","LOW"
"Vaxjo","vaxar","edit_dist=2","N","0.5","Score=0.5: edit_dist=2","vaccine adjuvant database","","","http://www.violinet.org/vaxar","violinet.org","False","2.0","0.0","LOW"
"CASTp","cath","edit_dist=2","N","0.5","Score=0.5: edit_dist=2","computed atlas of surface topography of proteins","http://sts.bioe.uic.edu/castp/","uic.edu","http://www.cathdb.info","cathdb.info","False","2.0","0.18","LOW"
"United States Swine Pathogen Database","database","contains","N","0.5","Score=0.5: contains","United States Swine Pathogen Database","https://swinepathogendb.org","swinepathogendb.org","http://www.plantenergy.uwa.edu.au/applications/mpic","edu.au","False","29.0","0.24","LOW"
"HumiR","human genetic variation database","long_sim=0.71","N","0.5","Score=0.5: long_sim=0.71","human microRNA databases","","","http://www.genome.med.kyoto-u.ac.jp/SnpDB","ac.jp","False","27.0","0.0","LOW"
"CCHIC","ccsi","edit_dist=2","N","0.5","Score=0.5: edit_dist=2","Critical Care Health Informatics Collaborative","","","http://songyanglab.sysu.edu.cn/ccsi","edu.cn","False","2.0","0.0","LOW"
"EpiGraphDB","grap","contains","N","0.5","Score=0.5: contains","EpiGraphDB","https://epigraphdb.org/","epigraphdb.org","http://structuralbiology.cau.edu.cn/GraP","edu.cn","False","6.0","0.21","LOW"
"CardioGenBase","card","contains","N","0.5","Score=0.5: contains","Cardiovascular Genomics Database","","","http://card.mcmaster.ca","mcmaster.ca","False","9.0","0.0","LOW"
"lncSLdb","lncedb","edit_dist=2","N","0.5","Score=0.5: edit_dist=2","Long Non-Coding RNA Subcellular Localization Database","","","http://gyanxet-beta.com/lncedb","gyanxet-beta.com","False","2.0","0.0","LOW"
"SPONGEdb","spdb","long_sim=0.74","N","0.5","Score=0.5: long_sim=0.74","Sponge Database","","","http://spdatabase.com:2080","spdatabase.com:2080","False","4.0","0.0","LOW"
"dGCR","dgv","edit_dist=2","N","0.5","Score=0.5: edit_dist=2","Database of Gene Co-Regulation","","","http://gph.niid.go.jp/geograph/dengue/content/genomemap","go.jp","False","2.0","0.0","LOW"
"PI1M","pina","edit_dist=2","N","0.5","Score=0.5: edit_dist=2","Polymer Informatics Database","","","http://cbg.garvan.unsw.edu.au/pina","edu.au","False","2.0","0.0","LOW"
"CUBAP","cuas","edit_dist=2","N","0.5","Score=0.5: edit_dist=2","Codon Usage Bias Analysis Portal","https://cubap.byu.edu","byu.edu","http://cmb.bnu.edu.cn/alt_iso/index.php","edu.cn","False","2.0","0.51","LOW"
"MitImpact","mitobreak","long_sim=0.75","N","0.5","Score=0.5: long_sim=0.75","Mitochondrial Impact Database","http://mitimpact.css-mendel.it","css-mendel.it","http://mitobreak.portugene.com","portugene.com","False","6.0","0.35","LOW"
"PCIR","pcpd","edit_dist=2","N","0.5","Score=0.5: edit_dist=2","Plant Chloroplast Inverted Repeats database","","","http://p450.biodesign.ac.cn","ac.cn","False","2.0","0.0","LOW"
"BioTIME","bioimg","edit_dist=2","N","0.5","Score=0.5: edit_dist=2","biodiversity time series database","","","http://bioimg.org","bioimg.org","False","2.0","0.0","LOW"
"Circbank","circbase","edit_dist=2","N","0.5","Score=0.5: edit_dist=2","comprehensive circRNA database","http://www.circbank.cn","circbank.cn","http://www.circbase.org","circbase.org","False","2.0","0.61","LOW"
"TREND","valtrendsdb","contains","N","0.5","Score=0.5: contains","retinal images database","","","http://ncbr.muni.cz/ValTrendsDB","muni.cz","False","6.0","0.0","LOW"
"PamulDB","pamirdb","edit_dist=2","N","0.5","Score=0.5: edit_dist=2","Pasteurella multocida genomic resource database","","","http://bioinfo.icgeb.res.in/pamirdb","res.in","False","2.0","0.0","LOW"
"HRT Atlas","atlas","contains","N","0.5","Score=0.5: contains","housekeeping and reference transcripts atlas database","http://www.housekeeping.unicamp.br","unicamp.br","http://zlab.umassmed.edu/atlas/web","umassmed.edu","False","4.0","0.24","LOW"
"IRAM","ird","edit_dist=2","N","0.5","Score=0.5: edit_dist=2","virus capsid database","","","http://www.fludb.org","fludb.org","False","2.0","0.0","LOW"
"GenDiS","gendr","edit_dist=2","N","0.5","Score=0.5: edit_dist=2","protein domain superfamilies database","","","http://genomics.senescence.info/diet","senescence.info","False","2.0","0.0","LOW"
"ProMEX","prime","edit_dist=2","N","0.5","Score=0.5: edit_dist=2","mass spectral reference database for plant proteomics","","","http://prime.psc.riken.jp","riken.jp","False","2.0","0.0","LOW"
"CEEDER","cendr","edit_dist=2","N","0.5","Score=0.5: edit_dist=2","evidence reviews database","http://www.environmentalevidence.org/ceeder","environmentalevidence.org","http://www.elegansvariation.org","elegansvariation.org","False","2.0","0.38","LOW"
"CATCHR","cath","edit_dist=2","N","0.5","Score=0.5: edit_dist=2","Catalog of Assets for Translational and Clinical Health Research","","","http://www.cathdb.info","cathdb.info","False","2.0","0.0","LOW"
"MGOS","mgi","edit_dist=2","N","0.5","Score=0.5: edit_dist=2","Magnaporthe oryzae annotation database","","","http://www.informatics.jax.org","jax.org","False","2.0","0.0","LOW"
"EpiGeNet","gametogenesis epigenetic modification database","contains","N","0.5","Score=0.5: contains","genetic and epigenetic events graph database","","","http://gametsepi.nwsuaflmz.com","nwsuaflmz.com","False","38.0","0.0","LOW"
"se-atlas","atlas","contains","N","0.5","Score=0.5: contains","health service information platform for rare diseases","","","http://zlab.umassmed.edu/atlas/web","umassmed.edu","False","3.0","0.0","LOW"
"MIGREW","mirev","edit_dist=2","N","0.5","Score=0.5: edit_dist=2","Wheat Resistance Genes Database","","","http://www.physio.wzw.tum.de/mirev","tum.de","False","2.0","0.0","LOW"
"PeptiCKDdb","kddb","contains","N","0.5","Score=0.5: contains","Chronic Kidney Disease Peptide Database","http://www.peptickddb.com","peptickddb.com","http://www.allelefrequencies.net, http://www.allelefrequencies.net/diseases","allelefrequencies.net, http:","False","6.0","0.1","LOW"
"ZincBind","bind","contains","N","0.5","Score=0.5: contains","Zinc Binding Sites Database","","","http://download.baderlab.org/BINDTranslation","baderlab.org","False","4.0","0.0","LOW"
"ImmuneDB","immunet","edit_dist=2","N","0.5","Score=0.5: edit_dist=2","Adaptive Immune Receptor Database","http://immunedb.comA","immunedb.coma","http://immunet.princeton.edu","princeton.edu","False","2.0","0.41","LOW"
"MedGen","melgene","edit_dist=2","N","0.5","Score=0.5: edit_dist=2","Medical Genetics Portal","","","http://www.melgene.org","melgene.org","False","2.0","0.0","LOW"
"IMGT","ipd-imgt/hla","contains","N","0.5","Score=0.5: contains","ImMunoGeneTics information system","http://www.imgt.org","imgt.org","http://www.ebi.ac.uk/ipd/imgt/hla","ac.uk","False","8.0","0.27","LOW"
"zfRegeneration","regene","contains","N","0.5","Score=0.5: contains","zebrafish Regeneration","http://www.zfregeneration.org","zfregeneration.org","http://REGene.bioinfo-minzhao.org","bioinfo-minzhao.org","False","8.0","0.59","LOW"
"Ewé","ewas","edit_dist=2","N","0.5","Score=0.5: edit_dist=2","Ethnobotanical Database","http://www.ewedb.com","ewedb.com","http://bigd.big.ac.cn/ewas/datahub","ac.cn","False","2.0","0.22","LOW"
"BioFNet","bind","long_sim=0.71","N","0.5","Score=0.5: long_sim=0.71","Biological Functional Network Database","","","http://download.baderlab.org/BINDTranslation","baderlab.org","False","4.0","0.0","LOW"
"cRFP","craft","edit_dist=2","N","0.5","Score=0.5: edit_dist=2","Common Repository of Fetal Bovine Serum Proteins","","","http://bionlp-corpora.sourceforge.net/CRAFT/index.shtml","sourceforge.net","False","2.0","0.0","LOW"
"PICEAdatabase","database","contains","N","0.5","Score=0.5: contains","Picea Omics and Phenotypic Database","","","http://www.plantenergy.uwa.edu.au/applications/mpic","edu.au","False","5.0","0.0","LOW"
"IMID","impc","edit_dist=2","N","0.5","Score=0.5: edit_dist=2","Integrated Molecular Interaction Database","http://www.integrativebiology.org","integrativebiology.org","http://www.mousephenotype.org","mousephenotype.org","False","2.0","0.35","LOW"
"CUPP","cuas","edit_dist=2","N","0.5","Score=0.5: edit_dist=2","Conserved Unique Peptide Patterns Platform","https://cupp.info","cupp.info","http://cmb.bnu.edu.cn/alt_iso/index.php","edu.cn","False","2.0","0.32","LOW"
"DAWN","daa","edit_dist=2","N","0.5","Score=0.5: edit_dist=2","Diversity Among Wheat geNomes","","","http://ageing-map.org","ageing-map.org","False","2.0","0.0","LOW"
"OCHEM","biochem4j","contains","N","0.5","Score=0.5: contains","Online CHEmical Database and Modeling Environment","http://ochem.eu","ochem.eu","http://biochem4j.org","biochem4j.org","False","4.0","0.57","LOW"
"RMgmDB","rmdb","edit_dist=2","N","0.5","Score=0.5: edit_dist=2","Rodent Malaria Genetically Modified Database","http://www.pberghei.eu","pberghei.eu","http://rmdb.stanford.edu","stanford.edu","False","2.0","0.36","LOW"
"CPTAC","cpcat","edit_dist=2","N","0.5","Score=0.5: edit_dist=2","Clinical Proteomic Tumor Analysis Consortium Data Portal","","","http://actor.epa.gov/cpcat","epa.gov","False","2.0","0.0","LOW"
"DEG","deer","edit_dist=2","N","0.5","Score=0.5: edit_dist=2","Database of Essential Genes","http://www.essentialgene.org","essentialgene.org","http://bsb.kiz.ac.cn:90/DEER","ac.cn:90","False","2.0","0.16","LOW"
"Loqusdb","lotus-db","edit_dist=2","N","0.5","Score=0.5: edit_dist=2","Local Observations Quantitative Database","","","http://lotus-db.wbgcas.cn","wbgcas.cn","False","2.0","0.0","LOW"
"multiMiR","murine microbiome database","long_sim=0.73","N","0.5","Score=0.5: long_sim=0.73","Multiple MicroRNA Database","","","http://leb.snu.ac.kr/mmdb","ac.kr","False","21.0","0.0","LOW"
"TomExpress","express","contains","N","0.5","Score=0.5: contains","Tomato Expression Database","","","http://www.iupui.edu/ÃÂÃÂ¢ÃÂÃÂÃÂÃÂÃÂÃÂÃÂÃÂÃÂÃÂÃÂÃÂ¬ÃÂÃÂÃÂÃÂÃÂÃÂ¢ÃÂÃÂÃÂÃÂÃÂÃÂÃÂÃÂÃÂÃÂÃÂÃÂ¬ÃÂÃÂÃÂÃÂÃÂÃÂ¢ÃÂÃÂÃÂÃÂÃÂÃÂÃÂÃÂÃÂÃÂÃÂÃÂ¬ÃÂÃÂÃÂÃÂÃÂÃÂ¢ÃÂÃÂÃÂÃÂÃÂÃÂÃÂÃÂÃÂÃÂÃÂÃÂ¬ÃÂÃÂÃÂÃÂ","iupui.edu","False","3.0","0.0","LOW"
"SymGRASS","symgendb","long_sim=0.72","N","0.5","Score=0.5: long_sim=0.72","Symbiosis Genes in Grasses Database","","","http://symbiogenomesdb.uv.es","uv.es","False","4.0","0.0","LOW"
"NewProt","nextprot","edit_dist=2","N","0.5","Score=0.5: edit_dist=2","New Protein Engineering Portal","http://newprot.cmbi.umcn.nl/","umcn.nl","http://www.nextprot.org","nextprot.org","False","2.0","0.44","LOW"
"PepBind","bind","contains","N","0.5","Score=0.5: contains","Protein-Peptide Binding Database","","","http://download.baderlab.org/BINDTranslation","baderlab.org","False","3.0","0.0","LOW"
"Ligandbook","andb","contains","N","0.5","Score=0.5: contains","Ligand Force Field Repository","https://ligandbook.org","ligandbook.org","http://arecanut.icmr.org.in","org.in","False","6.0","0.35","LOW"
"APEX-Seq Atlas","atlas","contains","N","0.5","Score=0.5: contains","Subcellular RNA Localization Atlas","","","http://zlab.umassmed.edu/atlas/web","umassmed.edu","False","9.0","0.0","LOW"
"3DSwap","3dsnp","edit_dist=2","N","0.5","Score=0.5: edit_dist=2","3D Domain Swapping Knowledgebase","","","http://biotech.bmi.ac.cn/3dsnp","ac.cn","False","2.0","0.0","LOW"
"DiseaseConnect","diseasemeth","long_sim=0.72","N","0.5","Score=0.5: long_sim=0.72","Disease Connection Database","http://disease-connect.org","disease-connect.org","http://bioinfo.hrbmu.edu.cn/diseasemeth","edu.cn","False","6.0","0.35","LOW"
"g2pDB","g6pd","edit_dist=2","N","0.5","Score=0.5: edit_dist=2","Genomic to Protein Database","","","http://202.120.189.88/mutdb","189.88","False","2.0","0.0","LOW"
"FibroAtlas","atlas","contains","N","0.5","Score=0.5: contains","Fibrotic Disease Atlas Database","","","http://zlab.umassmed.edu/atlas/web","umassmed.edu","False","5.0","0.0","LOW"
"iGMDR","igdd","edit_dist=2","N","0.5","Score=0.5: edit_dist=2","Pharmacogenetic Resource","https://igmdr.modellab.cn","modellab.cn","http://bio.njfu.edu.cn/igdd","edu.cn","False","2.0","0.27","LOW"
"CCMRD","ccgd","edit_dist=2","N","0.5","Score=0.5: edit_dist=2","Carbohydrate NMR Database","http://www.ccmrd.org","ccmrd.org","http://ccgd-starrlab.oit.umn.edu","umn.edu","False","2.0","0.29","LOW"
"Brainpeps","rain","contains","N","0.5","Score=0.5: contains","Blood-Brain Barrier Peptide Database","","","http://rth.dk/resources/rain","rth.dk","False","5.0","0.0","LOW"
"PlantMP","plantafp","edit_dist=2","N","0.5","Score=0.5: edit_dist=2","Plant Moonlighting Proteins Database","","","http://bioinformatics.cimap.res.in/sharma/PlantAFP","res.in","False","2.0","0.0","LOW"
"GPCR-PEnDB","endb","contains","N","0.5","Score=0.5: contains","GPCR Protein Sequences Database","","","http://www.licpathway.net/ENdb","licpathway.net","False","6.0","0.0","LOW"
"MedNar","medas","edit_dist=2","N","0.5","Score=0.5: edit_dist=2","Medical Deep Web Database","","","http://das.chenlulab.com","chenlulab.com","False","2.0","0.0","LOW"
"MAPKDB","m6add","long_sim=0.75","N","0.5","Score=0.5: long_sim=0.75","MAP Kinase Database","","","http://m6add.edbc.org","edbc.org","False","4.0","0.0","LOW"
"mTFkb","mtb","edit_dist=2","N","0.5","Score=0.5: edit_dist=2","Mouse Transcription Factors Knowledgebase","","","http://tumor.informatics.jax.org","jax.org","False","2.0","0.0","LOW"
"RTFBSDB","rtfadb","edit_dist=2","N","0.5","Score=0.5: edit_dist=2","Transcription Factor Binding Site Database","","","http://tools.ibg.deu.edu.tr/rtfa","edu.tr","False","2.0","0.0","LOW"
"SpermBase","rmbase","contains","N","0.5","Score=0.5: contains","Sperm-Borne RNA Database","http://www.spermbase.org","spermbase.org","http://rna.sysu.edu.cn/rmbase","edu.cn","False","3.0","0.46","LOW"
"CoagVDb","coevdb","edit_dist=2","N","0.5","Score=0.5: edit_dist=2","Coagulation Factors Database","","","http://phylodb.unil.ch/CoevDB","unil.ch","False","2.0","0.0","LOW"
"MGeND","mgdd","edit_dist=2","N","0.5","Score=0.5: edit_dist=2","Japanese Clinical Genomic Database","","","http://mgdd.pasteur.ma","pasteur.ma","False","2.0","0.0","LOW"
"G4RNA","g4ldb","long_sim=0.78","N","0.5","Score=0.5: long_sim=0.78","RNA G-Quadruplex Database","","","http://www.g4ldb.org","g4ldb.org","False","3.0","0.0","LOW"
"DigitalHub","digit","contains","N","0.5","Score=0.5: contains","Digital Repository","","","http://biocomputing.it/digit","biocomputing.it","False","5.0","0.0","LOW"
"sdAb-DB","sdadb","edit_dist=2","N","0.5","Score=0.5: edit_dist=2","Single Domain Antibody Database","http://www.sdab-db.ca","sdab-db.ca","http://sda.denglab.org","denglab.org","False","2.0","0.48","LOW"
"PlantFAdb","plantordb","edit_dist=2","N","0.5","Score=0.5: edit_dist=2","Plant Fatty Acid Database","","","http://bioinfolab.miamioh.edu/plantordb","miamioh.edu","False","2.0","0.0","LOW"
"BioMe","biomenet","contains","N","0.5","Score=0.5: contains","Biological Metals Resource","http://metals.zesoi.fer.hr","fer.hr","http://kobic.re.kr/biomenet","re.kr","False","3.0","0.15","LOW"
"WGDB","wgvd","edit_dist=2","N","0.5","Score=0.5: edit_dist=2","Wood Gene Database","http://www.wgdb.in","wgdb.in","http://animal.nwsuaf.edu.cn/code/index.php/Wheat","edu.cn","False","2.0","0.21","LOW"
"TBase","insectbase","contains","N","0.5","Score=0.5: contains","Kidney Transplant Research Database","","","http://www.insect-genome.com","insect-genome.com","False","5.0","0.0","LOW"
"BrainGraph","grap","contains","N","0.5","Score=0.5: contains","Brain Graph","http://braingraph.org","braingraph.org","http://structuralbiology.cau.edu.cn/GraP","edu.cn","False","6.0","0.34","LOW"
"dbCRY","dbcat","edit_dist=2","N","0.5","Score=0.5: edit_dist=2","Cryptochrome Database","http://www.dbcryptochrome.org/","dbcryptochrome.org","http://dbcat.cgm.ntu.edu.tw","edu.tw","False","2.0","0.42","LOW"
"BASS","bard","edit_dist=2","N","0.5","Score=0.5: edit_dist=2","Bicolor Affective Silhouettes and Shapes","https://osf.io/anej6/","osf.io","http://bard.nih.gov","nih.gov","False","2.0","0.08","LOW"
"DIRECT","biosurveillance analytics resource directory","contains","N","0.5","Score=0.5: contains","DNA-Mutation Inventory to Refine and Enhance Cancer Treatment","http://www.mycancergenome.org/about/direct","mycancergenome.org","http://brd.bsvgateway.org/brd","bsvgateway.org","False","38.0","0.3","LOW"
"YPED","phytotypedb","contains","N","0.5","Score=0.5: contains","Yeast Proteomics Expression Database","","","http://phytotypedb.bio.unipd.it","unipd.it","False","7.0","0.0","LOW"
"RiceRelativesGD","rice","contains","N","0.5","Score=0.5: contains","Rice Relatives Genomic Database","","","http://ricedb.plantenergy.uwa.edu.au","edu.au","False","11.0","0.0","LOW"
"HICORDIS","rdis","contains","N","0.5","Score=0.5: contains","Hawaii Coral Disease Database","","","http://rabies.mscwbif.org/home.html","mscwbif.org","False","4.0","0.0","LOW"
"DMAK","dmd","edit_dist=2","N","0.5","Score=0.5: edit_dist=2","DNA Methylation Annotation Knowledgebase","","","http://sbbi.unl.edu/dmd","unl.edu","False","2.0","0.0","LOW"
"A2ID","a2mdb","edit_dist=2","N","0.5","Score=0.5: edit_dist=2","Aromatic-Aromatic Interactions Database","http://203.199.182.73/gnsmmg/databases/aidb/aidb.html","182.73","http://www.iictindia.org/A2MDB","iictindia.org","False","2.0","0.18","LOW"
"CDEK","cdp","edit_dist=2","N","0.5","Score=0.5: edit_dist=2","Clinical Drug Experience Knowledgebase","","","http://celldeathproteomics.uio.no","uio.no","False","2.0","0.0","LOW"
"DAIRYdb","database","long_sim=0.73","N","0.5","Score=0.5: long_sim=0.73","Dairy Database","","","http://www.plantenergy.uwa.edu.au/applications/mpic","edu.au","False","6.0","0.0","LOW"
"ZEBrA","zebrafish genomewiki","contains","N","0.5","Score=0.5: contains","Zebra finch Expression Brain Atlas","http://www.zebrafinchatlas.org","zebrafinchatlas.org","http://genome.igib.res.in/twiki","res.in","False","15.0","0.28","LOW"
"RefSoil+","refex","long_sim=0.75","N","0.5","Score=0.5: long_sim=0.75","Reference Soil database","","","http://refex.dbcls.jp","dbcls.jp","False","5.0","0.0","LOW"
"SASBDB","sabdab","edit_dist=2","N","0.5","Score=0.5: edit_dist=2","Small Angle Scattering Biological Data Bank","http://www.sasbdb.org","sasbdb.org","http://opig.stats.ox.ac.uk/webapps/sabdab","ac.uk","False","2.0","0.23","LOW"
"ResMarkerDB","markerdb","contains","N","0.5","Score=0.5: contains","Response Marker Database","","","http://markerdb.ca","markerdb.ca","False","3.0","0.0","LOW"
"GABC","gaad","edit_dist=2","N","0.5","Score=0.5: edit_dist=2","Genome Atlas for Breast Cancer","","","http://gaad.medgenius.info","medgenius.info","False","2.0","0.0","LOW"
"NDEx","irefindex","contains","N","0.5","Score=0.5: contains","Network Data Exchange","","","http://www.ncbi.nlm.nih.gov/CBBresearch/Yu/downloads/ppiTrim.html","nih.gov","False","5.0","0.0","LOW"
"BioCyc","bionic","edit_dist=2","N","0.5","Score=0.5: edit_dist=2","Biocyc Database Collection","","","http://onto-apps.stanford.edu/bionic","stanford.edu","False","2.0","0.0","LOW"
"MiGA","mist","edit_dist=2","N","0.5","Score=0.5: edit_dist=2","Microbial Genomes Atlas","http://microbial-genomes.org/","microbial-genomes.org","http://mistdb.com","mistdb.com","False","2.0","0.32","LOW"
"ExpressHeart","express","contains","N","0.5","Score=0.5: contains","Heart Expression Portal","","","http://www.iupui.edu/ÃÂÃÂ¢ÃÂÃÂÃÂÃÂÃÂÃÂÃÂÃÂÃÂÃÂÃÂÃÂ¬ÃÂÃÂÃÂÃÂÃÂÃÂ¢ÃÂÃÂÃÂÃÂÃÂÃÂÃÂÃÂÃÂÃÂÃÂÃÂ¬ÃÂÃÂÃÂÃÂÃÂÃÂ¢ÃÂÃÂÃÂÃÂÃÂÃÂÃÂÃÂÃÂÃÂÃÂÃÂ¬ÃÂÃÂÃÂÃÂÃÂÃÂ¢ÃÂÃÂÃÂÃÂÃÂÃÂÃÂÃÂÃÂÃÂÃÂÃÂ¬ÃÂÃÂÃÂÃÂ","iupui.edu","False","5.0","0.0","LOW"
"ChemProps","chemprot","edit_dist=2","N","0.5","Score=0.5: edit_dist=2","Chemical Properties Database","","","http://potentia.cbs.dtu.dk/ChemProt","dtu.dk","False","2.0","0.0","LOW"
"SMID","smpdb","edit_dist=2","N","0.5","Score=0.5: edit_dist=2","Socio-Moral Image Database","https://osf.io/2rqad/","osf.io","http://www.smpdb.ca","smpdb.ca","False","2.0","0.3","LOW"
"ASGARD","asrd","edit_dist=2","N","0.5","Score=0.5: edit_dist=2","Annotated Transcriptomes Database","","","http://ipf.sustech.edu.cn/pub/asrd","edu.cn","False","2.0","0.0","LOW"
"piRDisease","rdis","contains","N","0.5","Score=0.5: contains","piRNA Disease Database","","","http://rabies.mscwbif.org/home.html","mscwbif.org","False","6.0","0.0","LOW"
"dbWFA","dbwgfp","edit_dist=2","N","0.5","Score=0.5: edit_dist=2","Wheat Functional Annotation Database","","","http://bioinfo.au.tsinghua.edu.cn/dbwgfp","edu.cn","False","2.0","0.0","LOW"
"miRBase Tracker","irbas","contains","N","0.5","Score=0.5: contains","microRNA Base Tracker","http://www.mirbasetracker.org","mirbasetracker.org","http://irbas.cesab.org","cesab.org","False","10.0","0.67","LOW"
"RVDB","rvs","edit_dist=2","N","0.5","Score=0.5: edit_dist=2","Reference Viral Database","","","http://rvs.u.hpc.mssm.edu","mssm.edu","False","2.0","0.0","LOW"
"SysteMHC Atlas","atlas","contains","N","0.5","Score=0.5: contains","Systems MHC Atlas","","","http://zlab.umassmed.edu/atlas/web","umassmed.edu","False","9.0","0.0","LOW"
"VHRD","vhldb","edit_dist=2","N","0.5","Score=0.5: edit_dist=2","Viral Host Range Database","https://viralhostrangedb.pasteur.cloud","pasteur.cloud","http://vhldb.bio.unipd.it","unipd.it","False","2.0","0.29","LOW"
"MAAFS","maps","edit_dist=2","N","0.5","Score=0.5: edit_dist=2","Moral and Affective Film Set","","","http://www.mapsdatabase.com","mapsdatabase.com","False","2.0","0.0","LOW"
"DENVirDB","denvind","edit_dist=2","N","0.5","Score=0.5: edit_dist=2","Dengue Virus Database","","","http://webs.iiitd.edu.in/raghava/denvind","edu.in","False","2.0","0.0","LOW"
"PATRN","patric","edit_dist=2","N","0.5","Score=0.5: edit_dist=2","Pathogen-Annotated Tracking Resource Network","http://www.patrn.net","patrn.net","http://www.patricbrc.org","patricbrc.org","False","2.0","0.45","LOW"
"Spfy","spwp","edit_dist=2","N","0.5","Score=0.5: edit_dist=2","Specify database","","","http://www.seed-proteome.com","seed-proteome.com","False","2.0","0.0","LOW"
"ForC","foam","edit_dist=2","N","0.5","Score=0.5: edit_dist=2","Forest Carbon database","","","http://portal.nersc.gov/project/m1317/FOAM","nersc.gov","False","2.0","0.0","LOW"
"DiseaseComps","diseasemeth","long_sim=0.71","N","0.5","Score=0.5: long_sim=0.71","Disease Comparisons database","http://ctd.mdibl.org/","mdibl.org","http://bioinfo.hrbmu.edu.cn/diseasemeth","edu.cn","False","5.0","0.13","LOW"
"GTDB","gtrd","edit_dist=2","N","0.5","Score=0.5: edit_dist=2","GlycosylTransferase DataBase","","","http://gtrd.biouml.org","biouml.org","False","2.0","0.0","LOW"
"COMBREX-DB","combrex","contains","N","0.5","Score=0.5: contains","COMBREX Database","","","http://www.oxfordjournals.org/nar/database/a/, http://nar.oxfordjournals.org","oxfordjournals.org","False","3.0","0.0","LOW"
"MPIC","mppi","edit_dist=2","N","0.5","Score=0.5: edit_dist=2","Molecular Prognostic Indicators in Cirrhosis","http://www.mpic-app.org","mpic-app.org","http://bis.zju.edu.cn/mppi","edu.cn","False","2.0","0.19","LOW"
"ATAV","atmad","edit_dist=2","N","0.5","Score=0.5: edit_dist=2","ATAV","http://atavdb.org/","atavdb.org","http://www.megabionet.org/atmad","megabionet.org","False","2.0","0.4","LOW"
"Lnc2Catlas","atlas","contains","N","0.5","Score=0.5: contains","lncRNA to Cancer atlas","http://lnc2catlas.bioinfotech.org/","bioinfotech.org","http://zlab.umassmed.edu/atlas/web","umassmed.edu","False","5.0","0.26","LOW"
"Equine PeptideAtlas","atlas","contains","N","0.5","Score=0.5: contains","Equine Peptide Atlas","","","http://zlab.umassmed.edu/atlas/web","umassmed.edu","False","14.0","0.0","LOW"
"OncoPaD","oncoppi","edit_dist=2","N","0.5","Score=0.5: edit_dist=2","Oncology Panel Designer","http://www.intogen.org/oncopad","intogen.org","http://oncoppi.emory.edu","emory.edu","False","2.0","0.33","LOW"
"ISOexpresso","express","contains","N","0.5","Score=0.5: contains","ISOform expression database","http://wiki.tgilab.org/ISOexpresso/","tgilab.org","http://www.iupui.edu/ÃÂÃÂ¢ÃÂÃÂÃÂÃÂÃÂÃÂÃÂÃÂÃÂÃÂÃÂÃÂ¬ÃÂÃÂÃÂÃÂÃÂÃÂ¢ÃÂÃÂÃÂÃÂÃÂÃÂÃÂÃÂÃÂÃÂÃÂÃÂ¬ÃÂÃÂÃÂÃÂÃÂÃÂ¢ÃÂÃÂÃÂÃÂÃÂÃÂÃÂÃÂÃÂÃÂÃÂÃÂ¬ÃÂÃÂÃÂÃÂÃÂÃÂ¢ÃÂÃÂÃÂÃÂÃÂÃÂÃÂÃÂÃÂÃÂÃÂÃÂ¬ÃÂÃÂÃÂÃÂ","iupui.edu","False","4.0","0.02","LOW"
"RR3DD","rrdb","edit_dist=2","N","0.5","Score=0.5: edit_dist=2","RNA 3D structural classification Database","","","http://huanglab.phys.hust.edu.cn/RRDbenchmark","edu.cn","False","2.0","0.0","LOW"
"WoRMS","wom","edit_dist=2","N","0.5","Score=0.5: edit_dist=2","World Register of Marine Species","","","http://webofmicrobes.org","webofmicrobes.org","False","2.0","0.0","LOW"
"OASIS","oas","edit_dist=2","N","0.5","Score=0.5: edit_dist=2","Open Affective Standardized Image Set","https://db.tt/yYTZYCga","db.tt","http://opig.stats.ox.ac.uk/webapps/oas","ac.uk","False","2.0","0.13","LOW"
"RhesusBase PopGateway","pgat","contains","N","0.5","Score=0.5: contains","Rhesus Base Population Gateway","","","http://nwrce.org/pgat","nwrce.org","False","17.0","0.0","LOW"
"BioNØT","bionic","edit_dist=2","N","0.5","Score=0.5: edit_dist=2","Biomedical Negated sentences database","http://bionot.askhermes.org/","askhermes.org","http://onto-apps.stanford.edu/bionic","stanford.edu","False","2.0","0.16","LOW"
"GWAS-MAP","gwas","contains","N","0.5","Score=0.5: contains","Genome-Wide Association Studies Meta-Analysis Platform","","","http://www.ebi.ac.uk/gwas","ac.uk","False","4.0","0.0","LOW"
"Crohn's eQTL","eqtl","contains","N","0.5","Score=0.5: contains","Crohn's disease expression QTL database","http://asan.crohneqtl.com/","crohneqtl.com","http://www.ebi.ac.uk/eqtl","ac.uk","False","8.0","0.38","LOW"
"ExcellmiRDB","mirdb","contains","N","0.5","Score=0.5: contains","Extracellular miRNA Database","http://www.excellmirdb.brfjaisalmer.com/","brfjaisalmer.com","http://mirdb.org","mirdb.org","False","6.0","0.38","LOW"
"BrainKnowledge","rain","contains","N","0.5","Score=0.5: contains","Brain Knowledge base","","","http://rth.dk/resources/rain","rth.dk","False","10.0","0.0","LOW"
"MDMPR","mdp","edit_dist=2","N","0.5","Score=0.5: edit_dist=2","Mouse Developmental and Metabolic Phenotype Repository","","","http://mdp.unimore.it","unimore.it","False","2.0","0.0","LOW"
"snoDB","snopy","edit_dist=2","N","0.5","Score=0.5: edit_dist=2","snoRNA Database","","","http://snoopy.med.miyazaki-u.ac.jp","ac.jp","False","2.0","0.0","LOW"
"MaizeSNPDB","m6add","long_sim=0.72","N","0.5","Score=0.5: long_sim=0.72","Maize SNP Database","http://150.109.59.144:3838/MaizeSNPDB/","59.144:3838","http://m6add.edbc.org","edbc.org","False","8.0","0.18","LOW"
"RegenBase","regene","long_sim=0.79","N","0.5","Score=0.5: long_sim=0.79","Regeneration Base","http://regenbase.org","regenbase.org","http://REGene.bioinfo-minzhao.org","bioinfo-minzhao.org","False","3.0","0.56","LOW"
"PlantAPAdb","apadb","contains","N","0.5","Score=0.5: contains","Plant Alternative Polyadenylation Database","","","http://tools.genxpro.net/apadb","genxpro.net","False","5.0","0.0","LOW"
"HColonDB","hcmdb","long_sim=0.71","N","0.5","Score=0.5: long_sim=0.71","Human Colon Cancer Database","","","http://hcmdb.i-sanger.com/index","i-sanger.com","False","4.0","0.0","LOW"
"RadishGD","rasond","long_sim=0.79","N","0.5","Score=0.5: long_sim=0.79","Radish Genome Database","","","http://202.141.47.181/rasond/, http://www.aiims.edu/RAS.html","47.181","False","4.0","0.0","LOW"
"oTAED","otd","edit_dist=2","N","0.5","Score=0.5: edit_dist=2","Omega-Transaminase Engineering Database","","","http://www.eumicrobedb.org/transcripts","eumicrobedb.org","False","2.0","0.0","LOW"
"RegenDbase","endb","contains","N","0.5","Score=0.5: contains","Regeneration Database","","","http://www.licpathway.net/ENdb","licpathway.net","False","6.0","0.0","LOW"
"efam","efg","edit_dist=2","N","0.5","Score=0.5: edit_dist=2","Expanded Metaproteome-Supported HMM Profile Database","","","http://csb.shu.edu.cn/efg","edu.cn","False","2.0","0.0","LOW"
"SmartGraph","smart","contains","N","0.5","Score=0.5: contains","SmartGraph","https://smartgraph.ncats.io/","ncats.io","http://smart.omicstudio.cloud","omicstudio.cloud","False","5.0","0.49","LOW"
"CGAP","cgmd","edit_dist=2","N","0.5","Score=0.5: edit_dist=2","Chloroplast Genome Analysis Platform","http://www.herbbol.org:8000/chloroplast","herbbol.org:8000","http://cgmd.in","cgmd.in","False","2.0","0.06","LOW"
"ExpressionDB","express","contains","N","0.5","Score=0.5: contains","ExpressionDB","","","http://www.iupui.edu/ÃÂÃÂ¢ÃÂÃÂÃÂÃÂÃÂÃÂÃÂÃÂÃÂÃÂÃÂÃÂ¬ÃÂÃÂÃÂÃÂÃÂÃÂ¢ÃÂÃÂÃÂÃÂÃÂÃÂÃÂÃÂÃÂÃÂÃÂÃÂ¬ÃÂÃÂÃÂÃÂÃÂÃÂ¢ÃÂÃÂÃÂÃÂÃÂÃÂÃÂÃÂÃÂÃÂÃÂÃÂ¬ÃÂÃÂÃÂÃÂÃÂÃÂ¢ÃÂÃÂÃÂÃÂÃÂÃÂÃÂÃÂÃÂÃÂÃÂÃÂ¬ÃÂÃÂÃÂÃÂ","iupui.edu","False","5.0","0.0","LOW"
"GigaTON","giga","contains","N","0.5","Score=0.5: contains","GigaTON","","","http://giga.nova.edu","nova.edu","False","3.0","0.0","LOW"
"SAMT","sagd","edit_dist=2","N","0.5","Score=0.5: edit_dist=2","South Australian Macrobenthic Traits Database","","","http://bioinfo.life.hust.edu.cn/SAGD","edu.cn","False","2.0","0.0","LOW"
"COSMOS","cosmic","edit_dist=2","N","0.5","Score=0.5: edit_dist=2","COSMOS","","","http://cancer.sanger.ac.uk","ac.uk","False","2.0","0.0","LOW"
"IRNdb","ird","edit_dist=2","N","0.5","Score=0.5: edit_dist=2","Immunologically Relevant Non-coding RNA Database","http://irndb.org","irndb.org","http://www.fludb.org","fludb.org","False","2.0","0.67","LOW"
"RAINBIO","rain","contains","N","0.5","Score=0.5: contains","RAINBIO","","","http://rth.dk/resources/rain","rth.dk","False","3.0","0.0","LOW"
"NeoPeptide","ptid","contains","N","0.5","Score=0.5: contains","NeoPeptide Database","","","http://lilab.ecust.edu.cn/ptid","edu.cn","False","6.0","0.0","LOW"
"dbTMM","dbtss","edit_dist=2","N","0.5","Score=0.5: edit_dist=2","Tohoku Medical Megabank Database","","","http://dbtss.hgc.jp","hgc.jp","False","2.0","0.0","LOW"
"PPIExp","ppim","long_sim=0.74","N","0.5","Score=0.5: long_sim=0.74","Protein-Protein Interaction Expression","http://www.fgvis.com/expressvis/PPIExp","fgvis.com","http://comp-sysbio.org/ppim","comp-sysbio.org","False","3.0","0.38","LOW"
"FuncPEP","funcoup","edit_dist=2","N","0.5","Score=0.5: edit_dist=2","Functional Peptide Database","","","http://funcoup.sbc.su.se","su.se","False","2.0","0.0","LOW"
"DIPOS","dibs","edit_dist=2","N","0.5","Score=0.5: edit_dist=2","Database of Interacting Proteins in Oryza Sativa","","","http://dibs.enzim.ttk.mta.hu","mta.hu","False","2.0","0.0","LOW"
"PlantPReS","plantpis","edit_dist=2","N","0.5","Score=0.5: edit_dist=2","Plant Proteome Response to Stress Database","http://www.proteome.ir","proteome.ir","http://www.plantpis.ba.itb.cnr.it","cnr.it","False","2.0","0.3","LOW"
"PeMtb","pe-db","edit_dist=2","N","0.5","Score=0.5: edit_dist=2","Peptide Mycobacterium Tuberculosis Database","http://www.pemtb-amu.org","pemtb-amu.org","http://pedb.vib.be","vib.be","False","2.0","0.33","LOW"
"flyDIVaS","divas","contains","N","0.5","Score=0.5: contains","Fly Divergence and Selection Analysis","http://www.flydivas.info","flydivas.info","http://rvs.u.hpc.mssm.edu/divas","mssm.edu","False","3.0","0.27","LOW"
"MitiGate","mirgate","edit_dist=2","N","0.5","Score=0.5: edit_dist=2","Mitigation Gateway Database","","","http://mirgate.bioinfo.cnio.es, http://mirgate.bioinfo.cnio.es/API","cnio.es, http:","False","2.0","0.0","LOW"
"YeasTSS","yeastip","edit_dist=2","N","0.5","Score=0.5: edit_dist=2","Yeast Transcription Start Site Database","http://www.yeastss.org","yeastss.org","http://genome.jouy.inra.fr/yeastip","inra.fr","False","2.0","0.26","LOW"
"ePGA","epd","edit_dist=2","N","0.5","Score=0.5: edit_dist=2","Electronic Pharmacogenomics Assistant","http://www.epga.gr/","epga.gr","http://epd.epfl.ch","epfl.ch","False","2.0","0.33","LOW"
"tcTKB","tcdb","edit_dist=2","N","0.5","Score=0.5: edit_dist=2","Targeted Cancer Toxicity Knowledge Base","","","http://www.tcdb.org","tcdb.org","False","2.0","0.0","LOW"
"ChIP-Atlas","atlas","contains","N","0.5","Score=0.5: contains","ChIP-Atlas","http://chip-atlas.org","chip-atlas.org","http://zlab.umassmed.edu/atlas/web","umassmed.edu","False","5.0","0.24","LOW"
"SLTChemDB","emdb","contains","N","0.5","Score=0.5: contains","Smokeless Tobacco Chemical Database","","","http://emdb-empiar.org, http://emdb-empiar.org/emstats","emdb-empiar.org, http:","False","5.0","0.0","LOW"
"NeuroPAL","neuropep","edit_dist=2","N","0.5","Score=0.5: edit_dist=2","Neuronal Polychromatic Atlas of Landmarks","","","http://isyslab.info/NeuroPep","isyslab.info","False","2.0","0.0","LOW"
"BioR","bind","edit_dist=2","N","0.5","Score=0.5: edit_dist=2","Biological Reference Repository","http://bioinformaticstools.mayo.edu","mayo.edu","http://download.baderlab.org/BINDTranslation","baderlab.org","False","2.0","0.25","LOW"
"IPCT","ipgb","edit_dist=2","N","0.5","Score=0.5: edit_dist=2","Integrated Pharmacogenomic Platform of Cancer Tissues","http://ipct.ewostech.net","ewostech.net","http://www.igb.cnr.it/ipgb","cnr.it","False","2.0","0.12","LOW"
"FoldAtlas","atlas","contains","N","0.5","Score=0.5: contains","RNA Structure Probing Atlas","http://www.foldatlas.com","foldatlas.com","http://zlab.umassmed.edu/atlas/web","umassmed.edu","False","4.0","0.35","LOW"
"MitoAge","mitobreak","long_sim=0.81","N","0.5","Score=0.5: long_sim=0.81","Mitochondrial DNA Longevity Database","http://www.mitoage.org","mitoage.org","http://mitobreak.portugene.com","portugene.com","False","4.0","0.53","LOW"
"cpnDB","cpd","edit_dist=2","N","0.5","Score=0.5: edit_dist=2","Chaperonin Database","http://www.cpndb.ca","cpndb.ca","http://www.ebi.ac.uk/fg/sym","ac.uk","False","2.0","0.17","LOW"
"ToxicoDB","toxindb","edit_dist=2","N","0.5","Score=0.5: edit_dist=2","Toxicogenomics Database","","","http://www.rxnfinder.org/toxindb","rxnfinder.org","False","2.0","0.0","LOW"
"ODFM","odcs","edit_dist=2","N","0.5","Score=0.5: edit_dist=2","Omics Data from Fermented Foods Microorganisms","","","http://csbg.cnb.csic.es/odcs","csic.es","False","2.0","0.0","LOW"
"PhenCards","card","contains","N","0.5","Score=0.5: contains","Phenotype Cards","https://phencards.org","phencards.org","http://card.mcmaster.ca","mcmaster.ca","False","5.0","0.41","LOW"
"HRRD","hrgrn","edit_dist=2","N","0.5","Score=0.5: edit_dist=2","HPV-RNA Regulatory Database","http://www.hmuhrrd.com/HRRD","hmuhrrd.com","http://plantgrn.noble.org/hrgrn","noble.org","False","2.0","0.3","LOW"
"NDDN","ndb","edit_dist=2","N","0.5","Score=0.5: edit_dist=2","Neuroinformation Database for Developing Networks","","","http://ndb.rice.edu","rice.edu","False","2.0","0.0","LOW"
"ACToR","acsr","edit_dist=2","N","0.5","Score=0.5: edit_dist=2","Aggregated Computational Toxicology Resource","","","http://acsr.ucsf.edu","ucsf.edu","False","2.0","0.0","LOW"
"RiceAtlas","atlas","contains","N","0.5","Score=0.5: contains","Global Rice Calendar and Production Database","","","http://zlab.umassmed.edu/atlas/web","umassmed.edu","False","4.0","0.0","LOW"
"STEPdb","stagdb","edit_dist=2","N","0.5","Score=0.5: edit_dist=2","Subcellular Topologies of E. coli Polypeptides Database","","","http://coralsnp.science.psu.edu/galaxy","psu.edu","False","2.0","0.0","LOW"
"COMODI","commode","edit_dist=2","N","0.5","Score=0.5: edit_dist=2","Computational Model Differences Ontology","http://comodi.sems.uni-rostock.de/","uni-rostock.de","http://commode.i-med.ac.at","ac.at","False","2.0","0.4","LOW"
"CLC2","cld","edit_dist=2","N","0.5","Score=0.5: edit_dist=2","Cancer LncRNA Census","","","http://www.chineselexicaldatabase.com","chineselexicaldatabase.com","False","2.0","0.0","LOW"
"FairBase","irbas","contains","N","0.5","Score=0.5: contains","Fungal A-to-I RNA Editing Database","","","http://irbas.cesab.org","cesab.org","False","3.0","0.0","LOW"
"iPSCORE","core","contains","N","0.5","Score=0.5: contains","Induced Pluripotent Stem Cell Resource","","","http://microbiome.osu.edu","osu.edu","False","3.0","0.0","LOW"
"CardioNet","card","contains","N","0.5","Score=0.5: contains","Cardiovascular Disease Database","","","http://card.mcmaster.ca","mcmaster.ca","False","5.0","0.0","LOW"
"Vegetable Phytochemicals Database","database","contains","N","0.5","Score=0.5: contains","Database for Vegetable Phytochemicals","http://www/vptd.in","","http://www.plantenergy.uwa.edu.au/applications/mpic","edu.au","False","25.0","0.24","LOW"
"HGVA","hgpd","edit_dist=2","N","0.5","Score=0.5: edit_dist=2","Human Genome Variation Archive","","","http://www.HGPD.jp","hgpd.jp","False","2.0","0.0","LOW"
"GeneCaRNA","genecards","edit_dist=2","N","0.5","Score=0.5: edit_dist=2","Gene-centric RNA Database","","","http://www.genecards.org","genecards.org","False","2.0","0.0","LOW"
"BrainLiner","rain","contains","N","0.5","Score=0.5: contains","Brain-Behavior Data Platform","","","http://rth.dk/resources/rain","rth.dk","False","6.0","0.0","LOW"
"ANSH","andb","edit_dist=2","N","0.5","Score=0.5: edit_dist=2","Alzheimer Neuroimaging Spectroscopic Hub","","","http://arecanut.icmr.org.in","org.in","False","2.0","0.0","LOW"
"EDGAR","edr","edit_dist=2","N","0.5","Score=0.5: edit_dist=2","Efficient Database framework for comparative Genome Analyses using BLAST score Ratios","http://edgar3.computational.bio","computational.bio","http://edr.research.bcm.edu","bcm.edu","False","2.0","0.32","LOW"
"virusMED","virusms","edit_dist=2","N","0.5","Score=0.5: edit_dist=2","Viral Protein Hotspots Atlas","https://virusmed.biocloud.top","biocloud.top","http://virusms.erc.monash.edu","monash.edu","False","2.0","0.42","LOW"
"Cpf1-Database","database","contains","N","0.5","Score=0.5: contains","CRISPR-Cpf1 Guide RNA Database","http://www.rgenome.net/cpf1-database/","rgenome.net","http://www.plantenergy.uwa.edu.au/applications/mpic","edu.au","False","5.0","0.28","LOW"
"BioAtlas","atlas","contains","N","0.5","Score=0.5: contains","Biological Atlas","http://bioatlas.compbio.sdu.dk/","sdu.dk","http://zlab.umassmed.edu/atlas/web","umassmed.edu","False","3.0","0.28","LOW"
"IrGO","ird","edit_dist=2","N","0.5","Score=0.5: edit_dist=2","Iranian Traditional Medicine General Ontology","http://ir-go.net/","ir-go.net","http://www.fludb.org","fludb.org","False","2.0","0.22","LOW"
"Peptaibiotics Database","pepbdb","long_sim=0.74","N","0.5","Score=0.5: long_sim=0.74","Peptaibiotics Database","","","http://huanglab.phys.hust.edu.cn/pepbdb","edu.cn","False","16.0","0.0","LOW"
"Rice SNP-seek","rice","contains","N","0.5","Score=0.5: contains","Rice SNP-seek Database","http://snp-seek.irri.org","irri.org","http://ricedb.plantenergy.uwa.edu.au","edu.au","False","9.0","0.22","LOW"
"Ocean Gene Atlas","atlas","contains","N","0.5","Score=0.5: contains","Ocean Gene Atlas","http://tara-oceans.mio.osupytheas.fr/ocean-gene-atlas/","osupytheas.fr","http://zlab.umassmed.edu/atlas/web","umassmed.edu","False","11.0","0.33","LOW"
"Gutenberg Gait Database","database","contains","N","0.5","Score=0.5: contains","Gutenberg Gait Database","","","http://www.plantenergy.uwa.edu.au/applications/mpic","edu.au","False","15.0","0.0","LOW"
"Morphinome Database","morusdb","long_sim=0.80","N","0.5","Score=0.5: long_sim=0.80","Morphinome Database","","","http://morus.swu.edu.cn/morusdb","edu.cn","False","14.0","0.0","LOW"
"Coral Trait Database","database","contains","N","0.5","Score=0.5: contains","Coral Trait Database","","","http://www.plantenergy.uwa.edu.au/applications/mpic","edu.au","False","12.0","0.0","LOW"
"DMD/BMD Database","database","contains","N","0.5","Score=0.5: contains","Duchenne and Becker Muscular Dystrophy Patient Database","http://www.remudy.jp/","remudy.jp","http://www.plantenergy.uwa.edu.au/applications/mpic","edu.au","False","8.0","0.16","LOW"
"FunResDB","fungal pcwde database","long_sim=0.77","N","0.5","Score=0.5: long_sim=0.77","Fungal Resistance Database","http://www.nrz-myk.de/funresdb","nrz-myk.de","http://pcwde.riceblast.snu.ac.kr/, http://cfgp.snu.ac.kr","ac.kr","False","15.0","0.18","LOW"
"FishTEDB","fishdb","edit_dist=2","N","0.5","Score=0.5: edit_dist=2","Fish Transposable Elements Database","http://www.fishtedb.org/","fishtedb.org","http://fishdb.ihb.ac.cn","ac.cn","False","2.0","0.5","LOW"
"CFDB","cfgp","edit_dist=2","N","0.5","Score=0.5: edit_dist=2","Cystic Fibrosis Database","http://www.inetflow.it/CFDB","inetflow.it","http://cfgp.snu.ac.kr","ac.kr","False","2.0","0.13","LOW"
"EDEn","eddb","edit_dist=2","N","0.5","Score=0.5: edit_dist=2","Electroceutical Design Environment Database","","","http://eddb.cbi.pku.edu.cn","edu.cn","False","2.0","0.0","LOW"
"Pheno4J","phenom","edit_dist=2","N","0.5","Score=0.5: edit_dist=2","Gene to Phenotype Graph Database","","","http://phenom.ccbr.utoronto.ca","utoronto.ca","False","2.0","0.0","LOW"
"RefPrimeCouch","refex","long_sim=0.72","N","0.5","Score=0.5: long_sim=0.72","Reference Gene Primer Database","http://hpclife.th-wildau.de:5984/rpc/_design/rpc/view.html","th-wildau.de:5984","http://refex.dbcls.jp","dbcls.jp","False","9.0","0.12","LOW"
"ENSAT","ena","edit_dist=2","N","0.5","Score=0.5: edit_dist=2","ENSAT Adrenal Cancer Registry","","","http://www.ebi.ac.uk/ena","ac.uk","False","2.0","0.0","LOW"
"LeishDB","leishmicrosatdb","long_sim=0.72","N","0.5","Score=0.5: long_sim=0.72","Leishmania Database","http://www.leishdb.com","leishdb.com","http://biomedinformri.com/leishmicrosat","biomedinformri.com","False","8.0","0.33","LOW"
"SPRD","spwp","edit_dist=2","N","0.5","Score=0.5: edit_dist=2","Surface Plasmon Resonance Database","http://www.sprdatabase.info","sprdatabase.info","http://www.seed-proteome.com","seed-proteome.com","False","2.0","0.42","LOW"
"Toxic Plants-Phytotoxins Database","database","contains","N","0.5","Score=0.5: contains","Toxic Plants-Phytotoxins Database","","","http://www.plantenergy.uwa.edu.au/applications/mpic","edu.au","False","25.0","0.0","LOW"
"Cancer Microbiome Atlas","atlas","contains","N","0.5","Score=0.5: contains","Cancer Microbiome Atlas","","","http://zlab.umassmed.edu/atlas/web","umassmed.edu","False","18.0","0.0","LOW"
"miRToolsGallery","mirt","contains","N","0.5","Score=0.5: contains","microRNA Tools Gallery","http://www.mirtoolsgallery.org","mirtoolsgallery.org","http://www.isical.ac.in","ac.in","False","11.0","0.32","LOW"
"Indo-Pacific Coral Spawning Database","database","contains","N","0.5","Score=0.5: contains","Indo-Pacific Coral Spawning Database","","","http://www.plantenergy.uwa.edu.au/applications/mpic","edu.au","False","28.0","0.0","LOW"
"Global Avian Invasions Atlas","atlas","contains","N","0.5","Score=0.5: contains","Global Avian Invasions Atlas","","","http://zlab.umassmed.edu/atlas/web","umassmed.edu","False","23.0","0.0","LOW"
"PlantFuncSSR","plant rdna","long_sim=0.71","N","0.5","Score=0.5: long_sim=0.71","Plant Functional SSR Database","http://www.bioinfocabd.upo.es/plantssr","upo.es","http://www.plantrdnadatabase.com","plantrdnadatabase.com","False","7.0","0.25","LOW"
"AOP Database","database","contains","N","0.5","Score=0.5: contains","Adverse Outcome Pathway Database","","","http://www.plantenergy.uwa.edu.au/applications/mpic","edu.au","False","4.0","0.0","LOW"
"Cric","qlicrice","contains","N","0.5","Score=0.5: contains","Cric Cytology Image Database","","","http://nabg.iasri.res.in:8080/qlic-rice","res.in:8080","False","4.0","0.0","LOW"
"Cuban Human Brain Mapping Project","huma","contains","N","0.5","Score=0.5: contains","Cuban Human Brain Mapping Project","https://chbmp-open.loris.ca","loris.ca","http://huma.rubi.ru.ac.za","ac.za","False","29.0","0.16","LOW"
"Aarhus Neuromodulation Database","database","contains","N","0.5","Score=0.5: contains","Aarhus Neuromodulation Database","","","http://www.plantenergy.uwa.edu.au/applications/mpic","edu.au","False","23.0","0.0","LOW"
"Causal Biological Network Database","database","contains","N","0.5","Score=0.5: contains","Causal Biological Network Database","http://causalbionet.com","causalbionet.com","http://www.plantenergy.uwa.edu.au/applications/mpic","edu.au","False","26.0","0.21","LOW"
"POS","podc","edit_dist=2","N","0.5","Score=0.5: edit_dist=2","Personalized Oncology Suite","http://www.icbi.at/POS","icbi.at","http://bioinf.mind.meiji.ac.jp/podc","ac.jp","False","2.0","0.36","LOW"
"dBBQs","dbtss","edit_dist=2","N","0.5","Score=0.5: edit_dist=2","Database of Bacterial Quality Scores","http://arc-gem.uams.edu/dbbqs","uams.edu","http://dbtss.hgc.jp","hgc.jp","False","2.0","0.12","LOW"
"ZFAP","zfin","edit_dist=2","N","0.5","Score=0.5: edit_dist=2","Zebrafish Anatomy Portal","http://www.zfap.org","zfap.org","http://zfin.org","zfin.org","False","2.0","0.75","LOW"
"CCDBT","ccnet","edit_dist=2","N","0.5","Score=0.5: edit_dist=2","Collaborative Chemistry Database Tool","","","http://structuralbiology.cau.edu.cn/gossypium","edu.cn","False","2.0","0.0","LOW"
"DSA","dsld","edit_dist=2","N","0.5","Score=0.5: edit_dist=2","Digital Slide Archive","","","http://dsld.nlm.nih.gov/dsld","nih.gov","False","2.0","0.0","LOW"
"PNC","pnrd","edit_dist=2","N","0.5","Score=0.5: edit_dist=2","Philadelphia Neurodevelopmental Cohort","","","http://structuralbiology.cau.edu.cn/PNRD","edu.cn","False","2.0","0.0","LOW"
"BIP","bind","edit_dist=2","N","0.5","Score=0.5: edit_dist=2","Brassica Information Portal","","","http://download.baderlab.org/BINDTranslation","baderlab.org","False","2.0","0.0","LOW"
"POJ","podc","edit_dist=2","N","0.5","Score=0.5: edit_dist=2","Portal of Juglandaceae","","","http://bioinf.mind.meiji.ac.jp/podc","ac.jp","False","2.0","0.0","LOW"
"CapriDB","prid","contains","N","0.5","Score=0.5: contains","Capture Print Innovate Database","","","http://rat.biomedtzc.cn","biomedtzc.cn","False","3.0","0.0","LOW"
"PCxN","pcpd","edit_dist=2","N","0.5","Score=0.5: edit_dist=2","Pathway Coexpression Network","http://pcxn.org/","pcxn.org","http://p450.biodesign.ac.cn","ac.cn","False","2.0","0.21","LOW"
"BSE","bsrd","edit_dist=2","N","0.5","Score=0.5: edit_dist=2","Basis Set Exchange","","","http://kwanlab.bio.cuhk.edu.hk/BSRD","edu.hk","False","2.0","0.0","LOW"
"AIR","aicd","edit_dist=2","N","0.5","Score=0.5: edit_dist=2","Atlas of Inflammation Resolution","https://air.bio.informatik.uni-rostock.de","uni-rostock.de","http://956023.ichengyun.net/AICD/index.php","ichengyun.net","False","2.0","0.14","LOW"
"Polish Genetic Database","database","contains","N","0.5","Score=0.5: contains","Polish Genetic Database of Victims of Totalitarianisms","http://www.pbgot.pl","pbgot.pl","http://www.plantenergy.uwa.edu.au/applications/mpic","edu.au","False","15.0","0.08","LOW"
"PHND","phin","edit_dist=2","N","0.5","Score=0.5: edit_dist=2","Pashtu Handwritten Numerals Database","","","http://cadd.pharmacy.nankai.edu.cn/phin","edu.cn","False","2.0","0.0","LOW"
"CNE","cnvd","edit_dist=2","N","0.5","Score=0.5: edit_dist=2","Coronavirus Network Explorer","https://digitalinsights.qiagen.com/coronavirus-network-explorer","qiagen.com","http://bioinfo.hrbmu.edu.cn/CNVD","edu.cn","False","2.0","0.3","LOW"
"MARA","masi","edit_dist=2","N","0.5","Score=0.5: edit_dist=2","Multiple Antibiotic Resistance Annotator","http://mara.spokade.com","spokade.com","http://www.aiddlab.com/MASI","aiddlab.com","False","2.0","0.38","LOW"
"PharmVar","rmvar","contains","N","0.5","Score=0.5: contains","Pharmacogene Variation Consortium","","","http://rmvar.renlab.org","renlab.org","False","3.0","0.0","LOW"
"FERN","fed","edit_dist=2","N","0.5","Score=0.5: edit_dist=2","Fern Ethnomedicinal Plant Database","","","http://www.bioacademy.gr/bioinformatics/projects/ProteinFusion/index.htm","bioacademy.gr","False","2.0","0.0","LOW"
"Hemap","hetop","edit_dist=2","N","0.5","Score=0.5: edit_dist=2","Hematologic Malignancy Map","","","http://hetop.eu","hetop.eu","False","2.0","0.0","LOW"
"Korean NHIS Allergic Disease Database","database","contains","N","0.5","Score=0.5: contains","Korean National Health Insurance Service Allergic Disease Database","https://nhiss.nhis.or.kr","or.kr","http://www.plantenergy.uwa.edu.au/applications/mpic","edu.au","False","29.0","0.14","LOW"
"EURL ECVAM Database","database","contains","N","0.5","Score=0.5: contains","EURL ECVAM Genotoxicity and Carcinogenicity Database","","","http://www.plantenergy.uwa.edu.au/applications/mpic","edu.au","False","11.0","0.0","LOW"
"Scalable Brain Atlas","atlas","contains","N","0.5","Score=0.5: contains","Scalable Brain Atlas","","","http://zlab.umassmed.edu/atlas/web","umassmed.edu","False","15.0","0.0","LOW"
"Global Mammal Parasite Database","database","contains","N","0.5","Score=0.5: contains","Global Mammal Parasite Database","","","http://www.plantenergy.uwa.edu.au/applications/mpic","edu.au","False","23.0","0.0","LOW"
"Fire and Tree Mortality Database","database","contains","N","0.5","Score=0.5: contains","Fire and Tree Mortality Database","","","http://www.plantenergy.uwa.edu.au/applications/mpic","edu.au","False","24.0","0.0","LOW"
"Naturalistic Neuroimaging Database","database","contains","N","0.5","Score=0.5: contains","Naturalistic Neuroimaging Database","","","http://www.plantenergy.uwa.edu.au/applications/mpic","edu.au","False","26.0","0.0","LOW"
"Eyasi Plateau Database","database","contains","N","0.5","Score=0.5: contains","Eyasi Plateau Paleontological Database","","","http://www.plantenergy.uwa.edu.au/applications/mpic","edu.au","False","14.0","0.0","LOW"
"EWET","ewas","edit_dist=2","N","0.5","Score=0.5: edit_dist=2","Echinococcus Genetic Analysis Collection","","","http://bigd.big.ac.cn/ewas/datahub","ac.cn","False","2.0","0.0","LOW"
"InBIO Barcoding Initiative Database","database","contains","N","0.5","Score=0.5: contains","InBIO Barcoding Initiative Database","","","http://www.plantenergy.uwa.edu.au/applications/mpic","edu.au","False","27.0","0.0","LOW"
"COVID Border Accountability Project","order","contains","N","0.5","Score=0.5: contains","COVID Border Accountability Project","","","http://order.jic.ac.uk","ac.uk","False","30.0","0.0","LOW"
"Fabry-database.org","database","contains","N","0.5","Score=0.5: contains","Fabry-database.org","","","http://www.plantenergy.uwa.edu.au/applications/mpic","edu.au","False","10.0","0.0","LOW"
"RNA 3D Motif Atlas","atlas","contains","N","0.5","Score=0.5: contains","RNA 3D Motif Atlas","http://rna.bgsu.edu/motifs","bgsu.edu","http://zlab.umassmed.edu/atlas/web","umassmed.edu","False","13.0","0.43","LOW"
"Galactosemia Proteins Database","database","contains","N","0.5","Score=0.5: contains","Galactosemia Proteins Database","","","http://www.plantenergy.uwa.edu.au/applications/mpic","edu.au","False","22.0","0.0","LOW"
"Arachis hypogaea gene expression atlas","express","contains","N","0.5","Score=0.5: contains","Arachis hypogaea gene expression atlas","","","http://www.iupui.edu/ÃÂÃÂ¢ÃÂÃÂÃÂÃÂÃÂÃÂÃÂÃÂÃÂÃÂÃÂÃÂ¬ÃÂÃÂÃÂÃÂÃÂÃÂ¢ÃÂÃÂÃÂÃÂÃÂÃÂÃÂÃÂÃÂÃÂÃÂÃÂ¬ÃÂÃÂÃÂÃÂÃÂÃÂ¢ÃÂÃÂÃÂÃÂÃÂÃÂÃÂÃÂÃÂÃÂÃÂÃÂ¬ÃÂÃÂÃÂÃÂÃÂÃÂ¢ÃÂÃÂÃÂÃÂÃÂÃÂÃÂÃÂÃÂÃÂÃÂÃÂ¬ÃÂÃÂÃÂÃÂ","iupui.edu","False","31.0","0.0","LOW"
"switchgrass transcript sequence database and gene expression atlas","express","contains","N","0.5","Score=0.5: contains","switchgrass transcript sequence database and gene expression atlas","","","http://www.iupui.edu/ÃÂÃÂ¢ÃÂÃÂÃÂÃÂÃÂÃÂÃÂÃÂÃÂÃÂÃÂÃÂ¬ÃÂÃÂÃÂÃÂÃÂÃÂ¢ÃÂÃÂÃÂÃÂÃÂÃÂÃÂÃÂÃÂÃÂÃÂÃÂ¬ÃÂÃÂÃÂÃÂÃÂÃÂ¢ÃÂÃÂÃÂÃÂÃÂÃÂÃÂÃÂÃÂÃÂÃÂÃÂ¬ÃÂÃÂÃÂÃÂÃÂÃÂ¢ÃÂÃÂÃÂÃÂÃÂÃÂÃÂÃÂÃÂÃÂÃÂÃÂ¬ÃÂÃÂÃÂÃÂ","iupui.edu","False","59.0","0.0","LOW"
"wild rice germplasm database","database","contains","N","0.5","Score=0.5: contains","wild rice germplasm database","http://nksingh.nationalprof.in","nationalprof.in","http://www.plantenergy.uwa.edu.au/applications/mpic","edu.au","False","20.0","0.29","LOW"
"Metabolite database for root tuber and banana crops","database","contains","N","0.5","Score=0.5: contains","Metabolite database for root tuber and banana crops","","","http://www.plantenergy.uwa.edu.au/applications/mpic","edu.au","False","43.0","0.0","LOW"
"Malaria Cell Atlas","atlas","contains","N","0.5","Score=0.5: contains","Malaria Cell Atlas","","","http://zlab.umassmed.edu/atlas/web","umassmed.edu","False","13.0","0.0","LOW"
"USDFRC Condensed Tannin NMR Database","database","contains","N","0.5","Score=0.5: contains","U.S. Dairy Forage Research Center Condensed Tannin NMR Database","","","http://www.plantenergy.uwa.edu.au/applications/mpic","edu.au","False","28.0","0.0","LOW"
"Direct Numerical Simulation Database for Hypersonic Turbulent Boundary Layers","database","contains","N","0.5","Score=0.5: contains","Direct Numerical Simulation Database for Hypersonic Turbulent Boundary Layers","","","http://www.plantenergy.uwa.edu.au/applications/mpic","edu.au","False","69.0","0.0","LOW"
"Dye-sensitized solar cell database","database","contains","N","0.5","Score=0.5: contains","Dye-sensitized solar cell database","http://www.dyedb.com","dyedb.com","http://www.plantenergy.uwa.edu.au/applications/mpic","edu.au","False","26.0","0.29","LOW"
"SWO","swmd","edit_dist=2","N","0.5","Score=0.5: edit_dist=2","Software Ontology","http://softwareontology.wordpress.com","wordpress.com","http://www.swmd.co.in","co.in","False","2.0","0.3","LOW"
"Sporothrix Genome DataBase","database","contains","N","0.5","Score=0.5: contains","Sporothrix Genome DataBase","http://sporothrixgenomedatabase.unime.it","unime.it","http://www.plantenergy.uwa.edu.au/applications/mpic","edu.au","False","18.0","0.27","LOW"
"Japan Monkey Centre Primates Brain Imaging Repository","rain","contains","N","0.5","Score=0.5: contains","Japan Monkey Centre Primates Brain Imaging Repository","http://www.j-monkey.jp/BIR/index_e.html","j-monkey.jp","http://rth.dk/resources/rain","rth.dk","False","49.0","0.24","LOW"
"Pest select database","database","contains","N","0.5","Score=0.5: contains","Pest select database","http://www.iobc-wprs.org/restricted_member/toolbox.cfm","iobc-wprs.org","http://www.plantenergy.uwa.edu.au/applications/mpic","edu.au","False","12.0","0.12","LOW"
"Caltech Tomography Database","grap","contains","N","0.5","Score=0.5: contains","Caltech Tomography Database","","","http://structuralbiology.cau.edu.cn/GraP","edu.cn","False","23.0","0.0","LOW"
"Salmon diet database","database","contains","N","0.5","Score=0.5: contains","Salmon diet database for the North Pacific Ocean","","","http://www.plantenergy.uwa.edu.au/applications/mpic","edu.au","False","12.0","0.0","LOW"
"Seeds in Chernobyl","seed","contains","N","0.5","Score=0.5: contains","Seeds in Chernobyl","http://www.chernobylproteomics.sav.sk","sav.sk","http://pubseed.theseed.org/, http://rast.nmpdr.org","theseed.org","False","14.0","0.17","LOW"
"Global database for neglected tropical diseases","database","contains","N","0.5","Score=0.5: contains","Global database for neglected tropical diseases","http://www.gntd.org","gntd.org","http://www.plantenergy.uwa.edu.au/applications/mpic","edu.au","False","39.0","0.17","LOW"
"PlantcircBase","circbase","contains","N","0.5","Score=0.5: contains","PlantcircBase","","","http://www.circbase.org","circbase.org","False","5.0","0.0","LOW"
"JET2 Viewer","jet2","contains","N","0.5","Score=0.5: contains","JET2 Viewer","","","http://www.jet2viewer.upmc.fr","upmc.fr","False","7.0","0.0","LOW"
"HVP","hvdb","edit_dist=2","N","0.5","Score=0.5: edit_dist=2","Human Variome Project","http://www.humanvariomeproject.org","humanvariomeproject.org","http://hvdb.dqweilab-sjtu.com/index.php","dqweilab-sjtu.com","False","2.0","0.18","LOW"
"HBS","hbfp","edit_dist=2","N","0.5","Score=0.5: edit_dist=2","Healthy Brain Study","https://www.healthybrainstudy.nl/en/data-and-methods/access","healthybrainstudy.nl","http://bmbl.bmi.osumc.edu/HBFP","osumc.edu","False","2.0","0.06","LOW"
"MaizeQTL","eqtl","contains","N","0.5","Score=0.5: contains","Maize QTL Map Resource","http://data.maizecode.org/maize/qtl/syn10/","maizecode.org","http://www.ebi.ac.uk/eqtl","ac.uk","False","4.0","0.25","LOW"
"GREAT","greg","edit_dist=2","N","0.5","Score=0.5: edit_dist=2","Genome Regulatory Architecture Tools","https://absynth.issb.genopole.fr/GREAT","genopole.fr","http://mora-lab.github.io/projects/greg.html","github.io","False","2.0","0.3","LOW"
"EEG Seizure Database","database","contains","N","0.5","Score=0.5: contains","EEG Database of Seizure Disorders","","","http://www.plantenergy.uwa.edu.au/applications/mpic","edu.au","False","12.0","0.0","LOW"
"Malay HVP Database","database","contains","N","0.5","Score=0.5: contains","Malay Human Variome Database","http://hvpmalaysia.kk.usm.my/mhgvc/index.php?id=register","usm.my","http://www.plantenergy.uwa.edu.au/applications/mpic","edu.au","False","10.0","0.36","LOW"
"TM-MC","tmrec","edit_dist=2","N","0.5","Score=0.5: edit_dist=2","Traditional Medicine Materials and Compounds","","","http://bioinfo.hrbmu.edu.cn/TMREC","edu.cn","False","2.0","0.0","LOW"
"TeSS","teaas","edit_dist=2","N","0.5","Score=0.5: edit_dist=2","Training eSupport System","https://tess.elixir-europe.org","elixir-europe.org","http://www.teaas.cn/index.php","teaas.cn","False","2.0","0.27","LOW"
"NPRDD","npcdb","edit_dist=2","N","0.5","Score=0.5: edit_dist=2","National Platform for Rare Diseases Data Registry","","","http://npcdb.snu.ac.kr","ac.kr","False","2.0","0.0","LOW"
"STEP","strap","edit_dist=2","N","0.5","Score=0.5: edit_dist=2","Safety and Toxicity of Excipients for Paediatrics","","","http://strap.nci.nih.gov","nih.gov","False","2.0","0.0","LOW"
"ExpressionData","express","contains","N","0.5","Score=0.5: contains","Gene Expression Data Resource","http://www.expressiondata.org","expressiondata.org","http://www.iupui.edu/ÃÂÃÂ¢ÃÂÃÂÃÂÃÂÃÂÃÂÃÂÃÂÃÂÃÂÃÂÃÂ¬ÃÂÃÂÃÂÃÂÃÂÃÂ¢ÃÂÃÂÃÂÃÂÃÂÃÂÃÂÃÂÃÂÃÂÃÂÃÂ¬ÃÂÃÂÃÂÃÂÃÂÃÂ¢ÃÂÃÂÃÂÃÂÃÂÃÂÃÂÃÂÃÂÃÂÃÂÃÂ¬ÃÂÃÂÃÂÃÂÃÂÃÂ¢ÃÂÃÂÃÂÃÂÃÂÃÂÃÂÃÂÃÂÃÂÃÂÃÂ¬ÃÂÃÂÃÂÃÂ","iupui.edu","False","7.0","0.01","LOW"
"PMDM","pmbd","edit_dist=2","N","0.5","Score=0.5: edit_dist=2","Portal of Medical Data Models","https://medical-data-models.org","medical-data-models.org","http://pmbd.genome-mining.cn/home","genome-mining.cn","False","2.0","0.24","LOW"
"CEDAT","cega","edit_dist=2","N","0.5","Score=0.5: edit_dist=2","Complex Emergency Database","","","http://cega.ezlab.org","ezlab.org","False","2.0","0.0","LOW"
"Open Targets","open targets genetics","contains","N","0.5","Score=0.5: contains","Target Validation Platform","https://www.targetvalidation.org/downloads/data","targetvalidation.org","http://genetics.opentargets.org","opentargets.org","False","9.0","0.34","LOW"
"KRKB","krgdb","edit_dist=2","N","0.5","Score=0.5: edit_dist=2","Korean Rare Disease Knowledge Base","http://www.snubi.org/software/raredisease/","snubi.org","http://coda.nih.go.kr/coda/KRGDB/index.jsp","go.kr","False","2.0","0.25","LOW"
"Brainomics-Localizer","rain","contains","N","0.5","Score=0.5: contains","Brainomics Localizer Database","","","http://rth.dk/resources/rain","rth.dk","False","16.0","0.0","LOW"
"RNANet","lncrnanet","contains","N","0.5","Score=0.5: contains","RNA Network Dataset","https://evryrna.ibisc.univ-evry.fr/evryrna/rnanet","univ-evry.fr","http://lnc.rnanet.org","rnanet.org","False","3.0","0.33","LOW"
"PeqAtlas","atlas","contains","N","0.5","Score=0.5: contains","Phalaenopsis equestris Transcriptome Atlas","","","http://zlab.umassmed.edu/atlas/web","umassmed.edu","False","3.0","0.0","LOW"
"mirCoX","mirex","edit_dist=2","N","0.5","Score=0.5: edit_dist=2","miRNA-mRNA Expression Correlations Database","http://wrenlab.org/mirCoX/","wrenlab.org","http://www.combio.pl/mirex","combio.pl","False","2.0","0.36","LOW"
"Tox-database","database","contains","N","0.5","Score=0.5: contains","Cardiac Ion Channels Inhibition Database","http://tox-database.net","tox-database.net","http://www.plantenergy.uwa.edu.au/applications/mpic","edu.au","False","4.0","0.18","LOW"
"EOL","eogd","edit_dist=2","N","0.5","Score=0.5: edit_dist=2","Encyclopedia of Life","http://eol.org","eol.org","http://ciliates.ihb.ac.cn/database/home","ac.cn","False","2.0","0.1","LOW"
"HuskinDB","human genetic variation database","long_sim=0.74","N","0.5","Score=0.5: long_sim=0.74","Human Skin Permeation Database","https://huskindb.drug-design.de","drug-design.de","http://www.genome.med.kyoto-u.ac.jp/SnpDB","ac.jp","False","26.0","0.19","LOW"
"KiwiAtlas","atlas","contains","N","0.5","Score=0.5: contains","Kiwifruit Gene Expression Atlas","","","http://zlab.umassmed.edu/atlas/web","umassmed.edu","False","4.0","0.0","LOW"
"citSATdb","atdb","contains","N","0.5","Score=0.5: contains","Citrus SSR Marker Database","","","http://www.bigzju.com/ATdb","bigzju.com","False","4.0","0.0","LOW"
"BRM","brad","edit_dist=2","N","0.5","Score=0.5: edit_dist=2","Bioinformatics Resource Manager","http://www.sysbio.org/dataresources/brm.stm","sysbio.org","http://brassicadb.org/brad","brassicadb.org","False","2.0","0.39","LOW"
"SE-Atlas","atlas","contains","N","0.5","Score=0.5: contains","Rare Diseases Medical Care Atlas","http://www.se-atlas.de","se-atlas.de","http://zlab.umassmed.edu/atlas/web","umassmed.edu","False","3.0","0.42","LOW"
"EMDataBank","emdb","long_sim=1.00","N","0.5","Score=0.5: long_sim=1.00","Electron Microscopy Data Bank","","","http://emdb-empiar.org, http://emdb-empiar.org/emstats","emdb-empiar.org, http:","False","6.0","0.0","LOW"
"GenTree","gent","contains","N","0.5","Score=0.5: contains","Gene Tree","","","http://medicalgenome.kribb.re.kr/GENT/, http://genome.kobic.re.kr/GENT","re.kr","False","3.0","0.0","LOW"
"OTUX","otd","edit_dist=2","N","0.5","Score=0.5: edit_dist=2","V-region Specific OTU Database","","","http://www.eumicrobedb.org/transcripts","eumicrobedb.org","False","2.0","0.0","LOW"
"FORUM","foam","edit_dist=2","N","0.5","Score=0.5: edit_dist=2","Forum for Relationships in Unified Metabolomics","https://forum-webapp.semantic-metabolomics.fr","semantic-metabolomics.fr","http://portal.nersc.gov/project/m1317/FOAM","nersc.gov","False","2.0","0.08","LOW"
"iMonDB","imtrdb","edit_dist=2","N","0.5","Score=0.5: edit_dist=2","Instrument Monitoring Database","","","http://bioinfodbs.kantiana.ru/ImtRDB","kantiana.ru","False","2.0","0.0","LOW"
"ReCCaP","remap","edit_dist=2","N","0.5","Score=0.5: edit_dist=2","Repository for Caribbean Cancer Publications","","","http://remap.univ-amu.fr","univ-amu.fr","False","2.0","0.0","LOW"
"AniProtDB","antimicrobial peptide database","long_sim=0.72","N","0.5","Score=0.5: long_sim=0.72","Animal Protein Database","","","http://aps.unmc.edu","unmc.edu","False","22.0","0.0","LOW"
"agReg-SNPdb","greg","contains","N","0.5","Score=0.5: contains","Agricultural Regulatory SNP Database","","","http://mora-lab.github.io/projects/greg.html","github.io","False","7.0","0.0","LOW"
"CANCROX","ncro","contains","N","0.5","Score=0.5: contains","Cancer Cross-species Therapy Database","","","http://purl.obolibrary.org/obo/ncro.owl","obolibrary.org","False","3.0","0.0","LOW"
"Grape-RNA","gramene","long_sim=0.79","N","0.5","Score=0.5: long_sim=0.79","Grape RNA-Seq Database","","","http://www.gramene.org","gramene.org","False","4.0","0.0","LOW"
"PRED+CT","predicts","edit_dist=2","N","0.5","Score=0.5: edit_dist=2","Patient Repository for EEG Data plus Computational Tools","","","http://www.predicts.org.uk","org.uk","False","2.0","0.0","LOW"
"PRECISE","regprecise","contains","N","0.5","Score=0.5: contains","Pregnancy Care Integrating Translational Science Everywhere","","","http://regprecise.lbl.gov","lbl.gov","False","3.0","0.0","LOW"
"BRASERO","aser","contains","N","0.5","Score=0.5: contains","Benchmarking RNA Secondary Structure Comparison Resource","","","http://aser.ihb.ac.cn","ac.cn","False","3.0","0.0","LOW"
"UnoViS","univio","edit_dist=2","N","0.5","Score=0.5: edit_dist=2","Unobtrusive Vital Signs Database","","","http://univio.psc.riken.jp","riken.jp","False","2.0","0.0","LOW"
"BIOINTMED","bind","long_sim=0.75","N","0.5","Score=0.5: long_sim=0.75","Biomedical Integration Database","","","http://download.baderlab.org/BINDTranslation","baderlab.org","False","5.0","0.0","LOW"
"DABAM","daa","edit_dist=2","N","0.5","Score=0.5: edit_dist=2","Database of X-ray Mirrors Metrology","","","http://ageing-map.org","ageing-map.org","False","2.0","0.0","LOW"
"ZFLNC","zflncrnapedia","contains","N","0.5","Score=0.5: contains","Zebrafish Long Non-Coding RNA Database","","","http://genome.igib.res.in/zflncRNApedia","res.in","False","8.0","0.0","LOW"
"MiTPeptideDB","ptid","contains","N","0.5","Score=0.5: contains","Mitochondrial Peptide Database","http://bit.ly/MiTPeptideDB","bit.ly","http://lilab.ecust.edu.cn/ptid","edu.cn","False","8.0","0.38","LOW"
"mycoDB.es","mycosec","long_sim=0.74","N","0.5","Score=0.5: long_sim=0.74","Mycobacterium Database","","","http://www.bicnbu.in/mycosec","bicnbu.in","False","4.0","0.0","LOW"
"TsTKb","tsdb","edit_dist=2","N","0.5","Score=0.5: edit_dist=2","Target-Specific Toxicity Knowledgebase","","","http://tsdb.cbi.pku.edu.cn","edu.cn","False","2.0","0.0","LOW"
"PIIP","pina","edit_dist=2","N","0.5","Score=0.5: edit_dist=2","Pathology Image Informatics Platform","http://pathiip.org","pathiip.org","http://cbg.garvan.unsw.edu.au/pina","edu.au","False","2.0","0.11","LOW"
"SOLID","soytd","edit_dist=2","N","0.5","Score=0.5: edit_dist=2","Similar Object and Lure Image Database","","","http://artemis.cyverse.org/soykb_dev/SoyTD","cyverse.org","False","2.0","0.0","LOW"
"VigSatDB","atdb","contains","N","0.5","Score=0.5: contains","Vigna Satellite Database","","","http://www.bigzju.com/ATdb","bigzju.com","False","4.0","0.0","LOW"
"MS_HistoneDB","histonedb","contains","N","0.5","Score=0.5: contains","Mass Spectrometry Histone Database","","","http://www.ncbi.nlm.nih.gov/projects/HistoneDB2.0","nih.gov","False","3.0","0.0","LOW"
"SRMAtlas","atlas","contains","N","0.5","Score=0.5: contains","Selected Reaction Monitoring Atlas","","","http://zlab.umassmed.edu/atlas/web","umassmed.edu","False","3.0","0.0","LOW"
"miRFANs","mirtrans","edit_dist=2","N","0.5","Score=0.5: edit_dist=2","MicroRNA Function Annotation System","","","http://mcube.nju.edu.cn/jwang/lab/soft/mirtrans/, http://120.27.239.192/mirtrans","edu.cn","False","2.0","0.0","LOW"
"ACDC","acidb","edit_dist=2","N","0.5","Score=0.5: edit_dist=2","Amphibian Cytochrome-b Database for Curation","","","http://AciDB.cl, http://gitlab.com/Hawkline451/acidb","acidb.cl, http:","False","2.0","0.0","LOW"
"CanDL","card","edit_dist=2","N","0.5","Score=0.5: edit_dist=2","Cancer Driver Log","","","http://card.mcmaster.ca","mcmaster.ca","False","2.0","0.0","LOW"
"CATH-Gene3D","cath","contains","N","0.5","Score=0.5: contains","Class Architecture Topology Homology Gene3D","","","http://www.cathdb.info","cathdb.info","False","7.0","0.0","LOW"
"CistromeMap","cistrome","contains","N","0.5","Score=0.5: contains","Cistrome Map Knowledgebase","","","http://cistrome.org/db","cistrome.org","False","3.0","0.0","LOW"
"Zebrafish Database","database","contains","N","0.5","Score=0.5: contains","Zebrafish Facility Management Database","","","http://www.plantenergy.uwa.edu.au/applications/mpic","edu.au","False","10.0","0.0","LOW"
"CiteAb","cipemab","edit_dist=2","N","0.5","Score=0.5: edit_dist=2","Antibody Citation Database","","","http://www.citogenetica.ufes.br","ufes.br","False","2.0","0.0","LOW"
"GenColors","genome composition database","long_sim=0.72","N","0.5","Score=0.5: long_sim=0.72","Genome Colors Comparative Database","http://gencolors.fli-leibniz.de","fli-leibniz.de","http://esper.lab.nig.ac.jp/genome-composition-database","ac.jp","False","20.0","0.28","LOW"
"PlanNET","planex","edit_dist=2","N","0.5","Score=0.5: edit_dist=2","Planarian Interactome Network","https://compgen.bio.ub.edu/PlanNET","ub.edu","http://planex.plantbioinformatics.org","plantbioinformatics.org","False","2.0","0.21","LOW"
"JED","jet2","edit_dist=2","N","0.5","Score=0.5: edit_dist=2","Japan Endoscopy Database","","","http://www.jet2viewer.upmc.fr","upmc.fr","False","2.0","0.0","LOW"
"ABCkb","abcmdb","edit_dist=2","N","0.5","Score=0.5: edit_dist=2","Aliment to Bodily Condition Knowledgebase","https://abckb.charlotte.edu","charlotte.edu","http://abcm2.hegelab.org","hegelab.org","False","2.0","0.33","LOW"
"IPSI","ipgb","edit_dist=2","N","0.5","Score=0.5: edit_dist=2","Italian Present-day Stress Indicators Database","","","http://www.igb.cnr.it/ipgb","cnr.it","False","2.0","0.0","LOW"
"THE-DB","thpdb","edit_dist=2","N","0.5","Score=0.5: edit_dist=2","Threading Model Database","","","http://crdd.osdd.net/raghava/thpdb","osdd.net","False","2.0","0.0","LOW"
"EpiK","epd","edit_dist=2","N","0.5","Score=0.5: edit_dist=2","Epidemiological Knowledge Base","","","http://epd.epfl.ch","epfl.ch","False","2.0","0.0","LOW"
"MAREA","mace","edit_dist=2","N","0.5","Score=0.5: edit_dist=2","Accelerometer-based Gait Event Database","","","http://mace.sookmyung.ac.kr","ac.kr","False","2.0","0.0","LOW"
"PGRx","pgdd","edit_dist=2","N","0.5","Score=0.5: edit_dist=2","Pharmacogenomics Research Network Database","","","http://chibba.agtec.uga.edu/duplication","uga.edu","False","2.0","0.0","LOW"
"GENSAT","genfam","edit_dist=2","N","0.5","Score=0.5: edit_dist=2","Gene Expression Nervous System Atlas Database","","","http://mandadilab.webfactional.com/home/, http://mandadilab.webfactional.com/home/dload","webfactional.com","False","2.0","0.0","LOW"
"CELL5M","cellx","edit_dist=2","N","0.5","Score=0.5: edit_dist=2","Community Elevation and Land-use database for 5-minute grid cells","","","http://cellx.sourceforge.net","sourceforge.net","False","2.0","0.0","LOW"
"HASP","hand","edit_dist=2","N","0.5","Score=0.5: edit_dist=2","Hemagglutinin Structural Visualization Database","","","http://www.handdatabase.org","handdatabase.org","False","2.0","0.0","LOW"
"HADA","hand","edit_dist=2","N","0.5","Score=0.5: edit_dist=2","Hereditary Angioedema Database","","","http://www.handdatabase.org","handdatabase.org","False","2.0","0.0","LOW"
"COSMIC Cancer Gene Census 3D","cosmic","contains","N","0.5","Score=0.5: contains","Cancer Gene Census 3D Database","https://cancer-3d.com/","cancer-3d.com","http://cancer.sanger.ac.uk","ac.uk","False","22.0","0.5","LOW"
"JAMIR-eQTL","eqtl","contains","N","0.5","Score=0.5: contains","Japanese miRNA Expression QTL Database","https://www.jamir-eqtl.org/","jamir-eqtl.org","http://www.ebi.ac.uk/eqtl","ac.uk","False","6.0","0.36","LOW"
"RiceVarMap","rice","contains","N","0.5","Score=0.5: contains","Rice Genomic Variation Map","","","http://ricedb.plantenergy.uwa.edu.au","edu.au","False","6.0","0.0","LOW"
"PPNID","ppim","edit_dist=2","N","0.5","Score=0.5: edit_dist=2","Plant-Parasitic Nematode Identification Database","","","http://comp-sysbio.org/ppim","comp-sysbio.org","False","2.0","0.0","LOW"
"BIOPYDB","biopepdb","edit_dist=2","N","0.5","Score=0.5: edit_dist=2","Biochemical Pathway Database","","","http://bis.zju.edu.cn/biopepdbr","edu.cn","False","2.0","0.0","LOW"
"DREIMT","dream","edit_dist=2","N","0.5","Score=0.5: edit_dist=2","Drug Repositioning for Immunomodulation Therapy","http://www.dreimt.org","dreimt.org","http://bio-big-data.cn:8080/DREAM","bio-big-data.cn:8080","False","2.0","0.22","LOW"
"NaPLeS","naps","edit_dist=2","N","0.5","Score=0.5: edit_dist=2","Natural Products Likeness Scorer","","","http://naps.nencki.gov.pl","gov.pl","False","2.0","0.0","LOW"
"DALIA","daa","edit_dist=2","N","0.5","Score=0.5: edit_dist=2","Disease Alleles in Arab Population","","","http://ageing-map.org","ageing-map.org","False","2.0","0.0","LOW"
"MycoResistance","core","contains","N","0.5","Score=0.5: contains","Mycobacterial Resistance Resource","","","http://microbiome.osu.edu","osu.edu","False","10.0","0.0","LOW"
"AMASS","amadis","edit_dist=2","N","0.5","Score=0.5: edit_dist=2","Atomic Model and Structure Statistics Database","","","http://gift2disease.net/GIFTED","gift2disease.net","False","2.0","0.0","LOW"
"SeedSeq","seed","contains","N","0.5","Score=0.5: contains","Seed Sequence Database","","","http://pubseed.theseed.org/, http://rast.nmpdr.org","theseed.org","False","3.0","0.0","LOW"
"COSORE","core","edit_dist=2","N","0.5","Score=0.5: edit_dist=2","Continuous Soil Respiration Database","","","http://microbiome.osu.edu","osu.edu","False","2.0","0.0","LOW"
"CEED","cega","edit_dist=2","N","0.5","Score=0.5: edit_dist=2","Complex Emotion Expression Database","","","http://cega.ezlab.org","ezlab.org","False","2.0","0.0","LOW"
"VOLCORE","core","contains","N","0.5","Score=0.5: contains","Visible Tephra Layers Core Database","","","http://microbiome.osu.edu","osu.edu","False","3.0","0.0","LOW"
"ChemMaps","maps","contains","N","0.5","Score=0.5: contains","Chemical Maps","http://www.chemmaps.com","chemmaps.com","http://www.mapsdatabase.com","mapsdatabase.com","False","4.0","0.57","LOW"
"3D Brain Atlas","atlas","contains","N","0.5","Score=0.5: contains","3D Brain Atlas Reconstructor","","","http://zlab.umassmed.edu/atlas/web","umassmed.edu","False","9.0","0.0","LOW"
"DEST","deer","edit_dist=2","N","0.5","Score=0.5: edit_dist=2","Drosophila Evolution over Space and Time","","","http://bsb.kiz.ac.cn:90/DEER","ac.cn:90","False","2.0","0.0","LOW"
"RHO Database","database","contains","N","0.5","Score=0.5: contains","Ring-Hydroxylating Oxygenase Database","","","http://www.plantenergy.uwa.edu.au/applications/mpic","edu.au","False","4.0","0.0","LOW"
"Twitter Parliamentarian Database","database","contains","N","0.5","Score=0.5: contains","Twitter Parliamentarian Database","","","http://www.plantenergy.uwa.edu.au/applications/mpic","edu.au","False","24.0","0.0","LOW"
"Flybrain","rain","contains","N","0.5","Score=0.5: contains","Flybrain Neuron Database","","","http://rth.dk/resources/rain","rth.dk","False","4.0","0.0","LOW"
"HVPC","hvdb","edit_dist=2","N","0.5","Score=0.5: edit_dist=2","Human Virome Protein Cluster Database","","","http://hvdb.dqweilab-sjtu.com/index.php","dqweilab-sjtu.com","False","2.0","0.0","LOW"
"AACT","aair","edit_dist=2","N","0.5","Score=0.5: edit_dist=2","Aggregate Analysis of ClinicalTrials.gov","","","http://aair.cimed.ike.liu.se","liu.se","False","2.0","0.0","LOW"
"ERP CORE","core","contains","N","0.5","Score=0.5: contains","Event-Related Potential Core","","","http://microbiome.osu.edu","osu.edu","False","4.0","0.0","LOW"
"DARC","daa","edit_dist=2","N","0.5","Score=0.5: edit_dist=2","Database of Aligned Ribosomal Complexes","http://darcsite.genzentrum.lmu.de/darc/","lmu.de","http://ageing-map.org","ageing-map.org","False","2.0","0.22","LOW"
"ORD","oreganno","long_sim=0.74","N","0.5","Score=0.5: long_sim=0.74","Open Reaction Database","","","http://www.oreganno.org","oreganno.org","False","6.0","0.0","LOW"
"BSMC","bsrd","edit_dist=2","N","0.5","Score=0.5: edit_dist=2","Bristol Sponge Microbiome Collection","","","http://kwanlab.bio.cuhk.edu.hk/BSRD","edu.hk","False","2.0","0.0","LOW"
"NeuroGT","neurogem","edit_dist=2","N","0.5","Score=0.5: edit_dist=2","Neurogenic Tagging Atlas","","","http://chibi.ubc.ca/neurogem","ubc.ca","False","2.0","0.0","LOW"
"MITO","mitocarta","contains","N","0.5","Score=0.5: contains","Models in Translational Oncology","","","http://www.broadinstitute.org/mitocarta","broadinstitute.org","False","5.0","0.0","LOW"
"Phytochelatin Database","database","contains","N","0.5","Score=0.5: contains","Phytochelatin Database","","","http://www.plantenergy.uwa.edu.au/applications/mpic","edu.au","False","14.0","0.0","LOW"
"TransPortal","transportdb","edit_dist=2","N","0.5","Score=0.5: edit_dist=2","Transporter Portal","","","http://www.membranetransport.org/transportDB2","membranetransport.org","False","2.0","0.0","LOW"
"Brillouin-zone Database","database","contains","N","0.5","Score=0.5: contains","Brillouin-zone Database","http://www.cryst.ehu.es","ehu.es","http://www.plantenergy.uwa.edu.au/applications/mpic","edu.au","False","15.0","0.27","LOW"
"IBP","ibin","edit_dist=2","N","0.5","Score=0.5: edit_dist=2","India Biodiversity Portal","","","http://www.nabg-nbaii.res.in/barcode","res.in","False","2.0","0.0","LOW"
"SchistoCyte Atlas","atlas","contains","N","0.5","Score=0.5: contains","Schistosome Single-Cell Atlas","","","http://zlab.umassmed.edu/atlas/web","umassmed.edu","False","12.0","0.0","LOW"
"MyoSegmenTUM","ment","contains","N","0.5","Score=0.5: contains","Myology Segmentation Technical University Munich","https://osf.io/svwa7/?view_only=c2c980c17b3a40fca35d088a3cdd83e2","osf.io","http://mgrc.kribb.re.kr:8080/MENT","re.kr:8080","False","8.0","0.16","LOW"
"Greengenes","graingenes","edit_dist=2","N","0.5","Score=0.5: edit_dist=2","Greengenes Taxonomy Database","","","http://wheat.pw.usda.gov, http://graingenes.org","usda.gov, http:","False","2.0","0.0","LOW"
"Autophagic Compound Database","database","contains","N","0.5","Score=0.5: contains","Autophagic Compound Database","http://www.acdbliulab.com/","acdbliulab.com","http://www.plantenergy.uwa.edu.au/applications/mpic","edu.au","False","20.0","0.22","LOW"
"READ DB","redidb","edit_dist=2","N","0.5","Score=0.5: edit_dist=2","RNA Binding Protein Expression and Disease Dynamics Database","","","http://srv00.recas.ba.infn.it/redidb/index.html","infn.it","False","2.0","0.0","LOW"
"NGS-Trex","trex","contains","N","0.5","Score=0.5: contains","Next Generation Sequencing Transcriptome Profile Explorer","http://www.ngs-trex.org","ngs-trex.org","http://combio.pl/trex)-the","combio.pl","False","4.0","0.26","LOW"
"GCOD","gc4s","edit_dist=2","N","0.5","Score=0.5: edit_dist=2","GeneChip Oncology Database","","","http://www.sing-group.org/gc4s","sing-group.org","False","2.0","0.0","LOW"
"Corvids Literature Database","database","contains","N","0.5","Score=0.5: contains","Corvids Literature Database","http://www.corvids.de/cld","corvids.de","http://www.plantenergy.uwa.edu.au/applications/mpic","edu.au","False","19.0","0.15","LOW"
"TAED","tardb","edit_dist=2","N","0.5","Score=0.5: edit_dist=2","The Adaptive Evolution Database","","","http://www.biosequencing.cn/TarDB","biosequencing.cn","False","2.0","0.0","LOW"
"MetaTREE","metaref","edit_dist=2","N","0.5","Score=0.5: edit_dist=2","Metabolic Tree Database","","","http://metaref.org","metaref.org","False","2.0","0.0","LOW"
"MALD","m6add","edit_dist=2","N","0.5","Score=0.5: edit_dist=2","Massive Auditory Lexical Decision Database","","","http://m6add.edbc.org","edbc.org","False","2.0","0.0","LOW"
"NoGO","norm","edit_dist=2","N","0.5","Score=0.5: edit_dist=2","Negative Gene Ontology Database","","","http://www.nirs.go.jp/db/anzendb/NORMDB/ENG/index.php","go.jp","False","2.0","0.0","LOW"
"IMSR","impc","edit_dist=2","N","0.5","Score=0.5: edit_dist=2","International Mouse Strain Resource","","","http://www.mousephenotype.org","mousephenotype.org","False","2.0","0.0","LOW"
"PTSD Biomarker Database","database","contains","N","0.5","Score=0.5: contains","Post-Traumatic Stress Disorder Biomarker Database","","","http://www.plantenergy.uwa.edu.au/applications/mpic","edu.au","False","15.0","0.0","LOW"
"Socio-affective Touch Database","database","contains","N","0.5","Score=0.5: contains","Socio-affective Touch Expression Database","","","http://www.plantenergy.uwa.edu.au/applications/mpic","edu.au","False","22.0","0.0","LOW"
"Croatian Psycholinguistic Database","database","contains","N","0.5","Score=0.5: contains","Croatian Psycholinguistic Database","","","http://www.plantenergy.uwa.edu.au/applications/mpic","edu.au","False","26.0","0.0","LOW"
"LIPID MAPS","maps","contains","N","0.5","Score=0.5: contains","Lipid Metabolites and Pathways Strategy","","","http://www.mapsdatabase.com","mapsdatabase.com","False","6.0","0.0","LOW"
"SAliBASE","salmobase","edit_dist=2","N","0.5","Score=0.5: edit_dist=2","Simulated Alignment Database","","","http://www.salmobase.org","salmobase.org","False","2.0","0.0","LOW"
"Ovarian Kaleidoscope","scope","contains","N","0.5","Score=0.5: contains","Ovarian Kaleidoscope Database","","","http://scop.berkeley.edu","berkeley.edu","False","15.0","0.0","LOW"
"Forensic Microbiome Database","database","contains","N","0.5","Score=0.5: contains","Forensic Microbiome Database","","","http://www.plantenergy.uwa.edu.au/applications/mpic","edu.au","False","20.0","0.0","LOW"
"Biofilms Structural Database","database","contains","N","0.5","Score=0.5: contains","Biofilms Structural Database","http://www.biofilms.biosim.pt","biosim.pt","http://www.plantenergy.uwa.edu.au/applications/mpic","edu.au","False","20.0","0.1","LOW"
"Curcumin Resource Database","database","contains","N","0.5","Score=0.5: contains","Curcumin Resource Database","","","http://www.plantenergy.uwa.edu.au/applications/mpic","edu.au","False","18.0","0.0","LOW"
"Organonitrogen Biodegradation Database","database","contains","N","0.5","Score=0.5: contains","Organonitrogen Biodegradation Database","","","http://www.plantenergy.uwa.edu.au/applications/mpic","edu.au","False","30.0","0.0","LOW"
"JCGA","jcdb","edit_dist=2","N","0.5","Score=0.5: edit_dist=2","Japanese Cancer Genome Atlas","","","http://jcdb.xtbg.ac.cn","ac.cn","False","2.0","0.0","LOW"
"GinMicrosatDb","atdb","contains","N","0.5","Score=0.5: contains","Gingelly Microsatellite Database","","","http://www.bigzju.com/ATdb","bigzju.com","False","9.0","0.0","LOW"
"HARP","hand","edit_dist=2","N","0.5","Score=0.5: edit_dist=2","Hansen's Disease Resistance Pathway Database","https://harp-leprosy.org","harp-leprosy.org","http://www.handdatabase.org","handdatabase.org","False","2.0","0.44","LOW"
"Phytophthora Database","database","contains","N","0.5","Score=0.5: contains","Phytophthora Database","","","http://www.plantenergy.uwa.edu.au/applications/mpic","edu.au","False","13.0","0.0","LOW"
"Pancreatic Expression Database","express","contains","N","0.5","Score=0.5: contains","Pancreatic Expression Database","http://www.pancreasexpression.org","pancreasexpression.org","http://www.iupui.edu/ÃÂÃÂ¢ÃÂÃÂÃÂÃÂÃÂÃÂÃÂÃÂÃÂÃÂÃÂÃÂ¬ÃÂÃÂÃÂÃÂÃÂÃÂ¢ÃÂÃÂÃÂÃÂÃÂÃÂÃÂÃÂÃÂÃÂÃÂÃÂ¬ÃÂÃÂÃÂÃÂÃÂÃÂ¢ÃÂÃÂÃÂÃÂÃÂÃÂÃÂÃÂÃÂÃÂÃÂÃÂ¬ÃÂÃÂÃÂÃÂÃÂÃÂ¢ÃÂÃÂÃÂÃÂÃÂÃÂÃÂÃÂÃÂÃÂÃÂÃÂ¬ÃÂÃÂÃÂÃÂ","iupui.edu","False","23.0","0.01","LOW"
"HTAN","htd","edit_dist=2","N","0.5","Score=0.5: edit_dist=2","Human Tumor Atlas Network","","","http://htd.cbi.pku.edu.cn","edu.cn","False","2.0","0.0","LOW"
"Rust Expression Browser","express","contains","N","0.5","Score=0.5: contains","Rust Expression Browser Database","http://www.rust-expression.com","rust-expression.com","http://www.iupui.edu/ÃÂÃÂ¢ÃÂÃÂÃÂÃÂÃÂÃÂÃÂÃÂÃÂÃÂÃÂÃÂ¬ÃÂÃÂÃÂÃÂÃÂÃÂ¢ÃÂÃÂÃÂÃÂÃÂÃÂÃÂÃÂÃÂÃÂÃÂÃÂ¬ÃÂÃÂÃÂÃÂÃÂÃÂ¢ÃÂÃÂÃÂÃÂÃÂÃÂÃÂÃÂÃÂÃÂÃÂÃÂ¬ÃÂÃÂÃÂÃÂÃÂÃÂ¢ÃÂÃÂÃÂÃÂÃÂÃÂÃÂÃÂÃÂÃÂÃÂÃÂ¬ÃÂÃÂÃÂÃÂ","iupui.edu","False","16.0","0.01","LOW"
