"extracted_name","extracted_long","baseline_name","baseline_full","edit_distance","contains","long_sim","match_type","score","confidence"
"SCOP2","Structural Classification of Proteins version 2","scop","structural classification of proteins","1","True","0.8809523809523809","edit_dist=1, contains, long_sim=0.88","1.8","HIGH"
"RaMP","Relational Database of Metabolomics Pathways","dramp","data repository of antimicrobial peptides","1","True","0.7764705882352941","edit_dist=1, contains, long_sim=0.78","1.8","HIGH"
"MTGD","Medicago truncatula genome database","tgd","tetrahymena genome database","1","True","0.7741935483870968","edit_dist=1, contains, long_sim=0.77","1.8","HIGH"
"MGIS","Musa Genetic Information System","mgi","mouse genome informatics","1","True","0.8363636363636363","edit_dist=1, contains, long_sim=0.84","1.8","HIGH"
"CPDB","Cysteine Protease Database","cpd","cellular phenotype database","1","True","0.7924528301886793","edit_dist=1, contains, long_sim=0.79","1.8","HIGH"
"HomeoDB","Homeobox Database","homeodb2","homeobox gene database","1","True","0.8717948717948718","edit_dist=1, contains, long_sim=0.87","1.8","HIGH"
"PlanExp","Planarian Expression Database","planex","plant co-expression database","1","True","0.8421052631578947","edit_dist=1, contains, long_sim=0.84","1.8","HIGH"
"LDGIdb","Linkage Disequilibrium Gene Interaction Database","dgidb","drug-gene interaction database","1","True","0.7435897435897436","edit_dist=1, contains, long_sim=0.74","1.8","HIGH"
"GSR","Genetic Simulation Resources","igsr","international genome sample resource","1","True","0.75","edit_dist=1, contains, long_sim=0.75","1.8","HIGH"
"GIDB","Gastrointestinal cancer Database","dgidb","drug-gene interaction database","1","True","0.8064516129032258","edit_dist=1, contains, long_sim=0.81","1.8","HIGH"
"CDB","Cistrome Data Browser","mcdb","mitotic catastrophe database","1","True","0.7346938775510204","edit_dist=1, contains, long_sim=0.73","1.8","HIGH"
"GVD","Gut Virome Database","bgvd","bovine genome variation database","1","True","0.7058823529411765","edit_dist=1, contains, long_sim=0.71","1.8","HIGH"
"GED","Gametogenesis Epigenetic Database","tged","tetrahymena gene expression database","1","True","0.8115942028985508","edit_dist=1, contains, long_sim=0.81","1.8","HIGH"
"YPED","Yeast Proteomics Expression Database","ped","protein ensemble database","1","True","0.7213114754098361","edit_dist=1, contains, long_sim=0.72","1.8","HIGH"
"KMAP","KAUST Metagenomic Analysis Platform","map","microrna analysis portal","1","True","0.7457627118644068","edit_dist=1, contains, long_sim=0.75","1.8","HIGH"
"RCGD","Roche Cancer Genome Database","cgd","clinical genomic database","1","True","0.7547169811320755","edit_dist=1, contains, long_sim=0.75","1.8","HIGH"
"MPPD","Medicago PhosphoProtein Database","ppd","plasma proteome database","1","True","0.75","edit_dist=1, contains, long_sim=0.75","1.8","HIGH"
"PIRD","Pan Immune Repertoire Database","ird","influenza research database","1","True","0.7017543859649122","edit_dist=1, contains, long_sim=0.70","1.8","HIGH"
"OCDD","Obesity and Co-morbid Disease Database","cdd","conserved domain database","1","True","0.7301587301587301","edit_dist=1, contains, long_sim=0.73","1.8","HIGH"
"PEPD","Pediatric Ependymoma Protein Database","epd","eukaryotic promoter database","1","True","0.7384615384615385","edit_dist=1, contains, long_sim=0.74","1.8","HIGH"
"PGDB","Pathway-Genome Database","pgdbj","plant genome database japan","1","True","0.76","edit_dist=1, contains, long_sim=0.76","1.8","HIGH"
"OMAP","Oryza Map Alignment Project","map","microrna analysis portal","1","True","0.7058823529411765","edit_dist=1, contains, long_sim=0.71","1.8","HIGH"
"MRDP","Modern Research Data Portal","rdp","ribosomal database project","1","True","0.7547169811320755","edit_dist=1, contains, long_sim=0.75","1.8","HIGH"
"GCOD","GeneChip Oncology Database","cod","crystallography open database","1","True","0.7272727272727273","edit_dist=1, contains, long_sim=0.73","1.8","HIGH"
"HSPW","Human Salivary Proteome Wiki","hsp","human salivary proteome wiki","1","True","1.0","edit_dist=1, contains, long_sim=1.00","1.8","HIGH"
"DSA","Digital Slide Archive","cdsa","cancer digital slide archive","1","True","0.8571428571428571","edit_dist=1, contains, long_sim=0.86","1.8","HIGH"
"PAD","Pluripotent and Differentiation Database","cpad","curated protein aggregation database","1","True","0.7894736842105263","edit_dist=1, contains, long_sim=0.79","1.8","HIGH"
"GDB","Generated Database","mgdb","melanoma gene database","1","True","0.75","edit_dist=1, contains, long_sim=0.75","1.8","HIGH"
"MiGD","Mikan Genome Database","igd","intronless gene database","1","True","0.7555555555555555","edit_dist=1, contains, long_sim=0.76","1.8","HIGH"
"RIDB","Retinal Identification Database","rid","retrovirus integration database","1","True","0.7419354838709677","edit_dist=1, contains, long_sim=0.74","1.8","HIGH"
"PPODB","Plant Phenological Online Database","podb","plant organelles database","1","True","0.7796610169491526","edit_dist=1, contains, long_sim=0.78","1.8","HIGH"
"eHOMD","Expanded Human Oral Microbiome Database","homd","human oral microbiome database","1","True","0.8695652173913043","edit_dist=1, contains, long_sim=0.87","1.8","HIGH"
"DDB","Descriptor Data Bank","eddb","eating disorder database","1","True","0.7727272727272727","edit_dist=1, contains, long_sim=0.77","1.8","HIGH"
"OMD","Ocean Metagenomics Database","omdb","organic materials database","1","True","0.7924528301886793","edit_dist=1, contains, long_sim=0.79","1.8","HIGH"
"CMD","Coral Microbiome Database","lcmd","lung cancer metabolome database","1","True","0.75","edit_dist=1, contains, long_sim=0.75","1.8","HIGH"
"FANTOM","Functional Annotation of the Mammalian Genome","fantom5","functional annotation of the mammalian genome","1","True","1.0","edit_dist=1, contains, long_sim=1.00","1.8","HIGH"
"AMI","Antimicrobial Index","tami","the antimicrobial index","1","True","0.9047619047619048","edit_dist=1, contains, long_sim=0.90","1.8","HIGH"
"MCGD","Maize Cell Genomics Database","mcg","maize cell genomics","1","True","0.8085106382978723","edit_dist=1, contains, long_sim=0.81","1.8","HIGH"
"CEA","Cancer Editome Atlas","tcea","the cancer editome atlas","1","True","0.9090909090909091","edit_dist=1, contains, long_sim=0.91","1.8","HIGH"
"AIR","Atlas of Inflammation Resolution","aair","allergic airway inflammation repository","1","True","0.7323943661971831","edit_dist=1, contains, long_sim=0.73","1.8","HIGH"
"GFD","Glycan Fragment Database","gfdb","glycan fragment database","1","True","1.0","edit_dist=1, contains, long_sim=1.00","1.8","HIGH"
"SUBA","SUBcellular localization database for Arabidopsis proteins","suba3","subcellular location database for arabidopsis proteins","1","True","0.9642857142857143","edit_dist=1, contains, long_sim=0.96","1.8","HIGH"
"AGR","Alliance of Genome Resources","hagr","human ageing genomic resources","1","True","0.7931034482758621","edit_dist=1, contains, long_sim=0.79","1.8","HIGH"
"MEDDB","Medicinal Plant Database","eddb","eating disorder database","1","True","0.7083333333333334","edit_dist=1, contains, long_sim=0.71","1.8","HIGH"
"Cildb","cilia database","ldb","lichen database","2","True","0.8275862068965517","edit_dist=2, contains, long_sim=0.83","1.7","HIGH"
"EDGAR","Enhanced Database for Genome Analysis and Research","dga","disease and gene annotations database","2","True","0.7816091954022989","edit_dist=2, contains, long_sim=0.78","1.7","HIGH"
"CMD","Cysteine Motifs Database","hcmdb","human cancer metastasis database","2","True","0.7142857142857143","edit_dist=2, contains, long_sim=0.71","1.7","HIGH"
"DictDb","Termite and Cockroach Gut Microbiota Database","ctdb","chickpea transcriptome database","2","True","0.7368421052631579","edit_dist=2, contains, long_sim=0.74","1.7","HIGH"
"M-CSA","Mechanism and Catalytic Site Atlas","csa","catalytic site atlas","2","True","0.7407407407407407","edit_dist=2, contains, long_sim=0.74","1.7","HIGH"
"MOPED","Model Organism Protein Expression Database","ped","protein ensemble database","2","True","0.7164179104477612","edit_dist=2, contains, long_sim=0.72","1.7","HIGH"
"dbTF","Database of Transcription Factors","dbtflc","database of transcription factors in lung cancer","2","True","0.8148148148148148","edit_dist=2, contains, long_sim=0.81","1.7","HIGH"
"CAMPR3","Antimicrobial Peptides Database","camp","collection of antimicrobial peptide","2","True","0.7272727272727273","edit_dist=2, contains, long_sim=0.73","1.7","HIGH"
"CAT","Crustacean Annotated Transcriptome","cpcat","chemical/product categories database","2","True","0.7714285714285715","edit_dist=2, contains, long_sim=0.77","1.7","HIGH"
"MSRDB","Mycobacterial Systems Resource Database","srd","staphylococcal regulatory rna database","2","True","0.7532467532467533","edit_dist=2, contains, long_sim=0.75","1.7","HIGH"
"AbDb","Antibody Structure Database","agabdb","antigen-antibody interaction database","2","True","0.71875","edit_dist=2, contains, long_sim=0.72","1.7","HIGH"
"RepoDB","Drug Repositioning Database","podb","plant organelles database","2","True","0.7307692307692307","edit_dist=2, contains, long_sim=0.73","1.7","HIGH"
"OriDB","DNA replication origin database","rid","retrovirus integration database","2","True","0.7419354838709677","edit_dist=2, contains, long_sim=0.74","1.7","HIGH"
"GID","Generalized Invariom Database","dgidb","drug-gene interaction database","2","True","0.7796610169491526","edit_dist=2, contains, long_sim=0.78","1.7","HIGH"
"Hemap","Hematologic Malignancy Map","map","microrna analysis portal","2","True","0.76","edit_dist=2, contains, long_sim=0.76","1.7","HIGH"
"Gene","NCBI Gene Information Resource","ecgene","endometrial cancer gene database","2","True","0.7096774193548387","edit_dist=2, contains, long_sim=0.71","1.7","HIGH"
"MAR","Marine Metagenomics Databases","mardy","mycology antifungal resistance database","2","True","0.7647058823529411","edit_dist=2, contains, long_sim=0.76","1.7","HIGH"
"AID","Animal Images Database","paidb","pathogenicity island database","2","True","0.7450980392156863","edit_dist=2, contains, long_sim=0.75","1.7","HIGH"
"MetIDB","Flavonoid NMR Database","tidb","trained immunity database","2","True","0.723404255319149","edit_dist=2, contains, long_sim=0.72","1.7","HIGH"
"CCF","Common Coordinate Framework","ccfv3","mouse brain common coordinate framework","2","True","0.8181818181818182","edit_dist=2, contains, long_sim=0.82","1.7","HIGH"
"CpGDB","Chloroplast Genomes Database","pgd","pineapple genomics database","2","True","0.7636363636363637","edit_dist=2, contains, long_sim=0.76","1.7","HIGH"
"TTD","Therapeutic target database","ckttd","checkpoint therapeutic target database","2","True","0.8307692307692308","edit_dist=2, contains, long_sim=0.83","1.7","HIGH"
"PeMtb","Peptide Mycobacterium Tuberculosis Database","mtb","mouse tumor biology database","2","True","0.704225352112676","edit_dist=2, contains, long_sim=0.70","1.7","HIGH"
"cpnDB","Chaperonin Database","ndb","nucleome data bank","2","True","0.7027027027027027","edit_dist=2, contains, long_sim=0.70","1.7","HIGH"
"3PFDB+","Protein Family Phylogeny Database Plus","pfdb","protein folding kinetics database","2","True","0.7323943661971831","edit_dist=2, contains, long_sim=0.73","1.7","HIGH"
"TOTDB","Theileria Orientalis Transformation Database","otd","oomycete transcriptomics database","2","True","0.7012987012987013","edit_dist=2, contains, long_sim=0.70","1.7","HIGH"
"TTD","Therapeutic Target Database","ckttd","checkpoint therapeutic target database","2","True","0.8307692307692308","edit_dist=2, contains, long_sim=0.83","1.7","HIGH"
"DREAMER","Database for Emotion Recognition through EEG and ECG","dream","drug response gene expression associated map","2","True","0.7083333333333334","edit_dist=2, contains, long_sim=0.71","1.7","HIGH"
"dbEM","Database of Epigenetic Modifiers","dbemt","","1","True","0.0","edit_dist=1, contains","1.5","HIGH"
"RiceMetaSysB","Rice Metabolic Systems Biology Database","ricemetasys","","1","True","0.0","edit_dist=1, contains","1.5","HIGH"
"NPASS","Natural Product Activity and Species Source","pass","","1","True","0.0","edit_dist=1, contains","1.5","HIGH"
"ncRNAdb","Non-coding RNA Database","lncrnadb","","1","True","0.0","edit_dist=1, contains","1.5","HIGH"
"LISS","Lung Imaging Signs Database","lis","legume information system","1","True","0.5769230769230769","edit_dist=1, contains","1.5","HIGH"
"RAPID","Rep-seq Analysis Platform with Integrated Database","apid","","1","True","0.0","edit_dist=1, contains","1.5","HIGH"
"CKDdb","Chronic Kidney Disease Database","kddb","allele frequency net database","1","True","0.6666666666666666","edit_dist=1, contains","1.5","HIGH"
"LMDB","Livestock Metabolome Database","mdb","","1","True","0.0","edit_dist=1, contains","1.5","HIGH"
"ADH","Adolescent Data Hub","nadh","nicotiana attenuata data hub","1","True","0.6382978723404256","edit_dist=1, contains","1.5","HIGH"
"MODB","Molluscan Mitochondrial Genome Database","fmodb","fmo database","1","True","0.43137254901960786","edit_dist=1, contains","1.5","HIGH"
"WormQTL2","Worm QTL 2.0","wormqtl","","1","True","0.0","edit_dist=1, contains","1.5","HIGH"
"KMarkerDB","Kazusa Marker Database","markerdb","","1","True","0.0","edit_dist=1, contains","1.5","HIGH"
"CPE-DB","Chemical Penetration Enhancers Database","pe-db","","1","True","0.0","edit_dist=1, contains","1.5","HIGH"
"DMDD","Deciphering Mechanisms of Developmental Disorders","dmd","dietary microrna databases","1","True","0.5333333333333333","edit_dist=1, contains","1.5","HIGH"
"SPRD","Surface Plasmon Resonance Database","prd","","1","True","0.0","edit_dist=1, contains","1.5","HIGH"
"DrugR+","DrugR+","drugr","","1","True","0.0","edit_dist=1, contains","1.5","HIGH"
"NGDC","National Genomics Data Center","ngd","nelumbo genome database","1","True","0.6923076923076923","edit_dist=1, contains","1.5","HIGH"
"ERA","European Radiobiological Archives","hera","human enhancer rna atlas","1","True","0.5614035087719298","edit_dist=1, contains","1.5","HIGH"
"DGD","Duplicated Genes Database","3dgd","genome database","1","True","0.65","edit_dist=1, contains","1.5","HIGH"
"GOAD","Glia Open Access Database","goa","gene ontology annotation","1","True","0.4897959183673469","edit_dist=1, contains","1.5","HIGH"
"IGDB","IGDB","higdb","haemophilus influenzae genome database","1","True","0.19047619047619047","edit_dist=1, contains","1.5","HIGH"
"HgsDb","Haplogroups Database","gsdb","genome structure database","1","True","0.6222222222222222","edit_dist=1, contains","1.5","HIGH"
"AODN","Australian Ocean Data Network","aod","antioxidant database","1","True","0.6530612244897959","edit_dist=1, contains","1.5","HIGH"
"PRODORIC","Prokaryotic Database Of gene Regulation","prodoric2","","1","True","0.0","edit_dist=1, contains","1.5","HIGH"
"TMD","Tubulin Mutation Database","ptmd","","1","True","0.0","edit_dist=1, contains","1.5","HIGH"
"AGD","Aneurysm Gene Database","sagd","","1","True","0.0","edit_dist=1, contains","1.5","HIGH"
"CCDB","Cell Centered Database","hccdb","carcinoma","1","True","0.3870967741935484","edit_dist=1, contains","1.5","HIGH"
"HNdb","Head and Neck Cancer Database","ndb","nucleome data bank","1","True","0.5957446808510638","edit_dist=1, contains","1.5","HIGH"
"SABRE2","SABRE Database Version 2","sabre","systematic consolidation of arabidopsis and","1","True","0.5373134328358209","edit_dist=1, contains","1.5","HIGH"
"VPODC","Veterans Precision Oncology Data Commons","podc","center","1","True","0.2608695652173913","edit_dist=1, contains","1.5","HIGH"
"2DE-pattern","Two-Dimensional Electrophoresis Pattern Database","de-pattern","","1","True","0.0","edit_dist=1, contains","1.5","HIGH"
"CircaDB","Circadian Gene Expression Database","circad","","1","True","0.0","edit_dist=1, contains","1.5","HIGH"
"HIVE","High-performance Integrated Virtual Environment","hived","database","1","True","0.21818181818181817","edit_dist=1, contains","1.5","HIGH"
"TBD","Tartary buckwheat database","tbdb","t-box riboswitch annotation database","1","True","0.6451612903225806","edit_dist=1, contains","1.5","HIGH"
"CCD","Chemical Component Dictionary","ccds","consensus coding sequence","1","True","0.5185185185185185","edit_dist=1, contains","1.5","HIGH"
"LISA","Longitudinal Integrated Database for Health Insurance and Labour Market Studies","lis","legume information system","1","True","0.4230769230769231","edit_dist=1, contains","1.5","HIGH"
"iPathDB","insect pathway database","hipathdb","","1","True","0.0","edit_dist=1, contains","1.5","HIGH"
"Florabank","Flora Bank","florabank1","","1","True","0.0","edit_dist=1, contains","1.5","HIGH"
"sRNAdb","Small RNA Database","5srnadb","","1","True","0.0","edit_dist=1, contains","1.5","HIGH"
"PMDB","PubMed Database Parser","mdb","","1","True","0.0","edit_dist=1, contains","1.5","HIGH"
"RRMdb","RNA Recognition Motif Database","rmdb","mapping database","1","True","0.6086956521739131","edit_dist=1, contains","1.5","HIGH"
"BLDB","Beta-lactamase database","ldb","lichen database","1","True","0.631578947368421","edit_dist=1, contains","1.5","HIGH"
"MScDB","Mass Spectrometry-centric Database","scdb","","1","True","0.0","edit_dist=1, contains","1.5","HIGH"
"ISDB","Integration Site Database","tisdb","","1","True","0.0","edit_dist=1, contains","1.5","HIGH"
"VSeed","Virtual Seed Network Model","seed","","1","True","0.0","edit_dist=1, contains","1.5","HIGH"
"TCSA","The Cancer Surfaceome Atlas","csa","catalytic site atlas","1","True","0.5957446808510638","edit_dist=1, contains","1.5","HIGH"
"SAPD","Staphylococcus Aureus Peptide Resource","sapdb","","1","True","0.0","edit_dist=1, contains","1.5","HIGH"
"GVDB","Geminivirus Database","kgvdb","","1","True","0.0","edit_dist=1, contains","1.5","HIGH"
"SLDB","Speech and Language Database","ldb","lichen database","1","True","0.6511627906976745","edit_dist=1, contains","1.5","HIGH"
"ABC","Aging Brain Cohort","abcd","for antibodies chemically defined","1","True","0.5882352941176471","edit_dist=1, contains","1.5","HIGH"
"HMDB","Human Metabolome Database","mdb","","1","True","0.0","edit_dist=1, contains","1.5","HIGH"
"CSAR","Community Structure-Activity Resource","csa","catalytic site atlas","1","True","0.5263157894736842","edit_dist=1, contains","1.5","HIGH"
"BCD","Bird Chromosome Database","abcd","for antibodies chemically defined","1","True","0.631578947368421","edit_dist=1, contains","1.5","HIGH"
"MMPdb","Mitochondrial Matrix Proteome Database","mpdb","","1","True","0.0","edit_dist=1, contains","1.5","HIGH"
"SMTB","Smooth Muscle Transcriptome Browser","mtb","mouse tumor biology database","1","True","0.6666666666666666","edit_dist=1, contains","1.5","HIGH"
"GCGD","Grass Carp Genome Database","cgd","clinical genomic database","1","True","0.6666666666666666","edit_dist=1, contains","1.5","HIGH"
"RPGD","Rhododendron Plant Genome Database","pgd","pineapple genomics database","1","True","0.6885245901639344","edit_dist=1, contains","1.5","HIGH"
"TBDBT","TB Database Template","tbdb","t-box riboswitch annotation database","1","True","0.5357142857142857","edit_dist=1, contains","1.5","HIGH"
"proGenomes","prokaryotic genome annotations resource","progenomes2","","1","True","0.0","edit_dist=1, contains","1.5","HIGH"
"PRRDB","Pattern Recognition Receptor Database","rrdb","rna-rna docking benchmark","1","True","0.6129032258064516","edit_dist=1, contains","1.5","HIGH"
"ICSD","Inorganic Crystal Structure Database","icsdb","","1","True","0.0","edit_dist=1, contains","1.5","HIGH"
"GtoPdb","Guide to Pharmacology Database","topdb","topology data bank of transmembrane proteins","1","True","0.6756756756756757","edit_dist=1, contains","1.5","HIGH"
"PICKLE","Protein Interaction CKB Literature-curated Experimental","pickles","crispr knockout","1","True","0.37142857142857144","edit_dist=1, contains","1.5","HIGH"
"SMMDB","Small Molecule Modulator Database","mmdb","magnaporthe oryzae microsatellite database","1","True","0.6933333333333334","edit_dist=1, contains","1.5","HIGH"
"IMP","Integrated Multi-species Prediction Portal","impc","","1","True","0.0","edit_dist=1, contains","1.5","HIGH"
"LasDB","Laboratory Animal Strain Database","asdb","sinensis omics database","1","True","0.6071428571428571","edit_dist=1, contains","1.5","HIGH"
"DMAP","Drug Map","map","microrna analysis portal","1","True","0.3125","edit_dist=1, contains","1.5","HIGH"
"HISTome2","Histone Proteins Database","histome","","1","True","0.0","edit_dist=1, contains","1.5","HIGH"
"PASS2","Protein Alignment organized as Structural Superfamilies 2","pass","","1","True","0.0","edit_dist=1, contains","1.5","HIGH"
"Score","Project Score Database","core","","1","True","0.0","edit_dist=1, contains","1.5","HIGH"
"ASmiR","Alternative Splicing microRNA Database","pasmir","","1","True","0.0","edit_dist=1, contains","1.5","HIGH"
"ReCount","RNA-seq Gene Count Resource","recount3","","1","True","0.0","edit_dist=1, contains","1.5","HIGH"
"PRIMED","Primer Database for Yeast Genes","prime","","1","True","0.0","edit_dist=1, contains","1.5","HIGH"
"HPMCD","Human-associated and Plant-associated Microbial Communities Database","hpmc","human pan-microbe communities","1","True","0.5979381443298969","edit_dist=1, contains","1.5","HIGH"
"LAMP2","Linking Antimicrobial Peptides Database","lamp","","1","True","0.0","edit_dist=1, contains","1.5","HIGH"
"AREsite","AU-Rich Element site","aresite2","","1","True","0.0","edit_dist=1, contains","1.5","HIGH"
"NIF","Neuroscience Information Framework","nifh","","1","True","0.0","edit_dist=1, contains","1.5","HIGH"
"FRY","Fire Patch Functional Traits Database","fr","","1","True","0.0","edit_dist=1, contains","1.5","HIGH"
"POGs","POGs","pogs2","putative orthologous groups 2 database","1","True","0.19047619047619047","edit_dist=1, contains","1.5","HIGH"
"TCGD","Tetrahymena Comparative Genomics Database","cgd","clinical genomic database","1","True","0.6363636363636364","edit_dist=1, contains","1.5","HIGH"
"CDB","Complex Database","mcdb","mitotic catastrophe database","1","True","0.6363636363636364","edit_dist=1, contains","1.5","HIGH"
"VICTOR","Virus Classification and Tree Building Online Resource","victors","","1","True","0.0","edit_dist=1, contains","1.5","HIGH"
"proGenomes","proGenomes","progenomes2","","1","True","0.0","edit_dist=1, contains","1.5","HIGH"
"ECOD","Evolutionary Classification of Domains Sequence Database","eco","european cancer observatory","1","True","0.5542168674698795","edit_dist=1, contains","1.5","HIGH"
"EDAM","bioinformatics operations ontology","pedam","pediatric disease annotations & medicines","1","True","0.6133333333333333","edit_dist=1, contains","1.5","HIGH"
"NPAtlas","Natural Products Atlas","patlas","","1","True","0.0","edit_dist=1, contains","1.5","HIGH"
"TMDB","Tea Metabolome Database","mdb","","1","True","0.0","edit_dist=1, contains","1.5","HIGH"
"HEpD","HEpD","epd","eukaryotic promoter database","1","True","0.1875","edit_dist=1, contains","1.5","HIGH"
"PlaPPISite","Plant Protein-Protein Interaction Site database","lappisite","","1","True","0.0","edit_dist=1, contains","1.5","HIGH"
"PCA","Protein Contacts Atlas","pcat","pdx for childhood cancer therapeutics","1","True","0.576271186440678","edit_dist=1, contains","1.5","HIGH"
"ACOG","Atlas of Genetics and Cytogenetics in Oncology and Haematology","cog","clusters of orthologous genes","1","True","0.5274725274725275","edit_dist=1, contains","1.5","HIGH"
"CNE","Coronavirus Network Explorer","ccnet","","2","True","0.0","edit_dist=2, contains","1.4","HIGH"
"MIAS","Brussels Mood Inductive Audio Stories Database","miasdb","","2","True","0.0","edit_dist=2, contains","1.4","HIGH"
"RampDB","Receptor Activity Modifying Protein Database","mpdb","","2","True","0.0","edit_dist=2, contains","1.4","HIGH"
"RiceDB","Rice Database","rice","","2","True","0.0","edit_dist=2, contains","1.4","HIGH"
"OCDB","Obsessive-Compulsive Disorder Database","hnocdb","","2","True","0.0","edit_dist=2, contains","1.4","HIGH"
"PAMDB","Pseudomonas aeruginosa Metabolome Database","mdb","","2","True","0.0","edit_dist=2, contains","1.4","HIGH"
"POS","Personalized Oncology Suite","jpost","japan proteome","2","True","0.4878048780487805","edit_dist=2, contains","1.4","HIGH"
"PULDB","Polysaccharide Utilization Loci Database","ldb","lichen database","2","True","0.5454545454545454","edit_dist=2, contains","1.4","HIGH"
"KMD","Korean Mutation Database","skmdb","","2","True","0.0","edit_dist=2, contains","1.4","HIGH"
"NPRDD","National Platform for Rare Diseases Data Registry","prd","","2","True","0.0","edit_dist=2, contains","1.4","HIGH"
"myChEMBL","My ChEMBL Virtual Machine Database","chembl","","2","True","0.0","edit_dist=2, contains","1.4","HIGH"
"mentha","Protein Interaction Networks Resource","ment","methylation and expression database of","2","True","0.6133333333333333","edit_dist=2, contains","1.4","HIGH"
"ParaDB","Paracoccidioides Database","radb","database of rheumatoid arthritis-related polymorphisms","2","True","0.5569620253164557","edit_dist=2, contains","1.4","HIGH"
"CarotenoidDB","Carotenoids Database","carotenoid","carotenoid","2","True","0.6666666666666666","edit_dist=2, contains","1.4","HIGH"
"RTPDB","Radiotherapy Prognosis Database","pdb","data bank","2","True","0.4","edit_dist=2, contains","1.4","HIGH"
"DIPP","DIPP","dipper","","2","True","0.0","edit_dist=2, contains","1.4","HIGH"
"PCOS","Poaceae COSII Database","pcoskb","","2","True","0.0","edit_dist=2, contains","1.4","HIGH"
"BODB","Brain Operation Database","ribodb","","2","True","0.0","edit_dist=2, contains","1.4","HIGH"
"GPMDB","Global Proteome Machine Database","mdb","","2","True","0.0","edit_dist=2, contains","1.4","HIGH"
"BASE","Biomes of Australian Soil Environments","l1base","","2","True","0.0","edit_dist=2, contains","1.4","HIGH"
"EPR","Environmental Polymorphism Registry","epros","profile suite","2","True","0.4583333333333333","edit_dist=2, contains","1.4","HIGH"
"EBI","European Bioinformatics Institute","chebi","","2","True","0.0","edit_dist=2, contains","1.4","HIGH"
"ChemDP","Chemical Database of Pakistan","hemd","human epigenetic enzyme and modulator database","2","True","0.6666666666666666","edit_dist=2, contains","1.4","HIGH"
"NeeMDB","Neem Metabolites Database","emdb","electron microscopy data bank","2","True","0.6296296296296297","edit_dist=2, contains","1.4","HIGH"
"pKPDB","Protein pKa Database","pdb","data bank","2","True","0.6206896551724138","edit_dist=2, contains","1.4","HIGH"
"TEA","The Epigenome Atlas","teaas","plants","2","True","0.48","edit_dist=2, contains","1.4","HIGH"
"RDmap","Rare Disease Map","map","microrna analysis portal","2","True","0.6","edit_dist=2, contains","1.4","HIGH"
"RGPDB","Root-associated Genes and Promoters Database","pdb","data bank","2","True","0.3018867924528302","edit_dist=2, contains","1.4","HIGH"
"PMD","Protein Microarray Database","ppmdb","plantpathmarks","2","True","0.4878048780487805","edit_dist=2, contains","1.4","HIGH"
"MAGIC","Maize Gene Expression Compendium","magicdb","mango genetic stocks","2","True","0.5769230769230769","edit_dist=2, contains","1.4","HIGH"
"FeatSNP","Functional and Epigenetic Annotation Tool for SNPs","atsnp","","2","True","0.0","edit_dist=2, contains","1.4","HIGH"
"RegulatorDB","Yeast Transcriptional Regulation Database","regulator","","2","True","0.0","edit_dist=2, contains","1.4","HIGH"
"2P2Idb","Protein-Protein Interaction Database","2p2i","","2","True","0.0","edit_dist=2, contains","1.4","HIGH"
"FADB","Food Additive Database","rtfadb","","2","True","0.0","edit_dist=2, contains","1.4","HIGH"
"SpliceAid","human splicing factors expression database","spliceaid-f","","2","True","0.0","edit_dist=2, contains","1.4","HIGH"
"CanvasDB","CanvasDB","canvas","cancer variation","2","True","0.4166666666666667","edit_dist=2, contains","1.4","HIGH"
"PaIntDB","Pseudomonas aeruginosa Interaction Database","intdb","","2","True","0.0","edit_dist=2, contains","1.4","HIGH"
"MOPED","Multi-omics Profiling Expression Database","ped","protein ensemble database","2","True","0.6666666666666666","edit_dist=2, contains","1.4","HIGH"
"KDB","Kinase Database","bykdb","bacterial protein tyrosine kinase database","2","True","0.5263157894736842","edit_dist=2, contains","1.4","HIGH"
"ZINC20","ZINC Is Not Commercial","zinc","the zebrafish insertion collection","2","True","0.6785714285714286","edit_dist=2, contains","1.4","HIGH"
"CoReCG","Colon-Rectal Cancer Gene Database","core","","2","True","0.0","edit_dist=2, contains","1.4","HIGH"
"ORD","Open Reaction Database","order","oilseed rape developmental expression resource","2","True","0.5294117647058824","edit_dist=2, contains","1.4","HIGH"
"TADB","Toxin-Antitoxin Database","t1tadb","","2","True","0.0","edit_dist=2, contains","1.4","HIGH"
"PrenDB","Prenyltransferase Substrate Database","endb","","2","True","0.0","edit_dist=2, contains","1.4","HIGH"
"HOCTAR","Host and C. elegans microRNA Target Resource","hoctardb","","2","True","0.0","edit_dist=2, contains","1.4","HIGH"
"MPA","Mitochondrial Protein Atlas","tmpad","transmembrane protein helix-packing database","2","True","0.676056338028169","edit_dist=2, contains","1.4","HIGH"
"MPGDB","Mycobacteriophage Genome Database","pgd","pineapple genomics database","2","True","0.7","edit_dist=2, contains","1.4","HIGH"
"HDACiDB","HDAC Inhibitor Database","acidb","","2","True","0.0","edit_dist=2, contains","1.4","HIGH"
"TEA","Tomato Expression Atlas","teaas","plants","2","True","0.41379310344827586","edit_dist=2, contains","1.4","HIGH"
"GRIN","Glutamate Receptor Ionotropic NMDA Database","grindb","rin database","2","True","0.43636363636363634","edit_dist=2, contains","1.4","HIGH"
"BIOPEP","Bioactive Peptides Database","biopepdb","","2","True","0.0","edit_dist=2, contains","1.4","HIGH"
"CWRPdb","Cell Wall Related Protein Database","rpdb","reprogramming database","2","True","0.6071428571428571","edit_dist=2, contains","1.4","HIGH"
"MLST","Multi-Locus Sequence Typing Database","wgmlst","","2","True","0.0","edit_dist=2, contains","1.4","HIGH"
"SCB","Sequence Compression Benchmark Database","icscb","integrated collection of stem cell bank data","2","True","0.6746987951807228","edit_dist=2, contains","1.4","HIGH"
"MAGIC","Multiparent Advanced Generation Inter-Cross","magicdb","mango genetic stocks","2","True","0.5714285714285714","edit_dist=2, contains","1.4","HIGH"
"WormQTLHD","Worm QTL Human Disease Database","wormqtl","","2","True","0.0","edit_dist=2, contains","1.4","HIGH"
"REFOLD","Protein Refolding Database","refolddb","","2","True","0.0","edit_dist=2, contains","1.4","HIGH"
"IRNdb","Immunologically Relevant Non-coding RNA Database","ndb","nucleome data bank","2","True","0.5151515151515151","edit_dist=2, contains","1.4","HIGH"
"ROAD","Rice Oligonucleotide Array Database","proadd","","2","True","0.0","edit_dist=2, contains","1.4","HIGH"
"OASIS","Open Affective Standardized Image Set","oas","antibody space","2","True","0.47058823529411764","edit_dist=2, contains","1.4","HIGH"
"CAP","Cardiac Atlas Project","scapd","","2","True","0.0","edit_dist=2, contains","1.4","HIGH"
"BgeeDB","Bgee Database","bgee","","2","True","0.0","edit_dist=2, contains","1.4","HIGH"
"R-BIND","RNA-Binding Database","bind","biomolecular interaction network database","2","True","0.5573770491803278","edit_dist=2, contains","1.4","HIGH"
"NEPdb","Neoantigen and Neoepitope Database","epd","eukaryotic promoter database","2","True","0.6451612903225806","edit_dist=2, contains","1.4","HIGH"
"HPD","Halophile Protein Database","thpdb","","2","True","0.0","edit_dist=2, contains","1.4","HIGH"
"PMD","Pea Marker Database","ppmdb","plantpathmarks","2","True","0.5454545454545454","edit_dist=2, contains","1.4","HIGH"
"EDGAR","Efficient Database framework for comparative Genome Analyses using BLAST score Ratios","dga","disease and gene annotations database","2","True","0.5573770491803278","edit_dist=2, contains","1.4","HIGH"
"VIS","Fish Distribution Database","visdb","viral","2","True","0.1935483870967742","edit_dist=2, contains","1.4","HIGH"
"GEPdb","Genotype Expression Phenotype Database","epd","eukaryotic promoter database","2","True","0.6363636363636364","edit_dist=2, contains","1.4","HIGH"
"C²Maps","Connectivity Maps","maps","medicinal plant activities","2","True","0.6976744186046512","edit_dist=2, contains","1.4","HIGH"
"SISTEMA","Stem Cell Transcriptome Collection","sistematx","","2","True","0.0","edit_dist=2, contains","1.4","HIGH"
"HIPdb","HIV Inhibiting Peptide Database","pdb","data bank","2","True","0.4","edit_dist=2, contains","1.4","HIGH"
"miRTil","Tilapia microRNA Repository","mirt","","2","True","0.0","edit_dist=2, contains","1.4","HIGH"
"IMNGS","Microbial Profiles Resource","ngs","next generation sequencing catalog","2","True","0.5245901639344263","edit_dist=2, contains","1.4","HIGH"
"imiRTP","Arabidopsis miRNA-Target Prediction Database","mirt","","2","True","0.0","edit_dist=2, contains","1.4","HIGH"
"RNAmod","RNA Modification Database","sirnamod","","2","True","0.0","edit_dist=2, contains","1.4","HIGH"
"Yeast","Consensus Yeast Metabolic Network","yeastip","","2","True","0.0","edit_dist=2, contains","1.4","HIGH"
"MoSys","Molecular Systems Biology Platform","kimosys","","2","True","0.0","edit_dist=2, contains","1.4","HIGH"
"GoMAP","Geogenomic Mutational Atlas of Pathogens","map","microrna analysis portal","2","True","0.625","edit_dist=2, contains","1.4","HIGH"
"OncomiR","OncomiR","oncomirdb","","2","True","0.0","edit_dist=2, contains","1.4","HIGH"
"iGMDR","Pharmacogenetic Resource","mdr","","2","True","0.0","edit_dist=2, contains","1.4","HIGH"
"ResiDB","Residue Database Manager","esid","","2","True","0.0","edit_dist=2, contains","1.4","HIGH"
"AtIPD","AtIPD","ipd","the immuno polymorphism database","2","True","0.2702702702702703","edit_dist=2, contains","1.4","HIGH"
"StraPep","Structure Database of Bioactive Peptides","strap","stress response array profiler","2","True","0.6","edit_dist=2, contains","1.4","HIGH"
"EDGAR","Emissions Database for Global Atmospheric Research","dga","disease and gene annotations database","2","True","0.6666666666666666","edit_dist=2, contains","1.4","HIGH"
"VAS","Variant Annotation System","divas","","2","True","0.0","edit_dist=2, contains","1.4","HIGH"
"OCDB","Oral Cancer Database","hnocdb","","2","True","0.0","edit_dist=2, contains","1.4","HIGH"
"CAP","Citrus Annotation Project database","scapd","","2","True","0.0","edit_dist=2, contains","1.4","HIGH"
"ROD","Raman Open Database","herod","","2","True","0.0","edit_dist=2, contains","1.4","HIGH"
"PRO","Protein Ontology","epros","profile suite","2","True","0.5517241379310345","edit_dist=2, contains","1.4","HIGH"
"g2pDB","Genomic to Protein Database","pdb","data bank","2","True","0.4444444444444444","edit_dist=2, contains","1.4","HIGH"
"HAMAP","High-quality Automated and Manual Annotation of Proteins","map","microrna analysis portal","2","True","0.5","edit_dist=2, contains","1.4","HIGH"
"HYPO","Human Hypothetical Proteins Database","hypodb","","2","True","0.0","edit_dist=2, contains","1.4","HIGH"
"rCAD","RNA Comparative Analysis Database","circad","","2","True","0.0","edit_dist=2, contains","1.4","HIGH"
"MGFD","maize gene families database","mgdd","moroccan genetic disease database","1","False","0.7540983606557377","edit_dist=1, long_sim=0.75","1.2","HIGH"
"VCGIDB","Vibrio Cholerae Genomic Islands Database","vcgdb","virtual chinese genome database","1","False","0.7887323943661971","edit_dist=1, long_sim=0.79","1.2","HIGH"
"PRIN","predicted rice interactome network","prid","predicted rat interactome database","1","False","0.7647058823529411","edit_dist=1, long_sim=0.76","1.2","HIGH"
"MINEs","Metabolic In silico Network Expansions","minas","metal ions in nucleic acids","1","False","0.7384615384615385","edit_dist=1, long_sim=0.74","1.2","HIGH"
"PMRD","Plant Male Reproduction Database","pmbd","plastics microbial biodegradation database","1","False","0.7567567567567568","edit_dist=1, long_sim=0.76","1.2","HIGH"
"HCSD","Human Cancer Secretome Database","hcsgd","human cellular senescence gene database","1","False","0.7714285714285715","edit_dist=1, long_sim=0.77","1.2","HIGH"
"CPHD","Chordate Proteome History Database","cpad","curated protein aggregation database","1","False","0.7714285714285715","edit_dist=1, long_sim=0.77","1.2","HIGH"
"3DGB","3D Genomic Database","3dgd","genome database","1","False","0.8235294117647058","edit_dist=1, long_sim=0.82","1.2","HIGH"
"TCOA","Cancer Omics Atlas","tcea","the cancer editome atlas","1","False","0.7619047619047619","edit_dist=1, long_sim=0.76","1.2","HIGH"
"MBPD","Monosaccharide Biosynthesis Pathways Database","mbgd","microbial genome database for comparative analysis","1","False","0.7368421052631579","edit_dist=1, long_sim=0.74","1.2","HIGH"
"CanVar","Cancer Variation Database","canvas","cancer variation","1","False","0.7804878048780488","edit_dist=1, long_sim=0.78","1.2","HIGH"
"BGH","Banana Genome Hub","bgd","bovine genome database","1","False","0.717948717948718","edit_dist=1, long_sim=0.72","1.2","HIGH"
"DREM","Database for Reaching Experiments and Models","dream","drug response gene expression associated map","1","False","0.7954545454545454","edit_dist=1, long_sim=0.80","1.2","HIGH"
"YGMD","Yeast Gene Module Database","ygd","yak genome database","1","False","0.8","edit_dist=1, long_sim=0.80","1.2","HIGH"
"Mammalian metabolic enzymes database","Mammalian Metabolic Enzymes Database","mammalian metabolic enzyme database","mammalian metabolic enzyme database","1","False","0.9859154929577465","edit_dist=1, long_sim=0.99","1.2","HIGH"
"PK-DB","Pharmacokinetics Database","pkidb","protein kinase inhibitor database","1","False","0.7241379310344828","edit_dist=1, long_sim=0.72","1.2","HIGH"
"GFDP","Gene Family Database in Poplar","gfdb","glycan fragment database","1","False","0.7777777777777778","edit_dist=1, long_sim=0.78","1.2","HIGH"
"DAPD","Diabetes Associated Proteins Database","dampd","dragon antimicrobial peptide database","1","False","0.8108108108108109","edit_dist=1, long_sim=0.81","1.2","HIGH"
"CALP","Comparative Analysis of Leishmania Proteins Database","camp","collection of antimicrobial peptide","1","False","0.7126436781609196","edit_dist=1, long_sim=0.71","1.2","HIGH"
"Saponins mass spectrometry database","Plant Saponins Mass Spectrometry Database","saponin mass spectrometry database","saponin mass spectrometry database","1","False","0.9066666666666666","edit_dist=1, long_sim=0.91","1.2","HIGH"
"NAFD","North American Forest Database","nard","northeast asian reference database","1","False","0.875","edit_dist=1, long_sim=0.88","1.2","HIGH"
"GXA","Gene Expression Atlas","gxd","expression database","1","False","0.8","edit_dist=1, long_sim=0.80","1.2","HIGH"
"PTRD","Porcine Translational Research Database","ptid","pesticide-target interaction database","1","False","0.7368421052631579","edit_dist=1, long_sim=0.74","1.2","HIGH"
"PMSDN","Phelan-McDermid Syndrome Data Network","pms_dn","phelan-mcdermid syndrome data network","1","False","1.0","edit_dist=1, long_sim=1.00","1.2","HIGH"
"LCED","Laccase Engineering Database","lcmd","lung cancer metabolome database","1","False","0.7457627118644068","edit_dist=1, long_sim=0.75","1.2","HIGH"
"CHAMP","CDC Hemophilia A Mutation Project","chbmp","hemophilia b mutation project","1","False","0.9032258064516129","edit_dist=1, long_sim=0.90","1.2","HIGH"
"PSC-db","Plant Secondary Compounds Database","pscdb","protein structural change database","1","False","0.7352941176470589","edit_dist=1, long_sim=0.74","1.2","HIGH"
"SGID","Silkworm Genome Interactive Database","sgd","saccharomyces genome database","1","False","0.7076923076923077","edit_dist=1, long_sim=0.71","1.2","HIGH"
"PTIR","Predicted Tomato Interactome Resource","ptid","pesticide-target interaction database","1","False","0.7027027027027027","edit_dist=1, long_sim=0.70","1.2","HIGH"
"CAMD","Coalition Against Major Diseases Alzheimer's Database","card","comprehensive antibiotic resistance database","1","False","0.7422680412371134","edit_dist=1, long_sim=0.74","1.2","HIGH"
"CGCDB","CHO Gene Coexpression Database","cgdb","coriander genomics database","1","False","0.7719298245614035","edit_dist=1, long_sim=0.77","1.2","HIGH"
"PR2","Protist Ribosomal Reference database","pr(2","protist ribosomal reference database","1","False","1.0","edit_dist=1, long_sim=1.00","1.2","HIGH"
"CORD","CO-Regulation Database","cod","crystallography open database","1","False","0.7450980392156863","edit_dist=1, long_sim=0.75","1.2","HIGH"
"PhID","Pharmacology Interactions Database","phin","protein pharmacology interaction network database","1","False","0.7951807228915663","edit_dist=1, long_sim=0.80","1.2","HIGH"
"MSKKP","Musculoskeletal Knowledge Portal","msk-kp","musculoskeletal knowledge portal","1","False","1.0","edit_dist=1, long_sim=1.00","1.2","HIGH"
"MGH","Maca Genome Hub","mgd","mouse genome database","1","False","0.7222222222222222","edit_dist=1, long_sim=0.72","1.2","HIGH"
"DMSD","Diatomic Molecular Spectroscopy Database","dmd","dietary microrna databases","1","False","0.7272727272727273","edit_dist=1, long_sim=0.73","1.2","HIGH"
"INDICO","Indian Epigenome Cohort","indigo","annotation of microbial genomes","1","False","0.7037037037037037","edit_dist=1, long_sim=0.70","1.2","HIGH"
"PepBind","Protein-Peptide Binding Database","pepid","prostate epigenetic database","2","False","0.7666666666666667","edit_dist=2, long_sim=0.77","1.1","HIGH"
"MetaSRA","Metadata for Sequence Read Archive","metsrr","metabolic syndrome research resource","2","False","0.7142857142857143","edit_dist=2, long_sim=0.71","1.1","HIGH"
"DRIM","Drug Response Investigation and Modeling System","dream","drug response gene expression associated map","2","False","0.7692307692307693","edit_dist=2, long_sim=0.77","1.1","HIGH"
"DEST","Drosophila Evolution over Space and Time","deop","ragon explorer of osmoprotection associated pathways","2","False","0.7391304347826086","edit_dist=2, long_sim=0.74","1.1","HIGH"
"miBC","Mouse Intestinal Bacterial Collection","mikb","myocardial infarction knowledge base","2","False","0.7397260273972602","edit_dist=2, long_sim=0.74","1.1","HIGH"
"CEED","Complex Emotion Expression Database","cega","conserved elements from genomic alignments","2","False","0.7012987012987013","edit_dist=2, long_sim=0.70","1.1","HIGH"
"BraInMap","Brain Interactome Map","brainexp","brain expression database","2","False","0.7391304347826086","edit_dist=2, long_sim=0.74","1.1","HIGH"
"AACT","Aggregate Analysis of ClinicalTrials.gov","aair","allergic airway inflammation repository","2","False","0.759493670886076","edit_dist=2, long_sim=0.76","1.1","HIGH"
"ADDRESS","Database of Disease-associated Human Variants","adrecs","adverse drug reaction classification system","2","False","0.7954545454545454","edit_dist=2, long_sim=0.80","1.1","HIGH"
"GRDR","Global Rare Diseases Registry Data Repository","greg","the gene regulation graph database","2","False","0.7088607594936709","edit_dist=2, long_sim=0.71","1.1","HIGH"
"CGHub","UCSC Cancer Genomics Browser","cgob","candida gene order browser","2","False","0.7407407407407407","edit_dist=2, long_sim=0.74","1.1","HIGH"
"DESM","Microbial Knowledge Exploration Portal","deop","ragon explorer of osmoprotection associated pathways","2","False","0.7111111111111111","edit_dist=2, long_sim=0.71","1.1","HIGH"
"PGRx","Pharmacogenomics Research Network Database","pgmd","pakistan genetic mutation database","2","False","0.7105263157894737","edit_dist=2, long_sim=0.71","1.1","HIGH"
"ZFLNC","Zebrafish Long Non-Coding RNA Database","zfin","zebrafish model organism database","2","False","0.8169014084507042","edit_dist=2, long_sim=0.82","1.1","HIGH"
"PPNID","Plant-Parasitic Nematode Identification Database","ppim","protein-protein interaction database for maize","2","False","0.8085106382978723","edit_dist=2, long_sim=0.81","1.1","HIGH"
"PRINTS","Protein Fingerprint Database","primos","protein interaction and molecule search","2","False","0.7164179104477612","edit_dist=2, long_sim=0.72","1.1","HIGH"
"ePGA","Electronic Pharmacogenomics Assistant","epsd","eukaryotic phosphorylation site database","2","False","0.7272727272727273","edit_dist=2, long_sim=0.73","1.1","HIGH"
"FORUM","Forum for Relationships in Unified Metabolomics","foam","functional ontology assignments for metagenomes","2","False","0.723404255319149","edit_dist=2, long_sim=0.72","1.1","HIGH"
"GENSAT","Gene Expression Nervous System Atlas Database","gent","gene expression database of normal and tumor tissues","2","False","0.845360824742268","edit_dist=2, long_sim=0.85","1.1","HIGH"
"MAREA","Accelerometer-based Gait Event Database","mardy","mycology antifungal resistance database","2","False","0.717948717948718","edit_dist=2, long_sim=0.72","1.1","HIGH"
"OTUX","V-region Specific OTU Database","otd","oomycete transcriptomics database","2","False","0.7301587301587301","edit_dist=2, long_sim=0.73","1.1","HIGH"
"IPSI","Italian Present-day Stress Indicators Database","ipad","integrated pathway analysis database for systematic enrichment analysis","2","False","0.7521367521367521","edit_dist=2, long_sim=0.75","1.1","HIGH"
"MALD","Massive Auditory Lexical Decision Database","mardy","mycology antifungal resistance database","2","False","0.7901234567901234","edit_dist=2, long_sim=0.79","1.1","HIGH"
"RiTE","Rice Transposon Elements Database","rid","retrovirus integration database","2","False","0.71875","edit_dist=2, long_sim=0.72","1.1","HIGH"
"ABCkb","Aliment to Bodily Condition Knowledgebase","abcd","for antibodies chemically defined","2","False","0.7567567567567568","edit_dist=2, long_sim=0.76","1.1","HIGH"
"START","Shiny Transcriptome Analysis Resource Tool","stab","spatio-temporal cell atlas of the human brain","2","False","0.7126436781609196","edit_dist=2, long_sim=0.71","1.1","HIGH"
"PlanNET","Planarian Interactome Network","planex","plant co-expression database","2","False","0.7017543859649122","edit_dist=2, long_sim=0.70","1.1","HIGH"
"SPDI","Sequence Position Deletion Insertion","spgdb","streptococcus pneumoniae genome database","2","False","0.7368421052631579","edit_dist=2, long_sim=0.74","1.1","HIGH"
"PAIN","brain-imaging repository for pain disorders","pachin","pediatric in-hospital cardiac arrest international registry","2","False","0.7254901960784313","edit_dist=2, long_sim=0.73","1.1","HIGH"
"GSRS","Global Substance Registration System","gsdb","genome structure database","2","False","0.7213114754098361","edit_dist=2, long_sim=0.72","1.1","HIGH"
"EDEn","Electroceutical Design Environment Database","edr","endometrium database resource","2","False","0.7222222222222222","edit_dist=2, long_sim=0.72","1.1","HIGH"
"PMDM","Portal of Medical Data Models","pmbd","plastics microbial biodegradation database","2","False","0.704225352112676","edit_dist=2, long_sim=0.70","1.1","HIGH"
"PHND","Pashtu Handwritten Numerals Database","phin","protein pharmacology interaction network database","2","False","0.7058823529411765","edit_dist=2, long_sim=0.71","1.1","HIGH"
"MARA","Multiple Antibiotic Resistance Annotator","maps","medicinal plant activities","2","False","0.7272727272727273","edit_dist=2, long_sim=0.73","1.1","HIGH"
"DAMA","global Distribution of Alien Mammals database","dampd","dragon antimicrobial peptide database","2","False","0.7560975609756098","edit_dist=2, long_sim=0.76","1.1","HIGH"
"GEAR","Genomic Elements Associated with Drug Resistance","gent","gene expression database of normal and tumor tissues","2","False","0.76","edit_dist=2, long_sim=0.76","1.1","HIGH"
"CITD","Contraceptive and Infertility Target DataBase","citgvd","citrus genomic variation database","2","False","0.7435897435897436","edit_dist=2, long_sim=0.74","1.1","HIGH"
"SCOC","Sediment Community Oxygen Consumption Database","scope","structural classification of proteins-extended","2","False","0.7391304347826086","edit_dist=2, long_sim=0.74","1.1","HIGH"
"MITO","Models in Translational Oncology","mikb","myocardial infarction knowledge base","2","False","0.7352941176470589","edit_dist=2, long_sim=0.74","1.1","HIGH"
"mMGE","metagenomic extrachromosomal mobile genetic elements database","mmdb","magnaporthe oryzae microsatellite database","2","False","0.7184466019417476","edit_dist=2, long_sim=0.72","1.1","HIGH"
"DRUMS","Disk Repository with Update Management and Select","dramp","data repository of antimicrobial peptides","2","False","0.7333333333333333","edit_dist=2, long_sim=0.73","1.1","HIGH"
"SPTEdb","Salicaceous Plant Transposable Elements Database","spgdb","streptococcus pneumoniae genome database","2","False","0.7727272727272727","edit_dist=2, long_sim=0.77","1.1","HIGH"
"PGP","plant phenomics and genomics repository","pgat","prokaryotic-genome analysis tool","2","False","0.7323943661971831","edit_dist=2, long_sim=0.73","1.1","HIGH"
"TIBLE","Mycobacterial Binding Data Resource","tie","tumor isomir encyclopedia","2","False","0.7333333333333333","edit_dist=2, long_sim=0.73","1.1","HIGH"
"OMCD","OncomiR Cancer Database","omdb","organic materials database","2","False","0.7755102040816326","edit_dist=2, long_sim=0.78","1.1","HIGH"
"POJ","Portal of Juglandaceae","podb","plant organelles database","2","False","0.723404255319149","edit_dist=2, long_sim=0.72","1.1","HIGH"
"INVB","Inherited Neuropathy Variant Browser","inoh","integrating network objects with hierarchies","2","False","0.725","edit_dist=2, long_sim=0.72","1.1","HIGH"
"BIP","Brassica Information Portal","bind","biomolecular interaction network database","2","False","0.7058823529411765","edit_dist=2, long_sim=0.71","1.1","HIGH"
"PCIR","Plant Chloroplast Inverted Repeats database","pcsd","plant chromatin state database","2","False","0.7945205479452054","edit_dist=2, long_sim=0.79","1.1","HIGH"
"ZFAP","Zebrafish Anatomy Portal","zfin","zebrafish model organism database","2","False","0.7368421052631579","edit_dist=2, long_sim=0.74","1.1","HIGH"
"dBBQs","Database of Bacterial Quality Scores","dbtss","database of transcriptional start sites","2","False","0.7733333333333333","edit_dist=2, long_sim=0.77","1.1","HIGH"
"PlantEAR","Plant EAR Motif Analysis Resource","plantpan","plant promoter analysis navigator","2","False","0.7878787878787878","edit_dist=2, long_sim=0.79","1.1","HIGH"
"CoagVDb","Coagulation Factors Database","covdb","coronavirus database","2","False","0.75","edit_dist=2, long_sim=0.75","1.1","HIGH"
"MGeND","Japanese Clinical Genomic Database","mgdd","moroccan genetic disease database","2","False","0.8059701492537313","edit_dist=2, long_sim=0.81","1.1","HIGH"
"PI1M","Polymer Informatics Database","pid","plant intron database","2","False","0.7346938775510204","edit_dist=2, long_sim=0.73","1.1","HIGH"
"TREND","Protein Function Exploration Platform","trlnc","for human regulatory information of lncrnas","2","False","0.725","edit_dist=2, long_sim=0.72","1.1","HIGH"
"LIPS","Localization of Intracellular Proteins in guard cells","lincs","of integrated network-based cellular signatures","2","False","0.72","edit_dist=2, long_sim=0.72","1.1","HIGH"
"KRKB","Korean Rare Disease Knowledge Base","krgdb","korean reference genome database","2","False","0.7878787878787878","edit_dist=2, long_sim=0.79","1.1","HIGH"
"TISIDB","Tumor-Immune System Database","tidb","trained immunity database","2","False","0.7547169811320755","edit_dist=2, long_sim=0.75","1.1","HIGH"
"IBVD","Internet Brain Volume Database","ibis","inferred biomolecular interaction server","2","False","0.7428571428571429","edit_dist=2, long_sim=0.74","1.1","HIGH"
"RADAR","Rigorously Annotated Database of A-to-I RNA editing","radb","database of rheumatoid arthritis-related polymorphisms","2","False","0.7619047619047619","edit_dist=2, long_sim=0.76","1.1","HIGH"
"CCHIC","Critical Care Health Informatics Collaborative","ccsi","chromatin-chromatin spatial interaction","2","False","0.7529411764705882","edit_dist=2, long_sim=0.75","1.1","HIGH"
"PlantFAdb","Plant Fatty Acid Database","plantrgdb","plant retrocopied gene database","2","False","0.7142857142857143","edit_dist=2, long_sim=0.71","1.1","HIGH"
"DBSAV","Database of Single Amino acid Variations","dbmae","database of autosomal monoallelic expression","2","False","0.7380952380952381","edit_dist=2, long_sim=0.74","1.1","HIGH"
"PlantPReS","Plant Proteome Response to Stress Database","plant-pras","plant protein annotation suite database","2","False","0.7160493827160493","edit_dist=2, long_sim=0.72","1.1","HIGH"
"RAEdb","Reporter Assay Enhancer database","rap-db","rice annotation project database","2","False","0.71875","edit_dist=2, long_sim=0.72","1.1","HIGH"
"SASBDB","Small Angle Scattering Biological Data Bank","sancdb","south african natural compounds database","2","False","0.7228915662650602","edit_dist=2, long_sim=0.72","1.1","HIGH"
"RENIS","Renal Cell Carcinoma Registry","repic","rna epitranscriptome collection","2","False","0.7666666666666667","edit_dist=2, long_sim=0.77","1.1","HIGH"
"NDEx","Network Data Exchange","ndb","nucleome data bank","2","False","0.717948717948718","edit_dist=2, long_sim=0.72","1.1","HIGH"
"SEEK","Search-based Exploration of Expression Compendium","sedb","comprehensive human super-enhancer database","2","False","0.7608695652173914","edit_dist=2, long_sim=0.76","1.1","HIGH"
"MiGA","Microbial Genomes Atlas","mikb","myocardial infarction knowledge base","2","False","0.711864406779661","edit_dist=2, long_sim=0.71","1.1","HIGH"
"2019-nCoV","2019 Novel Coronavirus Resource","2019ncovr","2019 novel coronavirus resource","2","False","1.0","edit_dist=2, long_sim=1.00","1.1","HIGH"
"BEReX","Biomedical Entity-Relationship Explorer","bee","biomedical entity explorer","2","False","0.8","edit_dist=2, long_sim=0.80","1.1","HIGH"
"PlantCAR","Plant Co-expression Annotation Resource","plantpan","plant promoter analysis navigator","2","False","0.7222222222222222","edit_dist=2, long_sim=0.72","1.1","HIGH"
"PMO","Plant Metabolomics Database","pmbd","plastics microbial biodegradation database","2","False","0.7536231884057971","edit_dist=2, long_sim=0.75","1.1","HIGH"
"VHRD","Viral Host Range Database","vhot","viral microrna host target","2","False","0.7450980392156863","edit_dist=2, long_sim=0.75","1.1","HIGH"
"MAAFS","Moral and Affective Film Set","maps","medicinal plant activities","2","False","0.7037037037037037","edit_dist=2, long_sim=0.70","1.1","HIGH"
"GEREDB","Gene Expression Regulation Database","gepsdb","gene expression database of poplar under stress","2","False","0.8048780487804879","edit_dist=2, long_sim=0.80","1.1","HIGH"
"GESS","Global Evaluation of SARS-CoV-2 Sequences Database","gent","gene expression database of normal and tumor tissues","2","False","0.7254901960784313","edit_dist=2, long_sim=0.73","1.1","HIGH"
"PISO","Plant ISOform sequencing database","pid","plant intron database","2","False","0.7407407407407407","edit_dist=2, long_sim=0.74","1.1","HIGH"
"HGVA","Human Genome Variation Archive","hgmd","human gene mutation database","2","False","0.7241379310344828","edit_dist=2, long_sim=0.72","1.1","HIGH"
"HERDB","Heavy-Element Reactions Database","hemd","human epigenetic enzyme and modulator database","2","False","0.7435897435897436","edit_dist=2, long_sim=0.74","1.1","HIGH"
"CoCoPUTs","Codon and Codon-Pair Usage Tables","coconut","collection of open natural products","2","False","0.7352941176470589","edit_dist=2, long_sim=0.74","1.1","HIGH"
"TiRe","Tissue Repair Database","tidb","trained immunity database","2","False","0.723404255319149","edit_dist=2, long_sim=0.72","1.1","HIGH"
"MGPP","Mnemiopsis Genome Project Portal","mgi","mouse genome informatics","2","False","0.7857142857142857","edit_dist=2, long_sim=0.79","1.1","HIGH"
"MUDDD","Miami University Deception Detection Database","mu3d","miami university deception detection database","2","False","1.0","edit_dist=2, long_sim=1.00","1.1","HIGH"
"NAPDI","Natural Product-Drug Interaction Repository","nanpdb","northern african natural products database","2","False","0.7529411764705882","edit_dist=2, long_sim=0.75","1.1","HIGH"
"MSIS","Mycobacterium hsp65 Database","msdb","microsatellite database","2","False","0.7058823529411765","edit_dist=2, long_sim=0.71","1.1","HIGH"
"SEVA","Standard European Vector Architecture","sedb","comprehensive human super-enhancer database","2","False","0.725","edit_dist=2, long_sim=0.72","1.1","HIGH"
"CPIC","Clinical Pharmacogenetics Implementation Consortium","cplm","compendium of protein lysine modifications","2","False","0.7526881720430108","edit_dist=2, long_sim=0.75","1.1","HIGH"
"BCAPE","Breast Cancer Patient-Derived Explants","bcip","breast cancer integrative platform","2","False","0.8055555555555556","edit_dist=2, long_sim=0.81","1.1","HIGH"
"GAN","Genomics and Genetics Analysis Platform for Nicotiana","gaad","gene and autoimmiune disease association database","2","False","0.7450980392156863","edit_dist=2, long_sim=0.75","1.1","HIGH"
"YAGM","Yeast Associated Genes Miner","yarg","yeast arsenic-related genes","2","False","0.8363636363636363","edit_dist=2, long_sim=0.84","1.1","HIGH"
"HDTT","Huntington's Disease Therapeutic Targets","hdam","human disease associated mutation","2","False","0.7397260273972602","edit_dist=2, long_sim=0.74","1.1","HIGH"
"STPD","Salinity Tolerant Poplar Database","stab","spatio-temporal cell atlas of the human brain","2","False","0.7948717948717948","edit_dist=2, long_sim=0.79","1.1","HIGH"
"NAR_DB","Nucleic Acids Research Database Collection","nanpdb","northern african natural products database","2","False","0.7142857142857143","edit_dist=2, long_sim=0.71","1.1","HIGH"
"CMMR","Comparative Microbial Modules Resource","cmep","circulating microrna expression profiling","2","False","0.7088607594936709","edit_dist=2, long_sim=0.71","1.1","HIGH"
"PlantAPA","Plant Alternative Polyadenylation portal","plantpan","plant promoter analysis navigator","2","False","0.7671232876712328","edit_dist=2, long_sim=0.77","1.1","HIGH"
"CTRP","Cancer Therapeutics Response Portal","ctdb","chickpea transcriptome database","2","False","0.7272727272727273","edit_dist=2, long_sim=0.73","1.1","HIGH"
"CGGA","Chinese Glioma Genome Atlas","cgd","clinical genomic database","2","False","0.7307692307692307","edit_dist=2, long_sim=0.73","1.1","HIGH"
"ACD","Antimicrobial Chemotherapeutics Database","acnpd","anti-cancer natural product database","2","False","0.7368421052631579","edit_dist=2, long_sim=0.74","1.1","HIGH"
"DbVar","Database of Genomic Structural Variation","dbmae","database of autosomal monoallelic expression","2","False","0.7380952380952381","edit_dist=2, long_sim=0.74","1.1","HIGH"
"RAAR","Regulators of Androgen Action Resource","rasp","rna atlas of structure probing","2","False","0.7941176470588235","edit_dist=2, long_sim=0.79","1.1","HIGH"
"PINOT","Protein Interaction Network Online Tool","pina","protein interaction network analysis","2","False","0.8266666666666667","edit_dist=2, long_sim=0.83","1.1","HIGH"
"AIM","Arabidopsis Interactome Module Database","aicd","nti-inflammatory compounds database","2","False","0.7837837837837838","edit_dist=2, long_sim=0.78","1.1","HIGH"
"ASGARD","Annotated Transcriptomes Database","asrd","arabidopsis small rna database","2","False","0.7301587301587301","edit_dist=2, long_sim=0.73","1.1","HIGH"
"HBS","Healthy Brain Study","hbdb","human breathomics database","2","False","0.7111111111111111","edit_dist=2, long_sim=0.71","1.1","HIGH"
"CRRD","Chinchilla Research Resource Database","crcda","resources for cancer ngs data analysis","2","False","0.7466666666666667","edit_dist=2, long_sim=0.75","1.1","HIGH"
"PIIKA","Protein Interactions and Inhibitor Knowledge Analysis","pina","protein interaction network analysis","2","False","0.8089887640449438","edit_dist=2, long_sim=0.81","1.1","HIGH"
"NAR-DB","Nucleic Acids Research Database Collection","nanpdb","northern african natural products database","2","False","0.7142857142857143","edit_dist=2, long_sim=0.71","1.1","HIGH"
"ILRS","International Laser Ranging Service","ilisi","index of italian literature on nursing sciences","2","False","0.7560975609756098","edit_dist=2, long_sim=0.76","1.1","HIGH"
"DBCLS","Database Cross-search for Life Sciences","dbcpg","cancer predisposition gene database","2","False","0.7297297297297297","edit_dist=2, long_sim=0.73","1.1","HIGH"
"GEB","Gene Expression Barcode","geds","expression display server","2","False","0.7083333333333334","edit_dist=2, long_sim=0.71","1.1","HIGH"
"MSGP","Mammalian Stress Granule Proteome Database","msdd","mirna snp disease database","2","False","0.7058823529411765","edit_dist=2, long_sim=0.71","1.1","HIGH"
"Gene ATLAS","UK Biobank Genetic Associations Atlas","geneatlas","","1","False","0.0","edit_dist=1","0.9","HIGH"
"Drug-Path","Drug-Induced Pathways Database","drugpath","","1","False","0.0","edit_dist=1","0.9","HIGH"
"HPVdb","Human Papillomavirus Database","hpidb","","1","False","0.0","edit_dist=1","0.9","HIGH"
"CPAG","Cross-Phenotype Analysis of GWAS Atlas","cpad","curated protein aggregation database","1","False","0.5945945945945946","edit_dist=1","0.9","HIGH"
"CMC","CommonMind Consortium","cms","cancer methylome system","1","False","0.5","edit_dist=1","0.9","HIGH"
"HTP","Human Transmembrane Proteome","htd","transporter database","1","False","0.6666666666666666","edit_dist=1","0.9","HIGH"
"MetaBase","Biological Databases Wiki-Database","metrabase","","1","False","0.0","edit_dist=1","0.9","HIGH"
"DTC","Drug Target Commons","dtm","trends","1","False","0.48","edit_dist=1","0.9","HIGH"
"IDR","Image Data Resource","idc","","1","False","0.0","edit_dist=1","0.9","HIGH"
"EK3D","E. coli K Antigen Database","ekpd","","1","False","0.0","edit_dist=1","0.9","HIGH"
"CancerGD","Cancer Genetic Dependencies","cancer3d","","1","False","0.0","edit_dist=1","0.9","HIGH"
"PlaNet","Plant Network","planex","plant co-expression database","1","False","0.5365853658536586","edit_dist=1","0.9","HIGH"
"MTLD","Multiple Target Ligands Database","mtd","mammalian transcriptomic database","1","False","0.676923076923077","edit_dist=1","0.9","HIGH"
"MANTA","Microbiome And pheNotype data integraTion plAtform","mantra","","1","False","0.0","edit_dist=1","0.9","HIGH"
"lnCAR","Long Non-Coding RNA in Cancer Arrays Resource","lncat","lncrna","1","False","0.23529411764705882","edit_dist=1","0.9","HIGH"
"BIOGEN-BASE","Bioinformatics Genomics and Phenomics Resource","biogen base","iogen base","1","False","0.35714285714285715","edit_dist=1","0.9","HIGH"
"RCSB-PDB","Research Collaboratory for Structural Bioinformatics Protein Data Bank","rcsb pdb","data bank","1","False","0.22784810126582278","edit_dist=1","0.9","HIGH"
"DMC","DrugMap Central","dmd","dietary microrna databases","1","False","0.5365853658536586","edit_dist=1","0.9","HIGH"
"VfODB","Vicia faba Omics Database","vfdb","virulence factor database","1","False","0.68","edit_dist=1","0.9","HIGH"
"ISOdb","Isoform Database","isob","","1","False","0.0","edit_dist=1","0.9","HIGH"
"TR-DB","Triple Response Database","trfdb","","1","False","0.0","edit_dist=1","0.9","HIGH"
"GALT","GALT Protein Database","gat","gene-set activity toolbox","1","False","0.6521739130434783","edit_dist=1","0.9","HIGH"
"FEED","Feeding Experiments End-user Database","fed","fusion events database","1","False","0.6779661016949152","edit_dist=1","0.9","HIGH"
"FP-ADMET","Fingerprint-based ADMET Compendium","fpadmet","","1","False","0.0","edit_dist=1","0.9","HIGH"
"lncRNAKB","Long Non-coding RNA Knowledgebase","lncrnadb","","1","False","0.0","edit_dist=1","0.9","HIGH"
"Repbase","Repbase Database","rebase","","1","False","0.0","edit_dist=1","0.9","HIGH"
"Literome","Literome Genomic Knowledge Base","liverome","","1","False","0.0","edit_dist=1","0.9","HIGH"
"HIM","Herbal Ingredients In-vivo Metabolism Database","hir","","1","False","0.0","edit_dist=1","0.9","HIGH"
"ProCarDB","Prokaryotic Carotenoid Database","procarbdb","","1","False","0.0","edit_dist=1","0.9","HIGH"
"MDDB","MycoDiversity DataBase","mdb","","1","False","0.0","edit_dist=1","0.9","HIGH"
"HSD","Helminth Secretome Database","hsp","human salivary proteome wiki","1","False","0.6181818181818182","edit_dist=1","0.9","HIGH"
"VFB","Virtual Fly Brain","vfdb","virulence factor database","1","False","0.6666666666666666","edit_dist=1","0.9","HIGH"
"GDW","Geminivirus Data Warehouse","gdr","genome database for rosaceae","1","False","0.6666666666666666","edit_dist=1","0.9","HIGH"
"Addgene","Addgene","adhdgene","","1","False","0.0","edit_dist=1","0.9","HIGH"
"MOBCdb","Multi-Omics Breast Cancer database","mobidb","","1","False","0.0","edit_dist=1","0.9","HIGH"
"GTB","Genome Tolerance Browser","gtr","testing registry","1","False","0.45","edit_dist=1","0.9","HIGH"
"SCDE","Stem Cell Discovery Engine","scdb","","1","False","0.0","edit_dist=1","0.9","HIGH"
"ARCPHdb","Archaeal Protein Helicase Database","archdb","","1","False","0.0","edit_dist=1","0.9","HIGH"
"OMIT","microRNA Target Prediction Knowledge Base","omim","online mendelian inheritance in man","1","False","0.6578947368421053","edit_dist=1","0.9","HIGH"
"GPCR-DB","GPCR Database","gpcrdb","","1","False","0.0","edit_dist=1","0.9","HIGH"
"PHIO","Public Health Indicator Ontology","phin","protein pharmacology interaction network database","1","False","0.691358024691358","edit_dist=1","0.9","HIGH"
"iHMP","Integrative Human Microbiome Project","ihms","","1","False","0.0","edit_dist=1","0.9","HIGH"
"MGOB","Methylotroph Gene Order Browser","mgdb","melanoma gene database","1","False","0.5660377358490566","edit_dist=1","0.9","HIGH"
"CSCS","CSCS","cscd","pecific circrna database","1","False","0.21428571428571427","edit_dist=1","0.9","HIGH"
"EFI","Enzyme Function Initiative","efg","electronic resource for fusarium graminearum","1","False","0.4857142857142857","edit_dist=1","0.9","HIGH"
"IBDMDB","Inflammatory Bowel Disease Multi-Omics Database","ibddb","ibd database","1","False","0.4067796610169492","edit_dist=1","0.9","HIGH"
"GDB-17","Chemical Universe Database","gdb17","","1","False","0.0","edit_dist=1","0.9","HIGH"
"TMO","Translational Medicine Ontology and Knowledge Base","tmb","","1","False","0.0","edit_dist=1","0.9","HIGH"
"AVPDS","Animal Viruses Probe Dataset","avpdb","","1","False","0.0","edit_dist=1","0.9","HIGH"
"RAMP-DB","RNA and Metabolic Pathways Database","rap-db","rice annotation project database","1","False","0.6865671641791045","edit_dist=1","0.9","HIGH"
"dbCAN","Carbohydrate-Active Enzyme Database","dbcat","database of cpg","1","False","0.48","edit_dist=1","0.9","HIGH"
"PLEAD","Phosphorus Loading from Agricultural Fields Database","plad","","1","False","0.0","edit_dist=1","0.9","HIGH"
"HPVbase","Human Papillomavirus Base","hpbase","","1","False","0.0","edit_dist=1","0.9","HIGH"
"HPA","Human Protein Atlas","hpo","the human phenotype ontology project","1","False","0.5454545454545454","edit_dist=1","0.9","HIGH"
"daTALbase","TAL Effector Database","database","database","1","False","0.5517241379310345","edit_dist=1","0.9","HIGH"
"SMS","Short Motif Search Database","smr","swiss-model repository","1","False","0.5714285714285714","edit_dist=1","0.9","HIGH"
"ANDI","Advanced Neuropsychological Diagnostics Infrastructure","andb","areca nut database","1","False","0.4722222222222222","edit_dist=1","0.9","HIGH"
"CDKD","Clinical Database of Kidney Diseases","cdd","conserved domain database","1","False","0.6885245901639344","edit_dist=1","0.9","HIGH"
"GeneTalk","Genetic Variant Discussion Platform","genetack","","1","False","0.0","edit_dist=1","0.9","HIGH"
"MCO","Microbial Conditions Ontology","mcg","maize cell genomics","1","False","0.5833333333333334","edit_dist=1","0.9","HIGH"
"OPL","Ontology for Parasite Lifecycle","opm","orientations of proteins in membranes","1","False","0.6470588235294118","edit_dist=1","0.9","HIGH"
"GAPD","Global Abortion Policies Database","gaad","gene and autoimmiune disease association database","1","False","0.6097560975609756","edit_dist=1","0.9","HIGH"
"Neisseria Base","Neisseria Comparative Genomics Database","neisseriabase","","1","False","0.0","edit_dist=1","0.9","HIGH"
"Circ2Disease","Circular RNA to Disease Database","circr2disease","","1","False","0.0","edit_dist=1","0.9","HIGH"
"SynMap","Synteny Mapping Browser","symmap","","1","False","0.0","edit_dist=1","0.9","HIGH"
"HPP","Hemiptera-Phytoplasma-Plant Database","hpo","the human phenotype ontology project","1","False","0.5555555555555556","edit_dist=1","0.9","HIGH"
"MTLD","Multiple Target Ligand Database","mtd","mammalian transcriptomic database","1","False","0.65625","edit_dist=1","0.9","HIGH"
"MANTA","Mutation Analysis for Transcription factor Binding Alterations","mantra","","1","False","0.0","edit_dist=1","0.9","HIGH"
"PD2","Pharmacology Discovery 2 Database","pdb","data bank","1","False","0.3333333333333333","edit_dist=1","0.9","HIGH"
"Addgene","Addgene Plasmid Repository","adhdgene","","1","False","0.0","edit_dist=1","0.9","HIGH"
"SWI/SNF-Infobase","SWI/SNF Remodeling Complex Information Portal","swi/snf infobase","","1","False","0.0","edit_dist=1","0.9","HIGH"
"dbOGAP","O-GlcNAcylation Database","dbgap","database of genotypes and phenotypes","1","False","0.5666666666666667","edit_dist=1","0.9","HIGH"
"ACCDB","Annotated Chemistry Compound Database","acidb","","1","False","0.0","edit_dist=1","0.9","HIGH"
"MycoBASE","Mycobacterial Annotation System for Expanding","mycbase","","1","False","0.0","edit_dist=1","0.9","HIGH"
"RIBOi","RIBOi","ribod","","1","False","0.0","edit_dist=1","0.9","HIGH"
"NCBI","National Center for Biotechnology Information","ncri","","1","False","0.0","edit_dist=1","0.9","HIGH"
"vHOG","Vertebrate Homologous Organs Groups Ontology","vhot","viral microrna host target","1","False","0.6285714285714286","edit_dist=1","0.9","HIGH"
"dbPTB","dbPTB","dbptm","","1","False","0.0","edit_dist=1","0.9","HIGH"
"HMOD","HMOD","hmdd","human microrna disease database","1","False","0.22857142857142856","edit_dist=1","0.9","HIGH"
"GENE2D","GENE2D","gene3d","","1","False","0.0","edit_dist=1","0.9","HIGH"
"FGB","Family Genome Browser","fgdb","fsh glycans database","1","False","0.5365853658536586","edit_dist=1","0.9","HIGH"
"lncEFdb","lncRNA-Environmental Factor Database","lncedb","","1","False","0.0","edit_dist=1","0.9","HIGH"
"DPHL","DIA Pan-human Protein Mass Spectrometry Library","dpl","database of","1","False","0.3448275862068966","edit_dist=1","0.9","HIGH"
"PMIDB","PMIDB","pmi-db","","1","False","0.0","edit_dist=1","0.9","HIGH"
"Skeleton Genetics","Skeleton Genetics","skeletongenetics","","1","False","0.0","edit_dist=1","0.9","HIGH"
"regBase","non-coding regulatory variants database","rebase","","1","False","0.0","edit_dist=1","0.9","HIGH"
"SignBase","Paleolithic geometric signs collection","sinbase","","1","False","0.0","edit_dist=1","0.9","HIGH"
"CHG","Cancer Hallmark Genes Database","chd","canis mtdna hv1","1","False","0.5333333333333333","edit_dist=1","0.9","HIGH"
"GeneBase","gene datasets summary database","genobase","","1","False","0.0","edit_dist=1","0.9","HIGH"
"BIMS","Breeding Information Management System","birs","birs - bioterrorism information retrieval system","1","False","0.6744186046511628","edit_dist=1","0.9","HIGH"
"COKE","COVID-19 Knowledge Extractor","core","","1","False","0.0","edit_dist=1","0.9","HIGH"
"NAPP","Nucleic Acid Phylogenetic Profile Database","naps","nencki affective picture system","1","False","0.684931506849315","edit_dist=1","0.9","HIGH"
"DenvInt","DenvInt","denvind","","1","False","0.0","edit_dist=1","0.9","HIGH"
"EV@LUTIL","EV@LUTIL","evalutil","","1","False","0.0","edit_dist=1","0.9","HIGH"
"GDSC","Genomics of Drug Sensitivity in Cancer","gdisc","gene","1","False","0.19047619047619047","edit_dist=1","0.9","HIGH"
"MASS","Montreal Archive of Sleep Studies","maps","medicinal plant activities","1","False","0.6440677966101694","edit_dist=1","0.9","HIGH"
"MGFD","MGFD","mgdd","moroccan genetic disease database","1","False","0.16216216216216217","edit_dist=1","0.9","HIGH"
"GFKB","GFKB","gfdb","glycan fragment database","1","False","0.21428571428571427","edit_dist=1","0.9","HIGH"
"BioMe","Biological Metals Resource","microbiome learning repo","microbiome learning repo","19","True","0.72","contains, long_sim=0.72","0.8999999999999999","MEDIUM"
"UniProt-GOA","UniProt Gene Ontology Annotation","goa","gene ontology annotation","8","True","0.8571428571428571","contains, long_sim=0.86","0.8999999999999999","MEDIUM"
"WheatQTLdb","wheat QTL database","ldb","lichen database","7","True","0.7272727272727273","contains, long_sim=0.73","0.8999999999999999","MEDIUM"
"RedoxiBase","Redox Homeostasis Base","red","rice expression database","7","True","0.7391304347826086","contains, long_sim=0.74","0.8999999999999999","MEDIUM"
"SE-Atlas","Rare Diseases Medical Care Atlas","atlas","altered tcr ligand affinities and structures","3","True","0.7105263157894737","contains, long_sim=0.71","0.8999999999999999","MEDIUM"
"Cardiomyocyte 2D Database","Neonatal Rat Cardiomyocyte Proteome Database","card","comprehensive antibiotic resistance database","21","True","0.7045454545454546","contains, long_sim=0.70","0.8999999999999999","MEDIUM"
"CoMPARA","Collaborative Modeling Project for Androgen Receptor Activity","comparative cellular and molecular biology of longevity database","comparative cellular and molecular biology of longevity database","57","True","0.784","contains, long_sim=0.78","0.8999999999999999","MEDIUM"
"Synaptic Genes","Synaptic Genes Catalogue","yna","yeast nucleosome atlas","11","True","0.782608695652174","contains, long_sim=0.78","0.8999999999999999","MEDIUM"
"Disease Ontology","Disease Ontology","human disease ontology","human disease ontology","6","True","0.8421052631578947","contains, long_sim=0.84","0.8999999999999999","MEDIUM"
"CellMinerCDB","Cell Miner Cross-Database","rcdb","renal cancer gene database","8","True","0.7058823529411765","contains, long_sim=0.71","0.8999999999999999","MEDIUM"
"SRMAtlas","Selected Reaction Monitoring Atlas","atlas","altered tcr ligand affinities and structures","3","True","0.7692307692307693","contains, long_sim=0.77","0.8999999999999999","MEDIUM"
"Macromolecular diffraction experiments database","Macromolecular diffraction experiments database","rac","repository of antibiotic resistance cassettes","44","True","0.717391304347826","contains, long_sim=0.72","0.8999999999999999","MEDIUM"
"VARIDT","Drug Transporter Variability Database","rid","retrovirus integration database","3","True","0.8235294117647058","contains, long_sim=0.82","0.8999999999999999","MEDIUM"
"Spliceosome Database","Spliceosome Database","spliceosome","spliceosome","9","True","0.7096774193548387","contains, long_sim=0.71","0.8999999999999999","MEDIUM"
"MIDORI","Mitochondrial Database Reference Interface","dor","database of olfactory receptors","3","True","0.7123287671232876","contains, long_sim=0.71","0.8999999999999999","MEDIUM"
"CPSYMAP","Computational Psychiatry Map","map","microrna analysis portal","4","True","0.7307692307692307","contains, long_sim=0.73","0.8999999999999999","MEDIUM"
"rPredictorDB","RNA Predictor Database","red","rice expression database","9","True","0.782608695652174","contains, long_sim=0.78","0.8999999999999999","MEDIUM"
"AMRmap","Antimicrobial Resistance Map","map","microrna analysis portal","3","True","0.7692307692307693","contains, long_sim=0.77","0.8999999999999999","MEDIUM"
"Digital gene atlas of neonate common marmoset brain","Digital gene atlas of neonate common marmoset brain","digit","database of immunoglobulins with integrated tools","46","True","0.78","contains, long_sim=0.78","0.8999999999999999","MEDIUM"
"LungMAP","Lung Molecular Atlas Program","map","microrna analysis portal","4","True","0.7307692307692307","contains, long_sim=0.73","0.8999999999999999","MEDIUM"
"NoCoCoDa","Novel Coronavirus Cough Database","cod","crystallography open database","5","True","0.7213114754098361","contains, long_sim=0.72","0.8999999999999999","MEDIUM"
"LINCS Canvas Browser","LINCS Canvas Browser","canvas","cancer variation","14","True","0.7222222222222222","contains, long_sim=0.72","0.8999999999999999","MEDIUM"
"Canis mtDNA HV1","Canis mitochondrial DNA HV1 database","mtd","mammalian transcriptomic database","12","True","0.7536231884057971","contains, long_sim=0.75","0.8999999999999999","MEDIUM"
"eDystrophin","Electronic Dystrophin Database","phin","protein pharmacology interaction network database","7","True","0.7088607594936709","contains, long_sim=0.71","0.8999999999999999","MEDIUM"
"Anti-CRISPRdb","Anti-CRISPR Protein Database","prdb","protein tandem repeat database","9","True","0.7586206896551724","contains, long_sim=0.76","0.8999999999999999","MEDIUM"
"ChloroSSRdb","Chloroplast Simple Sequence Repeat Database","srd","staphylococcal regulatory rna database","8","True","0.7407407407407407","contains, long_sim=0.74","0.8999999999999999","MEDIUM"
"SLTChemDB","Smokeless Tobacco Chemical Database","emdb","electron microscopy data bank","5","True","0.71875","contains, long_sim=0.72","0.8999999999999999","MEDIUM"
"AR Database","Androgen Receptor Gene Mutations Database","salinity tolerant poplar database","salinity tolerant poplar database","22","True","0.7027027027027027","contains, long_sim=0.70","0.8999999999999999","MEDIUM"
"URS DataBase","URS DataBase","database","database","4","True","0.8","contains, long_sim=0.80","0.8999999999999999","MEDIUM"
"CardioGenBase","Cardiovascular Genomics Database","card","comprehensive antibiotic resistance database","9","True","0.7105263157894737","contains, long_sim=0.71","0.8999999999999999","MEDIUM"
"Clostridium-DT(DB)","Clostridium Drug Target Database","rid","retrovirus integration database","15","True","0.7619047619047619","contains, long_sim=0.76","0.8999999999999999","MEDIUM"
"EpiGeNet","genetic and epigenetic events graph database","gametogenesis epigenetic modification database","gametogenesis epigenetic modification database","38","True","0.8","contains, long_sim=0.80","0.8999999999999999","MEDIUM"
"PacTrac","Pacific Tracker Diet and Physical Activity Assessment Tool","rac","repository of antibiotic resistance cassettes","4","True","0.7572815533980582","contains, long_sim=0.76","0.8999999999999999","MEDIUM"
"GWAS Catalog","Genome-Wide Association Studies Catalog","cata","chromatin accessibility database","8","True","0.704225352112676","contains, long_sim=0.70","0.8999999999999999","MEDIUM"
"CKB","Cyanobacterial KnowledgeBase","funseckb","fungal secretome knowledgebase","5","True","0.7586206896551724","contains, long_sim=0.76","0.8999999999999999","MEDIUM"
"Virus Database","Virus Database","database","database","6","True","0.7272727272727273","contains, long_sim=0.73","0.8999999999999999","MEDIUM"
"TraceBase","Forensic Trace Analysis Database","rac","repository of antibiotic resistance cassettes","6","True","0.7012987012987013","contains, long_sim=0.70","0.8999999999999999","MEDIUM"
"Open TG-GATEs","Toxicogenomics Database","gat","gene-set activity toolbox","10","True","0.7083333333333334","contains, long_sim=0.71","0.8999999999999999","MEDIUM"
"Dynameomics","Dynamic Proteome Database","yna","yeast nucleosome atlas","8","True","0.723404255319149","contains, long_sim=0.72","0.8999999999999999","MEDIUM"
"ECG-ViEW II","Electrocardiogram Visualization and Analysis Database","ecg-view","electrocardiogram vigilance with electronic data warehouse ii","3","True","0.7192982456140351","contains, long_sim=0.72","0.8999999999999999","MEDIUM"
"NGS Catalog","Next Generation Sequencing Studies Catalog","ngs","next generation sequencing catalog","8","True","0.8947368421052632","contains, long_sim=0.89","0.8999999999999999","MEDIUM"
"Japan Monkey Centre Primates Brain Imaging Repository","Japan Monkey Centre Primates Brain Imaging Repository","rain","rna-protein association and interaction networks","49","True","0.7326732673267327","contains, long_sim=0.73","0.8999999999999999","MEDIUM"
"se-atlas","health service information platform for rare diseases","atlas","altered tcr ligand affinities and structures","3","True","0.7216494845360825","contains, long_sim=0.72","0.8999999999999999","MEDIUM"
"FUSION","Functional Signature Ontology Map","fusiongdb","fusion gene annotation database","3","True","0.71875","contains, long_sim=0.72","0.8999999999999999","MEDIUM"
"ECO IARC","European Cancer Observatory","eco","european cancer observatory","5","True","1.0","contains, long_sim=1.00","0.8999999999999999","MEDIUM"
"cBinderDB","Covalent Binding Agent Database","bind","biomolecular interaction network database","5","True","0.7222222222222222","contains, long_sim=0.72","0.8999999999999999","MEDIUM"
"RTR","Rat Transcriptome Resource","cicertransdb","cicer transcription factor database","9","True","0.7213114754098361","contains, long_sim=0.72","0.8999999999999999","MEDIUM"
"MycoDB","Mycorrhizal Response Database","cod","crystallography open database","3","True","0.7931034482758621","contains, long_sim=0.79","0.8999999999999999","MEDIUM"
"Tenuipalpidae Database","Tenuipalpidae Mite Database","pid","plant intron database","19","True","0.7083333333333334","contains, long_sim=0.71","0.8999999999999999","MEDIUM"
"TEX86 surface sediment database","TEX86 Surface Sediment Database","ment","methylation and expression database of","27","True","0.7536231884057971","contains, long_sim=0.75","0.8999999999999999","MEDIUM"
"UNC-Wisconsin Rhesus Macaque Neurodevelopment Database","UNC-Wisconsin Rhesus Macaque Neurodevelopment Database","ment","methylation and expression database of","50","True","0.7391304347826086","contains, long_sim=0.74","0.8999999999999999","MEDIUM"
"GWAS Catalog","Genome-Wide Association Study Catalog","cata","chromatin accessibility database","8","True","0.7246376811594203","contains, long_sim=0.72","0.8999999999999999","MEDIUM"
"DENVirDB","Dengue Virus Database","ird","influenza research database","5","True","0.7083333333333334","contains, long_sim=0.71","0.8999999999999999","MEDIUM"
"HColonDB","Human Colon Cancer Database","ndb","nucleome data bank","5","True","0.7555555555555555","contains, long_sim=0.76","0.8999999999999999","MEDIUM"
"PreMedKB","Precision Medicine Knowledgebase","edk","editome-disease knowledgebase","5","True","0.7540983606557377","contains, long_sim=0.75","0.8999999999999999","MEDIUM"
"zfRegeneration","zebrafish Regeneration","regene","regeneration gene database","8","True","0.7083333333333334","contains, long_sim=0.71","0.8999999999999999","MEDIUM"
"MaCPepDB","Mass-Centric Peptide Database","epd","eukaryotic promoter database","5","True","0.7017543859649122","contains, long_sim=0.70","0.8999999999999999","MEDIUM"
"MultiDomainBenchmark","Multi-Domain Database Suite","hma","human metabolic atlas","17","True","0.75","contains, long_sim=0.75","0.8999999999999999","MEDIUM"
"PredictiveNetworks","Predictive Gene Networks","red","rice expression database","15","True","0.7083333333333334","contains, long_sim=0.71","0.8999999999999999","MEDIUM"
"PrecocityDB","Precocious Puberty Database","eco","european cancer observatory","8","True","0.7407407407407407","contains, long_sim=0.74","0.8999999999999999","MEDIUM"
"RadishGD","Radish Genome Database","hgd","hymenoptera genome database","5","True","0.7755102040816326","contains, long_sim=0.78","0.8999999999999999","MEDIUM"
"FragSAD","Fragment Species Abundance Database","gsad","genome size in asteraceae database","3","True","0.8115942028985508","contains, long_sim=0.81","0.8999999999999999","MEDIUM"
"RiceAtlas","Global Rice Calendar and Production Database","atlas","altered tcr ligand affinities and structures","4","True","0.7272727272727273","contains, long_sim=0.73","0.8999999999999999","MEDIUM"
"dreamBase","DNA RNA and Epigenomics Associated Modules Base","dream","drug response gene expression associated map","4","True","0.7692307692307693","contains, long_sim=0.77","0.8999999999999999","MEDIUM"
"MINTbase","Mitochondrial and Nuclear tRNA fragment base","mint","molecular interaction database","4","True","0.8108108108108109","contains, long_sim=0.81","0.8999999999999999","MEDIUM"
"NGS-Trex","Next Generation Sequencing Transcriptome Profile Explorer","ngs","next generation sequencing catalog","5","True","0.7032967032967034","contains, long_sim=0.70","0.8999999999999999","MEDIUM"
"FeptideDB","Food-derived bioactive peptide Database","ptid","pesticide-target interaction database","5","True","0.7105263157894737","contains, long_sim=0.71","0.8999999999999999","MEDIUM"
"Mouse Genomes Project","Mouse Genomes Project","the mouse genomes project","the mouse genomes project","4","True","0.9130434782608695","contains, long_sim=0.91","0.8999999999999999","MEDIUM"
"Organ System Heterogeneity DB","Organ System Heterogeneity Database","organ system heterogeneity","organ system heterogeneity","3","True","0.8524590163934426","contains, long_sim=0.85","0.8999999999999999","MEDIUM"
"FrequencyMap","Vibrational Spectroscopic Map","map","microrna analysis portal","9","True","0.7169811320754716","contains, long_sim=0.72","0.8999999999999999","MEDIUM"
"agReg-SNPdb","Agricultural Regulatory SNP Database","greg","the gene regulation graph database","7","True","0.7428571428571429","contains, long_sim=0.74","0.8999999999999999","MEDIUM"
"AniProtDB","Animal Protein Database","otd","oomycete transcriptomics database","6","True","0.7142857142857143","contains, long_sim=0.71","0.8999999999999999","MEDIUM"
"UniBind","Unified Transcription Factor Binding Database","bind","biomolecular interaction network database","3","True","0.7441860465116279","contains, long_sim=0.74","0.8999999999999999","MEDIUM"
"GCM","Global Catalogue of Microorganisms","gcmeta","global catalogue of metagenomics","3","True","0.8787878787878788","contains, long_sim=0.88","0.8999999999999999","MEDIUM"
"ExcellmiRDB","Extracellular miRNA Database","ird","influenza research database","8","True","0.7636363636363637","contains, long_sim=0.76","0.8999999999999999","MEDIUM"
"MiTPeptideDB","Mitochondrial Peptide Database","ptid","pesticide-target interaction database","8","True","0.7164179104477612","contains, long_sim=0.72","0.8999999999999999","MEDIUM"
"GO","Gene Ontology","goc","ontology resource","1","True","0.7333333333333333","contains, long_sim=0.73","0.8999999999999999","HIGH"
"ADReCS-Target","Adverse Drug Reaction Classification System Target","adrecs","adverse drug reaction classification system","7","True","0.9247311827956989","contains, long_sim=0.92","0.8999999999999999","MEDIUM"
"LOVD Euro-WABB","Locus-Specific Diabetes Database","lovd","leiden open-source variation database","10","True","0.7536231884057971","contains, long_sim=0.75","0.8999999999999999","MEDIUM"
"COMPARTMENTS","Protein Subcellular Localization Database","ment","methylation and expression database of","8","True","0.7088607594936709","contains, long_sim=0.71","0.8999999999999999","MEDIUM"
"ChloroMitoSSRDB","Chloroplast and Mitochondrial Simple Sequence Repeat Database","srd","staphylococcal regulatory rna database","12","True","0.7070707070707071","contains, long_sim=0.71","0.8999999999999999","MEDIUM"
"TransAtlasDB","Transcriptome Atlas Database","asd","the allosteric database","9","True","0.7843137254901961","contains, long_sim=0.78","0.8999999999999999","MEDIUM"
"World Spider Trait database","World Spider Trait Database","pid","plant intron database","24","True","0.75","contains, long_sim=0.75","0.8999999999999999","MEDIUM"
"Drosophila Brain Atlas","Drosophila Brain Transcriptome Atlas","rain","rna-protein association and interaction networks","18","True","0.7142857142857143","contains, long_sim=0.71","0.8999999999999999","MEDIUM"
"CapriDB","Capture Print Innovate Database","rid","retrovirus integration database","4","True","0.8064516129032258","contains, long_sim=0.81","0.8999999999999999","MEDIUM"
"HRT Atlas","housekeeping and reference transcripts atlas database","atlas","altered tcr ligand affinities and structures","4","True","0.7628865979381443","contains, long_sim=0.76","0.8999999999999999","MEDIUM"
"NMR Spectral Measurement Database","NMR Spectral Measurement Database","ment","methylation and expression database of","29","True","0.7323943661971831","contains, long_sim=0.73","0.8999999999999999","MEDIUM"
"SecretEPDB","Secreted Effector Protein Database","epd","eukaryotic promoter database","7","True","0.7096774193548387","contains, long_sim=0.71","0.8999999999999999","MEDIUM"
"piRDisease","piRNA Disease Database","ird","influenza research database","7","True","0.7346938775510204","contains, long_sim=0.73","0.8999999999999999","MEDIUM"
"HpeNet","Herbaceous Peony Expression Network","pen","protein-gene expression nexus","3","True","0.75","contains, long_sim=0.75","0.8999999999999999","MEDIUM"
"CBS NIR","CBS Neuroimaging Repository","cbs","conserved regulatory binding sites","4","True","0.7868852459016393","contains, long_sim=0.79","0.8999999999999999","MEDIUM"
"Quantal Risk Assessment Database","Quantal Risk Assessment Database","ment","methylation and expression database of","28","True","0.7142857142857143","contains, long_sim=0.71","0.8999999999999999","MEDIUM"
"ConjuPepDB","Peptide-Drug Conjugate Database","epd","eukaryotic promoter database","7","True","0.711864406779661","contains, long_sim=0.71","0.8999999999999999","MEDIUM"
"MSeqDR mvTool","Mitochondrial Sequence Data Resource Variant Tool","mseqdr","mitochondrial disease sequence data resource","7","True","0.8387096774193549","contains, long_sim=0.84","0.8999999999999999","MEDIUM"
"LANL hemorrhagic fever virus database","LANL hemorrhagic fever virus database","hemorrhagic fever virus database","hemorrhagic fever virus database","5","True","0.927536231884058","contains, long_sim=0.93","0.8999999999999999","MEDIUM"
"RiceRelativesGD","Rice Relatives Genomic Database","sgd","saccharomyces genome database","12","True","0.7333333333333333","contains, long_sim=0.73","0.8999999999999999","MEDIUM"
"Colombia_geometrid","Colombian Geometrid Moth Database","geome","genomic observatories metadatabase","13","True","0.8059701492537313","contains, long_sim=0.81","0.8999999999999999","MEDIUM"
"RefPrimeCouch","Reference Gene Primer Database","eco","european cancer observatory","10","True","0.7017543859649122","contains, long_sim=0.70","0.8999999999999999","MEDIUM"
"Death Domain protein-protein interaction database","Death Domain Protein-Protein Interaction Database","rac","repository of antibiotic resistance cassettes","46","True","0.7659574468085106","contains, long_sim=0.77","0.8999999999999999","MEDIUM"
"SIB","Swiss Institute of Bioinformatics","sidd","","2","False","0.0","edit_dist=2","0.8","HIGH"
"AECD","Antimicrobial-Enzyme Combinations Database","aelp","auditory english lexicon project","2","False","0.6216216216216216","edit_dist=2","0.8","HIGH"
"NoGO","Negative Gene Ontology Database","norm","","2","False","0.0","edit_dist=2","0.8","HIGH"
"mirCoX","miRNA-mRNA Expression Correlations Database","mirex","","2","False","0.0","edit_dist=2","0.8","HIGH"
"IMSR","International Mouse Strain Resource","impc","","2","False","0.0","edit_dist=2","0.8","HIGH"
"PDE3","Prescribable Drugs for Epilepsy Database","pdb","data bank","2","False","0.2857142857142857","edit_dist=2","0.8","HIGH"
"CFDB","Cystic Fibrosis Database","cfgp","comparative fungal genomics platform","2","False","0.5333333333333333","edit_dist=2","0.8","HIGH"
"UCSC","University of California Santa Cruz Genome Browser","ucdb","ulcerative colitis database","2","False","0.6233766233766234","edit_dist=2","0.8","HIGH"
"EmaxDB","Eimeria maxima Database","emdb","electron microscopy data bank","2","False","0.5384615384615384","edit_dist=2","0.8","HIGH"
"TsTKb","Target-Specific Toxicity Knowledgebase","tstmp","","2","False","0.0","edit_dist=2","0.8","HIGH"
"GREAT","Global Resource of EczemA Trials","greg","the gene regulation graph database","2","False","0.6363636363636364","edit_dist=2","0.8","HIGH"
"BioCyc","BioCyc Database Collection","bionic","","2","False","0.0","edit_dist=2","0.8","HIGH"
"TautomerDB","Tautomer Database","tautomeric","tautomeric","2","False","0.5925925925925926","edit_dist=2","0.8","HIGH"
"SWO","Software Ontology","swmd","seaweed metabolite database","2","False","0.4090909090909091","edit_dist=2","0.8","HIGH"
"PRED+CT","Patient Repository for EEG Data plus Computational Tools","predicts","","2","False","0.0","edit_dist=2","0.8","HIGH"
"MMAD","Mouse Models of Neurological Disorders Portal","mmdb","magnaporthe oryzae microsatellite database","2","False","0.6666666666666666","edit_dist=2","0.8","HIGH"
"UnoViS","Unobtrusive Vital Signs Database","univio","uniformed viewer for integrated omics","2","False","0.5797101449275363","edit_dist=2","0.8","HIGH"
"ZikaVR","Zika Virus Resource","zikavid","zika virus infection database","2","False","0.6666666666666666","edit_dist=2","0.8","HIGH"
"DABAM","Database of X-ray Mirrors Metrology","daa","ageing atlas","2","False","0.425531914893617","edit_dist=2","0.8","HIGH"
"SYNS","Southampton-York Natural Scenes Dataset","syngo","","2","False","0.0","edit_dist=2","0.8","HIGH"
"eelsdb","Electron Energy-Loss Spectroscopy Database","eendb","engineered endonuclease database","2","False","0.6216216216216216","edit_dist=2","0.8","HIGH"
"TAS","Trait Association Study","tair","arabidopsis information resource","2","False","0.6909090909090909","edit_dist=2","0.8","HIGH"
"PIIP","Pathology Image Informatics Platform","pid","plant intron database","2","False","0.5964912280701754","edit_dist=2","0.8","HIGH"
"MetaTREE","Metabolic Tree Database","metaref","","2","False","0.0","edit_dist=2","0.8","HIGH"
"SOLID","Similar Object and Lure Image Database","soytd","soybean transporter database","2","False","0.6363636363636364","edit_dist=2","0.8","HIGH"
"ACDC","Amphibian Cytochrome-b Database for Curation","acsr","aids and cancer specimen resource","2","False","0.6493506493506493","edit_dist=2","0.8","HIGH"
"EOL","Encyclopedia of Life","eogd","octocarinatus genome database","2","False","0.5306122448979592","edit_dist=2","0.8","HIGH"
"COMET","Core Outcome Measures in Effectiveness Trials","core","","2","False","0.0","edit_dist=2","0.8","HIGH"
"AMASS","Atomic Model and Structure Statistics Database","amadis","","2","False","0.0","edit_dist=2","0.8","HIGH"
"MBPA","Mouse Brain Proteome Atlas","mbgd","microbial genome database for comparative analysis","2","False","0.6578947368421053","edit_dist=2","0.8","HIGH"
"SoyCSN","Soybean Context-Specific Network","soyfn","","2","False","0.0","edit_dist=2","0.8","HIGH"
"CEDAT","Complex Emergency Database","cega","conserved elements from genomic alignments","2","False","0.5882352941176471","edit_dist=2","0.8","HIGH"
"HPTT","Helicobacter pylori Tracking Tool","hpo","the human phenotype ontology project","2","False","0.6086956521739131","edit_dist=2","0.8","HIGH"
"COSORE","Continuous Soil Respiration Database","core","","2","False","0.0","edit_dist=2","0.8","HIGH"
"HuPSON","Human Physiology Simulation Ontology","hupho","human phosphatase portal","2","False","0.5666666666666667","edit_dist=2","0.8","HIGH"
"TAED","The Adaptive Evolution Database","tardb","","2","False","0.0","edit_dist=2","0.8","HIGH"
"SAliBASE","Simulated Alignment Database","salmobase","","2","False","0.0","edit_dist=2","0.8","HIGH"
"MENGO","Methane Network Gene Ontology","menda","","2","False","0.0","edit_dist=2","0.8","HIGH"
"JCGA","Japanese Cancer Genome Atlas","jcdb","curcas database","2","False","0.5581395348837209","edit_dist=2","0.8","HIGH"
"CCDBT","Collaborative Chemistry Database Tool","ccds","consensus coding sequence","2","False","0.41935483870967744","edit_dist=2","0.8","HIGH"
"ENSAT","ENSAT Adrenal Cancer Registry","ena","european nucleotide archive","2","False","0.6428571428571429","edit_dist=2","0.8","HIGH"
"PFR²","PFR²","pfam","the protein families database","2","False","0.18181818181818182","edit_dist=2","0.8","HIGH"
"IMACS","Insertion Marker Collection of Sz. japonicus","impc","","2","False","0.0","edit_dist=2","0.8","HIGH"
"CR10","Cosmic Radiation Measurements Database","crn","cancer rna-seq nexus","2","False","0.5517241379310345","edit_dist=2","0.8","HIGH"
"MMV-db","MMV-db","mmdb","magnaporthe oryzae microsatellite database","2","False","0.16666666666666666","edit_dist=2","0.8","HIGH"
"GCD","GCD","gc4s","","2","False","0.0","edit_dist=2","0.8","HIGH"
"TCLP","TCLP","tcdb","the transporter classification database","2","False","0.18604651162790697","edit_dist=2","0.8","HIGH"
"PNC","Philadelphia Neurodevelopmental Cohort","pnrd","plant ncrna database","2","False","0.5172413793103449","edit_dist=2","0.8","HIGH"
"DADP","DADP","dato","","2","False","0.0","edit_dist=2","0.8","HIGH"
"ExAC","Exome Aggregation Consortium","exve","","2","False","0.0","edit_dist=2","0.8","HIGH"
"DRSASP","Dundee Resource for Sequence Analysis and Structure Prediction","dramp","data repository of antimicrobial peptides","2","False","0.6213592233009708","edit_dist=2","0.8","HIGH"
"YAAM","Yeast Amino Acid Modifications Database","yadamp","antimicrobial peptide database","2","False","0.6956521739130435","edit_dist=2","0.8","HIGH"
"DoCM","DoCM","dosa","database of structural alignments","2","False","0.21621621621621623","edit_dist=2","0.8","HIGH"
"EnchyBASE","Enchytraeus albidus Database","enzybase","","2","False","0.0","edit_dist=2","0.8","HIGH"
"Cric","Cric Cytology Image Database","crn","cancer rna-seq nexus","2","False","0.4166666666666667","edit_dist=2","0.8","HIGH"
"NURSA","Nuclear Receptor Signaling Atlas","nurbs","","2","False","0.0","edit_dist=2","0.8","HIGH"
"RegRNA","Regulatory RNA Platform","regene","regeneration gene database","2","False","0.5306122448979592","edit_dist=2","0.8","HIGH"
"GLAD","Gene List Annotation for Drosophila","glass","","2","False","0.0","edit_dist=2","0.8","HIGH"
"PCxN","Pathway Coexpression Network","pcd","pancreatic cancer database","2","False","0.6296296296296297","edit_dist=2","0.8","HIGH"
"BSE","Basis Set Exchange","bsrd","","2","False","0.0","edit_dist=2","0.8","HIGH"
"EWET","Echinococcus Genetic Analysis Collection","ewas","","2","False","0.0","edit_dist=2","0.8","HIGH"
"miRvar","miRvar","miriad","","2","False","0.0","edit_dist=2","0.8","HIGH"
"FishTEDB","Fish Transposable Elements Database","fishdb","","2","False","0.0","edit_dist=2","0.8","HIGH"
"CIDO","CIDO","cider","","2","False","0.0","edit_dist=2","0.8","HIGH"
"PvaxDB","Plasmodium vivax Structural Repository","pvtfdb","","2","False","0.0","edit_dist=2","0.8","HIGH"
"VirusMap","Influenza A Virus Visualization Database","virusms","","2","False","0.0","edit_dist=2","0.8","HIGH"
"ImmPort","Immune Pathways Resource","immusort","","2","False","0.0","edit_dist=2","0.8","HIGH"
"GDB-13","Chemical Universe Database","gdb17","","2","False","0.0","edit_dist=2","0.8","HIGH"
"MCIC","MCIC","mcg","maize cell genomics","2","False","0.34782608695652173","edit_dist=2","0.8","HIGH"
"BAO","BioAssay Ontology","bard","bioassay research database","2","False","0.46511627906976744","edit_dist=2","0.8","HIGH"
"FERN","Fern Ethnomedicinal Plant Database","fed","fusion events database","2","False","0.6428571428571429","edit_dist=2","0.8","HIGH"
"ANNA","Angiosperm NLR Atlas","andb","areca nut database","2","False","0.5263157894736842","edit_dist=2","0.8","HIGH"
"UniCarb-DB","UniCarb Database","unicarbkb","","2","False","0.0","edit_dist=2","0.8","HIGH"
"PsORF","Plant Small ORF Database","psrn","plant stress rna-seq nexus","2","False","0.56","edit_dist=2","0.8","HIGH"
"EUAdb","COVID-19 Test Database","eul1db","","2","False","0.0","edit_dist=2","0.8","HIGH"
"HVP","Human Variome Project","hvdb","","2","False","0.0","edit_dist=2","0.8","HIGH"
"GenoLIB","Genomic Library Database","genelab","","2","False","0.0","edit_dist=2","0.8","HIGH"
"Pheno4J","Gene to Phenotype Graph Database","phenom","phenomics of yeast mutants","2","False","0.6206896551724138","edit_dist=2","0.8","HIGH"
"TPW","Transcriptional Pharmacodynamics Workbench","tpia","tea plant information archive","2","False","0.676056338028169","edit_dist=2","0.8","HIGH"
"GlyCosmos","GlyCosmos Portal","glycomob","","2","False","0.0","edit_dist=2","0.8","HIGH"
"CroCo","Cross-species Conservation of context-specific networks","credo","","2","False","0.0","edit_dist=2","0.8","HIGH"
"TCSBN","TCSBN","tcdb","the transporter classification database","2","False","0.22727272727272727","edit_dist=2","0.8","HIGH"
"NCAA-DB","Noncoded Amino Acids Database","ncrna-db","","2","False","0.0","edit_dist=2","0.8","HIGH"
"MAIC","Multi-omics Analysis of Immune-mediated Critical Illness","maps","medicinal plant activities","2","False","0.5853658536585366","edit_dist=2","0.8","HIGH"
"LIVE NFLX II","Quality of Experience Video Database","live-nflx-ii","","2","False","0.0","edit_dist=2","0.8","HIGH"
"DARC","Database of Aligned Ribosomal Complexes","dato","","2","False","0.0","edit_dist=2","0.8","HIGH"
"miRDeathDB","miRDeathDB","mirpathdb","mirna pathway dictionary database","2","False","0.46511627906976744","edit_dist=2","0.8","HIGH"
"ODIN","ODIN biocuration database","odiac","open-source data inventory for anthropogenic co2","2","False","0.547945205479452","edit_dist=2","0.8","HIGH"
"DCB","Drug Cell-line Browser","dcgo","","2","False","0.0","edit_dist=2","0.8","HIGH"
"ExoceRNA","Exosome Competing Endogenous RNA Atlas","exocarta","","2","False","0.0","edit_dist=2","0.8","HIGH"
"PSIMR","PSI:Biology-materials repository","psmir","","2","False","0.0","edit_dist=2","0.8","HIGH"
"STEC","Shigatox E. coli Collection","stab","spatio-temporal cell atlas of the human brain","2","False","0.5555555555555556","edit_dist=2","0.8","HIGH"
"HVPC","Human Virome Protein Cluster Database","hvdb","","2","False","0.0","edit_dist=2","0.8","HIGH"
"BSMC","Bristol Sponge Microbiome Collection","bsrd","","2","False","0.0","edit_dist=2","0.8","HIGH"
"NCIA","Non-Covalent Interactions Atlas","ncro","the non-coding rna ontology","2","False","0.6551724137931034","edit_dist=2","0.8","HIGH"
"PHDB","Protein Half-life Database","phin","protein pharmacology interaction network database","2","False","0.5866666666666667","edit_dist=2","0.8","HIGH"
"STEP","Safety and Toxicity of Excipients for Paediatrics","stab","spatio-temporal cell atlas of the human brain","2","False","0.6808510638297872","edit_dist=2","0.8","HIGH"
"FGX","Functional Genomics eXplorer","fgdb","fsh glycans database","2","False","0.4583333333333333","edit_dist=2","0.8","HIGH"
"LegumeGRP","Legume Genome Resources Platform","legumeip","","2","False","0.0","edit_dist=2","0.8","HIGH"
"READ DB","RNA Binding Protein Expression and Disease Dynamics Database","redidb","","2","False","0.0","edit_dist=2","0.8","HIGH"
"HTAN","Human Tumor Atlas Network","htd","transporter database","2","False","0.5777777777777777","edit_dist=2","0.8","HIGH"
"HARP","Hansen's Disease Resistance Pathway Database","hagr","human ageing genomic resources","2","False","0.5135135135135135","edit_dist=2","0.8","HIGH"
"TeSS","Training eSupport System","texas","human tissue-specific exposome atlas","2","False","0.6","edit_dist=2","0.8","HIGH"
"BIII","Bioimage Informatics Index","bigg","","2","False","0.0","edit_dist=2","0.8","HIGH"
"BRM","Bioinformatics Resource Manager","brad","brassica database","2","False","0.5","edit_dist=2","0.8","HIGH"
"GlyMap","Glycogene Mutation Map","glymdb","glycan microarray database","2","False","0.5833333333333334","edit_dist=2","0.8","HIGH"
"Greengenes","Greengenes Taxonomy Database","graingenes","genome specific primers","2","False","0.5098039215686274","edit_dist=2","0.8","HIGH"
"IBP","India Biodiversity Portal","ibin","insect barcode","2","False","0.5641025641025641","edit_dist=2","0.8","HIGH"
"Phenopolis","Phenotype-Genotype Database","phenopsis","","2","False","0.0","edit_dist=2","0.8","HIGH"
"CLIPS","Clinical Trial Protocol Retrieval System","clipdb","","2","False","0.0","edit_dist=2","0.8","HIGH"
"GMGM","Genomic Markers and Genome Maps","gmtv","genome-wide mycobacterium tuberculosis variation","2","False","0.6329113924050633","edit_dist=2","0.8","HIGH"
"TransPortal","Transporter Portal","transportdb","","2","False","0.0","edit_dist=2","0.8","HIGH"
"EGTC","Exchangeable Gene Trap Clones Database","egob","eukaryotic gene order browser","2","False","0.5373134328358209","edit_dist=2","0.8","HIGH"
"GeMSE","Genomic Multi-Scale Explorer","gemma","","2","False","0.0","edit_dist=2","0.8","HIGH"
"DFVF","DFVF","dfl","fish library","2","False","0.125","edit_dist=2","0.8","HIGH"
"NeuroGT","Neurogenic Tagging Atlas","neurogem","","2","False","0.0","edit_dist=2","0.8","HIGH"
"AuxV","AuxV","aura","atlas of utr regulatory activity","2","False","0.16666666666666666","edit_dist=2","0.8","HIGH"
"PTGL","Protein Topology Graph Library","ptid","pesticide-target interaction database","2","False","0.47761194029850745","edit_dist=2","0.8","HIGH"
"DCMP","Database of Cancer Mutant Protein Domains","dcgo","","2","False","0.0","edit_dist=2","0.8","HIGH"
"PHDB","Protein Homeostasis Database","phin","protein pharmacology interaction network database","2","False","0.6493506493506493","edit_dist=2","0.8","HIGH"
"BraMRS","Brassica rapa microRNA System","brains","brain images of normal subjects","2","False","0.7","edit_dist=2","0.8","HIGH"
"TM-MC","Traditional Medicine Materials and Compounds","tmrec","","2","False","0.0","edit_dist=2","0.8","HIGH"
"sAOP","Systems Adverse Outcome Pathway","savi","synthetically accessible virtual inventory","2","False","0.6575342465753424","edit_dist=2","0.8","HIGH"
"CausalTAB","Causal Interaction Format","causaldb","","2","False","0.0","edit_dist=2","0.8","HIGH"
"GREAT","Genome Regulatory Architecture Tools","greg","the gene regulation graph database","2","False","0.6857142857142857","edit_dist=2","0.8","HIGH"
"miRFANs","MicroRNA Function Annotation System","mirtrans","","2","False","0.0","edit_dist=2","0.8","HIGH"
"SEA","Super-Enhancer Archive","sedb","comprehensive human super-enhancer database","2","False","0.676923076923077","edit_dist=2","0.8","HIGH"
"JCGGDB","Japan Glycobiology Database","jcdb","curcas database","2","False","0.5238095238095238","edit_dist=2","0.8","HIGH"
"ToxoDB","Toxoplasma Genomics Database","topdb","topology data bank of transmembrane proteins","2","False","0.6944444444444444","edit_dist=2","0.8","HIGH"
"PATRN","Pathogen-Annotated Tracking Resource Network","patric","center","2","False","0.24","edit_dist=2","0.8","HIGH"
"IMG","Integrated Microbial Genomes database","impc","","2","False","0.0","edit_dist=2","0.8","HIGH"
"A2ID","Aromatic-Aromatic Interactions Database","a2mdb","aspergillus secondary metabolites database","2","False","0.6419753086419753","edit_dist=2","0.8","HIGH"
"MFGA","Male Fertility Gene Atlas","mfib","mutual folding induced by","2","False","0.6","edit_dist=2","0.8","HIGH"
"topPTM","Topology Post-Translational Modifications","toppr","the online protein processing resource","2","False","0.5822784810126582","edit_dist=2","0.8","HIGH"
"CDEK","Clinical Drug Experience Knowledgebase","cdd","conserved domain database","2","False","0.5396825396825397","edit_dist=2","0.8","HIGH"
"HIPPIE","Human Integrated Protein-Protein Interaction rEference","hippdb","","2","False","0.0","edit_dist=2","0.8","HIGH"
"GABC","Genome Atlas for Breast Cancer","gaad","gene and autoimmiune disease association database","2","False","0.6075949367088608","edit_dist=2","0.8","HIGH"
"SR4R","SNP Resource for Rice","srd","staphylococcal regulatory rna database","2","False","0.576271186440678","edit_dist=2","0.8","HIGH"
"ComPIL","Comprehensive Metaproteomics Database","comppi","","2","False","0.0","edit_dist=2","0.8","HIGH"
"ConsRM","Conserved RNA Methylation Sites Collection","consurf","","2","False","0.0","edit_dist=2","0.8","HIGH"
"BioCyc","Biocyc Database Collection","bionic","","2","False","0.0","edit_dist=2","0.8","HIGH"
"PACSY","Protein And Chemical Shift Database","pass","","2","False","0.0","edit_dist=2","0.8","HIGH"
"HSDB","Horse SNP and Expression Database","hspmdb","","2","False","0.0","edit_dist=2","0.8","HIGH"
"DFAST","Database for Annotation and Genome Analysis","dfam","","2","False","0.0","edit_dist=2","0.8","HIGH"
"SIDER","Side Effect Resource Database","sidd","","2","False","0.0","edit_dist=2","0.8","HIGH"
"Pathos","Pathway Visualization System","patlas","","2","False","0.0","edit_dist=2","0.8","HIGH"
"TraV","Transcriptome Browser","tric","","2","False","0.0","edit_dist=2","0.8","HIGH"
"ChemProps","Chemical Properties Database","chemprot","","2","False","0.0","edit_dist=2","0.8","HIGH"
"ABIDE","Autism Brain Imaging Data Exchange","abcd","for antibodies chemically defined","2","False","0.6268656716417911","edit_dist=2","0.8","HIGH"
"PRISM","protein-protein interactions repository","prid","predicted rat interactome database","2","False","0.6027397260273972","edit_dist=2","0.8","HIGH"
"SMID","Socio-Moral Image Database","smal","spontaneous mutation accumulation lines","2","False","0.6153846153846154","edit_dist=2","0.8","HIGH"
"NiDB","Neuroinformatics Database","nifh","","2","False","0.0","edit_dist=2","0.8","HIGH"
"ANAP","Arabidopsis Network Analysis Portal","andb","areca nut database","2","False","0.5660377358490566","edit_dist=2","0.8","HIGH"
"WGE","CRISPR Genome Engineering Database","wgvd","wheat genome variation database","2","False","0.676923076923077","edit_dist=2","0.8","HIGH"
"PlantNE","plant biomass database","planmine","","2","False","0.0","edit_dist=2","0.8","HIGH"
"Vaxjo","vaccine adjuvant database","vaxar","","2","False","0.0","edit_dist=2","0.8","HIGH"
"PH²","dermoscopic image database","phin","protein pharmacology interaction network database","2","False","0.6133333333333333","edit_dist=2","0.8","HIGH"
"Spfy","Specify database","spar","small rna-seq portal for analysis of sequencing","2","False","0.4444444444444444","edit_dist=2","0.8","HIGH"
"PAIR","Predicted Arabidopsis Interactome Resource","pasmir","","2","False","0.0","edit_dist=2","0.8","HIGH"
"BioFNet","Biological Functional Network Database","biomenet","","2","False","0.0","edit_dist=2","0.8","HIGH"
"ForC","Forest Carbon database","foam","functional ontology assignments for metagenomes","2","False","0.4927536231884058","edit_dist=2","0.8","HIGH"
"MedGen","Medical Genetics Portal","melgene","","2","False","0.0","edit_dist=2","0.8","HIGH"
"BASS","Bicolor Affective Silhouettes and Shapes","bard","bioassay research database","2","False","0.6060606060606061","edit_dist=2","0.8","HIGH"
"RR3DD","RNA 3D structural classification Database","rrdb","rna-rna docking benchmark","2","False","0.5151515151515151","edit_dist=2","0.8","HIGH"
"dbCRY","Cryptochrome Database","dbcns","","2","False","0.0","edit_dist=2","0.8","HIGH"
"ADMETlab","ADMET Laboratory Platform","admetsar","","2","False","0.0","edit_dist=2","0.8","HIGH"
"VIRGO","Visualization of RNA editing sites in Genomic sequences","virdb","vitiligo information resource","2","False","0.6190476190476191","edit_dist=2","0.8","HIGH"
"WoRMS","World Register of Marine Species","wom","","2","False","0.0","edit_dist=2","0.8","HIGH"
"BioNØT","Biomedical Negated sentences database","bionic","","2","False","0.0","edit_dist=2","0.8","HIGH"
"WGDB","Wood Gene Database","wgvd","wheat genome variation database","2","False","0.6938775510204082","edit_dist=2","0.8","HIGH"
"sdAb-DB","Single Domain Antibody Database","sdadb","","2","False","0.0","edit_dist=2","0.8","HIGH"
"CooVar","Co-occurring Variant database","coolr","cooperative open online landslide repository","2","False","0.547945205479452","edit_dist=2","0.8","HIGH"
"IDAAPM","ADMET Adverse Effects Database","idpm","ion distribution in protein molecules","2","False","0.47761194029850745","edit_dist=2","0.8","HIGH"
"MDMPR","Mouse Developmental and Metabolic Phenotype Repository","mdr","","2","False","0.0","edit_dist=2","0.8","HIGH"
"ConnecTF","Connect Transcription Factors","collectf","","2","False","0.0","edit_dist=2","0.8","HIGH"
"snoDB","snoRNA Database","snpdbe","","2","False","0.0","edit_dist=2","0.8","HIGH"
"RTFBSDB","Transcription Factor Binding Site Database","rtfadb","","2","False","0.0","edit_dist=2","0.8","HIGH"
"mTFkb","Mouse Transcription Factors Knowledgebase","mtb","mouse tumor biology database","2","False","0.6956521739130435","edit_dist=2","0.8","HIGH"
"MAPKDB","MAP Kinase Database","mavedb","","2","False","0.0","edit_dist=2","0.8","HIGH"
"MedNar","Medical Deep Web Database","medas","metazoan developmental alternative splicing database","2","False","0.5714285714285714","edit_dist=2","0.8","HIGH"
"PlantMP","Plant Moonlighting Proteins Database","plantafp","","2","False","0.0","edit_dist=2","0.8","HIGH"
"KGD","Kiwifruit Genome Database","kgvdb","","2","False","0.0","edit_dist=2","0.8","HIGH"
"CFCD","Czech Food Composition Database","cfgp","comparative fungal genomics platform","2","False","0.6567164179104478","edit_dist=2","0.8","HIGH"
"CCMRD","Carbohydrate NMR Database","ccmgdb","cancer cell metabolism gene database","2","False","0.6557377049180327","edit_dist=2","0.8","HIGH"
"PolyTB","Tuberculosis Genomic Variation Map","polyq","","2","False","0.0","edit_dist=2","0.8","HIGH"
"ImmuneDB","Adaptive Immune Receptor Database","immunet","","2","False","0.0","edit_dist=2","0.8","HIGH"
"MIGREW","Wheat Resistance Genes Database","mirex","","2","False","0.0","edit_dist=2","0.8","HIGH"
"MDAD","Microbe-Drug Association Database","mdb","","2","False","0.0","edit_dist=2","0.8","HIGH"
"GPCRmd","GPCR Molecular Dynamics Database","gpcrdb","","2","False","0.0","edit_dist=2","0.8","HIGH"
"BIONDA","Biomarker Database","bind","biomolecular interaction network database","2","False","0.6101694915254238","edit_dist=2","0.8","HIGH"
"CASTp","computed atlas of surface topography of proteins","camp","collection of antimicrobial peptide","2","False","0.6265060240963856","edit_dist=2","0.8","HIGH"
"dbWFA","Wheat Functional Annotation Database","dbwgfp","","2","False","0.0","edit_dist=2","0.8","HIGH"
"HumiR","human microRNA databases","huma","analysis","2","False","0.375","edit_dist=2","0.8","HIGH"
"MGOS","Magnaporthe oryzae annotation database","mgi","mouse genome informatics","2","False","0.5483870967741935","edit_dist=2","0.8","HIGH"
"GCDB","Glaucomatous Chemogenomics Database","gc4s","","2","False","0.0","edit_dist=2","0.8","HIGH"
"ODFM","Omics Data from Fermented Foods Microorganisms","odcs","orphan disease connections","2","False","0.6111111111111112","edit_dist=2","0.8","HIGH"
"HRRD","HPV-RNA Regulatory Database","hrap","","2","False","0.0","edit_dist=2","0.8","HIGH"
"NDDN","Neuroinformation Database for Developing Networks","ndb","nucleome data bank","2","False","0.5074626865671642","edit_dist=2","0.8","HIGH"
"ACToR","Aggregated Computational Toxicology Resource","acsr","aids and cancer specimen resource","2","False","0.6493506493506493","edit_dist=2","0.8","HIGH"
"COSMOS","COSMOS","cosmic","the catalogue of somatic mutations in cancer","2","False","0.24","edit_dist=2","0.8","HIGH"
"IMPACT","Integrating Molecular Profiles with Actionable Cancer Therapeutics","impc","","2","False","0.0","edit_dist=2","0.8","HIGH"
"SAMT","South Australian Macrobenthic Traits Database","savi","synthetically accessible virtual inventory","2","False","0.6666666666666666","edit_dist=2","0.8","HIGH"
"CellMiner","CellMiner","cellfinder","","2","False","0.0","edit_dist=2","0.8","HIGH"
"STEPdb","Subcellular Topologies of E. coli Polypeptides Database","stagdb","","2","False","0.0","edit_dist=2","0.8","HIGH"
"COMODI","Computational Model Differences Ontology","commode","","2","False","0.0","edit_dist=2","0.8","HIGH"
"IMDI","Integrated Molecular Database on Indian Insects","impc","","2","False","0.0","edit_dist=2","0.8","HIGH"
"CSTEA","Cell State Transition Expression Atlas","csa","catalytic site atlas","2","False","0.6206896551724138","edit_dist=2","0.8","HIGH"
"PROTICdb","Proteomic Database","protac-db","","2","False","0.0","edit_dist=2","0.8","HIGH"
"AVIA","Annotation and Visualization of Integrated Analysis","avimm","avian immunome db","2","False","0.38235294117647056","edit_dist=2","0.8","HIGH"
"CGAP","Chloroplast Genome Analysis Platform","cgob","candida gene order browser","2","False","0.5483870967741935","edit_dist=2","0.8","HIGH"
"RepetDB","Repetitive Element Database","repeatsdb","","2","False","0.0","edit_dist=2","0.8","HIGH"
"GeneCaRNA","Gene-centric RNA Database","genecards","human integrated protein expression database","2","False","0.6376811594202898","edit_dist=2","0.8","HIGH"
"CREST","Classification Resources for Environmental Sequence Tags","crustf","","2","False","0.0","edit_dist=2","0.8","HIGH"
"ANSH","Alzheimer Neuroimaging Spectroscopic Hub","andb","areca nut database","2","False","0.4482758620689655","edit_dist=2","0.8","HIGH"
"CFam","Chemical Families Database","cfgp","comparative fungal genomics platform","2","False","0.6129032258064516","edit_dist=2","0.8","HIGH"
"efam","Expanded Metaproteome-Supported HMM Profile Database","efg","electronic resource for fusarium graminearum","2","False","0.6041666666666666","edit_dist=2","0.8","HIGH"
"virusMED","Viral Protein Hotspots Atlas","virusms","","2","False","0.0","edit_dist=2","0.8","HIGH"
"NeuroPAL","Neuronal Polychromatic Atlas of Landmarks","neuropep","","2","False","0.0","edit_dist=2","0.8","HIGH"
"CLC2","Cancer LncRNA Census","cld","chinese lexical database","2","False","0.5454545454545454","edit_dist=2","0.8","HIGH"
"BioR","Biological Reference Repository","bigg","","2","False","0.0","edit_dist=2","0.8","HIGH"
"IPCT","Integrated Pharmacogenomic Platform of Cancer Tissues","ipad","integrated pathway analysis database for systematic enrichment analysis","2","False","0.6774193548387096","edit_dist=2","0.8","HIGH"
"DMTO","Diabetes Mellitus Treatment Ontology","dmd","dietary microrna databases","2","False","0.6129032258064516","edit_dist=2","0.8","HIGH"
"FusionHub","Gene Fusion Hub","fusiongdb","fusion gene annotation database","2","False","0.5652173913043478","edit_dist=2","0.8","HIGH"
"dbTMM","Tohoku Medical Megabank Database","dbatm","animal transcriptome map","2","False","0.6071428571428571","edit_dist=2","0.8","HIGH"
"CMTTdb","Cancer Molecular Targeted Therapy Database","cmvdb","cytomegalovirus infection database","2","False","0.6578947368421053","edit_dist=2","0.8","HIGH"
"FuncPEP","Functional Peptide Database","funcoup","","2","False","0.0","edit_dist=2","0.8","HIGH"
"BioTIME","biodiversity time series database","bioimg","","2","False","0.0","edit_dist=2","0.8","HIGH"
"CATCHR","Catalog of Assets for Translational and Clinical Health Research","cath","","2","False","0.0","edit_dist=2","0.8","HIGH"
"CEEDER","evidence reviews database","cendr","elegans natural diversity resource","2","False","0.6779661016949152","edit_dist=2","0.8","HIGH"
"CGHub","Cancer Genomics Hub","cgob","candida gene order browser","2","False","0.6222222222222222","edit_dist=2","0.8","HIGH"
"ProMEX","mass spectral reference database for plant proteomics","prime","","2","False","0.0","edit_dist=2","0.8","HIGH"
"GenDiS","protein domain superfamilies database","gendr","","2","False","0.0","edit_dist=2","0.8","HIGH"
"RVDB","Reference Viral Database","rvs","","2","False","0.0","edit_dist=2","0.8","HIGH"
"ANGI","Anorexia Nervosa Genetics Initiative","andb","areca nut database","2","False","0.5185185185185185","edit_dist=2","0.8","HIGH"
"IRAM","virus capsid database","ird","influenza research database","2","False","0.6666666666666666","edit_dist=2","0.8","HIGH"
"PamulDB","Pasteurella multocida genomic resource database","pamirdb","","2","False","0.0","edit_dist=2","0.8","HIGH"
"TREND","retinal images database","trex","","2","False","0.0","edit_dist=2","0.8","HIGH"
"Circbank","comprehensive circRNA database","circbase","","2","False","0.0","edit_dist=2","0.8","HIGH"
"CFC","Cystic Fibrosis Cloud Database","cfgp","comparative fungal genomics platform","2","False","0.6060606060606061","edit_dist=2","0.8","HIGH"
"UniCorn","theoretical N-glycan structure database","unicarb","","2","False","0.0","edit_dist=2","0.8","HIGH"
"CUBAP","Codon Usage Bias Analysis Portal","cuas","","2","False","0.0","edit_dist=2","0.8","HIGH"
"DIPOS","Database of Interacting Proteins in Oryza Sativa","divas","","2","False","0.0","edit_dist=2","0.8","HIGH"
"IMEx","International Molecular Exchange","impc","","2","False","0.0","edit_dist=2","0.8","HIGH"
"BFDb","BioFragment Database","bfgr","biofuel feedstock genomics resource","2","False","0.509090909090909","edit_dist=2","0.8","HIGH"
"dGCR","Database of Gene Co-Regulation","dgva","","2","False","0.0","edit_dist=2","0.8","HIGH"
"lncSLdb","Long Non-Coding RNA Subcellular Localization Database","lncedb","","2","False","0.0","edit_dist=2","0.8","HIGH"
"DMAK","DNA Methylation Annotation Knowledgebase","dmd","dietary microrna databases","2","False","0.6363636363636364","edit_dist=2","0.8","HIGH"
"RSIADB","Rhizoctonia Solani Integrated Analysis Database","rsvdb","","2","False","0.0","edit_dist=2","0.8","HIGH"
"IsopiRBank","Isoform piRNA Bank","isomir bank","","2","False","0.0","edit_dist=2","0.8","HIGH"
"oTAED","Omega-Transaminase Engineering Database","otd","oomycete transcriptomics database","2","False","0.6666666666666666","edit_dist=2","0.8","HIGH"
"BioUML","Biological Universal Modeling Language","bioimg","","2","False","0.0","edit_dist=2","0.8","HIGH"
"tcTKB","Targeted Cancer Toxicity Knowledge Base","tcdb","the transporter classification database","2","False","0.6923076923076923","edit_dist=2","0.8","HIGH"
"YeasTSS","Yeast Transcription Start Site Database","yeastip","","2","False","0.0","edit_dist=2","0.8","HIGH"
"MitiGate","Mitigation Gateway Database","mirgate","","2","False","0.0","edit_dist=2","0.8","HIGH"
"ToxicoDB","Toxicogenomics Database","toxindb","","2","False","0.0","edit_dist=2","0.8","HIGH"
"Ewé","Ethnobotanical Database","ewas","","2","False","0.0","edit_dist=2","0.8","HIGH"
"UCbase","Ultraconserved Sequences Database","ucnebase","","2","False","0.0","edit_dist=2","0.8","HIGH"
"RegaDB","RegaDB","renaldb","","2","False","0.0","edit_dist=2","0.8","HIGH"
"IMGT","ImMunoGeneTics information system","impc","","2","False","0.0","edit_dist=2","0.8","HIGH"
"BIOPYDB","Biochemical Pathway Database","biopepdb","","2","False","0.0","edit_dist=2","0.8","HIGH"
"PTEE","Phenotype-Tissue Expression and Exploration Resource","ptid","pesticide-target interaction database","2","False","0.5842696629213483","edit_dist=2","0.8","HIGH"
"QuIN","Chromatin Interaction Network Query Server","quad","the quantitative assay database","2","False","0.5753424657534246","edit_dist=2","0.8","HIGH"
"IMG","Integrated Microbial Genomes Database","impc","","2","False","0.0","edit_dist=2","0.8","HIGH"
"DEG","Database of Essential Genes","deer","","2","False","0.0","edit_dist=2","0.8","HIGH"
"BioSD","BioSample Database","bind","biomolecular interaction network database","2","False","0.5423728813559322","edit_dist=2","0.8","HIGH"
"DREIMT","Drug Repositioning for Immunomodulation Therapy","dream","drug response gene expression associated map","2","False","0.6373626373626373","edit_dist=2","0.8","HIGH"
"ATAV","ATAV","atd","autophagy to disease","2","False","0.25","edit_dist=2","0.8","HIGH"
"Ligandbook","Ligand Force Field Repository","ligandbox","","2","False","0.0","edit_dist=2","0.8","HIGH"
"MiRGator","MicroRNA Integrative Gateway","mirgate","","2","False","0.0","edit_dist=2","0.8","HIGH"
"RMgmDB","Rodent Malaria Genetically Modified Database","rmdb","mapping database","2","False","0.4666666666666667","edit_dist=2","0.8","HIGH"
"HASP","Hemagglutinin Structural Visualization Database","hagr","human ageing genomic resources","2","False","0.6233766233766234","edit_dist=2","0.8","HIGH"
"MorphDB","Morphology Database","morusdb","morus genome database","2","False","0.7","edit_dist=2","0.8","HIGH"
"HydDB","Hydrogenase Database","hypodb","","2","False","0.0","edit_dist=2","0.8","HIGH"
"CPTAC","Clinical Proteomic Tumor Analysis Consortium Data Portal","cpad","curated protein aggregation database","2","False","0.6086956521739131","edit_dist=2","0.8","HIGH"
"Loqusdb","Local Observations Quantitative Database","lotus-db","","2","False","0.0","edit_dist=2","0.8","HIGH"
"MPIC","Molecular Prognostic Indicators in Cirrhosis","mpm","my personal mutanome","2","False","0.5","edit_dist=2","0.8","HIGH"
"NaPLeS","Natural Products Likeness Scorer","naps","nencki affective picture system","2","False","0.6349206349206349","edit_dist=2","0.8","HIGH"
"NewProt","New Protein Engineering Portal","nextprot","","2","False","0.0","edit_dist=2","0.8","HIGH"
"3DSwap","3D Domain Swapping Knowledgebase","3dsnp","","2","False","0.0","edit_dist=2","0.8","HIGH"
"MPIC","MPIC","mpm","my personal mutanome","2","False","0.16666666666666666","edit_dist=2","0.8","HIGH"
"HfwADB","Hawaiian Freshwater Algal Database","hfmdb","human fecal metabolome database","2","False","0.676923076923077","edit_dist=2","0.8","HIGH"
"HADA","Hereditary Angioedema Database","hamdb","human autophagy modulator database","2","False","0.6875","edit_dist=2","0.8","HIGH"
"DALIA","Disease Alleles in Arab Population","davie","","2","False","0.0","edit_dist=2","0.8","HIGH"
"CELL5M","Community Elevation and Land-use database for 5-minute grid cells","cellx","cell index database","2","False","0.42857142857142855","edit_dist=2","0.8","HIGH"
"DAWN","Diversity Among Wheat geNomes","dato","","2","False","0.0","edit_dist=2","0.8","HIGH"
"INSDC","International Nucleotide Sequence Database Collaboration","intdb","","2","False","0.0","edit_dist=2","0.8","HIGH"
"NOD","New use of Old Drugs","norm","","2","False","0.0","edit_dist=2","0.8","HIGH"
"CanDL","Cancer Driver Log","cangs","analyzing next generation sequences database","2","False","0.4262295081967213","edit_dist=2","0.8","HIGH"
"UCSC","University of California Santa Cruz Ebola Portal","ucdb","ulcerative colitis database","2","False","0.6666666666666666","edit_dist=2","0.8","HIGH"
"ReCCaP","Repository for Caribbean Cancer Publications","remap","","2","False","0.0","edit_dist=2","0.8","HIGH"
"GTDB","GlycosylTransferase DataBase","gtrd","gene transcription regulation database","2","False","0.6666666666666666","edit_dist=2","0.8","HIGH"
"iMonDB","Instrument Monitoring Database","imtrdb","","2","False","0.0","edit_dist=2","0.8","HIGH"
"JED","Japan Endoscopy Database","jet2","","2","False","0.0","edit_dist=2","0.8","HIGH"
"OncoPaD","Oncology Panel Designer","oncoppi","","2","False","0.0","edit_dist=2","0.8","HIGH"
"cRFP","Common Repository of Fetal Bovine Serum Proteins","craft","annotated","2","False","0.24561403508771928","edit_dist=2","0.8","HIGH"
"CiteAb","Antibody Citation Database","cipemab","","2","False","0.0","edit_dist=2","0.8","HIGH"
"SiESTa","Silene EST Annotation Database","sistr","salmonella in silico typing resource","2","False","0.6060606060606061","edit_dist=2","0.8","HIGH"
"IMID","Integrated Molecular Interaction Database","impc","","2","False","0.0","edit_dist=2","0.8","HIGH"
"dbCAN2","database of carbohydrate-active enzymes","dbcns","","2","False","0.0","edit_dist=2","0.8","HIGH"
"CUPP","Conserved Unique Peptide Patterns Platform","cuas","","2","False","0.0","edit_dist=2","0.8","HIGH"
"THE-DB","Threading Model Database","thrsdb","thai rice starch database","2","False","0.6530612244897959","edit_dist=2","0.8","HIGH"
"canSAR","Cancer Structure Activity Relationships","canvas","cancer variation","2","False","0.5818181818181818","edit_dist=2","0.8","HIGH"
"IrGO","Iranian Traditional Medicine General Ontology","ird","influenza research database","2","False","0.5555555555555556","edit_dist=2","0.8","HIGH"
"EpiK","Epidemiological Knowledge Base","epd","eukaryotic promoter database","2","False","0.6206896551724138","edit_dist=2","0.8","HIGH"
"DCDB","Drug Combination Database","dcgo","","2","False","0.0","edit_dist=2","0.8","HIGH"
"LARMD","Ligand-Activated Receptor Molecular Dynamics Database","lamp","","2","False","0.0","edit_dist=2","0.8","HIGH"
"IsAProteinDB","Indexed Database of Trypsinized Proteins","ndb","nucleome data bank","9","True","0.4482758620689655","contains","0.6","MEDIUM"
"PvP01-DB","Plasmodium vivax P01 Database","pvp01","","3","True","0.0","contains","0.6","MEDIUM"
"miRBase Tracker","microRNA Base Tracker","rac","repository of antibiotic resistance cassettes","12","True","0.5454545454545454","contains","0.6","MEDIUM"
"BambooGDB SSR","Bamboo Genome Microsatellite Database","bamboogdb","","4","True","0.0","contains","0.6","MEDIUM"
"Dark Proteome Database","Dark Proteome Database","database","database","14","True","0.5333333333333333","contains","0.6","MEDIUM"
"RA-map","Rheumatoid Arthritis Interactive Knowledge Base","map","microrna analysis portal","3","True","0.5915492957746479","contains","0.6","MEDIUM"
"LipidBlast","LipidBlast Mass Spectrometry Database","pid","plant intron database","7","True","0.6206896551724138","contains","0.6","MEDIUM"
"PlantPepDB","Plant Peptide Database","epd","eukaryotic promoter database","7","True","0.68","contains","0.6","MEDIUM"
"GreenCut2","GreenCut2 Protein Inventory","greenc","non-coding database","3","True","0.4782608695652174","contains","0.6","MEDIUM"
"Clinical Next-Generation Sequencing Database","Clinical Next-Generation Sequencing Database","database","database","36","True","0.3076923076923077","contains","0.6","MEDIUM"
"Core HTA","Health Technology Assessment Core Model","core","","4","True","0.0","contains","0.6","MEDIUM"
"EFG Database","Electric Field Gradient Database","efg","electronic resource for fusarium graminearum","9","True","0.631578947368421","contains","0.6","MEDIUM"
"RegenDbase","Regeneration Database","endb","","6","True","0.0","contains","0.6","MEDIUM"
"Dutch-English Cognates","Dutch-English Cognates Database","lis","legume information system","19","True","0.6071428571428571","contains","0.6","MEDIUM"
"Curatopes Melanoma","Curatopes Melanoma T-cell Epitope Database","oma","orthologous matrix","15","True","0.43333333333333335","contains","0.6","MEDIUM"
"Fault2SHA Central Apennines","Fault2SHA Central Apennines Database","pen","protein-gene expression nexus","24","True","0.5538461538461539","contains","0.6","MEDIUM"
"Skin Proteome Atlas","Human Skin Proteomic Atlas","atlas","altered tcr ligand affinities and structures","14","True","0.5428571428571428","contains","0.6","MEDIUM"
"CannabisGDB","Cannabis Sativa Genomic Database","sgd","saccharomyces genome database","8","True","0.6885245901639344","contains","0.6","MEDIUM"
"IKBKG LOVD","IKBKG Mutation Database","lovd","leiden open-source variation database","6","True","0.5666666666666667","contains","0.6","MEDIUM"
"ISOexpresso","ISOform expression database","expresso","","3","True","0.0","contains","0.6","MEDIUM"
"Methanogenic archaea database","Methanogenic Archaea Database","database","database","21","True","0.43243243243243246","contains","0.6","MEDIUM"
"International Doubly Labelled Water Database","International Doubly Labelled Water Database","database","database","36","True","0.3076923076923077","contains","0.6","MEDIUM"
"COMBREX-DB","COMBREX Database","combrex","acids","3","True","0.38095238095238093","contains","0.6","MEDIUM"
"SinEx DB","Single Exon Database","sinex","","3","True","0.0","contains","0.6","MEDIUM"
"World Asteroidea Database","World Asteroidea Database","database","database","17","True","0.48484848484848486","contains","0.6","MEDIUM"
"Southern Ocean Echinoids database","Southern Ocean Echinoids Database","database","database","25","True","0.3902439024390244","contains","0.6","MEDIUM"
"Animal QTLdb","Animal Quantitative Trait Locus database","ldb","lichen database","9","True","0.509090909090909","contains","0.6","MEDIUM"
"Rudolf Sturany Type Specimens Catalogue","Rudolf Sturany Type Specimens Catalogue","cata","chromatin accessibility database","35","True","0.647887323943662","contains","0.6","MEDIUM"
"SPARC DRC","SPARC Data Resource Center","spar","small rna-seq portal for analysis of sequencing","5","True","0.547945205479452","contains","0.6","MEDIUM"
"PeptideTracker","PeptideTracker Knowledge Base","rac","repository of antibiotic resistance cassettes","11","True","0.5405405405405406","contains","0.6","MEDIUM"
"Diaretinopathy database","Diabetic Retinopathy Gene Database","database","database","15","True","0.38095238095238093","contains","0.6","MEDIUM"
"University of Pennsylvania Integrated Neurodegenerative Disease Biobank","University of Pennsylvania Integrated Neurodegenerative Disease Biobank","pen","protein-gene expression nexus","68","True","0.5","contains","0.6","MEDIUM"
"SWGDRUG Mass Spectral Resource","SWGDRUG Mass Spectral Library Resource","gdr","genome database for rosaceae","27","True","0.6060606060606061","contains","0.6","MEDIUM"
"Barcode UK","UK DNA Barcoding Resource","cod","crystallography open database","7","True","0.5925925925925926","contains","0.6","MEDIUM"
"Personalized Cancer Therapy","Personalized Cancer Therapy Knowledge Base","hera","human enhancer rna atlas","23","True","0.5757575757575758","contains","0.6","MEDIUM"
"Regulatory Circuits","Tissue-Specific Regulatory Circuits Database","regulator","","10","True","0.0","contains","0.6","MEDIUM"
"antiSMASH-DB","antiSMASH Database","antismash","","3","True","0.0","contains","0.6","MEDIUM"
"Synapse Cutaneous NF","Cutaneous Neurofibroma Data Repository","naps","nencki affective picture system","16","True","0.6666666666666666","contains","0.6","MEDIUM"
"Frozen Zoo","Permafrost Sample Collection","fr","","8","True","0.0","contains","0.6","MEDIUM"
"MEGADOCK-Web","MEGADOCK Web database","megadock","","4","True","0.0","contains","0.6","MEDIUM"
"SysteMHC Atlas","Systems MHC Atlas","systemhc","","6","True","0.0","contains","0.6","MEDIUM"
"RettNDB","Rett Networked Database","ndb","nucleome data bank","4","True","0.6341463414634146","contains","0.6","MEDIUM"
"sncRNA Zoo","Small Noncoding RNA Zoo","crn","cancer rna-seq nexus","7","True","0.46511627906976744","contains","0.6","MEDIUM"
"DUB Database","Deubiquitylating Enzyme Database","database","database","4","True","0.4","contains","0.6","MEDIUM"
"Simple ClinVar","Simplified ClinVar Browser","clinvar","","7","True","0.0","contains","0.6","MEDIUM"
"Brachypodium T-DNA","Brachypodium T-DNA Collection","rac","repository of antibiotic resistance cassettes","15","True","0.5675675675675675","contains","0.6","MEDIUM"
"Fungal plant cell wall-degrading enzyme database","Fungal Plant Cell Wall-Degrading Enzyme Database","database","database","40","True","0.2857142857142857","contains","0.6","MEDIUM"
"Structure-Function Linkage Database","Structure-Function Linkage Database","database","database","27","True","0.37209302325581395","contains","0.6","MEDIUM"
"PDB-2-PB","Protein Data Bank to Protein Blocks","pdb","data bank","5","True","0.4090909090909091","contains","0.6","MEDIUM"
"Disease associated cytokine SNPs database","Cytokine SNPs Database","database","database","33","True","0.5333333333333333","contains","0.6","MEDIUM"
"Synapse JHU Biobank","Johns Hopkins Nerve Sheath Tumor Repository","naps","nencki affective picture system","15","True","0.6486486486486487","contains","0.6","MEDIUM"
"Peptaibiotics Database","Comprehensive Peptaibiotics Database","database","database","14","True","0.36363636363636365","contains","0.6","MEDIUM"
"ActDES","Actinobacterial Database for Evolutionary Studies","ctd","comparative toxicogenomics database","3","True","0.6904761904761905","contains","0.6","MEDIUM"
"FlyPrimerBank","Drosophila Primer Bank","prime","","8","True","0.0","contains","0.6","MEDIUM"
"Leukocyte Tracking Database","Leukocyte Tracking Database","rac","repository of antibiotic resistance cassettes","24","True","0.5555555555555556","contains","0.6","MEDIUM"
"BrainGraph","Brain Graph","rain","rna-protein association and interaction networks","6","True","0.2711864406779661","contains","0.6","MEDIUM"
"Mouse Brain Metabolome","Mouse Brain Metabolome Atlas","rain","rna-protein association and interaction networks","18","True","0.5263157894736842","contains","0.6","MEDIUM"
"IgE-mediated atopic diseases transcriptome collection","IgE-mediated atopic diseases transcriptome collection","diseases","","45","True","0.0","contains","0.6","MEDIUM"
"Wood-formation genes database","Wood-formation genes database","database","database","21","True","0.43243243243243246","contains","0.6","MEDIUM"
"CNV-disease database","CNV-disease database","database","database","12","True","0.5714285714285714","contains","0.6","MEDIUM"
"Reference databases for metagenomics","Reference databases for metagenomics","database","database","28","True","0.36363636363636365","contains","0.6","MEDIUM"
"DNPAO Data Trends and Maps","Division of Nutrition Physical Activity and Obesity Data Resource","maps","medicinal plant activities","22","True","0.5274725274725275","contains","0.6","MEDIUM"
"African Compounds","African Compounds","ican","institute collection and analysis of nanobodies","13","True","0.4375","contains","0.6","MEDIUM"
"LM-GlycomeAtlas","Lectin Microarray Glycome Atlas","atlas","altered tcr ligand affinities and structures","10","True","0.6133333333333333","contains","0.6","MEDIUM"
"Digital Kyoto Collection","Digital Kyoto Collection","digit","database of immunoglobulins with integrated tools","19","True","0.547945205479452","contains","0.6","MEDIUM"
"BrainLiner","Brain-Behavior Data Platform","rain","rna-protein association and interaction networks","6","True","0.5526315789473685","contains","0.6","MEDIUM"
"Dietary restriction gene network","Dietary restriction gene network","tric","","28","True","0.0","contains","0.6","MEDIUM"
"Magnaporthe oryzae microsatellite database","Magnaporthe oryzae microsatellite database","database","database","34","True","0.32","contains","0.6","MEDIUM"
"Monocyte transcriptome compendium","Monocyte transcriptome compendium","pen","protein-gene expression nexus","30","True","0.6129032258064516","contains","0.6","MEDIUM"
"CracidMex1","Cracid Distribution Database","rac","repository of antibiotic resistance cassettes","7","True","0.6027397260273972","contains","0.6","MEDIUM"
"eQTL Catalogue","eQTL Catalogue","eqtl","","10","True","0.0","contains","0.6","MEDIUM"
"VitisGDB","VitisGDB","sgd","saccharomyces genome database","5","True","0.2702702702702703","contains","0.6","MEDIUM"
"Salmonella enterica Pan-Genome Allele Database","Salmonella enterica Pan-Genome Allele Database","database","database","38","True","0.2962962962962963","contains","0.6","MEDIUM"
"Abasy Atlas","Abasy Atlas","atlas","altered tcr ligand affinities and structures","6","True","0.32727272727272727","contains","0.6","MEDIUM"
"Brain cancer gene database","Brain cancer gene database","rain","rna-protein association and interaction networks","22","True","0.5945945945945946","contains","0.6","MEDIUM"
"JET2 Viewer","JET2 Viewer","jet2","","7","True","0.0","contains","0.6","MEDIUM"
"Global database for neglected tropical diseases","Global database for neglected tropical diseases","diseases","","39","True","0.0","contains","0.6","MEDIUM"
"Open annotation ontology","Open annotation ontology","pen","protein-gene expression nexus","21","True","0.49056603773584906","contains","0.6","MEDIUM"
"Yeast interactome","Yeast interactome","rac","repository of antibiotic resistance cassettes","14","True","0.5161290322580645","contains","0.6","MEDIUM"
"Healthy Worm Database","Healthy Worm Database","database","database","13","True","0.5517241379310345","contains","0.6","MEDIUM"
"PlantcircBase","PlantcircBase","circbase","","5","True","0.0","contains","0.6","MEDIUM"
"Taiwan Cancer Map","Taiwan Cancer Atlas","map","microrna analysis portal","14","True","0.6511627906976745","contains","0.6","MEDIUM"
"United States Swine Pathogen Database","United States Swine Pathogen Database","database","database","29","True","0.35555555555555557","contains","0.6","MEDIUM"
"Imputability Database","SNP and Indel Imputability Database","database","database","13","True","0.37209302325581395","contains","0.6","MEDIUM"
"Soybean transporter database","Soybean transporter database","database","database","20","True","0.4444444444444444","contains","0.6","MEDIUM"
"ModelSEED Biochemistry Database","ModelSEED Biochemistry Database","mist","","27","True","0.0","contains","0.6","MEDIUM"
"Poaceae orphan genes database","Poaceae orphan genes database","database","database","21","True","0.43243243243243246","contains","0.6","MEDIUM"
"Personalized Cancer Therapy","Personalized Cancer Therapy Resource","hera","human enhancer rna atlas","23","True","0.6","contains","0.6","MEDIUM"
"Lichen metabolites database","Lichen metabolites database","database","database","19","True","0.45714285714285713","contains","0.6","MEDIUM"
"Clinical measurement ontologies","Clinical measurement ontologies","ment","methylation and expression database of","27","True","0.6666666666666666","contains","0.6","MEDIUM"
"PlantscRNAdb","PlantscRNAdb","crn","cancer rna-seq nexus","9","True","0.4375","contains","0.6","MEDIUM"
"Laccase Database","Fungal Laccase Genomics Platform","database","database","8","True","0.3","contains","0.6","MEDIUM"
"PhenCards","Phenotype Cards","card","comprehensive antibiotic resistance database","5","True","0.4406779661016949","contains","0.6","MEDIUM"
"Vegetable Phytochemicals Database","Database for Vegetable Phytochemicals","database","database","25","True","0.35555555555555557","contains","0.6","MEDIUM"
"Chr21 Catalog","Chromosome 21 Transcript Catalog","cata","chromatin accessibility database","9","True","0.65625","contains","0.6","MEDIUM"
"FoldAtlas","RNA Structure Probing Atlas","atlas","altered tcr ligand affinities and structures","4","True","0.676056338028169","contains","0.6","MEDIUM"
"ExCAPE-DB","ExCAPE-DB","pe-db","","4","True","0.0","contains","0.6","MEDIUM"
"ProfPPIdb","ProfPPIdb","pid","plant intron database","6","True","0.4","contains","0.6","MEDIUM"
"EAHAD factor VII variant database","EAHAD factor VII variant database","database","database","25","True","0.3902439024390244","contains","0.6","MEDIUM"
"TMC-SNPdb","Tata Memorial Centre SNP Database","pdb","data bank","6","True","0.38095238095238093","contains","0.6","MEDIUM"
"INFRAFRONTIER","European Mouse Disease Model Resource","tie","tumor isomir encyclopedia","10","True","0.6451612903225806","contains","0.6","MEDIUM"
"AntiHIV-Pred","AntiHIV-Pred","red","rice expression database","9","True","0.5","contains","0.6","MEDIUM"
"WorldMap","Cancer Data Collaborative Map","map","microrna analysis portal","5","True","0.6792452830188679","contains","0.6","MEDIUM"
"GlycoMaster DB","Glycopeptide Master Database","oma","orthologous matrix","11","True","0.4782608695652174","contains","0.6","MEDIUM"
"GlycomicsDB","GlycomicsDB","csdb","carbohydrate structure databases","7","True","0.32558139534883723","contains","0.6","MEDIUM"
"Burkholderia Database","Burkholderia Quorum Sensing Database","database","database","13","True","0.36363636363636365","contains","0.6","MEDIUM"
"CFC Database","Chloroplast Function Database","database","database","4","True","0.43243243243243246","contains","0.6","MEDIUM"
"Plasmid ATLAS","Plasmid Atlas","atlas","altered tcr ligand affinities and structures","8","True","0.38596491228070173","contains","0.6","MEDIUM"
"MAPPER2","MAPPER2","map","microrna analysis portal","4","True","0.25806451612903225","contains","0.6","MEDIUM"
"Botryllus Database","Botryllus Transcriptome Database","database","database","10","True","0.4","contains","0.6","MEDIUM"
"ARIES","ARIES","geoboundaries","geoboundaries global administrative database","8","True","0.20408163265306123","contains","0.6","MEDIUM"
"BioGraph","Bioinformatics Graph Database","grap","of","4","True","0.12903225806451613","contains","0.6","MEDIUM"
"Cyanobacterial strains database","Cyanobacterial strains database","rain","rna-protein association and interaction networks","27","True","0.6329113924050633","contains","0.6","MEDIUM"
"RiceENCODE","RiceENCODE","ice","chemical environment","7","True","0.6","contains","0.6","MEDIUM"
"CoMAGC","Corpus of Multi-faceted Annotations of Gene-Cancer relations","oma","orthologous matrix","3","True","0.41025641025641024","contains","0.6","MEDIUM"
"Pompe Variant Database","Pompe Variant Database","database","database","14","True","0.5333333333333333","contains","0.6","MEDIUM"
"OCHEM","Online CHEmical Database and Modeling Environment","biochem4j","","4","True","0.0","contains","0.6","MEDIUM"
"SAAVpedia","Single Amino Acid Variant Encyclopedia","ped","protein ensemble database","6","True","0.6031746031746031","contains","0.6","MEDIUM"
"RiceLncPedia","RiceLncPedia","ped","protein ensemble database","9","True","0.4864864864864865","contains","0.6","MEDIUM"
"eModel-BDB","Comparative Structure Models Database","bdb","biopanning data bank","7","True","0.42105263157894735","contains","0.6","MEDIUM"
"ProBiS","Protein Binding Sites Database","probis-dock","","5","True","0.0","contains","0.6","MEDIUM"
"CardioNet","Cardiovascular Disease Database","card","comprehensive antibiotic resistance database","5","True","0.6666666666666666","contains","0.6","MEDIUM"
"iPSCORE","Induced Pluripotent Stem Cell Resource","core","","3","True","0.0","contains","0.6","MEDIUM"
"OakEcol","OakEcol","eco","european cancer observatory","4","True","0.29411764705882354","contains","0.6","MEDIUM"
"Mouse Tumor Biology Database","Jackson Laboratory Mouse Tumor Biology Database","database","database","20","True","0.2909090909090909","contains","0.6","MEDIUM"
"FairBase","Fungal A-to-I RNA Editing Database","irbas","intermittent river biodiversity analysis and synthesis","3","True","0.5681818181818182","contains","0.6","MEDIUM"
"Cancer GAMAdb","Cancer GAMAdb","madb","mammalian annotation database tool","9","True","0.3829787234042553","contains","0.6","MEDIUM"
"Multiple Sclerosis Atlas","Multiple Sclerosis Molecular Atlas","atlas","altered tcr ligand affinities and structures","19","True","0.6153846153846154","contains","0.6","MEDIUM"
"Drug-drug interaction database","Antifungal Drug-Drug Interaction Database","rac","repository of antibiotic resistance cassettes","27","True","0.5813953488372093","contains","0.6","MEDIUM"
"Thyrotropin Receptor Mutation Database","Thyrotropin Receptor Mutation Database","database","database","30","True","0.34782608695652173","contains","0.6","MEDIUM"
"Ostrinia_scapulalis_genome","Ostrinia scapulalis genome database","lis","legume information system","23","True","0.7","contains","0.6","MEDIUM"
"Sifting Families","Protein Family Resource","tin","","13","True","0.0","contains","0.6","MEDIUM"
"Brazil Coleoptera Database","Brazilian Coleoptera Immatures Database","database","database","18","True","0.3404255319148936","contains","0.6","MEDIUM"
"ATR-FT-IR Spectra","ATR-FT-IR Spectral Collection","spectra","","10","True","0.0","contains","0.6","MEDIUM"
"CircadiOmics","Circadian Omics portal","circad","","6","True","0.0","contains","0.6","MEDIUM"
"Dokdo Insect Database","Dokdo Korea Insect Database","database","database","13","True","0.45714285714285713","contains","0.6","MEDIUM"
"bacpedia","BACpedia","ped","protein ensemble database","5","True","0.42424242424242425","contains","0.6","MEDIUM"
"G4_database","G-quadruplex Database","database","database","3","True","0.5517241379310345","contains","0.6","MEDIUM"
"EcoBank","Ecological Bank","eco","european cancer observatory","4","True","0.47619047619047616","contains","0.6","MEDIUM"
"WWARN CTPL","WorldWide Antimalarial Resistance Network Clinical Trials Publication Library","arn","adipogenesis regulation network","7","True","0.5370370370370371","contains","0.6","MEDIUM"
"Connectivity Scores","Drug Connectivity Scores Database","core","","15","True","0.0","contains","0.6","MEDIUM"
"Open Targets","Open Targets Platform","pen","protein-gene expression nexus","9","True","0.56","contains","0.6","MEDIUM"
"EurExpress","EurExpress Transcriptome Atlas","express","","3","True","0.0","contains","0.6","MEDIUM"
"TIPdb-3D","Taiwan Indigenous Plant database","pdb","data bank","5","True","0.3902439024390244","contains","0.6","MEDIUM"
"amamutdb","alpha-mannosidosis mutation database","amamutdb.no","","3","True","0.0","contains","0.6","MEDIUM"
"RhesusBase PopGateway","Rhesus Base Population Gateway","rhesusbase","","11","True","0.0","contains","0.6","MEDIUM"
"PlantAPAdb","Plant Alternative Polyadenylation Database","apadb","","5","True","0.0","contains","0.6","MEDIUM"
"Belgium Butterfly Database","Northern Belgium Butterfly Distribution Database","database","database","18","True","0.2857142857142857","contains","0.6","MEDIUM"
"Rice GH Database","Rice Glycoside Hydrolase Phylogenomic Database","ice","chemical environment","13","True","0.48484848484848486","contains","0.6","MEDIUM"
"AMPs Database","Antimicrobial Compounds Database","database","database","5","True","0.4","contains","0.6","MEDIUM"
"TEF1α Database","Fungal Translational Elongation Factor 1α Database","database","database","6","True","0.27586206896551724","contains","0.6","MEDIUM"
"LncRNAWiki","LncRNAWiki","crn","cancer rna-seq nexus","7","True","0.3333333333333333","contains","0.6","MEDIUM"
"BRCA LOVD","BRCA Variants Database","lovd","leiden open-source variation database","5","True","0.6779661016949152","contains","0.6","MEDIUM"
"MIPS PlantsDB","Munich Information Center for Protein Sequences Plants Database","tsdb","","9","True","0.0","contains","0.6","MEDIUM"
"FetGOAT","Functional Enrichment Tool for Gene Ontology Analysis","goa","gene ontology annotation","4","True","0.6233766233766234","contains","0.6","MEDIUM"
"Plant Cell Atlas","Plant Cell Atlas","atlas","altered tcr ligand affinities and structures","11","True","0.43333333333333335","contains","0.6","MEDIUM"
"Human Embryology","Human Embryology Collections","huma","analysis","12","True","0.3333333333333333","contains","0.6","MEDIUM"
"Blue Box Database","Ultrasonic Signal Database","database","database","9","True","0.47058823529411764","contains","0.6","MEDIUM"
"Lnc2Catlas","lncRNA to Cancer atlas","atlas","altered tcr ligand affinities and structures","5","True","0.6060606060606061","contains","0.6","MEDIUM"
"CovidCT","COVID-19 Clinical Trials Database","idc","","4","True","0.0","contains","0.6","MEDIUM"
"Allen Developing Mouse Brain Atlas","Developing Mouse Brain Atlas","atlas","altered tcr ligand affinities and structures","29","True","0.6111111111111112","contains","0.6","MEDIUM"
"NHA","National Health Accounts Database","enhanceratlas","","10","True","0.0","contains","0.6","MEDIUM"
"BindingDB","Binding Database","ngd","nelumbo genome database","6","True","0.6666666666666666","contains","0.6","MEDIUM"
"E3 Ligase Database","Human E3 Ubiquitin Ligase Database","database","database","10","True","0.38095238095238093","contains","0.6","MEDIUM"
"Human Origins Database","Human Origins Skeletal Collection Database","database","database","14","True","0.32","contains","0.6","MEDIUM"
"Anopheles Tissue Atlas","Anopheles gambiae Gene Expression Atlas","atlas","altered tcr ligand affinities and structures","17","True","0.6024096385542169","contains","0.6","MEDIUM"
"HCO Database","Heme-Copper Oxygen Reductase Database","database","database","4","True","0.35555555555555557","contains","0.6","MEDIUM"
"RBP_atlas","RNA-Binding Protein Atlas","atlas","altered tcr ligand affinities and structures","4","True","0.5797101449275363","contains","0.6","MEDIUM"
"Ontobee","Ontology Browser","bee","biomedical entity explorer","4","True","0.5238095238095238","contains","0.6","MEDIUM"
"CLRP TG-43","Carleton Laboratory for Radiotherapy Physics TG-43 database","clrp","","6","True","0.0","contains","0.6","MEDIUM"
"LncRNAWiki","Long non-coding RNA Wiki","crn","cancer rna-seq nexus","7","True","0.4090909090909091","contains","0.6","MEDIUM"
"DiseaseComps","Disease Comparisons database","eco","european cancer observatory","9","True","0.6181818181818182","contains","0.6","MEDIUM"
"Equine PeptideAtlas","Equine Peptide Atlas","peptideatlas","","7","True","0.0","contains","0.6","MEDIUM"
"French_semantic","French Semantic Similarity Database","fr","","13","True","0.0","contains","0.6","MEDIUM"
"SaccharomycesSensuStricto","Saccharomyces sensu stricto Genome Database","tric","","21","True","0.0","contains","0.6","MEDIUM"
"BetaLactamaseDB","Beta-Lactamase Database","sedb","comprehensive human super-enhancer database","11","True","0.5151515151515151","contains","0.6","MEDIUM"
"Monarch","Monarch Initiative","monarchbase","","4","True","0.0","contains","0.6","MEDIUM"
"MNHN_herbarium","French National Museum of Natural History Herbarium","herb","","10","True","0.0","contains","0.6","MEDIUM"
"Meloidogyne_proteome","Meloidogyne incognita Proteome Database","idog","","16","True","0.0","contains","0.6","MEDIUM"
"Tammar_map","Tammar Wallaby Genome Map","map","microrna analysis portal","7","True","0.6122448979591837","contains","0.6","MEDIUM"
"KNApSAcK_biomarker","KNApSAcK Biomarker Database","naps","nencki affective picture system","14","True","0.5172413793103449","contains","0.6","MEDIUM"
"Bradyrhizobium_MLSA","Bradyrhizobium MLSA Database","brad","brassica database","15","True","0.6666666666666666","contains","0.6","MEDIUM"
"Platinum","Platinum Dataset","tin","","5","True","0.0","contains","0.6","MEDIUM"
"Dendrobium_map","Dendrobium officinale Transcriptome Map","map","microrna analysis portal","11","True","0.6349206349206349","contains","0.6","MEDIUM"
"SNENGS","Suprachiasmatic Nucleus Expression in the Nervous and Glandular System","ngs","next generation sequencing catalog","3","True","0.5961538461538461","contains","0.6","MEDIUM"
"Alkamid DB","Alkylamide database","alkamid","","3","True","0.0","contains","0.6","MEDIUM"
"Nabelek","Nábělek Herbarium Database","nabe","","3","True","0.0","contains","0.6","MEDIUM"
"MaizeSNPDB","Maize SNP Database","pdb","data bank","7","True","0.5925925925925926","contains","0.6","MEDIUM"
"AODN_phytoplankton","Australian Ocean Data Network Phytoplankton Database","aod","antioxidant database","15","True","0.5","contains","0.6","MEDIUM"
"WheatD_SNP","Wheat D Genome SNP Database","atd","autophagy to disease","7","True","0.6808510638297872","contains","0.6","MEDIUM"
"ORIO","Online Resource for Integrative Omics","lepchoriondb","","8","True","0.0","contains","0.6","MEDIUM"
"SWATH-MS Atlas","SWATH-MS Assay Repository","atlas","altered tcr ligand affinities and structures","9","True","0.4057971014492754","contains","0.6","MEDIUM"
"RiceVarMap","Rice Variant Map","ice","chemical environment","7","True","0.6111111111111112","contains","0.6","MEDIUM"
"RepeatsDB-lite","Repeats Database lite","repeatsdb","","5","True","0.0","contains","0.6","MEDIUM"
"BrainKnowledge","Brain Knowledge base","rain","rna-protein association and interaction networks","10","True","0.47058823529411764","contains","0.6","MEDIUM"
"LNEN_map","Lung Neuroendocrine Neoplasm Map","map","microrna analysis portal","5","True","0.6071428571428571","contains","0.6","MEDIUM"
"EpiDBase","Epigenetic Drug Base","pid","plant intron database","5","True","0.5853658536585366","contains","0.6","MEDIUM"
"IRD-PT","Inherited Retinal Dystrophies Portugal","ird","influenza research database","3","True","0.6153846153846154","contains","0.6","MEDIUM"
"Photochemistry_DB","UV/Vis Photochemistry Database","mist","","13","True","0.0","contains","0.6","MEDIUM"
"PubChem promiscuity","PubChem promiscuity database","pubchem","","12","True","0.0","contains","0.6","MEDIUM"
"Crohn's eQTL","Crohn's disease expression QTL database","eqtl","","8","True","0.0","contains","0.6","MEDIUM"
"Cereal_AltSplice","Cereal Alternative Splicing Database","ice","chemical environment","13","True","0.5357142857142857","contains","0.6","MEDIUM"
"CB Database","Change Blindness Database","database","database","3","True","0.48484848484848486","contains","0.6","MEDIUM"
"GWAS-MAP","Genome-Wide Association Studies Meta-Analysis Platform","map","microrna analysis portal","5","True","0.5641025641025641","contains","0.6","MEDIUM"
"Coiled Coils Atlas","Atlas of Coiled Coils","atlas","altered tcr ligand affinities and structures","13","True","0.5230769230769231","contains","0.6","MEDIUM"
"RedLine","Rhodophytic Plastid Database","red","rice expression database","4","True","0.6538461538461539","contains","0.6","MEDIUM"
"RKN Lethal DB","Root Knot Nematode Lethal Database","rkn","","10","True","0.0","contains","0.6","MEDIUM"
"DNA polymerases database","DNA Polymerases Database","database","database","16","True","0.5","contains","0.6","MEDIUM"
"miRAtlas","MicroRNA Atlas","atlas","altered tcr ligand affinities and structures","3","True","0.41379310344827586","contains","0.6","MEDIUM"
"Ion mobility collision cross-section atlas","Ion Mobility Metabolite Atlas","atlas","altered tcr ligand affinities and structures","37","True","0.547945205479452","contains","0.6","MEDIUM"
"OWB Map","Oregon Wolfe Barley Map","map","microrna analysis portal","4","True","0.5957446808510638","contains","0.6","MEDIUM"
"Phytoremediation Database","Phytoremediation Database","database","database","17","True","0.48484848484848486","contains","0.6","MEDIUM"
"NMR metabolomics database","Unified NMR Metabolomics Database","database","database","17","True","0.3902439024390244","contains","0.6","MEDIUM"
"Urine protein biomarker database","Urine Protein Biomarker Database","database","database","24","True","0.4","contains","0.6","MEDIUM"
"FluMap","Influenza A Virus Replication Cycle Map","map","microrna analysis portal","3","True","0.6666666666666666","contains","0.6","MEDIUM"
"Amazon fish database","Amazon Basin Freshwater Fish Database","database","database","12","True","0.35555555555555557","contains","0.6","MEDIUM"
"NBIGV-DB","NBIGV-DB","nbigv","","3","True","0.0","contains","0.6","MEDIUM"
"PADS Arsenal","Prokaryotic Antiphage Defense Systems Arsenal","ena","european nucleotide archive","9","True","0.6388888888888888","contains","0.6","MEDIUM"
"NetPath FSH","Follicle Stimulating Hormone Signaling Resource","netpath","","4","True","0.0","contains","0.6","MEDIUM"
"Maize microarray annotation database","Maize Microarray Annotation Database","database","database","28","True","0.36363636363636365","contains","0.6","MEDIUM"
"S. mansoni lncRNA Atlas","Schistosoma mansoni Long Non-Coding RNA Atlas","atlas","altered tcr ligand affinities and structures","18","True","0.6067415730337079","contains","0.6","MEDIUM"
"Arabidopsis acyl lipid mutants database","Arabidopsis Acyl Lipid Metabolism Mutants Database","pid","plant intron database","36","True","0.5352112676056338","contains","0.6","MEDIUM"
"Murine basal ganglia database","Murine Basal Ganglia Cellular Measurements Database","database","database","21","True","0.2711864406779661","contains","0.6","MEDIUM"
"Chinese population genome database","Chinese Population Reference Genome and Variation Database","database","database","26","True","0.24242424242424243","contains","0.6","MEDIUM"
"Protein folding kinetics database","Protein Folding Kinetics Database","database","database","25","True","0.3902439024390244","contains","0.6","MEDIUM"
"RLR Database","RIG-I-Like Receptor Database","database","database","4","True","0.4444444444444444","contains","0.6","MEDIUM"
"lncRNA-disease association resource","lncRNA-Disease Association Database","crn","cancer rna-seq nexus","32","True","0.5818181818181818","contains","0.6","MEDIUM"
"Lancaster Sensorimotor Norms","Lancaster Sensorimotor Norms","norm","","24","True","0.0","contains","0.6","MEDIUM"
"Australian Cancer Atlas","Australian Cancer Atlas","atlas","altered tcr ligand affinities and structures","18","True","0.6268656716417911","contains","0.6","MEDIUM"
"OryzaPG-DB","OryzaPG-DB","oryzapg","","3","True","0.0","contains","0.6","MEDIUM"
"Cell-culture Database","Cell Culture Database","database","database","13","True","0.5517241379310345","contains","0.6","MEDIUM"
"Pragmatic MDR","Pragmatic Metadata Repository","mdr","","10","True","0.0","contains","0.6","MEDIUM"
"Saccharomyces Genome Database","Saccharomyces Genome Database","database","database","21","True","0.43243243243243246","contains","0.6","MEDIUM"
"Populus euphratica EST-SSR database","Euphrates Poplar EST-SSR Database","database","database","27","True","0.3902439024390244","contains","0.6","MEDIUM"
"Blood Exposome Database","Blood Exposome Database","database","database","15","True","0.5161290322580645","contains","0.6","MEDIUM"
"Togo_herbarium","Togo National Herbarium Database","herb","","10","True","0.0","contains","0.6","MEDIUM"
"Herb and Western medicine interactions database","Herb-Drug Interaction Database","rac","repository of antibiotic resistance cassettes","44","True","0.5866666666666667","contains","0.6","MEDIUM"
"OpenDose","Open-Access Dosimetry Resource","pen","protein-gene expression nexus","5","True","0.6779661016949152","contains","0.6","MEDIUM"
"Kelp Forest Database","Kelp Forest Ecological Network Database","database","database","12","True","0.3404255319148936","contains","0.6","MEDIUM"
"Hypothetical genes and proteins database","Eukaryotic Hypothetical Genes and Proteins Database","database","database","32","True","0.2711864406779661","contains","0.6","MEDIUM"
"ConSurf-DB","ConSurf-DB","consurf","","3","True","0.0","contains","0.6","MEDIUM"
"Alfalfa Transcription Factor Database","Medicago Sativa Transcription Factor Database","database","database","29","True","0.3018867924528302","contains","0.6","MEDIUM"
"HLA Ligand Atlas","HLA Ligand Atlas","atlas","altered tcr ligand affinities and structures","11","True","0.4666666666666667","contains","0.6","MEDIUM"
"Natural products dereplication database","Natural Products Dereplication Database","database","database","31","True","0.3404255319148936","contains","0.6","MEDIUM"
"JBEI-ICE","Joint BioEnergy Institute Inventory of Composable Elements","ice","chemical environment","5","True","0.46153846153846156","contains","0.6","MEDIUM"
"U.S. regional feedstock database","U.S. Regional Feedstock Production Database","database","database","24","True","0.3137254901960784","contains","0.6","MEDIUM"
"Age-phenome database","Age-Phenome Database","phenom","phenomics of yeast mutants","14","True","0.5217391304347826","contains","0.6","MEDIUM"
"DES-ncRNA","Database of Exosomal and Secretory ncRNAs","crn","cancer rna-seq nexus","6","True","0.5573770491803278","contains","0.6","MEDIUM"
"PDB-REDO","Protein Data Bank Re-refinement Database","pdb","data bank","5","True","0.3673469387755102","contains","0.6","MEDIUM"
"STS National Database","Society of Thoracic Surgeons National Database","database","database","13","True","0.2962962962962963","contains","0.6","MEDIUM"
"COL7A1 Database","COL7A1 Mutation Database","database","database","7","True","0.5","contains","0.6","MEDIUM"
"Medical abbreviations database","Medical Abbreviations and Acronyms Database","database","database","22","True","0.3137254901960784","contains","0.6","MEDIUM"
"EEL database","Electron Energy Loss Spectra Database","database","database","4","True","0.35555555555555557","contains","0.6","MEDIUM"
"ResMarkerDB","Response Marker Database","markerdb","","3","True","0.0","contains","0.6","MEDIUM"
"WholeCellSimDB","Whole Cell Simulation Database","mdb","","11","True","0.0","contains","0.6","MEDIUM"
"GOtrack","Gene Ontology Tracker","rac","repository of antibiotic resistance cassettes","4","True","0.5151515151515151","contains","0.6","MEDIUM"
"NAR Database","Nucleic Acids Research Database Collection","database","database","4","True","0.32","contains","0.6","MEDIUM"
"HIV-1 human interaction database","HIV-1 human interaction database","rac","repository of antibiotic resistance cassettes","29","True","0.5454545454545454","contains","0.6","MEDIUM"
"OCHEM","Online Chemical Modeling Environment","biochem4j","","4","True","0.0","contains","0.6","MEDIUM"
"ZEBrA","Zebra finch Expression Brain Atlas","zebrafish genomewiki","","15","True","0.0","contains","0.6","MEDIUM"
"Antidepressant RCT Database","Antidepressant Randomised Controlled Trials Database","database","database","19","True","0.26666666666666666","contains","0.6","MEDIUM"
"Metacommunity ecology database","Global Metacommunity Ecology Database","eco","european cancer observatory","27","True","0.59375","contains","0.6","MEDIUM"
"Northern West Siberia fungal database","Northern West Siberia Fungal Literature Database","database","database","29","True","0.2857142857142857","contains","0.6","MEDIUM"
"Connectivity Map","Connectivity Map","map","microrna analysis portal","13","True","0.6","contains","0.6","MEDIUM"
"Candida ORFeome","Candida albicans ORFeome Resource","dida","digenic diseases database","11","True","0.6551724137931034","contains","0.6","MEDIUM"
"VirtualSeed","Arabidopsis Functional Network Resource","seed","","7","True","0.0","contains","0.6","MEDIUM"
"Medical schools outcomes database","Medical Schools Outcomes Database","database","database","25","True","0.3902439024390244","contains","0.6","MEDIUM"
"Human metabolism atlas","Human Metabolism Atlas","lis","legume information system","19","True","0.6808510638297872","contains","0.6","MEDIUM"
"CARFMAP","Cardiac Fibroblast Pathway Map","map","microrna analysis portal","4","True","0.6666666666666666","contains","0.6","MEDIUM"
"Morchella database","Morchella Species Database","database","database","10","True","0.47058823529411764","contains","0.6","MEDIUM"
"Trypanosoma and Leishmania structure resource","Trypanosoma and Leishmania Protein Structure Resource","oma","orthologous matrix","42","True","0.4507042253521127","contains","0.6","MEDIUM"
"ExpressHeart","Heart Expression Portal","express","","5","True","0.0","contains","0.6","MEDIUM"
"EHEC/EAEC RegNet","EHEC/EAEC Regulatory Network Database","regnet","","10","True","0.0","contains","0.6","MEDIUM"
"SAMotif Database","Structural Alphabet Motif Database","database","database","8","True","0.38095238095238093","contains","0.6","MEDIUM"
"Adverse events database","Drug Adverse Events Database","database","database","15","True","0.4444444444444444","contains","0.6","MEDIUM"
"CoCoMac","Coordinate-Independent Brain Maps Atlas","oma","orthologous matrix","4","True","0.42105263157894735","contains","0.6","MEDIUM"
"Physiome","Physiome","physiome.jp","","3","True","0.0","contains","0.6","MEDIUM"
"NOD Database","Non-Obese Diabetic Mouse Database","database","database","4","True","0.3902439024390244","contains","0.6","MEDIUM"
"Plant transgenesis promoters database","Plant Transgenesis Promoters Database","database","database","29","True","0.35555555555555557","contains","0.6","MEDIUM"
"Chemicals of emerging concern database","Exposome Chemicals Annotation Database","database","database","30","True","0.34782608695652173","contains","0.6","MEDIUM"
"ncrnadatabases.org","Non-coding RNA Databases Guide","database","database","10","True","0.42105263157894735","contains","0.6","MEDIUM"
"SilkOrganPDB","Silkworm Organelle Proteome Database","pdb","data bank","9","True","0.4","contains","0.6","MEDIUM"
"Seeds in Chernobyl","Seeds in Chernobyl","seed","","14","True","0.0","contains","0.6","MEDIUM"
"TOXMAP","Toxicology Data Mapping Resource","map","microrna analysis portal","3","True","0.6785714285714286","contains","0.6","MEDIUM"
"MyoSegmenTUM","Myology Segmentation Technical University Munich","ment","methylation and expression database of","8","True","0.6511627906976745","contains","0.6","MEDIUM"
"iModulonDB","Microbial Transcriptional Regulation Knowledgebase","ndb","nucleome data bank","7","True","0.5294117647058824","contains","0.6","MEDIUM"
"EVD","Ebolavirus Database","coevdb","","3","True","0.0","contains","0.6","MEDIUM"
"LmTDRM","Listeria monocytogenes Thiol and Disulfide Redox Metabolism database","mtd","mammalian transcriptomic database","3","True","0.5742574257425742","contains","0.6","MEDIUM"
"HapRice","Rice Haplotype Database","rice","","3","True","0.0","contains","0.6","MEDIUM"
"TBase","Kidney Transplant Research Database","insectbase","","5","True","0.0","contains","0.6","MEDIUM"
"""Ligand Knowledge Base for Chelating P","P-Donor Ligands""","tin","","35","True","0.0","contains","0.6","MEDIUM"
"TNO MIDC","TNO Multiband Image Data Collection","idc","","5","True","0.0","contains","0.6","MEDIUM"
"GlycomeAtlas","Glycome Atlas","atlas","altered tcr ligand affinities and structures","7","True","0.3508771929824561","contains","0.6","MEDIUM"
"DrumPID","Drug-Minded Protein Interaction Database","pid","plant intron database","4","True","0.6557377049180327","contains","0.6","MEDIUM"
"MotifMap","Regulatory Motif Map","map","microrna analysis portal","5","True","0.6363636363636364","contains","0.6","MEDIUM"
"iPhemap","Induced Pluripotent Stem Cell Phenotype Map","map","microrna analysis portal","4","True","0.5373134328358209","contains","0.6","MEDIUM"
"SMAP-HydroBlocks","Soil Moisture Active Passive HydroBlocks","map","microrna analysis portal","13","True","0.59375","contains","0.6","MEDIUM"
"SeedSeq","Seed Sequence Database","seed","","3","True","0.0","contains","0.6","MEDIUM"
"HelexKids","Greek Word Frequency Database","kid","yeast kinase interaction database","6","True","0.6451612903225806","contains","0.6","MEDIUM"
"BioMart","Biological Mart","oma","orthologous matrix","4","True","0.6060606060606061","contains","0.6","MEDIUM"
"DigitalHub","Digital Repository","digit","database of immunoglobulins with integrated tools","5","True","0.44776119402985076","contains","0.6","MEDIUM"
"GenTree","Gene Tree","gent","gene expression database of normal and tumor tissues","3","True","0.29508196721311475","contains","0.6","MEDIUM"
"SchistoCyte Atlas","Schistosome Single-Cell Atlas","atlas","altered tcr ligand affinities and structures","12","True","0.547945205479452","contains","0.6","MEDIUM"
"SoilGrids","Soil Property Grids","rid","retrovirus integration database","6","True","0.6","contains","0.6","MEDIUM"
"LeishInDB","Leishmania Inhibitors Database","ndb","nucleome data bank","6","True","0.625","contains","0.6","MEDIUM"
"INFRAFRONTIER","Infrastructure for Mouse Phenotyping Resources","tie","tumor isomir encyclopedia","10","True","0.5915492957746479","contains","0.6","MEDIUM"
"HDinHD","Huntington's Disease Data Portal","hdi","human disease insight","3","True","0.6792452830188679","contains","0.6","MEDIUM"
"DANIO-CODE","Zebrafish DNA Elements Encyclopedia","cod","crystallography open database","7","True","0.65625","contains","0.6","MEDIUM"
"PICEAdatabase","Picea Omics and Phenotypic Database","ice","chemical environment","10","True","0.5454545454545454","contains","0.6","MEDIUM"
"SynaptomeDB","Synaptome Database","yna","yeast nucleosome atlas","8","True","0.7","contains","0.6","MEDIUM"
"XCMS-MRM","XCMS Multiple Reaction Monitoring","cms","cancer methylome system","5","True","0.6071428571428571","contains","0.6","MEDIUM"
"PopHuman","Human Population Genomics Browser","pophumanscan","","4","True","0.0","contains","0.6","MEDIUM"
"SerpentinaDB","Rauvolfia Serpentina Molecule Database","pen","protein-gene expression nexus","9","True","0.5970149253731343","contains","0.6","MEDIUM"
"NEIHPID","Northeast India Helminth Parasite Information Database","pid","plant intron database","4","True","0.56","contains","0.6","MEDIUM"
"KrillDB","Antarctic Krill Transcriptome Database","ldb","lichen database","4","True","0.5283018867924528","contains","0.6","MEDIUM"
"Brillouin-zone Database","Brillouin-zone Database","database","database","15","True","0.5161290322580645","contains","0.6","MEDIUM"
"hERGAPDbase","hERG Action Potential Duration Database","pdb","data bank","8","True","0.3333333333333333","contains","0.6","MEDIUM"
"LipidGO","Lipid Gene Ontology Database","pid","plant intron database","4","True","0.6938775510204082","contains","0.6","MEDIUM"
"Phosphomatics","Phosphorylation Informatics","oma","orthologous matrix","10","True","0.6666666666666666","contains","0.6","MEDIUM"
"DiseaseConnect","Disease Connection Database","eco","european cancer observatory","11","True","0.6666666666666666","contains","0.6","MEDIUM"
"FibroAtlas","Fibrotic Disease Atlas Database","atlas","altered tcr ligand affinities and structures","5","True","0.6666666666666666","contains","0.6","MEDIUM"
"DIRECT","DNA-Mutation Inventory to Refine and Enhance Cancer Treatment","biosurveillance analytics resource directory","biosurveillance analytics resource directory","38","True","0.6095238095238096","contains","0.6","MEDIUM"
"Phytochelatin Database","Phytochelatin Database","database","database","14","True","0.5333333333333333","contains","0.6","MEDIUM"
"TSLP Pathway Map","Thymic Stromal Lymphopoietin Signaling Pathway Map","map","microrna analysis portal","13","True","0.5945945945945946","contains","0.6","MEDIUM"
"Eyasi Plateau Database","Eyasi Plateau Paleontological Database","database","database","14","True","0.34782608695652173","contains","0.6","MEDIUM"
"ZEAMAP","Maize Multi-Omics Database","map","microrna analysis portal","3","True","0.6","contains","0.6","MEDIUM"
"STINGRAY","System for Integrated Genomic Resources and Analysis","tin","","5","True","0.0","contains","0.6","MEDIUM"
"ExpEdit","RNA Editing Explorer","ped","protein ensemble database","4","True","0.6666666666666666","contains","0.6","MEDIUM"
"Peptipedia","Peptide Database","ped","protein ensemble database","7","True","0.6829268292682927","contains","0.6","MEDIUM"
"MalarImDB","Malaria Immunology Database","mdb","","6","True","0.0","contains","0.6","MEDIUM"
"MetNet Online","Plant Systems Biology Resource","metnet","","7","True","0.0","contains","0.6","MEDIUM"
"PharmVar","Pharmacogene Variation Consortium","rmvar","","3","True","0.0","contains","0.6","MEDIUM"
"Gene Expression Commons","Gene Expression Commons","express","","16","True","0.0","contains","0.6","MEDIUM"
"OryzaPG-DB","Rice Proteogenomics Database","oryzapg","","3","True","0.0","contains","0.6","MEDIUM"
"Hybrid Rat Diversity Panel","Hybrid Rat Diversity Panel","rid","retrovirus integration database","23","True","0.6666666666666666","contains","0.6","MEDIUM"
"Seed Pro-Nutra Care","Seed Storage Proteins Database","seed","","15","True","0.0","contains","0.6","MEDIUM"
"Protein Complexes Map","Human Protein Complexes Map","map","microrna analysis portal","18","True","0.6274509803921569","contains","0.6","MEDIUM"
"T2DiACoD","Type 2 Diabetes Gene Atlas","cod","crystallography open database","5","True","0.6545454545454545","contains","0.6","MEDIUM"
"KB-Rank","KB-Rank Knowledge Base","kb","","5","True","0.0","contains","0.6","MEDIUM"
"Genome Maps","Genome Browser","maps","medicinal plant activities","7","True","0.3","contains","0.6","MEDIUM"
"Korean NHIS Allergic Disease Database","Korean National Health Insurance Service Allergic Disease Database","database","database","29","True","0.21621621621621623","contains","0.6","MEDIUM"
"EURL ECVAM Database","EURL ECVAM Genotoxicity and Carcinogenicity Database","database","database","11","True","0.26666666666666666","contains","0.6","MEDIUM"
"eContour","eContour Contouring Guidelines","eco","european cancer observatory","5","True","0.5964912280701754","contains","0.6","MEDIUM"
"Scalable Brain Atlas","Scalable Brain Atlas","atlas","altered tcr ligand affinities and structures","15","True","0.5","contains","0.6","MEDIUM"
"Disorder Atlas","Protein Disorder Atlas","order","oilseed rape developmental expression resource","9","True","0.6176470588235294","contains","0.6","MEDIUM"
"Global Mammal Parasite Database","Global Mammal Parasite Database","database","database","23","True","0.41025641025641024","contains","0.6","MEDIUM"
"Angiogenesis/VEGF Database","Angiogenesis Genetic Markers Database","angiogenes","","16","True","0.0","contains","0.6","MEDIUM"
"LGA","Leukemia Gene Atlas","algaepath","","6","True","0.0","contains","0.6","MEDIUM"
"openSNP","Personal Genomics Resource","pen","protein-gene expression nexus","4","True","0.6909090909090909","contains","0.6","MEDIUM"
"CSI NGS Portal","Computational Systems and Informatics NGS Portal","ngs","next generation sequencing catalog","11","True","0.6097560975609756","contains","0.6","MEDIUM"
"S2RSLDB","Sigma-2 Receptor Ligands Database","ldb","lichen database","4","True","0.5833333333333334","contains","0.6","MEDIUM"
"SpermBase","Sperm-Borne RNA Database","rmbase","rna modification base","3","True","0.6666666666666666","contains","0.6","MEDIUM"
"SG-ADVISER mtDNA","Scripps Genome Annotation and Distributed Variant Interpretation Server for Mitochondrial DNA","mtd","mammalian transcriptomic database","13","True","0.49206349206349204","contains","0.6","MEDIUM"
"piRNA-IPdb","PIWI-bound piRNAs Database","pdb","data bank","7","True","0.45714285714285713","contains","0.6","MEDIUM"
"GPCR-PEnDB","GPCR Protein Sequences Database","pen","protein-gene expression nexus","7","True","0.7","contains","0.6","MEDIUM"
"NutriChem","Nutritional Chemistry Resource","tric","","5","True","0.0","contains","0.6","MEDIUM"
"COVID-19 Antibody Tracker","COVID-19 Antibody Therapeutics Tracker","rac","repository of antibiotic resistance cassettes","22","True","0.6987951807228916","contains","0.6","MEDIUM"
"PV","Proteogenomics Viewer","pvsirnadb","","7","True","0.0","contains","0.6","MEDIUM"
"NNE","Neurovascular Network Explorer","epilepsy-connect","","13","True","0.0","contains","0.6","MEDIUM"
"ATtRACT","RNA-Binding Proteins Database","rac","repository of antibiotic resistance cassettes","4","True","0.5675675675675675","contains","0.6","MEDIUM"
"Brainpeps","Blood-Brain Barrier Peptide Database","rain","rna-protein association and interaction networks","5","True","0.6428571428571429","contains","0.6","MEDIUM"
"scRNASeqDB","Single Cell RNA-Seq Database","crn","cancer rna-seq nexus","7","True","0.625","contains","0.6","MEDIUM"
"BacillusRegNet","Bacillus Regulation Network Database","regnet","","8","True","0.0","contains","0.6","MEDIUM"
"MicroHapDB","Microhaplotype Database","pdb","data bank","7","True","0.4375","contains","0.6","MEDIUM"
"ZincBind","Zinc Binding Sites Database","zinc","the zebrafish insertion collection","4","True","0.6557377049180327","contains","0.6","MEDIUM"
"PeptiCKDdb","Chronic Kidney Disease Peptide Database","kdd","kawasaki disease database","7","True","0.59375","contains","0.6","MEDIUM"
"Coronavirus Database","Coronavirus Database","database","database","12","True","0.5714285714285714","contains","0.6","MEDIUM"
"PharmacoDB","Anticancer Drug Screening Database","cod","crystallography open database","7","True","0.6349206349206349","contains","0.6","MEDIUM"
"Openmods","Open Microbial Database System","pen","protein-gene expression nexus","5","True","0.5423728813559322","contains","0.6","MEDIUM"
"ERP CORE","Event-Related Potential Core","core","","4","True","0.0","contains","0.6","MEDIUM"
"Polish Genetic Database","Polish Genetic Database of Victims of Totalitarianisms","lis","legume information system","20","True","0.5569620253164557","contains","0.6","MEDIUM"
"HMNPPID","Human Malignant Neoplasm Protein-Protein Interaction Database","pid","plant intron database","4","True","0.5121951219512195","contains","0.6","MEDIUM"
"SpliceSeq","Splicing Sequence Resource","ice","chemical environment","6","True","0.5652173913043478","contains","0.6","MEDIUM"
"Xylella Database","Xylella fastidiosa Comparative Genomic Database","database","database","8","True","0.2909090909090909","contains","0.6","MEDIUM"
"EPIC-CoGe","Plant Comparative Genomics Platform","cog","clusters of orthologous genes","6","True","0.59375","contains","0.6","MEDIUM"
"VigSatDB","Vigna Satellite Database","atdb","autophagy and tumor database","4","True","0.6153846153846154","contains","0.6","MEDIUM"
"TUL Herbarium","Tula Oblast Vascular Plant Herbarium","herb","","9","True","0.0","contains","0.6","MEDIUM"
"MS_HistoneDB","Mass Spectrometry Histone Database","histonedb","","3","True","0.0","contains","0.6","MEDIUM"
"Clone DB","Clone-Associated Data Database","clone","","3","True","0.0","contains","0.6","MEDIUM"
"HIVToolbox","HIV Investigation Toolbox","vto","vertebrate taxonomy ontology","7","True","0.6792452830188679","contains","0.6","MEDIUM"
"KBCommons","Knowledge Base Commons","kb","","7","True","0.0","contains","0.6","MEDIUM"
"Nanosized Cancer Database","Nanosized Cancer Polymarker Biochip Database","database","database","17","True","0.3076923076923077","contains","0.6","MEDIUM"
"Virus Variation Resource","Virus Genomic Variation Database","virus variation","variation resource","9","True","0.68","contains","0.6","MEDIUM"
"Genome Properties","Genome Functional Properties Database","tie","tumor isomir encyclopedia","14","True","0.6774193548387096","contains","0.6","MEDIUM"
"MycoResistance","Mycobacterial Resistance Resource","core","","10","True","0.0","contains","0.6","MEDIUM"
"HTLV-1 Database","HTLV-1 Molecular Epidemiology Database","database","database","7","True","0.34782608695652173","contains","0.6","MEDIUM"
"EGFRIndb","EGFR Inhibitor Database","ndb","nucleome data bank","5","True","0.5853658536585366","contains","0.6","MEDIUM"
"Zebrafish Database","Zebrafish Facility Management Database","database","database","10","True","0.34782608695652173","contains","0.6","MEDIUM"
"ReconMap","Human Metabolism Reconstruction Map","eco","european cancer observatory","5","True","0.6774193548387096","contains","0.6","MEDIUM"
"Kinase Atlas","Kinase Druggability Atlas","atlas","altered tcr ligand affinities and structures","7","True","0.6086956521739131","contains","0.6","MEDIUM"
"Viruses.STRING","Virus-Host Protein Interaction Database","string","","8","True","0.0","contains","0.6","MEDIUM"
"COSMIC Cancer Gene Census 3D","Cancer Gene Census 3D Database","cosmic","the catalogue of somatic mutations in cancer","22","True","0.6216216216216216","contains","0.6","MEDIUM"
"Corvids Literature Database","Corvids Literature Database","database","database","19","True","0.45714285714285713","contains","0.6","MEDIUM"
"MiSNPDb","Mango SNP Database","pdb","data bank","4","True","0.5925925925925926","contains","0.6","MEDIUM"
"ProTrack","Proteogenomics Track Browser","rac","repository of antibiotic resistance cassettes","5","True","0.6301369863013698","contains","0.6","MEDIUM"
"MapMyFlu","Influenza Mapping Resource","map","microrna analysis portal","5","True","0.64","contains","0.6","MEDIUM"
"CANCROX","Cancer Cross-species Therapy Database","ncro","the non-coding rna ontology","3","True","0.5","contains","0.6","MEDIUM"
"CATH-Gene3D","Class Architecture Topology Homology Gene3D","cath","","7","True","0.0","contains","0.6","MEDIUM"
"Grape-RNA","Grape RNA-Seq Database","grap","of","5","True","0.0","contains","0.6","MEDIUM"
"CistromeMap","Cistrome Map Knowledgebase","map","microrna analysis portal","8","True","0.64","contains","0.6","MEDIUM"
"LmSmdB","Leishmania major and Schistosoma mansoni Database","mdb","","3","True","0.0","contains","0.6","MEDIUM"
"OpenNeuro","Open Neuroscience Data Resource","pen","protein-gene expression nexus","6","True","0.7","contains","0.6","MEDIUM"
"PRECISE","Pregnancy Care Integrating Translational Science Everywhere","regprecise","","3","True","0.0","contains","0.6","MEDIUM"
"JAMIR-eQTL","Japanese miRNA Expression QTL Database","eqtl","","6","True","0.0","contains","0.6","MEDIUM"
"BRASERO","Benchmarking RNA Secondary Structure Comparison Resource","aser","animal sex reversal database","3","True","0.5238095238095238","contains","0.6","MEDIUM"
"ADEpedia","Adverse Drug Event Encyclopedia","ped","protein ensemble database","5","True","0.6785714285714286","contains","0.6","MEDIUM"
"Probiotics Database","Database and Bioinformatics Studies of Probiotics","database","database","11","True","0.2807017543859649","contains","0.6","MEDIUM"
"OpenTrials","Open Clinical Trials Database","pen","protein-gene expression nexus","7","True","0.4827586206896552","contains","0.6","MEDIUM"
"RiceVarMap","Rice Genomic Variation Map","ice","chemical environment","7","True","0.6956521739130435","contains","0.6","MEDIUM"
"mycoDB.es","Mycobacterium Database","cod","crystallography open database","6","True","0.6274509803921569","contains","0.6","MEDIUM"
"DincRNA","Disease-associated Non-Coding RNA Database","crn","cancer rna-seq nexus","4","True","0.5161290322580645","contains","0.6","MEDIUM"
"BnaSNPDB","Brassica napus SNP Database","pdb","data bank","5","True","0.4444444444444444","contains","0.6","MEDIUM"
"ViBrism DB","Visual Brain Image Search and Mining Database","vibrism","","3","True","0.0","contains","0.6","MEDIUM"
"Interactome INSIDER","Structural Interactome Browser","rac","repository of antibiotic resistance cassettes","16","True","0.6133333333333333","contains","0.6","MEDIUM"
"Flybrain","Flybrain Neuron Database","rain","rna-protein association and interaction networks","4","True","0.5","contains","0.6","MEDIUM"
"ClimCKmap","Climate Italian Fauna Distribution Map","map","microrna analysis portal","6","True","0.6129032258064516","contains","0.6","MEDIUM"
"iSignDB","Smartphone Signature Biometrics Database","ndb","nucleome data bank","4","True","0.5517241379310345","contains","0.6","MEDIUM"
"Insect Barcode System","Insect Barcode Information System","cod","crystallography open database","18","True","0.6129032258064516","contains","0.6","MEDIUM"
"brain-coX","Brain Co-Expression Explorer","rain","rna-protein association and interaction networks","5","True","0.5789473684210527","contains","0.6","MEDIUM"
"GPS-Prot","Global Pathogen-Host Protein Interaction Database","gps","","5","True","0.0","contains","0.6","MEDIUM"
"Ovarian Kaleidoscope","Ovarian Kaleidoscope Database","scop","structural classification of proteins","16","True","0.5757575757575758","contains","0.6","MEDIUM"
"Autophagic Compound Database","Autophagic Compound Database","database","database","20","True","0.4444444444444444","contains","0.6","MEDIUM"
"scRNA-tools","Single-Cell RNA-seq Tools Database","crn","cancer rna-seq nexus","8","True","0.5555555555555556","contains","0.6","MEDIUM"
"VOLCORE","Visible Tephra Layers Core Database","core","","3","True","0.0","contains","0.6","MEDIUM"
"ChemMaps","Chemical Maps","maps","medicinal plant activities","4","True","0.5641025641025641","contains","0.6","MEDIUM"
"Phytophthora Database","Phytophthora Database","database","database","13","True","0.5517241379310345","contains","0.6","MEDIUM"
"Samply.MDR","Sample Metadata Repository","mdr","","7","True","0.0","contains","0.6","MEDIUM"
"3D Brain Atlas","3D Brain Atlas Reconstructor","rain","rna-protein association and interaction networks","10","True","0.631578947368421","contains","0.6","MEDIUM"
"GDBChEMBL","Generated Database ChEMBL","chembl","","3","True","0.0","contains","0.6","MEDIUM"
"TomExpress","Tomato Expression Database","express","","3","True","0.0","contains","0.6","MEDIUM"
"Immuno-Navigator","Immune System Coexpression Database","gat","gene-set activity toolbox","13","True","0.6","contains","0.6","MEDIUM"
"RHO Database","Ring-Hydroxylating Oxygenase Database","database","database","4","True","0.35555555555555557","contains","0.6","MEDIUM"
"Twitter Parliamentarian Database","Twitter Parliamentarian Database","database","database","24","True","0.4","contains","0.6","MEDIUM"
"BEable-GPS","Base Editor Pathogenic SNV Guidance and Prediction System","gps","","7","True","0.0","contains","0.6","MEDIUM"
"Pancreatic Expression Database","Pancreatic Expression Database","express","","23","True","0.0","contains","0.6","MEDIUM"
"APEX-Seq Atlas","Subcellular RNA Localization Atlas","atlas","altered tcr ligand affinities and structures","9","True","0.6153846153846154","contains","0.6","MEDIUM"
"TheCellMap","Yeast Genetic Interaction Network Database","map","microrna analysis portal","7","True","0.5757575757575758","contains","0.6","MEDIUM"
"LIPID MAPS","Lipid Metabolites and Pathways Strategy","pid","plant intron database","7","True","0.6333333333333333","contains","0.6","MEDIUM"
"miRTargetLink","miRNA Target Gene and Pathway Network","mirt","","9","True","0.0","contains","0.6","MEDIUM"
"PlantRegMap","Plant Regulatory Map","map","microrna analysis portal","8","True","0.6818181818181818","contains","0.6","MEDIUM"
"TUATinsecta","Plant and Insect Integrated Database","tin","","8","True","0.0","contains","0.6","MEDIUM"
"PTSD Biomarker Database","Post-Traumatic Stress Disorder Biomarker Database","oma","orthologous matrix","20","True","0.3880597014925373","contains","0.6","MEDIUM"
"EUROCarbDB(CCRC)","European Carbohydrate Database","bdb","biopanning data bank","13","True","0.52","contains","0.6","MEDIUM"
"Socio-affective Touch Database","Socio-affective Touch Expression Database","database","database","22","True","0.32653061224489793","contains","0.6","MEDIUM"
"STRidER","Short Tandem Repeat Allele Frequency Database","rid","retrovirus integration database","4","True","0.631578947368421","contains","0.6","MEDIUM"
"Croatian Psycholinguistic Database","Croatian Psycholinguistic Database","database","database","26","True","0.38095238095238093","contains","0.6","MEDIUM"
"BioAtlas","Biological Atlas","atlas","altered tcr ligand affinities and structures","3","True","0.4","contains","0.6","MEDIUM"
"GinMicrosatDb","Gingelly Microsatellite Database","atd","autophagy to disease","10","True","0.6153846153846154","contains","0.6","MEDIUM"
"Cpf1-Database","CRISPR-Cpf1 Guide RNA Database","database","database","5","True","0.42105263157894735","contains","0.6","MEDIUM"
"Forensic Microbiome Database","Forensic Microbiome Database","database","database","20","True","0.4444444444444444","contains","0.6","MEDIUM"
"Biofilms Structural Database","Biofilms Structural Database","database","database","20","True","0.4444444444444444","contains","0.6","MEDIUM"
"Curcumin Resource Database","Curcumin Resource Database","database","database","18","True","0.47058823529411764","contains","0.6","MEDIUM"
"BioImg.org","Biological Images Catalog","bioimg","","4","True","0.0","contains","0.6","MEDIUM"
"VAMMPIRE","Variable Atomic Matched Molecular Pairs Interaction Resource","mmpi","","4","True","0.0","contains","0.6","MEDIUM"
"Plant Editosome Database","Plant Editosome Database","database","database","16","True","0.5","contains","0.6","MEDIUM"
"Organonitrogen Biodegradation Database","Organonitrogen Biodegradation Database","database","database","30","True","0.34782608695652173","contains","0.6","MEDIUM"
"RhizoBindingSites","Rhizobium DNA-Binding Sites Database","bind","biomolecular interaction network database","13","True","0.6493506493506493","contains","0.6","MEDIUM"
"Causal Biological Network Database","Causal Biological Network Database","database","database","26","True","0.38095238095238093","contains","0.6","MEDIUM"
"Salmon diet database","Salmon diet database for the North Pacific Ocean","database","database","12","True","0.2857142857142857","contains","0.6","MEDIUM"
"Brainomics-Localizer","Brainomics Localizer Database","rain","rna-protein association and interaction networks","16","True","0.5974025974025974","contains","0.6","MEDIUM"
"KiwiAtlas","Kiwifruit Gene Expression Atlas","atlas","altered tcr ligand affinities and structures","4","True","0.6933333333333334","contains","0.6","MEDIUM"
"eNanoMapper","eNanoMapper Database","oma","orthologous matrix","8","True","0.3684210526315789","contains","0.6","MEDIUM"
"citSATdb","Citrus SSR Marker Database","atdb","autophagy and tumor database","4","True","0.5925925925925926","contains","0.6","MEDIUM"
"TP-Atlas","Targeted Proteins Atlas","atlas","altered tcr ligand affinities and structures","3","True","0.6268656716417911","contains","0.6","MEDIUM"
"MareyMap Online","MareyMap Online","map","microrna analysis portal","12","True","0.6153846153846154","contains","0.6","MEDIUM"
"OpenToxipedia","OpenTox Toxicology Encyclopedia","pen","protein-gene expression nexus","10","True","0.5666666666666667","contains","0.6","MEDIUM"
"GigaTON","GigaTON","gat","gene-set activity toolbox","4","True","0.375","contains","0.6","MEDIUM"
"S2RSLDB","Sigma-2 Receptor Selective Ligands Database","ldb","lichen database","4","True","0.4827586206896552","contains","0.6","MEDIUM"
"MaizeQTL","Maize QTL Map Resource","eqtl","","4","True","0.0","contains","0.6","MEDIUM"
"TCGASpliceSeq","TCGA Splice Sequence Database","ice","chemical environment","10","True","0.4489795918367347","contains","0.6","MEDIUM"
"Antagomirbase","Antagomir Database","mirbase","","6","True","0.0","contains","0.6","MEDIUM"
"Rice Proteins Database","Rice Proteins Database","ice","chemical environment","19","True","0.5714285714285714","contains","0.6","MEDIUM"
"Nelumbo Genome Database","Nelumbo Genome Database","database","database","15","True","0.5161290322580645","contains","0.6","MEDIUM"
"EMAP/EMAPA","Mouse Developmental Anatomy Ontology","map","microrna analysis portal","7","True","0.5333333333333333","contains","0.6","MEDIUM"
"InosinomeAtlas","RNA Editing Atlas","atlas","altered tcr ligand affinities and structures","9","True","0.5573770491803278","contains","0.6","MEDIUM"
"PoPoolation DB","PoPoolation Database","popoolation","","3","True","0.0","contains","0.6","MEDIUM"
"PendoTMBase","Plant Endogenous Target Mimic Base","pen","protein-gene expression nexus","8","True","0.6349206349206349","contains","0.6","MEDIUM"
"ExpressionDB","ExpressionDB","ecolioverexpressiondb","","9","True","0.0","contains","0.6","MEDIUM"
"TREAT-NMD DMD","TREAT-NMD Duchenne Muscular Dystrophy Database","dmd","dietary microrna databases","10","True","0.6666666666666666","contains","0.6","MEDIUM"
"HuskinDB","Human Skin Permeation Database","ndb","nucleome data bank","5","True","0.6666666666666666","contains","0.6","MEDIUM"
"Allen Mouse Brain Connectivity Atlas","Allen Mouse Brain Connectivity Atlas","atlas","altered tcr ligand affinities and structures","31","True","0.7","contains","0.6","MEDIUM"
"CellLineNavigator","CellLineNavigator","gat","gene-set activity toolbox","14","True","0.5714285714285714","contains","0.6","MEDIUM"
"m6A-Atlas","m6A-Atlas","atlas","altered tcr ligand affinities and structures","4","True","0.22641509433962265","contains","0.6","MEDIUM"
"RareLSD","Rare Lysosomal Storage Disease Database","lsd","leaf senescence database","4","True","0.5714285714285714","contains","0.6","MEDIUM"
"ChIP-Atlas","ChIP-Atlas","atlas","altered tcr ligand affinities and structures","5","True","0.25925925925925924","contains","0.6","MEDIUM"
"KNOTTIN","Knottin Database","tin","","4","True","0.0","contains","0.6","MEDIUM"
"OpenNahele","OpenNahele","pen","protein-gene expression nexus","7","True","0.358974358974359","contains","0.6","MEDIUM"
"Tox-database","Cardiac Ion Channels Inhibition Database","database","database","4","True","0.3333333333333333","contains","0.6","MEDIUM"
"PmiRExAt","Plant miRNA Expression Atlas","mirex","","3","True","0.0","contains","0.6","MEDIUM"
"IMGT/HLA","International ImMunoGeneTics HLA Database","ipd-imgt/hla","polymorphism","4","True","0.33962264150943394","contains","0.6","MEDIUM"
"flyDIVaS","Fly Divergence and Selection Analysis","divas","","3","True","0.0","contains","0.6","MEDIUM"
"ePath","Essential Gene Pathway Database","algaepath","","4","True","0.0","contains","0.6","MEDIUM"
"CapsicumDB","Capsicum Transcriptome Database","mdb","","7","True","0.0","contains","0.6","MEDIUM"
"LncATLAS","Long Non-Coding RNA Atlas","lncat","lncrna","3","True","0.3870967741935484","contains","0.6","MEDIUM"
"COPD-KB","COPD Knowledge Base","opd","odonate phenotypic database","4","True","0.6521739130434783","contains","0.6","MEDIUM"
"NeoPeptide","NeoPeptide Database","ptid","pesticide-target interaction database","6","True","0.6428571428571429","contains","0.6","MEDIUM"
"GUDMAP","Genitourinary Development Molecular Anatomy Project","map","microrna analysis portal","3","True","0.5866666666666667","contains","0.6","MEDIUM"
"RAINBIO","RAINBIO","rain","rna-protein association and interaction networks","3","True","0.21818181818181817","contains","0.6","MEDIUM"
"RNABP-COGEST","RNA-Binding Protein Co-localization and Gene Expression Statistics","cog","clusters of orthologous genes","9","True","0.5263157894736842","contains","0.6","MEDIUM"
"ClinEpiDB","Clinical Epidemiology Database","pid","plant intron database","6","True","0.6274509803921569","contains","0.6","MEDIUM"
"InBIO Barcoding Initiative Database","InBIO Barcoding Initiative Database","cod","crystallography open database","32","True","0.625","contains","0.6","MEDIUM"
"Pará rubber tree genome and multi-transcriptome database","Pará rubber tree genome and multi-transcriptome database","database","database","48","True","0.25","contains","0.6","MEDIUM"
"LncRNA2Function","LncRNA to Function Database","crn","cancer rna-seq nexus","12","True","0.5531914893617021","contains","0.6","MEDIUM"
"Mat_peptide","Mat_peptide","ptid","pesticide-target interaction database","7","True","0.3333333333333333","contains","0.6","MEDIUM"
"Polyomavirus Episteme","Polyomavirus Episteme","oma","orthologous matrix","18","True","0.5641025641025641","contains","0.6","MEDIUM"
"USDFRC Condensed Tannin NMR Database","U.S. Dairy Forage Research Center Condensed Tannin NMR Database","database","database","28","True","0.22535211267605634","contains","0.6","MEDIUM"
"Encyclopedia of CLL Subsets","Encyclopedia of CLL Subsets","ped","protein ensemble database","24","True","0.6153846153846154","contains","0.6","MEDIUM"
"Direct Numerical Simulation Database for Hypersonic Turbulent Boundary Layers","Direct Numerical Simulation Database for Hypersonic Turbulent Boundary Layers","database","database","69","True","0.18823529411764706","contains","0.6","MEDIUM"
"Huntington's Disease Transgenic Sheep-Model Database","Huntington's Disease Transgenic Sheep-Model Database","database","database","44","True","0.26666666666666666","contains","0.6","MEDIUM"
"IHEC Data Portal","International Human Epigenome Consortium Data Portal","ihec","","12","True","0.0","contains","0.6","MEDIUM"
"Dye-sensitized solar cell database","Dye-sensitized solar cell database","database","database","26","True","0.38095238095238093","contains","0.6","MEDIUM"
"Cell surface protein atlas","Cell surface protein atlas","atlas","altered tcr ligand affinities and structures","21","True","0.6571428571428571","contains","0.6","MEDIUM"
"Microbial variome database","Microbial variome database","database","database","18","True","0.47058823529411764","contains","0.6","MEDIUM"
"Malaria Cell Atlas","Malaria Cell Atlas","atlas","altered tcr ligand affinities and structures","13","True","0.45161290322580644","contains","0.6","MEDIUM"
"Sporothrix Genome DataBase","Sporothrix Genome DataBase","database","database","18","True","0.47058823529411764","contains","0.6","MEDIUM"
"RELISH","RELISH","lis","legume information system","3","True","0.3225806451612903","contains","0.6","MEDIUM"
"VIGS database","Virus-induced gene silencing database","database","database","5","True","0.35555555555555557","contains","0.6","MEDIUM"
"Taming the BEAST","Taming the BEAST","tami","the antimicrobial index","12","True","0.6666666666666666","contains","0.6","MEDIUM"
"Allen Human Brain Atlas","Allen Human Brain Atlas","atlas","altered tcr ligand affinities and structures","18","True","0.5373134328358209","contains","0.6","MEDIUM"
"Laminin-database","Laminin-database","database","database","8","True","0.6666666666666666","contains","0.6","MEDIUM"
"Pest select database","Pest select database","database","database","12","True","0.5714285714285714","contains","0.6","MEDIUM"
"Caltech Tomography Database","Caltech Tomography Database","grap","of","23","True","0.06896551724137931","contains","0.6","MEDIUM"
"Computational STM image database","Computational scanning tunneling microscope image database","database","database","24","True","0.24242424242424243","contains","0.6","MEDIUM"
"Human IRES Atlas","Human IRES Atlas","huma","analysis","12","True","0.5833333333333334","contains","0.6","MEDIUM"
"COVID Border Accountability Project","COVID Border Accountability Project","order","oilseed rape developmental expression resource","30","True","0.6172839506172839","contains","0.6","MEDIUM"
"SARS-CoV-2 Mutation-Annotated Trees Database","SARS-CoV-2 Mutation-Annotated Trees Database","database","database","36","True","0.3076923076923077","contains","0.6","MEDIUM"
"Fabry-database.org","Fabry-database.org","database","database","10","True","0.6153846153846154","contains","0.6","MEDIUM"
"RNA 3D Motif Atlas","RNA 3D Motif Atlas","atlas","altered tcr ligand affinities and structures","13","True","0.4838709677419355","contains","0.6","MEDIUM"
"Galactosemia Proteins Database","Galactosemia Proteins Database","database","database","22","True","0.42105263157894735","contains","0.6","MEDIUM"
"GH19 Engineering Database","GH19 Engineering Database","database","database","17","True","0.48484848484848486","contains","0.6","MEDIUM"
"Ebola virus-centered knowledge base","Ebola virus-centered knowledge base","red","rice expression database","32","True","0.6440677966101694","contains","0.6","MEDIUM"
"Severe Asthma Toolkit","Severe Asthma Toolkit","hma","human metabolic atlas","18","True","0.6190476190476191","contains","0.6","MEDIUM"
"Arachis hypogaea gene expression atlas","Arachis hypogaea gene expression atlas","rac","repository of antibiotic resistance cassettes","35","True","0.6746987951807228","contains","0.6","MEDIUM"
"C. elegans functional interactome","C. elegans functional interactome","rac","repository of antibiotic resistance cassettes","30","True","0.6410256410256411","contains","0.6","MEDIUM"
"switchgrass transcript sequence database and gene expression atlas","switchgrass transcript sequence database and gene expression atlas","expression atlas","","50","True","0.0","contains","0.6","MEDIUM"
"ceRNA database","Competing endogenous RNA database","database","database","6","True","0.3902439024390244","contains","0.6","MEDIUM"
"qPCR primers database","qPCR primers database","prime","","16","True","0.0","contains","0.6","MEDIUM"
"EchinoBase gene nomenclature","EchinoBase gene nomenclature","echinobase","","18","True","0.0","contains","0.6","MEDIUM"
"wild rice germplasm database","wild rice germplasm database","rice","","24","True","0.0","contains","0.6","MEDIUM"
"FAO/INFOODS food composition database","FAO/INFOODS food composition database for biodiversity","database","database","29","True","0.25806451612903225","contains","0.6","MEDIUM"
"Waterloo Exploration Database","Waterloo Exploration Database","database","database","21","True","0.43243243243243246","contains","0.6","MEDIUM"
"Metabolite database for root tuber and banana crops","Metabolite database for root tuber and banana crops","database","database","43","True","0.2711864406779661","contains","0.6","MEDIUM"
"Hydra vulgaris transcriptome atlas","Hydra vulgaris transcriptome atlas","atlas","altered tcr ligand affinities and structures","29","True","0.6923076923076923","contains","0.6","MEDIUM"
"SmartGraph","SmartGraph","grap","of","6","True","0.0","contains","0.6","MEDIUM"
"SynapticDB","Synaptic Database","yna","yeast nucleosome atlas","7","True","0.6153846153846154","contains","0.6","MEDIUM"
"HICORDIS","Hawaii Coral Disease Database","rdis","the rabies disease information system","4","True","0.6363636363636364","contains","0.6","MEDIUM"
"Human Breathomics Database","Human Breathomics Database","database","database","18","True","0.47058823529411764","contains","0.6","MEDIUM"
"CMV Infection Database","CytoMegaloVirus Infection Database","database","database","14","True","0.38095238095238093","contains","0.6","MEDIUM"
"TCM Database@Taiwan","Traditional Chinese Medicine Database","database","database","11","True","0.35555555555555557","contains","0.6","MEDIUM"
"BioMart","Biological Data Portal","oma","orthologous matrix","4","True","0.55","contains","0.6","MEDIUM"
"ConsHMM Atlas","Conservation State Annotations Atlas","atlas","altered tcr ligand affinities and structures","8","True","0.625","contains","0.6","MEDIUM"
"C. difficile Database","Clostridioides difficile Genome Database","database","database","13","True","0.3333333333333333","contains","0.6","MEDIUM"
"Non-B DB","Non-B DNA Database","non-b","","3","True","0.0","contains","0.6","MEDIUM"
"Hymenoptera Genome Database","Hymenoptera Genome Database","database","database","19","True","0.45714285714285713","contains","0.6","MEDIUM"
"Aging Atlas","Multi-Omics Aging Database","atlas","altered tcr ligand affinities and structures","6","True","0.5714285714285714","contains","0.6","MEDIUM"
"eChickAtlas","Chick Atlas Database","atlas","altered tcr ligand affinities and structures","6","True","0.5","contains","0.6","MEDIUM"
"AVPpred","Antiviral Peptide Collection","red","rice expression database","4","True","0.6153846153846154","contains","0.6","MEDIUM"
"DMD/BMD Database","Duchenne and Becker Muscular Dystrophy Patient Database","database","database","8","True","0.25396825396825395","contains","0.6","MEDIUM"
"FoodMicrobeTracker","rpoB sequence database for Bacillales","rac","repository of antibiotic resistance cassettes","15","True","0.6585365853658537","contains","0.6","MEDIUM"
"IDOMAL","malaria ontology","oma","orthologous matrix","3","True","0.6470588235294118","contains","0.6","MEDIUM"
"SCISSOR","single-cell site-specific omics resource","scissorãâãâ¢ãâãâãâãâãâãâãâãâãâãâãâãâ¬ãâãâãâãâãâãâ¢ãâãâãâãâãâãâãâãâãâãâãâãâ¬ãâãâãâãâãâãâ¢ãâãâãâãâãâãâãâãâãâãâãâãâ¬ãâãâãâãâãâãâ¢ãâãâãâãâãâãâãâãâãâãâãâãâ¬ãâãâãâãâãâãâ¢ãâãâãâãâãâãâãâãâãâãâãâãâ¬ãâãâãâãâãâãâ¢ãâãâãâãâãâãâãâãâãâãâãâãâ¬ãâãâãâãâãâãâ¢ãâãâãâãâãâãâãâãâãâãâãâãâ¬ãâãâãâãâãâãâ¢ãâãâãâãâãâãâãâãâãâãâãâãâ¬ãâãâãâãâãâãâ¢ãâãâãâãâãâãâãâãâãâãâãâãâ¬ãâãâãâãâãâãâ¢ãâãâãâãâãâãâãâãâãâãâãâãâ¬ãâãâãâãâãâãâ¢ãâãâãâãâãâãâãâãâãâãâãâãâ¬ãâãâãâãâãâãâ¢ãâãâãâãâãâãâãâãâãâãâãâãâ¬ãâãâãâãâãâãâ¢ãâãâãâãâãâãâãâãâãâãâãâãâ¬ãâãâãâãâãâãâ¢ãâãâãâãâãâãâãâãâãâãâãâãâ¬ãâãâãâãâãâãâ¢ãâãâãâãâãâãâãâãâãâãâãâãâ¬ãâãâãâãâãâãâ¢ãâãâãâãâãâãâãâãâãâãâãâãâ¬ãâãâãâãâ¢","","1152","True","0.0","contains","0.6","MEDIUM"
"Exo-miRExplorer","exogenous microRNAs resource","mirex","","10","True","0.0","contains","0.6","MEDIUM"
"Cas-Database","CRISPR guide RNA library database","database","database","4","True","0.3902439024390244","contains","0.6","MEDIUM"
"STarMirDB","microRNA binding sites database","mirdb","","4","True","0.0","contains","0.6","MEDIUM"
"KIR Database","Killer Cell Immunoglobulin-like Receptor Database","kir","kiwifruit information resource","9","True","0.6329113924050633","contains","0.6","MEDIUM"
"Mouse Tumor Biology Database","Mouse Tumor Biology Database","database","database","20","True","0.4444444444444444","contains","0.6","MEDIUM"
"PDB_Amyloid","PDB Amyloid Collection","pdb","data bank","8","True","0.3870967741935484","contains","0.6","MEDIUM"
"NIH Open Citation Collection","NIH Open Citation Collection","pen","protein-gene expression nexus","25","True","0.49122807017543857","contains","0.6","MEDIUM"
"PhenoMiner","rat quantitative phenotype database","phenom","phenomics of yeast mutants","4","True","0.6229508196721312","contains","0.6","MEDIUM"
"Gutenberg Gait Database","Gutenberg Gait Database","database","database","15","True","0.5161290322580645","contains","0.6","MEDIUM"
"Aarhus Neuromodulation Database","Aarhus Neuromodulation Database","database","database","23","True","0.41025641025641024","contains","0.6","MEDIUM"
"Cuban Human Brain Mapping Project","Cuban Human Brain Mapping Project","rain","rna-protein association and interaction networks","29","True","0.5432098765432098","contains","0.6","MEDIUM"
"Cancer Proteomics Database","Cancer Proteomics Database","database","database","18","True","0.47058823529411764","contains","0.6","MEDIUM"
"cBio Cancer Genomics Portal","cBio Cancer Genomics Portal","cb","blindness","25","True","0.3888888888888889","contains","0.6","MEDIUM"
"N-GlycositeAtlas","N-Glycosylation Site Atlas","atlas","altered tcr ligand affinities and structures","11","True","0.5714285714285714","contains","0.6","MEDIUM"
"Rice SNP-seek","Rice SNP-seek Database","ice","chemical environment","10","True","0.47619047619047616","contains","0.6","MEDIUM"
"Ocean Gene Atlas","Ocean Gene Atlas","atlas","altered tcr ligand affinities and structures","11","True","0.5","contains","0.6","MEDIUM"
"Vietnamese Genetic Variation Database","Vietnamese Human Genetic Variation Database","database","database","29","True","0.3137254901960784","contains","0.6","MEDIUM"
"RDMLdb","qPCR Data Exchange Database","ldb","lichen database","3","True","0.6190476190476191","contains","0.6","MEDIUM"
"PharmMapper","Target Pharmacophore Database","map","microrna analysis portal","8","True","0.6037735849056604","contains","0.6","MEDIUM"
"Melanoma Network Platform","Melanoma Network Analysis Platform","oma","orthologous matrix","22","True","0.5","contains","0.6","MEDIUM"
"Morphinome Database","Morphinome Database","phin","protein pharmacology interaction network database","15","True","0.5294117647058824","contains","0.6","MEDIUM"
"Galaxy InteractoMIX","Protein-Protein Interaction Platform","rac","repository of antibiotic resistance cassettes","16","True","0.691358024691358","contains","0.6","MEDIUM"
"EGFR Mutant Structural Database","EGFR Mutant Structural Database","database","database","23","True","0.41025641025641024","contains","0.6","MEDIUM"
"Plant IsomiR Atlas","Plant IsomiR Atlas","atlas","altered tcr ligand affinities and structures","13","True","0.4838709677419355","contains","0.6","MEDIUM"
"al mena","Arab Middle Eastern North African Genetic Variants Resource","ena","european nucleotide archive","4","True","0.5813953488372093","contains","0.6","MEDIUM"
"Coral Trait Database","Coral Trait Database","database","database","12","True","0.5714285714285714","contains","0.6","MEDIUM"
"IARC TP53 Database","IARC TP53 Database","database","database","10","True","0.6153846153846154","contains","0.6","MEDIUM"
"dbGENVOC","Genomic Variants of Oral Cancer Database","envo","ontology","4","True","0.2916666666666667","contains","0.6","MEDIUM"
"QuadBase2","guanine quadruplex database","quad","the quantitative assay database","5","True","0.6206896551724138","contains","0.6","MEDIUM"
"Co-LncRNA","Co-LncRNA","crn","cancer rna-seq nexus","6","True","0.4827586206896552","contains","0.6","MEDIUM"
"CellMinerCDB","CellMiner Cross-Database","rcdb","renal cancer gene database","8","True","0.68","contains","0.6","MEDIUM"
"HMPDACC","Human Microbiome Project Multi-omic data resource","mpd","pathogen","4","True","0.24561403508771928","contains","0.6","MEDIUM"
"ProBiS-Dock Database","Small Ligand-Protein Binding Sites Database","database","database","12","True","0.3137254901960784","contains","0.6","MEDIUM"
"2DMatPedia","Two-Dimensional Materials Encyclopedia","ped","protein ensemble database","7","True","0.6984126984126984","contains","0.6","MEDIUM"
"DynaStI","Dynamic Retention Time Database for Steroidomics","yna","yeast nucleosome atlas","4","True","0.5428571428571428","contains","0.6","MEDIUM"
"ExpressionData","Gene Expression Data Resource","express","","7","True","0.0","contains","0.6","MEDIUM"
"Platinum","Protein-Ligand Mutation Effects Database","tin","","5","True","0.0","contains","0.6","MEDIUM"
"Revenant","resurrected proteins database","ena","european nucleotide archive","5","True","0.6785714285714286","contains","0.6","MEDIUM"
"FishTrace","Fish Genetic Catalogue","rac","repository of antibiotic resistance cassettes","6","True","0.5074626865671642","contains","0.6","MEDIUM"
"ASPIREdb","Phenome-Genome database","red","rice expression database","5","True","0.6382978723404256","contains","0.6","MEDIUM"
"GabiPD","GABI Primary Database","ipd","the immuno polymorphism database","3","True","0.6037735849056604","contains","0.6","MEDIUM"
"MortalityPredictors","Mortality Biomarkers Database","red","rice expression database","16","True","0.6415094339622641","contains","0.6","MEDIUM"
"ECOdrug","Evolutionary Conservation of Drug Targets Database","eco","european cancer observatory","4","True","0.6493506493506493","contains","0.6","MEDIUM"
"Open Targets","Target Validation Platform","pen","protein-gene expression nexus","9","True","0.4727272727272727","contains","0.6","MEDIUM"
"openBIS","Open Biology Information System","pen","protein-gene expression nexus","4","True","0.5666666666666667","contains","0.6","MEDIUM"
"FinaleDB","Fragmentation Analysis Database","aledb","","3","True","0.0","contains","0.6","MEDIUM"
"RNANet","RNA Network Dataset","circlncrnanet","","7","True","0.0","contains","0.6","MEDIUM"
"PeqAtlas","Phalaenopsis equestris Transcriptome Atlas","atlas","altered tcr ligand affinities and structures","3","True","0.6976744186046512","contains","0.6","MEDIUM"
"EpiGraphDB","EpiGraphDB","grap","of","6","True","0.0","contains","0.6","MEDIUM"
"TMBB-DB","Transmembrane Beta-Barrel Proteome Database","tmb","","4","True","0.0","contains","0.6","MEDIUM"
"AllerGAtlas","Allergy-Related Genes Atlas","gat","gene-set activity toolbox","8","True","0.5384615384615384","contains","0.6","MEDIUM"
"Arena-Idb","non-coding RNA interaction networks platform","ena","european nucleotide archive","6","True","0.5633802816901409","contains","0.6","MEDIUM"
"TCDD Transcriptomics Compendium","TCDD Transcriptomic Response Compendium","cdd","conserved domain database","28","True","0.625","contains","0.6","MEDIUM"
"Toxic Plants-Phytotoxins Database","Toxic Plants-Phytotoxins Database","database","database","25","True","0.3902439024390244","contains","0.6","MEDIUM"
"Cancer Microbiome Atlas","Cancer Microbiome Atlas","atlas","altered tcr ligand affinities and structures","18","True","0.5074626865671642","contains","0.6","MEDIUM"
"Alientoma","alien insects database","oma","orthologous matrix","6","True","0.35","contains","0.6","MEDIUM"
"miRToolsGallery","microRNA Tools Gallery","mirt","","11","True","0.0","contains","0.6","MEDIUM"
"Indo-Pacific Coral Spawning Database","Indo-Pacific Coral Spawning Database","database","database","28","True","0.36363636363636365","contains","0.6","MEDIUM"
"GlycoFly","Drosophila Glycoprotein Database","cofly","","3","True","0.0","contains","0.6","MEDIUM"
"Global Avian Invasions Atlas","Global Avian Invasions Atlas","atlas","altered tcr ligand affinities and structures","23","True","0.5555555555555556","contains","0.6","MEDIUM"
"Cell Death Proteomics Database","Cell Death Proteomics Database","database","database","22","True","0.42105263157894735","contains","0.6","MEDIUM"
"ProBiS","protein prediction database and tools","probis-dock","","5","True","0.0","contains","0.6","MEDIUM"
"AntiTbPdb","Anti-Tubercular Peptide Database","pdb","data bank","6","True","0.3902439024390244","contains","0.6","MEDIUM"
"AOP Database","Adverse Outcome Pathway Database","database","database","4","True","0.4","contains","0.6","MEDIUM"
"Fire and Tree Mortality Database","Fire and Tree Mortality Database","database","database","24","True","0.4","contains","0.6","MEDIUM"
"CoralTBase","Coral Transcriptome Database","altb","","6","True","0.0","contains","0.6","MEDIUM"
"Peptaibiotics Database","Peptaibiotics Database","database","database","14","True","0.5333333333333333","contains","0.6","MEDIUM"
"Naturalistic Neuroimaging Database","Naturalistic Neuroimaging Database","lis","legume information system","31","True","0.6440677966101694","contains","0.6","MEDIUM"
"EEG Seizure Database","EEG Database of Seizure Disorders","database","database","12","True","0.3902439024390244","contains","0.6","MEDIUM"
"MPS Database","Microphysiology Systems Database","database","database","4","True","0.4","contains","0.6","MEDIUM"
"Malay HVP Database","Malay Human Variome Database","database","database","10","True","0.4444444444444444","contains","0.6","MEDIUM"
"Rust Expression Browser","Rust Expression Browser Database","express","","16","True","0.0","contains","0.6","MEDIUM"
